EXP_FOLDER,B,n_i,phi_true,seed,method,Beta,Beta_vec,Phi,Sigmasq,Tausq,ELBO,tau_selected,Sigmasq_phi,results_path,n_correct_perm_s,n_correct_perm_x
vary_B2,49,6,2.0,1,GPArealModel,7.942017078399658,,0.40630512636387556,6.0611297765879515,2.071590860000965,,,14.917679800967543,../data/results/vary_B2/B_49_n_6/phi_2.0/results_seed_1.pt,,
vary_B2,49,6,2.0,1,GPmodel,7.971279621124268,,0.49125060406322774,3.622824952334162,1.2517780548018644,,,7.374698213842555,../data/results/vary_B2/B_49_n_6/phi_2.0/results_seed_1.pt,,
vary_B2,49,6,2.0,1,VI_best_tau_by_ELBO,8.198347091674805,,0.2625529170036316,3.944595618904004,2.37993870917287,-679.9646606445312,0.3,,../data/results/vary_B2/B_49_n_6/phi_2.0/results_seed_1.pt,6.0,6.0
vary_B2,49,6,2.0,2,GPArealModel,7.920609951019287,,0.26928303235325896,5.244218272286124,1.326644266984523,,,19.474744570636357,../data/results/vary_B2/B_49_n_6/phi_2.0/results_seed_2.pt,,
vary_B2,49,6,2.0,2,GPmodel,7.87849760055542,,0.42400744201412754,3.268677726350655,1.0033063358546561,,,7.709010273083239,../data/results/vary_B2/B_49_n_6/phi_2.0/results_seed_2.pt,,
vary_B2,49,6,2.0,2,VI_best_tau_by_ELBO,8.118932723999023,,0.2621467411518097,2.816028843017411,2.0999270836675437,-657.1491088867188,0.3,,../data/results/vary_B2/B_49_n_6/phi_2.0/results_seed_2.pt,6.0,6.0
vary_B2,49,6,2.0,3,GPArealModel,7.685615539550781,,0.6096719737225375,4.141344558988413,1.3913552158505849,,,6.792742224482086,../data/results/vary_B2/B_49_n_6/phi_2.0/results_seed_3.pt,,
vary_B2,49,6,2.0,3,GPmodel,7.733549118041992,,0.6179218550584864,2.92552144990267,0.8971494199020217,,,4.734452141405112,../data/results/vary_B2/B_49_n_6/phi_2.0/results_seed_3.pt,,
vary_B2,49,6,2.0,3,VI_best_tau_by_ELBO,7.9018659591674805,,0.26257479190826416,3.0045902949339065,2.262417207753144,-658.4977783203125,0.3,,../data/results/vary_B2/B_49_n_6/phi_2.0/results_seed_3.pt,6.0,6.0
vary_B2,49,6,2.0,4,GPArealModel,8.396634101867676,,0.41842221233378635,4.662007897851932,0.9742670803109337,,,11.14187478683117,../data/results/vary_B2/B_49_n_6/phi_2.0/results_seed_4.pt,,
vary_B2,49,6,2.0,4,GPmodel,8.030669212341309,,0.4684686670186425,3.6674759889886843,1.0795433773620795,,,7.828647350800814,../data/results/vary_B2/B_49_n_6/phi_2.0/results_seed_4.pt,,
vary_B2,49,6,2.0,4,VI_best_tau_by_ELBO,8.311454772949219,,0.2626378536224365,3.2401243780346296,2.353094311139096,-671.8660766601563,0.3,,../data/results/vary_B2/B_49_n_6/phi_2.0/results_seed_4.pt,6.0,6.0
vary_B2,49,6,2.0,5,GPArealModel,8.066097259521484,,0.6898455859607813,3.1886256902822385,1.477707019202822,,,4.622231054564604,../data/results/vary_B2/B_49_n_6/phi_2.0/results_seed_5.pt,,
vary_B2,49,6,2.0,5,GPmodel,7.8607401847839355,,1.7333899295943347,1.9791861658073033,1.777461976690719,,,1.1418008908535038,../data/results/vary_B2/B_49_n_6/phi_2.0/results_seed_5.pt,,
vary_B2,49,6,2.0,5,VI_best_tau_by_ELBO,8.199332237243652,,0.2623191177845001,2.12065355325708,2.3739956144924284,-654.016796875,0.3,,../data/results/vary_B2/B_49_n_6/phi_2.0/results_seed_5.pt,6.0,6.0
vary_B2,49,6,2.0,6,GPArealModel,7.7071733474731445,,0.4685376696068436,3.1326022889702485,2.5527305530493978,,,6.685913411399468,../data/results/vary_B2/B_49_n_6/phi_2.0/results_seed_6.pt,,
vary_B2,49,6,2.0,6,GPmodel,7.9602179527282715,,0.5945166967779656,2.7518228219874183,0.9785608213026606,,,4.628672057321786,../data/results/vary_B2/B_49_n_6/phi_2.0/results_seed_6.pt,,
vary_B2,49,6,2.0,6,VI_best_tau_by_ELBO,8.058283805847168,,0.2623767554759979,2.231186926160913,2.3902971396945585,-659.2201293945312,0.3,,../data/results/vary_B2/B_49_n_6/phi_2.0/results_seed_6.pt,6.0,6.0
vary_B2,49,6,2.0,7,GPArealModel,7.204721927642822,,0.6048922606472158,3.873663118409504,0.6884905384887469,,,6.403889370753076,../data/results/vary_B2/B_49_n_6/phi_2.0/results_seed_7.pt,,
vary_B2,49,6,2.0,7,GPmodel,7.887331485748291,,0.7452546363466893,2.1403176676110336,0.9632589482550061,,,2.8719280138974765,../data/results/vary_B2/B_49_n_6/phi_2.0/results_seed_7.pt,,
vary_B2,49,6,2.0,7,VI_best_tau_by_ELBO,8.016558647155762,,0.26242661476135254,2.5936242115979,2.209708065630882,-650.5917358398438,0.3,,../data/results/vary_B2/B_49_n_6/phi_2.0/results_seed_7.pt,6.0,6.0
vary_B2,49,6,2.0,8,GPArealModel,7.883216857910156,,0.7365940648267655,3.4909517374950028,1.4130194578563395,,,4.739315593475514,../data/results/vary_B2/B_49_n_6/phi_2.0/results_seed_8.pt,,
vary_B2,49,6,2.0,8,GPmodel,7.9283037185668945,,0.7488356087682266,2.086429810199682,1.1941892048031562,,,2.7862320992342875,../data/results/vary_B2/B_49_n_6/phi_2.0/results_seed_8.pt,,
vary_B2,49,6,2.0,8,VI_best_tau_by_ELBO,8.05320930480957,,0.2629682421684265,2.968365449272224,2.1456959311232677,-653.6370971679687,0.3,,../data/results/vary_B2/B_49_n_6/phi_2.0/results_seed_8.pt,6.0,6.0
vary_B2,49,6,2.0,9,GPArealModel,7.724524974822998,,0.32825820087502283,5.520271652962691,0.8101060538323605,,,16.816858309244235,../data/results/vary_B2/B_49_n_6/phi_2.0/results_seed_9.pt,,
vary_B2,49,6,2.0,9,GPmodel,7.961733341217041,,0.4141214342157676,3.3052718764077937,1.2092408194443496,,,7.981407392416362,../data/results/vary_B2/B_49_n_6/phi_2.0/results_seed_9.pt,,
vary_B2,49,6,2.0,9,VI_best_tau_by_ELBO,8.206343650817871,,0.26225000619888306,3.095851221939703,2.1368201410501158,-660.8103637695312,0.3,,../data/results/vary_B2/B_49_n_6/phi_2.0/results_seed_9.pt,6.0,6.0
vary_B2,49,6,2.0,10,GPArealModel,7.83892822265625,,0.21648575680013893,7.918825934578974,3.2371146042096233,,,36.578969682008626,../data/results/vary_B2/B_49_n_6/phi_2.0/results_seed_10.pt,,
vary_B2,49,6,2.0,10,GPmodel,7.948287487030029,,0.2903696137260162,5.497677856495412,1.0136119317129115,,,18.93337868914497,../data/results/vary_B2/B_49_n_6/phi_2.0/results_seed_10.pt,,
vary_B2,49,6,2.0,10,VI_best_tau_by_ELBO,8.085371971130371,,0.26190629601478577,5.052893375550779,2.0296088185398484,-682.541455078125,0.3,,../data/results/vary_B2/B_49_n_6/phi_2.0/results_seed_10.pt,6.0,6.0
vary_B2,49,6,2.0,11,GPArealModel,8.305359840393066,,0.43635393139373846,2.9013343879032556,3.5680726825301394,,,6.649039183940051,../data/results/vary_B2/B_49_n_6/phi_2.0/results_seed_11.pt,,
vary_B2,49,6,2.0,11,GPmodel,7.988131999969482,,0.7240607796904114,2.3383500677922626,1.3325009347568433,,,3.2294941714590277,../data/results/vary_B2/B_49_n_6/phi_2.0/results_seed_11.pt,,
vary_B2,49,6,2.0,11,VI_best_tau_by_ELBO,8.3821439743042,,0.2621849775314331,1.9643718032784694,2.611254013865717,-662.3580200195313,0.3,,../data/results/vary_B2/B_49_n_6/phi_2.0/results_seed_11.pt,6.0,6.0
vary_B2,49,6,2.0,12,GPArealModel,7.784634590148926,,0.26686932355537557,6.88067432533641,0.9847364981845762,,,25.782934635080547,../data/results/vary_B2/B_49_n_6/phi_2.0/results_seed_12.pt,,
vary_B2,49,6,2.0,12,GPmodel,8.005237579345703,,0.32190185982630054,4.2715765519313935,1.0555850234828443,,,13.269810103726497,../data/results/vary_B2/B_49_n_6/phi_2.0/results_seed_12.pt,,
vary_B2,49,6,2.0,12,VI_best_tau_by_ELBO,8.230549812316895,,0.2622182369232178,3.8047528381138775,2.0109912159506544,-669.186328125,0.3,,../data/results/vary_B2/B_49_n_6/phi_2.0/results_seed_12.pt,6.0,6.0
vary_B2,49,6,2.0,13,GPArealModel,7.481413841247559,,0.4583402896873406,5.256388599543949,2.1453232202504218,,,11.46831015691338,../data/results/vary_B2/B_49_n_6/phi_2.0/results_seed_13.pt,,
vary_B2,49,6,2.0,13,GPmodel,7.909404277801514,,0.620607665386691,2.977487875898735,1.3970354607930053,,,4.7976975502606924,../data/results/vary_B2/B_49_n_6/phi_2.0/results_seed_13.pt,,
vary_B2,49,6,2.0,13,VI_best_tau_by_ELBO,8.081613540649414,,0.26261183619499207,3.6013257120016258,2.539009235233252,-679.6668334960938,0.3,,../data/results/vary_B2/B_49_n_6/phi_2.0/results_seed_13.pt,6.0,6.0
vary_B2,49,6,2.0,14,GPArealModel,8.226574897766113,,0.5328405197589101,3.665716692334457,0.9973691916515622,,,6.879575701174252,../data/results/vary_B2/B_49_n_6/phi_2.0/results_seed_14.pt,,
vary_B2,49,6,2.0,14,GPmodel,7.968088150024414,,0.5537008095424278,2.7358330833002182,1.2489400413496337,,,4.9409952742548455,../data/results/vary_B2/B_49_n_6/phi_2.0/results_seed_14.pt,,
vary_B2,49,6,2.0,14,VI_best_tau_by_ELBO,8.270599365234375,,0.2625275254249573,2.3829664456199735,2.5009464417966076,-664.6373901367188,0.3,,../data/results/vary_B2/B_49_n_6/phi_2.0/results_seed_14.pt,6.0,6.0
vary_B2,49,6,2.0,15,GPArealModel,8.087695121765137,,0.32527197350946185,4.738299744259779,1.641395097712075,,,14.56719339553534,../data/results/vary_B2/B_49_n_6/phi_2.0/results_seed_15.pt,,
vary_B2,49,6,2.0,15,GPmodel,7.901553153991699,,0.5972460186678376,2.4905157846308157,1.2381489582863239,,,4.169999810439813,../data/results/vary_B2/B_49_n_6/phi_2.0/results_seed_15.pt,,
vary_B2,49,6,2.0,15,VI_best_tau_by_ELBO,8.125555992126465,,0.26200881600379944,2.5365231283554714,2.300902777220761,-658.6602172851562,0.3,,../data/results/vary_B2/B_49_n_6/phi_2.0/results_seed_15.pt,6.0,6.0
vary_B2,49,6,2.0,16,GPArealModel,8.518096923828125,,0.40849295959910353,5.1904185858932435,1.2111945304142526,,,12.706262039343686,../data/results/vary_B2/B_49_n_6/phi_2.0/results_seed_16.pt,,
vary_B2,49,6,2.0,16,GPmodel,7.959953784942627,,0.5251186694894288,3.4362248803549287,0.9024786770923331,,,6.543711126660112,../data/results/vary_B2/B_49_n_6/phi_2.0/results_seed_16.pt,,
vary_B2,49,6,2.0,16,VI_best_tau_by_ELBO,8.484235763549805,,0.2622182071208954,3.0367826844306127,2.2231508394694344,-660.7828491210937,0.3,,../data/results/vary_B2/B_49_n_6/phi_2.0/results_seed_16.pt,6.0,6.0
vary_B2,49,6,2.0,17,GPArealModel,8.070465087890625,,0.6929265094085378,2.704297815213547,2.4551373092821263,,,3.9027195214711266,../data/results/vary_B2/B_49_n_6/phi_2.0/results_seed_17.pt,,
vary_B2,49,6,2.0,17,GPmodel,7.970537185668945,,0.7887221337826489,2.1388118170912094,0.8469994638024073,,,2.7117431164682007,../data/results/vary_B2/B_49_n_6/phi_2.0/results_seed_17.pt,,
vary_B2,49,6,2.0,17,VI_best_tau_by_ELBO,8.10542106628418,,0.26280057430267334,2.166067720030694,2.148134204151694,-642.6930541992188,0.3,,../data/results/vary_B2/B_49_n_6/phi_2.0/results_seed_17.pt,6.0,6.0
vary_B2,49,6,2.0,18,GPArealModel,7.9016218185424805,,0.6767449658677267,4.788197343629807,1.3798790554880696,,,7.0753350008157785,../data/results/vary_B2/B_49_n_6/phi_2.0/results_seed_18.pt,,
vary_B2,49,6,2.0,18,GPmodel,8.036919593811035,,0.5548008393623021,3.2528249222472643,1.2940271581960934,,,5.863049749503117,../data/results/vary_B2/B_49_n_6/phi_2.0/results_seed_18.pt,,
vary_B2,49,6,2.0,18,VI_best_tau_by_ELBO,8.326181411743164,,0.2624833583831787,3.207245813013347,2.691236387614434,-681.256494140625,0.3,,../data/results/vary_B2/B_49_n_6/phi_2.0/results_seed_18.pt,6.0,6.0
vary_B2,49,6,2.0,19,GPArealModel,7.832901954650879,,0.33176030851452937,4.2744831017727885,1.1019217855411954,,,12.884251045316315,../data/results/vary_B2/B_49_n_6/phi_2.0/results_seed_19.pt,,
vary_B2,49,6,2.0,19,GPmodel,7.922335624694824,,0.5451085138085717,2.1301156902043386,1.0620515959955228,,,3.907691104146616,../data/results/vary_B2/B_49_n_6/phi_2.0/results_seed_19.pt,,
vary_B2,49,6,2.0,19,VI_best_tau_by_ELBO,8.147944450378418,,0.2619839012622833,2.322862900584467,1.9976560160527892,-639.2844482421875,0.3,,../data/results/vary_B2/B_49_n_6/phi_2.0/results_seed_19.pt,6.0,6.0
vary_B2,49,6,2.0,20,GPArealModel,7.335992813110352,,0.605308291018809,3.1433648417867976,0.6603238932502514,,,5.1929981604846756,../data/results/vary_B2/B_49_n_6/phi_2.0/results_seed_20.pt,,
vary_B2,49,6,2.0,20,GPmodel,7.93080472946167,,0.8964666462788915,1.965241018326302,1.2459537593709105,,,2.1922076258874155,../data/results/vary_B2/B_49_n_6/phi_2.0/results_seed_20.pt,,
vary_B2,49,6,2.0,20,VI_best_tau_by_ELBO,8.087166786193848,,0.2622009515762329,1.8237611743214195,2.5802524574483447,-657.1823486328125,0.3,,../data/results/vary_B2/B_49_n_6/phi_2.0/results_seed_20.pt,6.0,6.0
vary_B2,49,6,2.0,21,GPArealModel,8.274618148803711,,0.909774091227136,2.0453544619062725,1.288966858636719,,,2.2482003847212497,../data/results/vary_B2/B_49_n_6/phi_2.0/results_seed_21.pt,,
vary_B2,49,6,2.0,21,GPmodel,8.040122985839844,,0.8275946249670215,1.698875654236832,0.9851855952163096,,,2.052787201589824,../data/results/vary_B2/B_49_n_6/phi_2.0/results_seed_21.pt,,
vary_B2,49,6,2.0,21,VI_best_tau_by_ELBO,8.289560317993164,,0.26255688071250916,1.3697688568136124,2.2055170684542906,-630.7998413085937,0.3,,../data/results/vary_B2/B_49_n_6/phi_2.0/results_seed_21.pt,6.0,6.0
vary_B2,49,6,2.0,22,GPArealModel,8.348539352416992,,1.2758664376535056,3.143479507674792,1.7855837844472264,,,2.4637998264583905,../data/results/vary_B2/B_49_n_6/phi_2.0/results_seed_22.pt,,
vary_B2,49,6,2.0,22,GPmodel,8.036627769470215,,0.7405652841309428,2.613220552430878,1.0970746542920407,,,3.5286835724381893,../data/results/vary_B2/B_49_n_6/phi_2.0/results_seed_22.pt,,
vary_B2,49,6,2.0,22,VI_best_tau_by_ELBO,8.420737266540527,,0.26259303092956543,2.331106406544105,2.5463152812981265,-661.2873657226562,0.3,,../data/results/vary_B2/B_49_n_6/phi_2.0/results_seed_22.pt,6.0,6.0
vary_B2,49,6,2.0,23,GPArealModel,7.507721424102783,,1.203869813308181,2.9025084946486577,1.159474973790301,,,2.410982036897073,../data/results/vary_B2/B_49_n_6/phi_2.0/results_seed_23.pt,,
vary_B2,49,6,2.0,23,GPmodel,7.890585422515869,,1.511768322301111,1.6575180350137282,1.5092078998147729,,,1.0964100851714944,../data/results/vary_B2/B_49_n_6/phi_2.0/results_seed_23.pt,,
vary_B2,49,6,2.0,23,VI_best_tau_by_ELBO,8.01908016204834,,0.26220422983169556,1.6062352822138626,2.498315162319259,-649.8052612304688,0.3,,../data/results/vary_B2/B_49_n_6/phi_2.0/results_seed_23.pt,6.0,6.0
vary_B2,49,6,2.0,24,GPArealModel,8.350799560546875,,0.4954248559963551,4.821706281793812,2.241454604110498,,,9.732467443719226,../data/results/vary_B2/B_49_n_6/phi_2.0/results_seed_24.pt,,
vary_B2,49,6,2.0,24,GPmodel,8.037054061889648,,0.4467667376182145,4.090220578775017,1.154332164915235,,,9.15515913422884,../data/results/vary_B2/B_49_n_6/phi_2.0/results_seed_24.pt,,
vary_B2,49,6,2.0,24,VI_best_tau_by_ELBO,8.422999382019043,,0.262722909450531,3.6333543384507614,2.4779939227198837,-681.9621215820313,0.3,,../data/results/vary_B2/B_49_n_6/phi_2.0/results_seed_24.pt,6.0,6.0
vary_B2,49,6,2.0,25,GPArealModel,8.495223045349121,,0.23170988466496462,3.665072629372378,2.623412756438053,,,15.817506597406505,../data/results/vary_B2/B_49_n_6/phi_2.0/results_seed_25.pt,,
vary_B2,49,6,2.0,25,GPmodel,7.993151664733887,,0.44118678018987834,2.869698828795049,0.9812060240725274,,,6.5044986786775105,../data/results/vary_B2/B_49_n_6/phi_2.0/results_seed_25.pt,,
vary_B2,49,6,2.0,25,VI_best_tau_by_ELBO,8.477042198181152,,0.261825829744339,1.8958816684981392,2.073166447090499,-639.373583984375,0.3,,../data/results/vary_B2/B_49_n_6/phi_2.0/results_seed_25.pt,6.0,6.0
vary_B2,49,6,2.0,26,GPArealModel,8.533292770385742,,0.18114577621731529,7.898151103373854,1.52374128896872,,,43.60107791803367,../data/results/vary_B2/B_49_n_6/phi_2.0/results_seed_26.pt,,
vary_B2,49,6,2.0,26,GPmodel,7.9632792472839355,,0.29530407550183796,4.71739572932872,1.0050514811853066,,,15.974705805573478,../data/results/vary_B2/B_49_n_6/phi_2.0/results_seed_26.pt,,
vary_B2,49,6,2.0,26,VI_best_tau_by_ELBO,8.295760154724121,,0.2614513337612152,3.3850598971701746,2.0583053682863834,-666.6409301757812,0.3,,../data/results/vary_B2/B_49_n_6/phi_2.0/results_seed_26.pt,4.0,6.0
vary_B2,49,6,2.0,27,GPArealModel,8.350028038024902,,0.5010126032595545,3.8410048044879948,0.8109120353808728,,,7.6664833968221044,../data/results/vary_B2/B_49_n_6/phi_2.0/results_seed_27.pt,,
vary_B2,49,6,2.0,27,GPmodel,8.007781028747559,,0.6252447029280306,2.0569860558677764,0.8132265006574368,,,3.289889616393196,../data/results/vary_B2/B_49_n_6/phi_2.0/results_seed_27.pt,,
vary_B2,49,6,2.0,27,VI_best_tau_by_ELBO,8.177055358886719,,0.2624872326850891,2.378075904506759,1.8453515775394636,-629.734326171875,0.3,,../data/results/vary_B2/B_49_n_6/phi_2.0/results_seed_27.pt,6.0,6.0
vary_B2,49,6,2.0,28,GPArealModel,7.519942283630371,,0.6552731826643599,2.969557289404932,0.63366840737738,,,4.531785166807262,../data/results/vary_B2/B_49_n_6/phi_2.0/results_seed_28.pt,,
vary_B2,49,6,2.0,28,GPmodel,7.959469318389893,,0.7147438969758857,2.1818802624442846,0.9041784059776118,,,3.0526742119462935,../data/results/vary_B2/B_49_n_6/phi_2.0/results_seed_28.pt,,
vary_B2,49,6,2.0,28,VI_best_tau_by_ELBO,8.045905113220215,,0.2625551223754883,2.4323646080648955,2.1286641564130946,-644.883447265625,0.3,,../data/results/vary_B2/B_49_n_6/phi_2.0/results_seed_28.pt,6.0,6.0
vary_B2,49,6,2.0,29,GPArealModel,8.024543762207031,,0.2406004970164609,5.625449648121493,2.5493569302000174,,,23.38087293201486,../data/results/vary_B2/B_49_n_6/phi_2.0/results_seed_29.pt,,
vary_B2,49,6,2.0,29,GPmodel,7.996258735656738,,0.32623483287200905,4.765105081362618,1.1542281730208577,,,14.606365112557127,../data/results/vary_B2/B_49_n_6/phi_2.0/results_seed_29.pt,,
vary_B2,49,6,2.0,29,VI_best_tau_by_ELBO,8.280464172363281,,0.2626795470714569,4.770274700814938,1.8833205832103441,-673.544287109375,0.3,,../data/results/vary_B2/B_49_n_6/phi_2.0/results_seed_29.pt,6.0,6.0
vary_B2,49,6,2.0,30,GPArealModel,7.619551658630371,,0.7594177273238119,3.550610803717593,0.9855498715744347,,,4.675438399667001,../data/results/vary_B2/B_49_n_6/phi_2.0/results_seed_30.pt,,
vary_B2,49,6,2.0,30,GPmodel,7.905383586883545,,0.7306173239121239,2.190330599668557,1.079855306508963,,,2.9979176895783572,../data/results/vary_B2/B_49_n_6/phi_2.0/results_seed_30.pt,,
vary_B2,49,6,2.0,30,VI_best_tau_by_ELBO,8.121979713439941,,0.26247310638427734,2.409804786092039,2.267068161856712,-651.29140625,0.3,,../data/results/vary_B2/B_49_n_6/phi_2.0/results_seed_30.pt,6.0,6.0
vary_B2,49,6,2.0,31,GPArealModel,8.143547058105469,,1.2083447558177531,2.389806838717675,1.2641628469479678,,,1.9777524809965032,../data/results/vary_B2/B_49_n_6/phi_2.0/results_seed_31.pt,,
vary_B2,49,6,2.0,31,GPmodel,7.9661993980407715,,1.119297653670728,1.3837364435683512,1.0491209295370907,,,1.2362542162314003,../data/results/vary_B2/B_49_n_6/phi_2.0/results_seed_31.pt,,
vary_B2,49,6,2.0,31,VI_best_tau_by_ELBO,8.218558311462402,,0.262428879737854,1.4327977863914914,2.0808624748005435,-624.9173583984375,0.3,,../data/results/vary_B2/B_49_n_6/phi_2.0/results_seed_31.pt,4.0,6.0
vary_B2,49,6,2.0,32,GPArealModel,7.467215538024902,,0.28129064688173616,7.868201375771701,0.7968017453748847,,,27.971784568719595,../data/results/vary_B2/B_49_n_6/phi_2.0/results_seed_32.pt,,
vary_B2,49,6,2.0,32,GPmodel,7.850864887237549,,0.37550052631135605,4.26568649221845,1.0601287511011366,,,11.360001367032558,../data/results/vary_B2/B_49_n_6/phi_2.0/results_seed_32.pt,,
vary_B2,49,6,2.0,32,VI_best_tau_by_ELBO,8.13225269317627,,0.26205435395240784,4.113909064050736,2.082519322368562,-671.1814819335938,0.3,,../data/results/vary_B2/B_49_n_6/phi_2.0/results_seed_32.pt,6.0,6.0
vary_B2,49,6,2.0,33,GPArealModel,8.306509971618652,,0.23368967476826563,7.713290717628939,2.7618552292783276,,,33.006553350196974,../data/results/vary_B2/B_49_n_6/phi_2.0/results_seed_33.pt,,
vary_B2,49,6,2.0,33,GPmodel,7.968324184417725,,0.393589294045197,4.494333550703637,1.1618283633572584,,,11.418840956043738,../data/results/vary_B2/B_49_n_6/phi_2.0/results_seed_33.pt,,
vary_B2,49,6,2.0,33,VI_best_tau_by_ELBO,8.187322616577148,,0.26181283593177795,3.908912820574521,2.3351831455739864,-681.5902099609375,0.3,,../data/results/vary_B2/B_49_n_6/phi_2.0/results_seed_33.pt,6.0,6.0
vary_B2,49,6,2.0,34,GPArealModel,8.313472747802734,,0.4751756430970117,4.2029407511094865,0.8645846686050092,,,8.845025649286942,../data/results/vary_B2/B_49_n_6/phi_2.0/results_seed_34.pt,,
vary_B2,49,6,2.0,34,GPmodel,7.931775093078613,,0.551354781993745,2.922416788140399,1.0114796998794489,,,5.300428841067988,../data/results/vary_B2/B_49_n_6/phi_2.0/results_seed_34.pt,,
vary_B2,49,6,2.0,34,VI_best_tau_by_ELBO,8.307835578918457,,0.2628183364868164,3.319495146932217,2.033460592260759,-657.6317504882812,0.3,,../data/results/vary_B2/B_49_n_6/phi_2.0/results_seed_34.pt,6.0,6.0
vary_B2,49,6,2.0,35,GPArealModel,7.272215366363525,,0.3204785505050778,5.106601185344041,0.8437374568353959,,,15.934299432195946,../data/results/vary_B2/B_49_n_6/phi_2.0/results_seed_35.pt,,
vary_B2,49,6,2.0,35,GPmodel,7.947581768035889,,0.43211971220102713,3.349200822520014,0.9814770271952777,,,7.7506318919372195,../data/results/vary_B2/B_49_n_6/phi_2.0/results_seed_35.pt,,
vary_B2,49,6,2.0,35,VI_best_tau_by_ELBO,8.054344177246094,,0.2622894048690796,2.910320848573323,2.1552672963857162,-660.386181640625,0.3,,../data/results/vary_B2/B_49_n_6/phi_2.0/results_seed_35.pt,6.0,6.0
vary_B2,49,6,2.0,36,GPArealModel,7.6093339920043945,,0.468634865721242,3.868822570263279,1.2144330907587595,,,8.255515868007503,../data/results/vary_B2/B_49_n_6/phi_2.0/results_seed_36.pt,,
vary_B2,49,6,2.0,36,GPmodel,7.94643497467041,,0.6046021284777503,2.4719125510510715,0.9599023393499223,,,4.088494622529335,../data/results/vary_B2/B_49_n_6/phi_2.0/results_seed_36.pt,,
vary_B2,49,6,2.0,36,VI_best_tau_by_ELBO,8.017833709716797,,0.2622723877429962,2.4926523865289187,2.1477926830001928,-650.458251953125,0.3,,../data/results/vary_B2/B_49_n_6/phi_2.0/results_seed_36.pt,6.0,6.0
vary_B2,49,6,2.0,37,GPArealModel,7.463987827301025,,0.5294303484122191,4.743845288672839,0.7460965494756735,,,8.96028212757316,../data/results/vary_B2/B_49_n_6/phi_2.0/results_seed_37.pt,,
vary_B2,49,6,2.0,37,GPmodel,7.912232398986816,,0.49657495024238063,3.335325161174052,0.935336579084661,,,6.716660112528962,../data/results/vary_B2/B_49_n_6/phi_2.0/results_seed_37.pt,,
vary_B2,49,6,2.0,37,VI_best_tau_by_ELBO,8.09041976928711,,0.26303261518478394,3.9990493387983403,2.0602210199563658,-662.9095947265625,0.3,,../data/results/vary_B2/B_49_n_6/phi_2.0/results_seed_37.pt,6.0,6.0
vary_B2,49,6,2.0,38,GPArealModel,7.735944747924805,,0.5002482842154918,5.784502654842203,1.2622735220331525,,,11.563263358141603,../data/results/vary_B2/B_49_n_6/phi_2.0/results_seed_38.pt,,
vary_B2,49,6,2.0,38,GPmodel,7.951111316680908,,0.5806353935757114,3.0765067894868365,1.282367807063853,,,5.298517492261137,../data/results/vary_B2/B_49_n_6/phi_2.0/results_seed_38.pt,,
vary_B2,49,6,2.0,38,VI_best_tau_by_ELBO,8.108753204345703,,0.26238909363746643,3.5896609369652634,2.555070129018545,-681.6059814453125,0.3,,../data/results/vary_B2/B_49_n_6/phi_2.0/results_seed_38.pt,6.0,6.0
vary_B2,49,6,2.0,39,GPArealModel,7.313007354736328,,0.32555519623642465,5.738686839633922,1.0095034688344637,,,17.627385174544635,../data/results/vary_B2/B_49_n_6/phi_2.0/results_seed_39.pt,,
vary_B2,49,6,2.0,39,GPmodel,7.90959358215332,,0.42848129590413503,3.560209455161983,0.8549795165067607,,,8.30890283705293,../data/results/vary_B2/B_49_n_6/phi_2.0/results_seed_39.pt,,
vary_B2,49,6,2.0,39,VI_best_tau_by_ELBO,7.9527130126953125,,0.2622178792953491,3.6847095110904347,1.9772731564291368,-656.79326171875,0.3,,../data/results/vary_B2/B_49_n_6/phi_2.0/results_seed_39.pt,6.0,6.0
vary_B2,49,6,2.0,40,GPArealModel,8.255967140197754,,0.6820088583652487,2.790782457355134,1.7693002304149303,,,4.092003238850213,../data/results/vary_B2/B_49_n_6/phi_2.0/results_seed_40.pt,,
vary_B2,49,6,2.0,40,GPmodel,7.972046375274658,,0.7165191529637719,2.03160319094215,0.9850880909276295,,,2.8353787648784183,../data/results/vary_B2/B_49_n_6/phi_2.0/results_seed_40.pt,,
vary_B2,49,6,2.0,40,VI_best_tau_by_ELBO,8.36234188079834,,0.26248642802238464,1.8941276910613452,2.1544981949301634,-639.5697143554687,0.3,,../data/results/vary_B2/B_49_n_6/phi_2.0/results_seed_40.pt,6.0,6.0
vary_B2,49,6,2.0,41,GPArealModel,8.25537395477295,,1.0525448112242353,2.7015939377131453,1.3274235343918144,,,2.566725814334564,../data/results/vary_B2/B_49_n_6/phi_2.0/results_seed_41.pt,,
vary_B2,49,6,2.0,41,GPmodel,7.983635902404785,,1.0519987841004892,1.8615041786150959,1.2733626929646418,,,1.76949270925895,../data/results/vary_B2/B_49_n_6/phi_2.0/results_seed_41.pt,,
vary_B2,49,6,2.0,41,VI_best_tau_by_ELBO,8.33698558807373,,0.26260054111480713,1.6997834609682474,2.462692730725424,-650.6841064453125,0.3,,../data/results/vary_B2/B_49_n_6/phi_2.0/results_seed_41.pt,6.0,6.0
vary_B2,49,6,2.0,42,GPArealModel,7.513697624206543,,0.6558456028271478,3.855161570581933,1.682452358440944,,,5.8781541783058735,../data/results/vary_B2/B_49_n_6/phi_2.0/results_seed_42.pt,,
vary_B2,49,6,2.0,42,GPmodel,7.850013732910156,,0.6159509363545796,2.4986557511597787,1.1367052402058493,,,4.056582438120358,../data/results/vary_B2/B_49_n_6/phi_2.0/results_seed_42.pt,,
vary_B2,49,6,2.0,42,VI_best_tau_by_ELBO,8.040745735168457,,0.2627323269844055,2.6212435597674966,2.2863220173067464,-660.3974731445312,0.3,,../data/results/vary_B2/B_49_n_6/phi_2.0/results_seed_42.pt,6.0,6.0
vary_B2,49,6,2.0,43,GPArealModel,7.598726749420166,,0.7396214645100796,3.3239140735790396,1.7331747313701622,,,4.494074649091989,../data/results/vary_B2/B_49_n_6/phi_2.0/results_seed_43.pt,,
vary_B2,49,6,2.0,43,GPmodel,7.93555212020874,,0.9174281618086612,2.028781143237385,1.303775288230515,,,2.2113787517027492,../data/results/vary_B2/B_49_n_6/phi_2.0/results_seed_43.pt,,
vary_B2,49,6,2.0,43,VI_best_tau_by_ELBO,8.0814208984375,,0.26257121562957764,2.178663479637235,2.5215964607797527,-660.9235595703125,0.3,,../data/results/vary_B2/B_49_n_6/phi_2.0/results_seed_43.pt,6.0,6.0
vary_B2,49,6,2.0,44,GPArealModel,7.899849891662598,,0.31704586838765125,6.711233239207768,1.235520857161301,,,21.16801986204078,../data/results/vary_B2/B_49_n_6/phi_2.0/results_seed_44.pt,,
vary_B2,49,6,2.0,44,GPmodel,7.938287734985352,,0.42640490154886423,3.578188997509232,1.07317200760235,,,8.391528766465614,../data/results/vary_B2/B_49_n_6/phi_2.0/results_seed_44.pt,,
vary_B2,49,6,2.0,44,VI_best_tau_by_ELBO,8.190692901611328,,0.2618621289730072,2.6196479144608786,2.384199472749829,-661.4708251953125,0.3,,../data/results/vary_B2/B_49_n_6/phi_2.0/results_seed_44.pt,4.0,6.0
vary_B2,49,6,2.0,45,GPArealModel,7.818294048309326,,0.3344278317729485,6.867112730732372,1.4830897455520298,,,20.53391517783313,../data/results/vary_B2/B_49_n_6/phi_2.0/results_seed_45.pt,,
vary_B2,49,6,2.0,45,GPmodel,8.001014709472656,,0.4115858835265352,4.080604877139736,1.0302712131592804,,,9.914346046507829,../data/results/vary_B2/B_49_n_6/phi_2.0/results_seed_45.pt,,
vary_B2,49,6,2.0,45,VI_best_tau_by_ELBO,8.063238143920898,,0.262517511844635,4.844836183478781,1.9839932900597836,-672.3155151367188,0.3,,../data/results/vary_B2/B_49_n_6/phi_2.0/results_seed_45.pt,6.0,6.0
vary_B2,49,6,2.0,46,GPArealModel,7.738022804260254,,0.31401400720765443,5.913588233644314,1.0666667407706225,,,18.83224346018971,../data/results/vary_B2/B_49_n_6/phi_2.0/results_seed_46.pt,,
vary_B2,49,6,2.0,46,GPmodel,7.982769012451172,,0.40743883287376237,2.9413944367704707,1.0731193248688635,,,7.2192294878328624,../data/results/vary_B2/B_49_n_6/phi_2.0/results_seed_46.pt,,
vary_B2,49,6,2.0,46,VI_best_tau_by_ELBO,8.125090599060059,,0.26207661628723145,3.1212522492353267,1.9542095124272758,-653.5754272460938,0.3,,../data/results/vary_B2/B_49_n_6/phi_2.0/results_seed_46.pt,6.0,6.0
vary_B2,49,6,2.0,47,GPArealModel,8.097662925720215,,0.35992807369886126,5.059145428010126,1.5149476218622664,,,14.055990064956502,../data/results/vary_B2/B_49_n_6/phi_2.0/results_seed_47.pt,,
vary_B2,49,6,2.0,47,GPmodel,7.906621932983398,,0.564445461540631,2.729345774212217,1.3404379736331284,,,4.83544639859904,../data/results/vary_B2/B_49_n_6/phi_2.0/results_seed_47.pt,,
vary_B2,49,6,2.0,47,VI_best_tau_by_ELBO,8.348381996154785,,0.2622978985309601,2.6886368581156956,2.266076392788009,-659.0588500976562,0.3,,../data/results/vary_B2/B_49_n_6/phi_2.0/results_seed_47.pt,6.0,6.0
vary_B2,49,6,2.0,48,GPArealModel,8.011336326599121,,0.4795424942009766,4.2703653092823375,1.3585032203015706,,,8.905082158355343,../data/results/vary_B2/B_49_n_6/phi_2.0/results_seed_48.pt,,
vary_B2,49,6,2.0,48,GPmodel,7.936772346496582,,0.5239186735313788,3.1050081739222954,1.0015631474704199,,,5.926507931075545,../data/results/vary_B2/B_49_n_6/phi_2.0/results_seed_48.pt,,
vary_B2,49,6,2.0,48,VI_best_tau_by_ELBO,8.155731201171875,,0.2628607153892517,3.3862381973632147,2.158362710418806,-664.2026245117188,0.3,,../data/results/vary_B2/B_49_n_6/phi_2.0/results_seed_48.pt,6.0,6.0
vary_B2,49,6,2.0,49,GPArealModel,7.594232559204102,,0.6040095007872379,5.513988710794996,1.2397204249967164,,,9.12897678531268,../data/results/vary_B2/B_49_n_6/phi_2.0/results_seed_49.pt,,
vary_B2,49,6,2.0,49,GPmodel,7.9167914390563965,,0.5646776835825548,3.1768392923661937,1.013817759641093,,,5.6259338463864506,../data/results/vary_B2/B_49_n_6/phi_2.0/results_seed_49.pt,,
vary_B2,49,6,2.0,49,VI_best_tau_by_ELBO,7.987717151641846,,0.26291006803512573,4.545920996695329,2.0129095830793338,-667.576953125,0.3,,../data/results/vary_B2/B_49_n_6/phi_2.0/results_seed_49.pt,6.0,6.0
vary_B2,49,6,2.0,50,GPArealModel,7.137520790100098,,0.6547269399011807,1.6292603338468004,0.9133623248412284,,,2.488457759341181,../data/results/vary_B2/B_49_n_6/phi_2.0/results_seed_50.pt,,
vary_B2,49,6,2.0,50,GPmodel,7.860334873199463,,1.1979272544393418,1.2596275113741986,1.0130938036428632,,,1.0515058462074427,../data/results/vary_B2/B_49_n_6/phi_2.0/results_seed_50.pt,,
vary_B2,49,6,2.0,50,VI_best_tau_by_ELBO,7.848204612731934,,0.2623169422149658,1.0268920647779773,2.1151507806484213,-619.5188720703125,0.3,,../data/results/vary_B2/B_49_n_6/phi_2.0/results_seed_50.pt,1.0,6.0
vary_B2,49,6,2.0,51,GPArealModel,7.974002361297607,,0.4699517055062696,5.1245366811706505,1.004358223503897,,,10.904390006735031,../data/results/vary_B2/B_49_n_6/phi_2.0/results_seed_51.pt,,
vary_B2,49,6,2.0,51,GPmodel,7.8375983238220215,,0.5069504703024534,3.05019501021845,1.2264004833396909,,,6.016751514992506,../data/results/vary_B2/B_49_n_6/phi_2.0/results_seed_51.pt,,
vary_B2,49,6,2.0,51,VI_best_tau_by_ELBO,8.137551307678223,,0.26247474551200867,3.130672175455061,2.3621159004561303,-670.0980346679687,0.3,,../data/results/vary_B2/B_49_n_6/phi_2.0/results_seed_51.pt,6.0,6.0
vary_B2,49,6,2.0,52,GPArealModel,7.725897312164307,,0.5441441252906233,3.5702536796511124,0.8284335848138081,,,6.561228016096409,../data/results/vary_B2/B_49_n_6/phi_2.0/results_seed_52.pt,,
vary_B2,49,6,2.0,52,GPmodel,7.901764392852783,,0.7011857798321053,2.122661076908462,1.1727176421697567,,,3.027244901367966,../data/results/vary_B2/B_49_n_6/phi_2.0/results_seed_52.pt,,
vary_B2,49,6,2.0,52,VI_best_tau_by_ELBO,8.053504943847656,,0.2624105215072632,2.334032208849354,2.2145850294506118,-649.4611572265625,0.3,,../data/results/vary_B2/B_49_n_6/phi_2.0/results_seed_52.pt,6.0,6.0
vary_B2,49,6,2.0,53,GPArealModel,7.537745475769043,,0.24160565120836278,5.852410168063637,1.2795398319404334,,,24.22298542601749,../data/results/vary_B2/B_49_n_6/phi_2.0/results_seed_53.pt,,
vary_B2,49,6,2.0,53,GPmodel,7.865353584289551,,0.33529842029038887,3.5017246549876475,0.8867102083742436,,,10.44360618208383,../data/results/vary_B2/B_49_n_6/phi_2.0/results_seed_53.pt,,
vary_B2,49,6,2.0,53,VI_best_tau_by_ELBO,7.962780952453613,,0.26208925247192383,3.1584776369861185,1.8074082642854852,-647.882080078125,0.3,,../data/results/vary_B2/B_49_n_6/phi_2.0/results_seed_53.pt,6.0,6.0
vary_B2,49,6,2.0,54,GPArealModel,7.8048248291015625,,0.5714438287592948,3.9065683748246323,0.6606392881383721,,,6.836312124161846,../data/results/vary_B2/B_49_n_6/phi_2.0/results_seed_54.pt,,
vary_B2,49,6,2.0,54,GPmodel,8.033711433410645,,0.65283450090257,2.375424600978147,1.1937960399191474,,,3.6386321459635282,../data/results/vary_B2/B_49_n_6/phi_2.0/results_seed_54.pt,,
vary_B2,49,6,2.0,54,VI_best_tau_by_ELBO,8.126870155334473,,0.2629976272583008,3.283457876802062,2.1508837105230794,-659.3339965820312,0.3,,../data/results/vary_B2/B_49_n_6/phi_2.0/results_seed_54.pt,6.0,6.0
vary_B2,49,6,2.0,55,GPArealModel,8.63817310333252,,0.3573063253656992,4.769408258368057,1.554384405813925,,,13.348233489811912,../data/results/vary_B2/B_49_n_6/phi_2.0/results_seed_55.pt,,
vary_B2,49,6,2.0,55,GPmodel,8.058586120605469,,0.5361864558313297,3.2637612317933957,1.1839050508478435,,,6.086989323020292,../data/results/vary_B2/B_49_n_6/phi_2.0/results_seed_55.pt,,
vary_B2,49,6,2.0,55,VI_best_tau_by_ELBO,8.4293794631958,,0.26248103380203247,3.631355343086927,2.2694314464488152,-670.9650634765625,0.3,,../data/results/vary_B2/B_49_n_6/phi_2.0/results_seed_55.pt,6.0,6.0
vary_B2,49,6,2.0,56,GPArealModel,8.252212524414062,,0.4065988960139248,3.4824799853609565,1.5809706842697453,,,8.564902707560947,../data/results/vary_B2/B_49_n_6/phi_2.0/results_seed_56.pt,,
vary_B2,49,6,2.0,56,GPmodel,7.9389472007751465,,0.6026921944612548,2.3386660557230337,1.138667396161863,,,3.8803655949345126,../data/results/vary_B2/B_49_n_6/phi_2.0/results_seed_56.pt,,
vary_B2,49,6,2.0,56,VI_best_tau_by_ELBO,8.1759672164917,,0.2622417211532593,1.9821948208766471,2.2278893148956196,-650.258984375,0.3,,../data/results/vary_B2/B_49_n_6/phi_2.0/results_seed_56.pt,6.0,6.0
vary_B2,49,6,2.0,57,GPArealModel,7.839796543121338,,0.3326559138263802,4.106121071266355,2.2160228502880677,,,12.343448291766796,../data/results/vary_B2/B_49_n_6/phi_2.0/results_seed_57.pt,,
vary_B2,49,6,2.0,57,GPmodel,8.016181945800781,,0.43677081612947444,3.399474199175806,0.9436764552737471,,,7.783199045441902,../data/results/vary_B2/B_49_n_6/phi_2.0/results_seed_57.pt,,
vary_B2,49,6,2.0,57,VI_best_tau_by_ELBO,8.178131103515625,,0.2627299129962921,3.1521869635924666,1.9828358780105664,-654.65107421875,0.3,,../data/results/vary_B2/B_49_n_6/phi_2.0/results_seed_57.pt,6.0,6.0
vary_B2,49,6,2.0,58,GPArealModel,7.590855598449707,,0.5860427064527838,5.315279685477119,0.9048792288342267,,,9.069782162548524,../data/results/vary_B2/B_49_n_6/phi_2.0/results_seed_58.pt,,
vary_B2,49,6,2.0,58,GPmodel,7.92455530166626,,0.5578060987566071,4.549894000942664,1.0239094120529066,,,8.156766322714521,../data/results/vary_B2/B_49_n_6/phi_2.0/results_seed_58.pt,,
vary_B2,49,6,2.0,58,VI_best_tau_by_ELBO,8.079911231994629,,0.26302775740623474,5.319470373593643,2.7798541289009027,-695.9617919921875,0.4,,../data/results/vary_B2/B_49_n_6/phi_2.0/results_seed_58.pt,6.0,6.0
vary_B2,49,6,2.0,59,GPArealModel,7.61805534362793,,0.621525741542741,3.996169986630525,0.9260471512598943,,,6.429612998347096,../data/results/vary_B2/B_49_n_6/phi_2.0/results_seed_59.pt,,
vary_B2,49,6,2.0,59,GPmodel,7.885034084320068,,0.5055846797674605,3.086201249903533,0.850642607653677,,,6.104222246850925,../data/results/vary_B2/B_49_n_6/phi_2.0/results_seed_59.pt,,
vary_B2,49,6,2.0,59,VI_best_tau_by_ELBO,8.094285011291504,,0.26281148195266724,2.8536920462627267,2.069837085846595,-650.2032592773437,0.3,,../data/results/vary_B2/B_49_n_6/phi_2.0/results_seed_59.pt,6.0,6.0
vary_B2,49,6,2.0,60,GPArealModel,7.666568756103516,,0.5426256026247336,3.7025784671493676,2.012219176837055,,,6.823449629430735,../data/results/vary_B2/B_49_n_6/phi_2.0/results_seed_60.pt,,
vary_B2,49,6,2.0,60,GPmodel,7.995116233825684,,0.7117236544481524,2.3009203005635697,1.3371571375781537,,,3.232884401386981,../data/results/vary_B2/B_49_n_6/phi_2.0/results_seed_60.pt,,
vary_B2,49,6,2.0,60,VI_best_tau_by_ELBO,8.13523006439209,,0.26253542304039,2.65577395920228,2.341728445440837,-662.2994750976562,0.3,,../data/results/vary_B2/B_49_n_6/phi_2.0/results_seed_60.pt,6.0,6.0
vary_B2,49,6,2.0,61,GPArealModel,8.293042182922363,,0.30177138653803387,4.665413138107949,1.0745758681130564,,,15.460091135976345,../data/results/vary_B2/B_49_n_6/phi_2.0/results_seed_61.pt,,
vary_B2,49,6,2.0,61,GPmodel,8.087100982666016,,0.3767809610036726,3.0053674853228753,1.0810456010525393,,,7.976431392173187,../data/results/vary_B2/B_49_n_6/phi_2.0/results_seed_61.pt,,
vary_B2,49,6,2.0,61,VI_best_tau_by_ELBO,8.281730651855469,,0.2622527480125427,2.6957697414682795,2.0318054157442464,-654.3446899414063,0.3,,../data/results/vary_B2/B_49_n_6/phi_2.0/results_seed_61.pt,6.0,6.0
vary_B2,49,6,2.0,62,GPArealModel,7.831336498260498,,0.5373094942003547,3.9265320455361685,0.6054878837628523,,,7.307765985746799,../data/results/vary_B2/B_49_n_6/phi_2.0/results_seed_62.pt,,
vary_B2,49,6,2.0,62,GPmodel,7.825061798095703,,0.6327339222997717,2.67389413076441,1.316438246717103,,,4.225937691226856,../data/results/vary_B2/B_49_n_6/phi_2.0/results_seed_62.pt,,
vary_B2,49,6,2.0,62,VI_best_tau_by_ELBO,8.002706527709961,,0.26281893253326416,2.9427716244091164,2.479112065058714,-674.1771240234375,0.3,,../data/results/vary_B2/B_49_n_6/phi_2.0/results_seed_62.pt,6.0,6.0
vary_B2,49,6,2.0,63,GPArealModel,7.643131732940674,,0.28934602920254776,2.983733626876317,3.028237382019085,,,10.311990923461563,../data/results/vary_B2/B_49_n_6/phi_2.0/results_seed_63.pt,,
vary_B2,49,6,2.0,63,GPmodel,7.918613433837891,,0.5951645707653067,2.1004569079115596,1.0418896968404452,,,3.5292035364447796,../data/results/vary_B2/B_49_n_6/phi_2.0/results_seed_63.pt,,
vary_B2,49,6,2.0,63,VI_best_tau_by_ELBO,8.052995681762695,,0.262413889169693,1.947724579296073,2.072690406292779,-641.6576049804687,0.3,,../data/results/vary_B2/B_49_n_6/phi_2.0/results_seed_63.pt,6.0,6.0
vary_B2,49,6,2.0,64,GPArealModel,7.855366230010986,,0.384905284805474,3.3900344937012132,1.4442564183256434,,,8.807451151039642,../data/results/vary_B2/B_49_n_6/phi_2.0/results_seed_64.pt,,
vary_B2,49,6,2.0,64,GPmodel,7.967857837677002,,0.6618723324887273,2.2969445986670554,1.3420197349357836,,,3.4703740977209914,../data/results/vary_B2/B_49_n_6/phi_2.0/results_seed_64.pt,,
vary_B2,49,6,2.0,64,VI_best_tau_by_ELBO,8.32724666595459,,0.2624600827693939,1.6619065720116253,2.3846266352910037,-653.5292236328125,0.3,,../data/results/vary_B2/B_49_n_6/phi_2.0/results_seed_64.pt,6.0,6.0
vary_B2,49,6,2.0,65,GPArealModel,8.621950149536133,,0.8368499878792988,2.265689934037709,2.0956826964883906,,,2.707402720742461,../data/results/vary_B2/B_49_n_6/phi_2.0/results_seed_65.pt,,
vary_B2,49,6,2.0,65,GPmodel,7.966264247894287,,0.7262544628787333,2.2012133622203263,1.0037306785741877,,,3.030911993979547,../data/results/vary_B2/B_49_n_6/phi_2.0/results_seed_65.pt,,
vary_B2,49,6,2.0,65,VI_best_tau_by_ELBO,8.684304237365723,,0.2622036337852478,1.529182366195564,2.3165243933414614,-639.1124755859375,0.3,,../data/results/vary_B2/B_49_n_6/phi_2.0/results_seed_65.pt,6.0,6.0
vary_B2,49,6,2.0,66,GPArealModel,7.3491106033325195,,0.4899698352993113,2.0760329885774738,0.9027872735762172,,,4.237062853694397,../data/results/vary_B2/B_49_n_6/phi_2.0/results_seed_66.pt,,
vary_B2,49,6,2.0,66,GPmodel,7.980088233947754,,1.408740119450977,1.4702588913298578,1.3871153197426667,,,1.043669354644955,../data/results/vary_B2/B_49_n_6/phi_2.0/results_seed_66.pt,,
vary_B2,49,6,2.0,66,VI_best_tau_by_ELBO,8.021468162536621,,0.2619578242301941,0.9380663820197532,2.4736228697435405,-639.0318115234375,0.3,,../data/results/vary_B2/B_49_n_6/phi_2.0/results_seed_66.pt,6.0,6.0
vary_B2,49,6,2.0,67,GPArealModel,7.863516330718994,,0.10180693752052854,3.1719021196847867,5.581932224088774,,,31.156050824583527,../data/results/vary_B2/B_49_n_6/phi_2.0/results_seed_67.pt,,
vary_B2,49,6,2.0,67,GPmodel,7.844475746154785,,0.5007017098276066,3.3247129923090792,1.0265515568452135,,,6.6401071277623345,../data/results/vary_B2/B_49_n_6/phi_2.0/results_seed_67.pt,,
vary_B2,49,6,2.0,67,VI_best_tau_by_ELBO,8.048989295959473,,0.2629551589488983,3.1914128088771605,2.1176709352006333,-662.5265258789062,0.3,,../data/results/vary_B2/B_49_n_6/phi_2.0/results_seed_67.pt,6.0,6.0
vary_B2,49,6,2.0,68,GPArealModel,7.681888580322266,,0.42209859972781916,3.111341526766375,1.4248877589883968,,,7.371124966471469,../data/results/vary_B2/B_49_n_6/phi_2.0/results_seed_68.pt,,
vary_B2,49,6,2.0,68,GPmodel,7.877536773681641,,0.6980033320030009,2.140901265488021,1.2534577780948613,,,3.067179148478358,../data/results/vary_B2/B_49_n_6/phi_2.0/results_seed_68.pt,,
vary_B2,49,6,2.0,68,VI_best_tau_by_ELBO,8.047280311584473,,0.261872798204422,1.6460211386344434,2.463762203689147,-651.4375610351562,0.3,,../data/results/vary_B2/B_49_n_6/phi_2.0/results_seed_68.pt,4.0,6.0
vary_B2,49,6,2.0,69,GPArealModel,7.761496067047119,,0.5927858006887885,3.061469209787104,0.9488616325183881,,,5.164545450025666,../data/results/vary_B2/B_49_n_6/phi_2.0/results_seed_69.pt,,
vary_B2,49,6,2.0,69,GPmodel,7.941366672515869,,0.8432429678959841,1.620749116831416,1.0778180621227706,,,1.9220428494949977,../data/results/vary_B2/B_49_n_6/phi_2.0/results_seed_69.pt,,
vary_B2,49,6,2.0,69,VI_best_tau_by_ELBO,8.099143028259277,,0.2622300386428833,1.9027375750636337,2.0792992061168505,-633.3284545898438,0.3,,../data/results/vary_B2/B_49_n_6/phi_2.0/results_seed_69.pt,6.0,6.0
vary_B2,49,6,2.0,70,GPArealModel,7.75750732421875,,0.3118881690135931,5.571338850246193,1.525002375291825,,,17.86325806415368,../data/results/vary_B2/B_49_n_6/phi_2.0/results_seed_70.pt,,
vary_B2,49,6,2.0,70,GPmodel,8.019391059875488,,0.32183283295629556,4.0527105509995724,1.079491129837237,,,12.59259508662351,../data/results/vary_B2/B_49_n_6/phi_2.0/results_seed_70.pt,,
vary_B2,49,6,2.0,70,VI_best_tau_by_ELBO,8.189924240112305,,0.26245757937431335,3.390668154905138,2.033650883250984,-663.98447265625,0.3,,../data/results/vary_B2/B_49_n_6/phi_2.0/results_seed_70.pt,6.0,6.0
vary_B2,49,6,2.0,71,GPArealModel,7.7397379875183105,,0.26195053012261077,7.351719277967506,1.5561328323541288,,,28.06529643030842,../data/results/vary_B2/B_49_n_6/phi_2.0/results_seed_71.pt,,
vary_B2,49,6,2.0,71,GPmodel,7.84506893157959,,0.2983186176688201,5.026919481247395,1.1591379728462492,,,16.850840623122135,../data/results/vary_B2/B_49_n_6/phi_2.0/results_seed_71.pt,,
vary_B2,49,6,2.0,71,VI_best_tau_by_ELBO,8.059784889221191,,0.26212364435195923,4.245114597370166,2.163773366313206,-678.1766845703125,0.3,,../data/results/vary_B2/B_49_n_6/phi_2.0/results_seed_71.pt,6.0,6.0
vary_B2,49,6,2.0,72,GPArealModel,7.649598598480225,,0.41147793046016873,5.357803295102518,0.8832873023391664,,,13.020876451650073,../data/results/vary_B2/B_49_n_6/phi_2.0/results_seed_72.pt,,
vary_B2,49,6,2.0,72,GPmodel,7.957372665405273,,0.4297617881990994,4.332881424242176,0.9076477728238286,,,10.082053693975336,../data/results/vary_B2/B_49_n_6/phi_2.0/results_seed_72.pt,,
vary_B2,49,6,2.0,72,VI_best_tau_by_ELBO,8.073688507080078,,0.2626526951789856,4.035395544575633,2.080373065590777,-668.0946166992187,0.3,,../data/results/vary_B2/B_49_n_6/phi_2.0/results_seed_72.pt,6.0,6.0
vary_B2,49,6,2.0,73,GPArealModel,7.712430953979492,,0.5241989571993116,3.7649366649323412,1.1860260703617798,,,7.182266605503436,../data/results/vary_B2/B_49_n_6/phi_2.0/results_seed_73.pt,,
vary_B2,49,6,2.0,73,GPmodel,8.044387817382812,,0.587852573966666,2.644300019378644,0.9389902189951369,,,4.498236694849597,../data/results/vary_B2/B_49_n_6/phi_2.0/results_seed_73.pt,,
vary_B2,49,6,2.0,73,VI_best_tau_by_ELBO,8.131636619567871,,0.2625297009944916,2.5275341245428002,2.2101109979252227,-651.9445190429688,0.3,,../data/results/vary_B2/B_49_n_6/phi_2.0/results_seed_73.pt,4.0,6.0
vary_B2,49,6,2.0,74,GPArealModel,7.775339603424072,,0.4179877603930229,6.817821874780635,2.294898727254895,,,16.31105625765218,../data/results/vary_B2/B_49_n_6/phi_2.0/results_seed_74.pt,,
vary_B2,49,6,2.0,74,GPmodel,7.822476863861084,,0.47714613254537386,4.40939332113481,0.9269055610519321,,,9.241180050255362,../data/results/vary_B2/B_49_n_6/phi_2.0/results_seed_74.pt,,
vary_B2,49,6,2.0,74,VI_best_tau_by_ELBO,8.134124755859375,,0.26247066259384155,4.347983274779689,2.1658162267790684,-672.56298828125,0.3,,../data/results/vary_B2/B_49_n_6/phi_2.0/results_seed_74.pt,6.0,6.0
vary_B2,49,6,2.0,75,GPArealModel,7.659379482269287,,0.49935834988160205,6.7086599996416645,3.150050921310283,,,13.434560574049256,../data/results/vary_B2/B_49_n_6/phi_2.0/results_seed_75.pt,,
vary_B2,49,6,2.0,75,GPmodel,7.980718612670898,,0.47758268898262146,4.4092498235736945,1.2468304274242856,,,9.232432257891451,../data/results/vary_B2/B_49_n_6/phi_2.0/results_seed_75.pt,,
vary_B2,49,6,2.0,75,VI_best_tau_by_ELBO,8.155386924743652,,0.26265835762023926,4.837038221626883,2.571045381414164,-693.2175659179687,0.3,,../data/results/vary_B2/B_49_n_6/phi_2.0/results_seed_75.pt,6.0,6.0
vary_B2,49,6,2.0,76,GPArealModel,8.086538314819336,,0.7769829597310343,3.18398104474881,1.558093561061862,,,4.09787757230995,../data/results/vary_B2/B_49_n_6/phi_2.0/results_seed_76.pt,,
vary_B2,49,6,2.0,76,GPmodel,7.922616481781006,,0.9175518425387075,2.052500144713982,1.2508028484582059,,,2.2369309825971997,../data/results/vary_B2/B_49_n_6/phi_2.0/results_seed_76.pt,,
vary_B2,49,6,2.0,76,VI_best_tau_by_ELBO,8.254908561706543,,0.26213034987449646,1.9104837343188528,2.5441940902929288,-656.3287963867188,0.3,,../data/results/vary_B2/B_49_n_6/phi_2.0/results_seed_76.pt,6.0,6.0
vary_B2,49,6,2.0,77,GPArealModel,8.150564193725586,,0.2366999539581512,6.396187070436072,2.6062007012311788,,,27.02234184450634,../data/results/vary_B2/B_49_n_6/phi_2.0/results_seed_77.pt,,
vary_B2,49,6,2.0,77,GPmodel,7.915652751922607,,0.26406244449401145,4.465232660268089,1.2797045591533998,,,16.909760374385062,../data/results/vary_B2/B_49_n_6/phi_2.0/results_seed_77.pt,,
vary_B2,49,6,2.0,77,VI_best_tau_by_ELBO,8.212443351745605,,0.2619860768318176,3.598611506593301,2.0401512736086156,-671.8456298828125,0.3,,../data/results/vary_B2/B_49_n_6/phi_2.0/results_seed_77.pt,6.0,6.0
vary_B2,49,6,2.0,78,GPArealModel,7.826925277709961,,0.3092507939929971,5.399142134771088,1.7790614057683227,,,17.458781803138557,../data/results/vary_B2/B_49_n_6/phi_2.0/results_seed_78.pt,,
vary_B2,49,6,2.0,78,GPmodel,8.046466827392578,,0.3761621034977591,3.740029375491376,1.2681363302289044,,,9.942600120305997,../data/results/vary_B2/B_49_n_6/phi_2.0/results_seed_78.pt,,
vary_B2,49,6,2.0,78,VI_best_tau_by_ELBO,8.234879493713379,,0.26229581236839294,3.6429570359289443,2.065237307695393,-668.2482666015625,0.3,,../data/results/vary_B2/B_49_n_6/phi_2.0/results_seed_78.pt,6.0,6.0
vary_B2,49,6,2.0,79,GPArealModel,8.35460376739502,,0.663404809415333,3.323068601901678,1.0318196316298867,,,5.009111412427565,../data/results/vary_B2/B_49_n_6/phi_2.0/results_seed_79.pt,,
vary_B2,49,6,2.0,79,GPmodel,7.912229537963867,,1.175212363464468,2.0059807176280624,1.3984368862185907,,,1.7069091340347462,../data/results/vary_B2/B_49_n_6/phi_2.0/results_seed_79.pt,,
vary_B2,49,6,2.0,79,VI_best_tau_by_ELBO,8.246435165405273,,0.2625197768211365,2.0156384101883345,2.368048968827537,-651.477294921875,0.3,,../data/results/vary_B2/B_49_n_6/phi_2.0/results_seed_79.pt,6.0,6.0
vary_B2,49,6,2.0,80,GPArealModel,7.769540786743164,,1.2754701012886922,3.309820802296603,0.8377979353991812,,,2.594981096736389,../data/results/vary_B2/B_49_n_6/phi_2.0/results_seed_80.pt,,
vary_B2,49,6,2.0,80,GPmodel,7.999928951263428,,1.0004974958907413,2.121499304534253,1.1631403939477514,,,2.1204443921626064,../data/results/vary_B2/B_49_n_6/phi_2.0/results_seed_80.pt,,
vary_B2,49,6,2.0,80,VI_best_tau_by_ELBO,8.175198554992676,,0.26270729303359985,2.631359478939404,2.633250273718237,-667.3161376953125,0.3,,../data/results/vary_B2/B_49_n_6/phi_2.0/results_seed_80.pt,6.0,6.0
vary_B2,49,6,2.0,81,GPArealModel,8.043569564819336,,0.2585304703483413,7.058114696265882,3.270579024726553,,,27.300900689794325,../data/results/vary_B2/B_49_n_6/phi_2.0/results_seed_81.pt,,
vary_B2,49,6,2.0,81,GPmodel,7.975560188293457,,0.4257246340652291,4.37655642924474,1.0252384816577844,,,10.280251784946437,../data/results/vary_B2/B_49_n_6/phi_2.0/results_seed_81.pt,,
vary_B2,49,6,2.0,81,VI_best_tau_by_ELBO,8.129987716674805,,0.2622635066509247,4.312327631037175,2.198044335001711,-676.82412109375,0.3,,../data/results/vary_B2/B_49_n_6/phi_2.0/results_seed_81.pt,6.0,6.0
vary_B2,49,6,2.0,82,GPArealModel,8.32977294921875,,0.5792954793561148,4.505731405860439,0.7893008930806558,,,7.7779502282126325,../data/results/vary_B2/B_49_n_6/phi_2.0/results_seed_82.pt,,
vary_B2,49,6,2.0,82,GPmodel,8.018854141235352,,0.6467758489534371,2.5567473962210157,1.1993952327874156,,,3.9530656569167624,../data/results/vary_B2/B_49_n_6/phi_2.0/results_seed_82.pt,,
vary_B2,49,6,2.0,82,VI_best_tau_by_ELBO,8.236897468566895,,0.2624817192554474,2.9790271756422184,2.444217167514224,-668.8107788085938,0.3,,../data/results/vary_B2/B_49_n_6/phi_2.0/results_seed_82.pt,6.0,6.0
vary_B2,49,6,2.0,83,GPArealModel,8.197551727294922,,0.7503908222577508,3.134283572240642,1.3655084293027555,,,4.176868212234146,../data/results/vary_B2/B_49_n_6/phi_2.0/results_seed_83.pt,,
vary_B2,49,6,2.0,83,GPmodel,7.836542129516602,,0.6740336245629832,2.106870756847924,1.045252414052929,,,3.1257650658213616,../data/results/vary_B2/B_49_n_6/phi_2.0/results_seed_83.pt,,
vary_B2,49,6,2.0,83,VI_best_tau_by_ELBO,8.17320442199707,,0.26246386766433716,1.965426654541517,2.267395479070414,-645.6311157226562,0.3,,../data/results/vary_B2/B_49_n_6/phi_2.0/results_seed_83.pt,6.0,6.0
vary_B2,49,6,2.0,84,GPArealModel,7.987236499786377,,0.3771390425290225,5.5631167027354085,1.3730822451697882,,,14.750837424389184,../data/results/vary_B2/B_49_n_6/phi_2.0/results_seed_84.pt,,
vary_B2,49,6,2.0,84,GPmodel,7.852895736694336,,0.4301422742935335,3.4303754338227166,0.9877377344788661,,,7.974978603200003,../data/results/vary_B2/B_49_n_6/phi_2.0/results_seed_84.pt,,
vary_B2,49,6,2.0,84,VI_best_tau_by_ELBO,8.11841106414795,,0.2620605528354645,2.9655699889844285,2.2072449357113064,-660.6426391601562,0.3,,../data/results/vary_B2/B_49_n_6/phi_2.0/results_seed_84.pt,6.0,6.0
vary_B2,49,6,2.0,85,GPArealModel,6.9674458503723145,,0.37739827224337025,1.2619429535352455,2.669098812242081,,,3.343796319028893,../data/results/vary_B2/B_49_n_6/phi_2.0/results_seed_85.pt,,
vary_B2,49,6,2.0,85,GPmodel,7.874118328094482,,1.5913409872965585,1.3030518047669817,1.2298972599007143,,,0.818838837916608,../data/results/vary_B2/B_49_n_6/phi_2.0/results_seed_85.pt,,
vary_B2,49,6,2.0,85,VI_best_tau_by_ELBO,7.986358165740967,,0.26201555132865906,0.9127762707678282,2.340993391659715,-631.2492065429688,0.3,,../data/results/vary_B2/B_49_n_6/phi_2.0/results_seed_85.pt,6.0,6.0
vary_B2,49,6,2.0,86,GPArealModel,8.4622802734375,,0.4704979350172665,3.7549333151977256,2.206117000479989,,,7.980764708478318,../data/results/vary_B2/B_49_n_6/phi_2.0/results_seed_86.pt,,
vary_B2,49,6,2.0,86,GPmodel,8.035343170166016,,0.669838906669429,2.9701449855843403,1.1145766198754383,,,4.434118346980599,../data/results/vary_B2/B_49_n_6/phi_2.0/results_seed_86.pt,,
vary_B2,49,6,2.0,86,VI_best_tau_by_ELBO,8.365893363952637,,0.2624385952949524,2.769174020964344,2.5537736019314683,-671.2507202148438,0.3,,../data/results/vary_B2/B_49_n_6/phi_2.0/results_seed_86.pt,6.0,6.0
vary_B2,49,6,2.0,87,GPArealModel,7.7412519454956055,,0.7211016285769577,4.885661371753841,1.0492214944016043,,,6.775274355426631,../data/results/vary_B2/B_49_n_6/phi_2.0/results_seed_87.pt,,
vary_B2,49,6,2.0,87,GPmodel,8.030146598815918,,0.6845970400934983,3.104379359857803,0.8797419649570255,,,4.534608211910798,../data/results/vary_B2/B_49_n_6/phi_2.0/results_seed_87.pt,,
vary_B2,49,6,2.0,87,VI_best_tau_by_ELBO,8.113383293151855,,0.26275330781936646,3.733444057206109,2.391179872652507,-671.9755859375,0.3,,../data/results/vary_B2/B_49_n_6/phi_2.0/results_seed_87.pt,6.0,6.0
vary_B2,49,6,2.0,88,GPArealModel,7.918801307678223,,0.5730309414802204,4.466629626633052,1.9675559633151862,,,7.794744233348226,../data/results/vary_B2/B_49_n_6/phi_2.0/results_seed_88.pt,,
vary_B2,49,6,2.0,88,GPmodel,8.010564804077148,,0.6116718357064556,2.9450735629978513,1.0513043391545234,,,4.814793474341374,../data/results/vary_B2/B_49_n_6/phi_2.0/results_seed_88.pt,,
vary_B2,49,6,2.0,88,VI_best_tau_by_ELBO,8.177773475646973,,0.26240766048431396,3.462984997633791,2.385353124933158,-670.7618041992188,0.3,,../data/results/vary_B2/B_49_n_6/phi_2.0/results_seed_88.pt,6.0,6.0
vary_B2,49,6,2.0,89,GPArealModel,7.909880638122559,,0.8238950078140174,3.21793597769821,1.4760697164236394,,,3.9057597717895307,../data/results/vary_B2/B_49_n_6/phi_2.0/results_seed_89.pt,,
vary_B2,49,6,2.0,89,GPmodel,7.9807305335998535,,0.8291759648440937,2.75677021358937,0.9595255762482482,,,3.324710713373986,../data/results/vary_B2/B_49_n_6/phi_2.0/results_seed_89.pt,,
vary_B2,49,6,2.0,89,VI_best_tau_by_ELBO,8.153963088989258,,0.2623581290245056,2.155726835549816,2.7415979112524598,-666.83525390625,0.3,,../data/results/vary_B2/B_49_n_6/phi_2.0/results_seed_89.pt,6.0,6.0
vary_B2,49,6,2.0,90,GPArealModel,8.370726585388184,,1.430714281899566,1.91197111711659,1.1852010559502977,,,1.3363752227160668,../data/results/vary_B2/B_49_n_6/phi_2.0/results_seed_90.pt,,
vary_B2,49,6,2.0,90,GPmodel,8.064619064331055,,1.0921629688372034,1.4962647471938832,1.170639471238949,,,1.3700013550055776,../data/results/vary_B2/B_49_n_6/phi_2.0/results_seed_90.pt,,
vary_B2,49,6,2.0,90,VI_best_tau_by_ELBO,8.386381149291992,,0.2630005180835724,0.9014763071633299,2.0898585805821144,-617.9304931640625,0.3,,../data/results/vary_B2/B_49_n_6/phi_2.0/results_seed_90.pt,4.0,6.0
vary_B2,49,6,2.0,91,GPArealModel,7.629497051239014,,0.4418755039713068,4.492159936806006,1.9424516650733896,,,10.166121218382147,../data/results/vary_B2/B_49_n_6/phi_2.0/results_seed_91.pt,,
vary_B2,49,6,2.0,91,GPmodel,7.9614338874816895,,0.5338539838086493,3.1671383610650023,1.016413605818005,,,5.932592913271596,../data/results/vary_B2/B_49_n_6/phi_2.0/results_seed_91.pt,,
vary_B2,49,6,2.0,91,VI_best_tau_by_ELBO,8.08737564086914,,0.26270028948783875,3.4580612443718985,2.134923288709574,-663.1878540039063,0.3,,../data/results/vary_B2/B_49_n_6/phi_2.0/results_seed_91.pt,6.0,6.0
vary_B2,49,6,2.0,92,GPArealModel,7.8870720863342285,,0.5192483895869353,4.422563955363034,1.3099482242552636,,,8.517241543842257,../data/results/vary_B2/B_49_n_6/phi_2.0/results_seed_92.pt,,
vary_B2,49,6,2.0,92,GPmodel,7.967100620269775,,0.6137712461999781,2.5154783891090218,1.2402129833562987,,,4.09839725253182,../data/results/vary_B2/B_49_n_6/phi_2.0/results_seed_92.pt,,
vary_B2,49,6,2.0,92,VI_best_tau_by_ELBO,8.229083061218262,,0.2628052830696106,3.406540846514588,2.00640940160314,-656.2463623046875,0.3,,../data/results/vary_B2/B_49_n_6/phi_2.0/results_seed_92.pt,6.0,6.0
vary_B2,49,6,2.0,93,GPArealModel,7.5712571144104,,1.166451568228229,2.2524290583020696,1.6033918128746751,,,1.931009498939914,../data/results/vary_B2/B_49_n_6/phi_2.0/results_seed_93.pt,,
vary_B2,49,6,2.0,93,GPmodel,7.960455894470215,,1.1829208317931628,1.7402458996593788,1.2083543889270427,,,1.4711431677311657,../data/results/vary_B2/B_49_n_6/phi_2.0/results_seed_93.pt,,
vary_B2,49,6,2.0,93,VI_best_tau_by_ELBO,8.150023460388184,,0.26226872205734253,1.832193509101215,2.6592230095102884,-658.3355712890625,0.3,,../data/results/vary_B2/B_49_n_6/phi_2.0/results_seed_93.pt,6.0,6.0
vary_B2,49,6,2.0,94,GPArealModel,7.748773574829102,,0.3389158358566472,4.983853154370116,1.8096390934021656,,,14.705282630930704,../data/results/vary_B2/B_49_n_6/phi_2.0/results_seed_94.pt,,
vary_B2,49,6,2.0,94,GPmodel,7.9114460945129395,,0.4090711726705714,3.4050659596951105,1.2962076466076147,,,8.323896151042742,../data/results/vary_B2/B_49_n_6/phi_2.0/results_seed_94.pt,,
vary_B2,49,6,2.0,94,VI_best_tau_by_ELBO,8.089893341064453,,0.2624305784702301,3.046800220445115,2.334102810775475,-671.5808227539062,0.3,,../data/results/vary_B2/B_49_n_6/phi_2.0/results_seed_94.pt,6.0,6.0
vary_B2,49,6,2.0,95,GPArealModel,8.714744567871094,,1.1277505891893196,3.5009199267958993,1.3024842146127988,,,3.1043388142342057,../data/results/vary_B2/B_49_n_6/phi_2.0/results_seed_95.pt,,
vary_B2,49,6,2.0,95,GPmodel,7.968739986419678,,0.7554229904253826,2.6461950434827948,1.312833879397395,,,3.5029315721417325,../data/results/vary_B2/B_49_n_6/phi_2.0/results_seed_95.pt,,
vary_B2,49,6,2.0,95,VI_best_tau_by_ELBO,8.534812927246094,,0.26295942068099976,2.6111268050698366,2.63657733726632,-670.6144287109375,0.3,,../data/results/vary_B2/B_49_n_6/phi_2.0/results_seed_95.pt,6.0,6.0
vary_B2,49,6,2.0,96,GPArealModel,7.542470932006836,,0.19924834108870126,8.84223506837464,1.9509387017164261,,,44.37796079033982,../data/results/vary_B2/B_49_n_6/phi_2.0/results_seed_96.pt,,
vary_B2,49,6,2.0,96,GPmodel,7.92849588394165,,0.31939318256824195,4.757509565981149,1.1908303808553482,,,14.895463728204824,../data/results/vary_B2/B_49_n_6/phi_2.0/results_seed_96.pt,,
vary_B2,49,6,2.0,96,VI_best_tau_by_ELBO,8.249665260314941,,0.2618471384048462,4.219016114952302,2.1899253223792567,-679.322900390625,0.3,,../data/results/vary_B2/B_49_n_6/phi_2.0/results_seed_96.pt,6.0,6.0
vary_B2,49,6,2.0,97,GPArealModel,7.745932102203369,,0.35908547151497494,3.657953538864295,1.7303708176951655,,,10.186860313316094,../data/results/vary_B2/B_49_n_6/phi_2.0/results_seed_97.pt,,
vary_B2,49,6,2.0,97,GPmodel,7.961265563964844,,0.5864693326240553,2.5601720002115895,1.288271518645167,,,4.365397912208885,../data/results/vary_B2/B_49_n_6/phi_2.0/results_seed_97.pt,,
vary_B2,49,6,2.0,97,VI_best_tau_by_ELBO,8.158809661865234,,0.262360155582428,2.4556101877994525,2.4227823809676594,-665.3456787109375,0.3,,../data/results/vary_B2/B_49_n_6/phi_2.0/results_seed_97.pt,6.0,6.0
vary_B2,49,6,2.0,98,GPArealModel,7.682152271270752,,0.6948182860071991,3.884642611668429,1.4314869314846066,,,5.590875614387874,../data/results/vary_B2/B_49_n_6/phi_2.0/results_seed_98.pt,,
vary_B2,49,6,2.0,98,GPmodel,7.842222213745117,,1.0195314776886075,2.481030952647907,1.594560362916235,,,2.4335010805872153,../data/results/vary_B2/B_49_n_6/phi_2.0/results_seed_98.pt,,
vary_B2,49,6,2.0,98,VI_best_tau_by_ELBO,8.033830642700195,,0.26277968287467957,2.8994654891100917,2.4686663220958462,-668.2598876953125,0.3,,../data/results/vary_B2/B_49_n_6/phi_2.0/results_seed_98.pt,6.0,6.0
vary_B2,49,6,2.0,99,GPArealModel,8.57976245880127,,0.3951787728414897,2.4101853203037984,1.688139613841121,,,6.098974656390637,../data/results/vary_B2/B_49_n_6/phi_2.0/results_seed_99.pt,,
vary_B2,49,6,2.0,99,GPmodel,8.023137092590332,,0.6566576435112914,2.437217842073393,1.4597068649666125,,,3.7115502517279153,../data/results/vary_B2/B_49_n_6/phi_2.0/results_seed_99.pt,,
vary_B2,49,6,2.0,99,VI_best_tau_by_ELBO,8.459817886352539,,0.262322336435318,1.2861335644731777,2.5649134579135655,-653.3045654296875,0.3,,../data/results/vary_B2/B_49_n_6/phi_2.0/results_seed_99.pt,6.0,6.0
vary_B2,49,6,2.0,100,GPArealModel,7.770777225494385,,0.234335170422985,5.484778862399154,0.41903703327159525,,,23.405700699979835,../data/results/vary_B2/B_49_n_6/phi_2.0/results_seed_100.pt,,
vary_B2,49,6,2.0,100,GPmodel,7.867465019226074,,0.45886375125203,2.969655348695616,0.9505325633329695,,,6.471758426314522,../data/results/vary_B2/B_49_n_6/phi_2.0/results_seed_100.pt,,
vary_B2,49,6,2.0,100,VI_best_tau_by_ELBO,8.070846557617188,,0.26224958896636963,3.048435762106434,2.012806186767411,-653.9067504882812,0.3,,../data/results/vary_B2/B_49_n_6/phi_2.0/results_seed_100.pt,6.0,6.0
vary_B2,81,6,2.0,1,GPArealModel,8.216935157775879,,0.5852765101476796,4.991751122896511,1.8235313873769072,,,8.528876584568497,../data/results/vary_B2/B_81_n_6/phi_2.0/results_seed_1.pt,,
vary_B2,81,6,2.0,1,GPmodel,7.9685139656066895,,0.6229363220474354,3.0883531336260077,1.2501927383252278,,,4.95773488287754,../data/results/vary_B2/B_81_n_6/phi_2.0/results_seed_1.pt,,
vary_B2,81,6,2.0,1,VI_best_tau_by_ELBO,8.292338371276855,,0.23441259562969208,4.337995199071923,2.022852434790957,-973.420263671875,0.2,,../data/results/vary_B2/B_81_n_6/phi_2.0/results_seed_1.pt,6.0,6.0
vary_B2,81,6,2.0,2,GPArealModel,8.092815399169922,,0.3135050639998113,6.136658591816248,0.8990315133282047,,,19.57435236778166,../data/results/vary_B2/B_81_n_6/phi_2.0/results_seed_2.pt,,
vary_B2,81,6,2.0,2,GPmodel,7.951542377471924,,0.41988747256053816,3.6147497088691853,0.9641044707966735,,,8.608853431196428,../data/results/vary_B2/B_81_n_6/phi_2.0/results_seed_2.pt,,
vary_B2,81,6,2.0,2,VI_best_tau_by_ELBO,8.33519458770752,,0.23430414497852325,4.895354833843195,1.387288890462038,-923.0588745117187,0.2,,../data/results/vary_B2/B_81_n_6/phi_2.0/results_seed_2.pt,6.0,6.0
vary_B2,81,6,2.0,3,GPArealModel,7.598515033721924,,0.4329480563944266,3.065921252163338,2.0115963173140656,,,7.0814990548663115,../data/results/vary_B2/B_81_n_6/phi_2.0/results_seed_3.pt,,
vary_B2,81,6,2.0,3,GPmodel,7.925548076629639,,0.6124144714899592,2.54811759477168,0.9804048824210273,,,4.16077299508011,../data/results/vary_B2/B_81_n_6/phi_2.0/results_seed_3.pt,,
vary_B2,81,6,2.0,3,VI_best_tau_by_ELBO,8.003198623657227,,0.2347644567489624,3.4161018960882643,1.8971111891635042,-933.129541015625,0.3,,../data/results/vary_B2/B_81_n_6/phi_2.0/results_seed_3.pt,6.0,6.0
vary_B2,81,6,2.0,4,GPArealModel,8.321671485900879,,0.3959974787579724,4.002699347115304,0.9321296465505992,,,10.107890988774939,../data/results/vary_B2/B_81_n_6/phi_2.0/results_seed_4.pt,,
vary_B2,81,6,2.0,4,GPmodel,7.923505783081055,,0.4878227383428466,2.9510346087836834,1.0983414398410296,,,6.0493994576974135,../data/results/vary_B2/B_81_n_6/phi_2.0/results_seed_4.pt,,
vary_B2,81,6,2.0,4,VI_best_tau_by_ELBO,8.120311737060547,,0.23476313054561615,4.089953971273492,1.7934863008974211,-936.7950927734375,0.3,,../data/results/vary_B2/B_81_n_6/phi_2.0/results_seed_4.pt,6.0,6.0
vary_B2,81,6,2.0,5,GPArealModel,7.8784027099609375,,0.7335678633758044,3.1358457587238537,1.7828119703319758,,,4.274786172192729,../data/results/vary_B2/B_81_n_6/phi_2.0/results_seed_5.pt,,
vary_B2,81,6,2.0,5,GPmodel,7.94400691986084,,0.6533167593186133,2.6745615234864246,0.9364832030209227,,,4.093820471215065,../data/results/vary_B2/B_81_n_6/phi_2.0/results_seed_5.pt,,
vary_B2,81,6,2.0,5,VI_best_tau_by_ELBO,8.235053062438965,,0.23448491096496582,3.4801270438835967,1.7715427630305143,-934.845703125,0.2,,../data/results/vary_B2/B_81_n_6/phi_2.0/results_seed_5.pt,6.0,6.0
vary_B2,81,6,2.0,6,GPArealModel,7.423038959503174,,0.30544510438702893,4.42952122235653,1.5688905325876146,,,14.501856990786441,../data/results/vary_B2/B_81_n_6/phi_2.0/results_seed_6.pt,,
vary_B2,81,6,2.0,6,GPmodel,7.894771099090576,,0.5366390292451917,2.9951845352684368,1.094567923795022,,,5.581376627565286,../data/results/vary_B2/B_81_n_6/phi_2.0/results_seed_6.pt,,
vary_B2,81,6,2.0,6,VI_best_tau_by_ELBO,8.028546333312988,,0.23413097858428955,3.761042800140696,1.80461027956068,-947.377001953125,0.2,,../data/results/vary_B2/B_81_n_6/phi_2.0/results_seed_6.pt,6.0,6.0
vary_B2,81,6,2.0,7,GPArealModel,8.050719261169434,,0.5802702150414779,3.8915074293078544,0.9924435638750645,,,6.706371149912783,../data/results/vary_B2/B_81_n_6/phi_2.0/results_seed_7.pt,,
vary_B2,81,6,2.0,7,GPmodel,7.992226600646973,,0.5353371741337113,2.8149769437053718,0.8710419204163189,,,5.258325182181864,../data/results/vary_B2/B_81_n_6/phi_2.0/results_seed_7.pt,,
vary_B2,81,6,2.0,7,VI_best_tau_by_ELBO,8.270852088928223,,0.23469610512256622,3.624113036403475,1.5347351805329668,-913.39169921875,0.2,,../data/results/vary_B2/B_81_n_6/phi_2.0/results_seed_7.pt,6.0,6.0
vary_B2,81,6,2.0,8,GPArealModel,7.762803554534912,,0.6669010613729709,3.506309036496056,0.859423131550103,,,5.257615019051706,../data/results/vary_B2/B_81_n_6/phi_2.0/results_seed_8.pt,,
vary_B2,81,6,2.0,8,GPmodel,7.906962871551514,,0.6606141069180185,2.11613483020823,1.0464810047164959,,,3.2032843501945383,../data/results/vary_B2/B_81_n_6/phi_2.0/results_seed_8.pt,,
vary_B2,81,6,2.0,8,VI_best_tau_by_ELBO,8.019499778747559,,0.2346237301826477,3.0283738600720262,1.7137023093827448,-922.6293334960938,0.2,,../data/results/vary_B2/B_81_n_6/phi_2.0/results_seed_8.pt,6.0,6.0
vary_B2,81,6,2.0,9,GPArealModel,7.652246475219727,,0.25811696072772805,6.622944130420418,1.3508526829639707,,,25.658694073213425,../data/results/vary_B2/B_81_n_6/phi_2.0/results_seed_9.pt,,
vary_B2,81,6,2.0,9,GPmodel,7.938604354858398,,0.3642576707925815,3.816098745924807,1.3218844566735157,,,10.476371678382034,../data/results/vary_B2/B_81_n_6/phi_2.0/results_seed_9.pt,,
vary_B2,81,6,2.0,9,VI_best_tau_by_ELBO,8.216951370239258,,0.23402240872383118,4.416834670913363,1.707232860138179,-952.2126098632813,0.2,,../data/results/vary_B2/B_81_n_6/phi_2.0/results_seed_9.pt,6.0,6.0
vary_B2,81,6,2.0,10,GPArealModel,7.887342929840088,,0.297199157951252,7.857598292465733,1.1798897760233638,,,26.438830939603715,../data/results/vary_B2/B_81_n_6/phi_2.0/results_seed_10.pt,,
vary_B2,81,6,2.0,10,GPmodel,7.941124439239502,,0.2835010950279936,4.8332411917028075,1.238402706720942,,,17.04840396198668,../data/results/vary_B2/B_81_n_6/phi_2.0/results_seed_10.pt,,
vary_B2,81,6,2.0,10,VI_best_tau_by_ELBO,8.155413627624512,,0.2338181883096695,5.083377401674153,1.513595864675302,-947.8718505859375,0.2,,../data/results/vary_B2/B_81_n_6/phi_2.0/results_seed_10.pt,6.0,6.0
vary_B2,81,6,2.0,11,GPArealModel,8.342437744140625,,0.617493640408791,2.266025547316771,2.5594939438724897,,,3.6697147938505483,../data/results/vary_B2/B_81_n_6/phi_2.0/results_seed_11.pt,,
vary_B2,81,6,2.0,11,GPmodel,7.988368034362793,,0.8520736261303576,1.8723404371962353,1.041256054874384,,,2.1973927836487084,../data/results/vary_B2/B_81_n_6/phi_2.0/results_seed_11.pt,,
vary_B2,81,6,2.0,11,VI_best_tau_by_ELBO,8.356651306152344,,0.23413513600826263,2.247695891338161,1.9200276087651023,-925.9456909179687,0.2,,../data/results/vary_B2/B_81_n_6/phi_2.0/results_seed_11.pt,6.0,6.0
vary_B2,81,6,2.0,12,GPArealModel,7.867336750030518,,0.3475671120491842,6.494679882818179,1.0353642493306099,,,18.686117465277086,../data/results/vary_B2/B_81_n_6/phi_2.0/results_seed_12.pt,,
vary_B2,81,6,2.0,12,GPmodel,7.927401065826416,,0.3582604726659075,4.423908019651818,0.929983221562017,,,12.348300628122301,../data/results/vary_B2/B_81_n_6/phi_2.0/results_seed_12.pt,,
vary_B2,81,6,2.0,12,VI_best_tau_by_ELBO,8.287702560424805,,0.23441140353679657,5.077960626097171,1.490663688372896,-942.8063598632813,0.2,,../data/results/vary_B2/B_81_n_6/phi_2.0/results_seed_12.pt,6.0,6.0
vary_B2,81,6,2.0,13,GPArealModel,8.246394157409668,,0.4577093500881516,5.352159523661767,1.187247861974997,,,11.693358509348736,../data/results/vary_B2/B_81_n_6/phi_2.0/results_seed_13.pt,,
vary_B2,81,6,2.0,13,GPmodel,7.874229431152344,,0.4659337001562349,3.1319779673811396,1.107969387698774,,,6.721939122091701,../data/results/vary_B2/B_81_n_6/phi_2.0/results_seed_13.pt,,
vary_B2,81,6,2.0,13,VI_best_tau_by_ELBO,8.186720848083496,,0.23422111570835114,4.364209811286658,1.6238166339532347,-938.0035400390625,0.2,,../data/results/vary_B2/B_81_n_6/phi_2.0/results_seed_13.pt,6.0,6.0
vary_B2,81,6,2.0,14,GPArealModel,8.14116096496582,,0.8292700340074142,3.7373922334395817,0.8385080981555615,,,4.506845876702893,../data/results/vary_B2/B_81_n_6/phi_2.0/results_seed_14.pt,,
vary_B2,81,6,2.0,14,GPmodel,7.944216728210449,,0.7426266694113544,2.4276530851313916,1.1275444972328383,,,3.2690087565205266,../data/results/vary_B2/B_81_n_6/phi_2.0/results_seed_14.pt,,
vary_B2,81,6,2.0,14,VI_best_tau_by_ELBO,8.17918586730957,,0.23478104174137115,4.284794022356464,2.0664261412591003,-956.91259765625,0.3,,../data/results/vary_B2/B_81_n_6/phi_2.0/results_seed_14.pt,6.0,6.0
vary_B2,81,6,2.0,15,GPArealModel,7.7664265632629395,,0.6168356514447085,3.980904543173354,1.032200602202434,,,6.453752363128757,../data/results/vary_B2/B_81_n_6/phi_2.0/results_seed_15.pt,,
vary_B2,81,6,2.0,15,GPmodel,7.984405040740967,,0.6387828825335986,2.450698371485304,1.071019553100301,,,3.8365122774817033,../data/results/vary_B2/B_81_n_6/phi_2.0/results_seed_15.pt,,
vary_B2,81,6,2.0,15,VI_best_tau_by_ELBO,8.16494369506836,,0.23496794700622559,4.257526610420539,1.6047998087212154,-932.4238891601562,0.2,,../data/results/vary_B2/B_81_n_6/phi_2.0/results_seed_15.pt,6.0,6.0
vary_B2,81,6,2.0,16,GPArealModel,7.966994285583496,,0.3238896664249571,6.299706073891257,2.407102807112489,,,19.45016073969391,../data/results/vary_B2/B_81_n_6/phi_2.0/results_seed_16.pt,,
vary_B2,81,6,2.0,16,GPmodel,7.902413845062256,,0.38587645586232105,4.062860562770952,1.1930689780933188,,,10.528915410741105,../data/results/vary_B2/B_81_n_6/phi_2.0/results_seed_16.pt,,
vary_B2,81,6,2.0,16,VI_best_tau_by_ELBO,8.143811225891113,,0.23455895483493805,4.845001460204977,1.69627502012824,-956.2246826171875,0.2,,../data/results/vary_B2/B_81_n_6/phi_2.0/results_seed_16.pt,6.0,6.0
vary_B2,81,6,2.0,17,GPArealModel,7.990694999694824,,0.6534520728381836,2.546636135906598,2.9854620633375633,,,3.8972041588996986,../data/results/vary_B2/B_81_n_6/phi_2.0/results_seed_17.pt,,
vary_B2,81,6,2.0,17,GPmodel,7.948380470275879,,0.7571001134814592,2.2248813715119935,1.0136190749836145,,,2.93868846655044,../data/results/vary_B2/B_81_n_6/phi_2.0/results_seed_17.pt,,
vary_B2,81,6,2.0,17,VI_best_tau_by_ELBO,8.204008102416992,,0.23409219086170197,2.5928147830829205,1.8930170940791513,-930.5661376953125,0.2,,../data/results/vary_B2/B_81_n_6/phi_2.0/results_seed_17.pt,6.0,6.0
vary_B2,81,6,2.0,18,GPArealModel,8.133243560791016,,0.3441018733301471,5.17863496875631,1.4171413707774971,,,15.049714547144271,../data/results/vary_B2/B_81_n_6/phi_2.0/results_seed_18.pt,,
vary_B2,81,6,2.0,18,GPmodel,7.928365707397461,,0.554942292251393,2.811867579775902,1.292618258761054,,,5.066954923129385,../data/results/vary_B2/B_81_n_6/phi_2.0/results_seed_18.pt,,
vary_B2,81,6,2.0,18,VI_best_tau_by_ELBO,8.180754661560059,,0.23393842577934265,4.070794327305349,2.0283788770055633,-956.3159545898437,0.3,,../data/results/vary_B2/B_81_n_6/phi_2.0/results_seed_18.pt,6.0,6.0
vary_B2,81,6,2.0,19,GPArealModel,7.483795166015625,,0.35821012350002157,5.1119128921995625,1.0932313339868462,,,14.270710281026592,../data/results/vary_B2/B_81_n_6/phi_2.0/results_seed_19.pt,,
vary_B2,81,6,2.0,19,GPmodel,7.974487781524658,,0.43580811591277807,2.796855273385324,1.072510914433888,,,6.417630079071502,../data/results/vary_B2/B_81_n_6/phi_2.0/results_seed_19.pt,,
vary_B2,81,6,2.0,19,VI_best_tau_by_ELBO,8.123851776123047,,0.2334587126970291,3.080974265299076,1.6817328458184893,-923.71845703125,0.2,,../data/results/vary_B2/B_81_n_6/phi_2.0/results_seed_19.pt,6.0,6.0
vary_B2,81,6,2.0,20,GPArealModel,7.998846054077148,,0.43815455288205957,3.8482227844990544,0.7117920208418667,,,8.782797666226468,../data/results/vary_B2/B_81_n_6/phi_2.0/results_seed_20.pt,,
vary_B2,81,6,2.0,20,GPmodel,8.025252342224121,,0.6720000799430284,2.360034259194537,1.1604188487668756,,,3.5119553250568347,../data/results/vary_B2/B_81_n_6/phi_2.0/results_seed_20.pt,,
vary_B2,81,6,2.0,20,VI_best_tau_by_ELBO,8.144465446472168,,0.23448920249938965,3.337811513756583,2.021481097606232,-943.342578125,0.3,,../data/results/vary_B2/B_81_n_6/phi_2.0/results_seed_20.pt,6.0,6.0
vary_B2,81,6,2.0,21,GPArealModel,7.914719104766846,,0.45386510149277837,2.5233970068276053,1.8909015541287026,,,5.55979518700174,../data/results/vary_B2/B_81_n_6/phi_2.0/results_seed_21.pt,,
vary_B2,81,6,2.0,21,GPmodel,8.022101402282715,,0.858386272422644,1.7984830629679027,1.3288864888016936,,,2.0951908490940814,../data/results/vary_B2/B_81_n_6/phi_2.0/results_seed_21.pt,,
vary_B2,81,6,2.0,21,VI_best_tau_by_ELBO,8.242140769958496,,0.2337755709886551,2.130808903135972,1.7895488904459032,-911.86943359375,0.2,,../data/results/vary_B2/B_81_n_6/phi_2.0/results_seed_21.pt,6.0,6.0
vary_B2,81,6,2.0,22,GPArealModel,7.563610553741455,,0.7453622753247743,4.18028784235113,1.1687297039719464,,,5.608397393776961,../data/results/vary_B2/B_81_n_6/phi_2.0/results_seed_22.pt,,
vary_B2,81,6,2.0,22,GPmodel,7.890543460845947,,0.6814222744344367,2.761689956346135,1.0493534745174449,,,4.052831936904715,../data/results/vary_B2/B_81_n_6/phi_2.0/results_seed_22.pt,,
vary_B2,81,6,2.0,22,VI_best_tau_by_ELBO,8.109663009643555,,0.2351471483707428,5.087073293415686,1.6762906074130008,-950.96923828125,0.2,,../data/results/vary_B2/B_81_n_6/phi_2.0/results_seed_22.pt,6.0,6.0
vary_B2,81,6,2.0,23,GPArealModel,7.965293884277344,,0.652686632714931,3.4748563355413737,1.3219199916456505,,,5.323927534852794,../data/results/vary_B2/B_81_n_6/phi_2.0/results_seed_23.pt,,
vary_B2,81,6,2.0,23,GPmodel,7.977866172790527,,0.6605995774558743,2.3969164969044927,1.0566565532597463,,,3.6283954436295387,../data/results/vary_B2/B_81_n_6/phi_2.0/results_seed_23.pt,,
vary_B2,81,6,2.0,23,VI_best_tau_by_ELBO,8.13292121887207,,0.23443903028964996,3.099609022049902,1.920350053890438,-943.9668090820312,0.2,,../data/results/vary_B2/B_81_n_6/phi_2.0/results_seed_23.pt,6.0,6.0
vary_B2,81,6,2.0,24,GPArealModel,7.398177146911621,,0.2523247126034763,4.275086970765065,3.329300580786507,,,16.942799326530043,../data/results/vary_B2/B_81_n_6/phi_2.0/results_seed_24.pt,,
vary_B2,81,6,2.0,24,GPmodel,7.9474592208862305,,0.4881710537356968,2.9936495972783628,1.0937782341259195,,,6.132378342324184,../data/results/vary_B2/B_81_n_6/phi_2.0/results_seed_24.pt,,
vary_B2,81,6,2.0,24,VI_best_tau_by_ELBO,8.071707725524902,,0.2338753640651703,3.675231807540144,1.7739956401587025,-943.5142211914062,0.2,,../data/results/vary_B2/B_81_n_6/phi_2.0/results_seed_24.pt,6.0,6.0
vary_B2,81,6,2.0,25,GPArealModel,8.033736228942871,,0.3387697740113841,5.781174385884396,1.5744925507557475,,,17.065201294168954,../data/results/vary_B2/B_81_n_6/phi_2.0/results_seed_25.pt,,
vary_B2,81,6,2.0,25,GPmodel,7.943716049194336,,0.46787227855995017,2.9829686384239813,1.263847527786374,,,6.375604572267393,../data/results/vary_B2/B_81_n_6/phi_2.0/results_seed_25.pt,,
vary_B2,81,6,2.0,25,VI_best_tau_by_ELBO,8.245423316955566,,0.23328901827335358,3.71675865554652,1.687738795952086,-935.2091674804688,0.2,,../data/results/vary_B2/B_81_n_6/phi_2.0/results_seed_25.pt,6.0,6.0
vary_B2,81,6,2.0,26,GPArealModel,7.683801651000977,,0.3920855185715199,4.966210526166984,2.563298201718923,,,12.666141162928728,../data/results/vary_B2/B_81_n_6/phi_2.0/results_seed_26.pt,,
vary_B2,81,6,2.0,26,GPmodel,7.925225734710693,,0.4266104625340854,3.6289216648003775,1.131632853266274,,,8.506405687390831,../data/results/vary_B2/B_81_n_6/phi_2.0/results_seed_26.pt,,
vary_B2,81,6,2.0,26,VI_best_tau_by_ELBO,8.191322326660156,,0.23422063887119293,3.901359624283612,1.822887926444393,-952.2427612304688,0.2,,../data/results/vary_B2/B_81_n_6/phi_2.0/results_seed_26.pt,6.0,6.0
vary_B2,81,6,2.0,27,GPArealModel,8.1060152053833,,0.2524566454703328,3.0698618972826086,3.719046742328687,,,12.159956778176237,../data/results/vary_B2/B_81_n_6/phi_2.0/results_seed_27.pt,,
vary_B2,81,6,2.0,27,GPmodel,8.004257202148438,,0.5658004990127949,2.194037546478659,0.9537294855151899,,,3.877758238649138,../data/results/vary_B2/B_81_n_6/phi_2.0/results_seed_27.pt,,
vary_B2,81,6,2.0,27,VI_best_tau_by_ELBO,8.25416374206543,,0.23356220126152039,2.584557263430659,1.5916878386304085,-901.4308837890625,0.2,,../data/results/vary_B2/B_81_n_6/phi_2.0/results_seed_27.pt,6.0,6.0
vary_B2,81,6,2.0,28,GPArealModel,8.063855171203613,,1.4749216202656976,1.9294793998966822,1.1168898054103655,,,1.3081911427599109,../data/results/vary_B2/B_81_n_6/phi_2.0/results_seed_28.pt,,
vary_B2,81,6,2.0,28,GPmodel,7.981471061706543,,1.0616207191386735,1.6194259385332965,1.0904511768529224,,,1.525427970026045,../data/results/vary_B2/B_81_n_6/phi_2.0/results_seed_28.pt,,
vary_B2,81,6,2.0,28,VI_best_tau_by_ELBO,8.244181632995605,,0.23366060853004456,2.104878541803813,1.948783839846977,-921.4904174804688,0.2,,../data/results/vary_B2/B_81_n_6/phi_2.0/results_seed_28.pt,6.0,6.0
vary_B2,81,6,2.0,29,GPArealModel,7.409115314483643,,0.317342242568679,6.837536699073558,1.4282684071772462,,,21.54625442780056,../data/results/vary_B2/B_81_n_6/phi_2.0/results_seed_29.pt,,
vary_B2,81,6,2.0,29,GPmodel,7.898939609527588,,0.3427009416537166,4.789836955007343,0.9811129541613282,,,13.976725397642037,../data/results/vary_B2/B_81_n_6/phi_2.0/results_seed_29.pt,,
vary_B2,81,6,2.0,29,VI_best_tau_by_ELBO,7.993619441986084,,0.23437340557575226,5.66559228656805,1.5113541273379414,-954.59306640625,0.2,,../data/results/vary_B2/B_81_n_6/phi_2.0/results_seed_29.pt,6.0,6.0
vary_B2,81,6,2.0,30,GPArealModel,8.146771430969238,,0.37121472690476376,5.310918294696751,1.0568079050392394,,,14.30686314355002,../data/results/vary_B2/B_81_n_6/phi_2.0/results_seed_30.pt,,
vary_B2,81,6,2.0,30,GPmodel,7.979290962219238,,0.4963870078173582,3.2641051883777354,1.0453156601813602,,,6.575726473442952,../data/results/vary_B2/B_81_n_6/phi_2.0/results_seed_30.pt,,
vary_B2,81,6,2.0,30,VI_best_tau_by_ELBO,8.20695972442627,,0.2341313362121582,4.217142564410367,1.7179659465677923,-946.8858764648437,0.2,,../data/results/vary_B2/B_81_n_6/phi_2.0/results_seed_30.pt,6.0,6.0
vary_B2,81,6,2.0,31,GPArealModel,7.7151103019714355,,0.6440732565378356,3.3976429675310453,1.5421792060805704,,,5.27524304579079,../data/results/vary_B2/B_81_n_6/phi_2.0/results_seed_31.pt,,
vary_B2,81,6,2.0,31,GPmodel,7.900298118591309,,0.7213498651159669,2.30895883224102,1.263049589402571,,,3.2008862050176212,../data/results/vary_B2/B_81_n_6/phi_2.0/results_seed_31.pt,,
vary_B2,81,6,2.0,31,VI_best_tau_by_ELBO,8.019495010375977,,0.23471245169639587,3.3464547574446253,1.8072558926531521,-938.8052124023437,0.2,,../data/results/vary_B2/B_81_n_6/phi_2.0/results_seed_31.pt,6.0,6.0
vary_B2,81,6,2.0,32,GPArealModel,8.342196464538574,,0.46244400318137424,4.294989873831941,1.193992125797634,,,9.287589079509399,../data/results/vary_B2/B_81_n_6/phi_2.0/results_seed_32.pt,,
vary_B2,81,6,2.0,32,GPmodel,7.920530796051025,,0.5474664019445251,2.924038594920191,0.916651459305154,,,5.341037522182931,../data/results/vary_B2/B_81_n_6/phi_2.0/results_seed_32.pt,,
vary_B2,81,6,2.0,32,VI_best_tau_by_ELBO,8.302064895629883,,0.23445641994476318,3.4345659762559375,1.6848868331058318,-927.7198486328125,0.2,,../data/results/vary_B2/B_81_n_6/phi_2.0/results_seed_32.pt,6.0,6.0
vary_B2,81,6,2.0,33,GPArealModel,8.378108978271484,,0.3228334218379455,6.120012187034368,1.3605924737088992,,,18.957182785450463,../data/results/vary_B2/B_81_n_6/phi_2.0/results_seed_33.pt,,
vary_B2,81,6,2.0,33,GPmodel,7.914061069488525,,0.3648119076583613,3.8965723773176983,1.2561693121516893,,,10.681044931698768,../data/results/vary_B2/B_81_n_6/phi_2.0/results_seed_33.pt,,
vary_B2,81,6,2.0,33,VI_best_tau_by_ELBO,8.073982238769531,,0.23427914083003998,4.850460085579306,1.5357791565017038,-942.0811767578125,0.2,,../data/results/vary_B2/B_81_n_6/phi_2.0/results_seed_33.pt,6.0,6.0
vary_B2,81,6,2.0,34,GPArealModel,8.33654499053955,,0.3739186924319236,4.022500156697779,0.6036978058956761,,,10.757686732738359,../data/results/vary_B2/B_81_n_6/phi_2.0/results_seed_34.pt,,
vary_B2,81,6,2.0,34,GPmodel,7.934851169586182,,0.5366699607714074,2.5860340720846744,0.9625082816495262,,,4.818667451346669,../data/results/vary_B2/B_81_n_6/phi_2.0/results_seed_34.pt,,
vary_B2,81,6,2.0,34,VI_best_tau_by_ELBO,8.337798118591309,,0.23416019976139069,3.2556212849481105,1.5648261932536918,-912.597705078125,0.2,,../data/results/vary_B2/B_81_n_6/phi_2.0/results_seed_34.pt,6.0,6.0
vary_B2,81,6,2.0,35,GPArealModel,7.799163818359375,,0.4928517647478928,3.096861236949826,1.296190070077619,,,6.283555134542241,../data/results/vary_B2/B_81_n_6/phi_2.0/results_seed_35.pt,,
vary_B2,81,6,2.0,35,GPmodel,7.947389125823975,,0.5587838425393031,2.1357782149922366,1.041790750616874,,,3.822190357699923,../data/results/vary_B2/B_81_n_6/phi_2.0/results_seed_35.pt,,
vary_B2,81,6,2.0,35,VI_best_tau_by_ELBO,8.178106307983398,,0.2342560738325119,2.620867508987118,1.6201712897078946,-905.9561401367188,0.2,,../data/results/vary_B2/B_81_n_6/phi_2.0/results_seed_35.pt,6.0,6.0
vary_B2,81,6,2.0,36,GPArealModel,8.085840225219727,,0.49404570826254857,3.889072232522511,1.1196570651970579,,,7.871887494376853,../data/results/vary_B2/B_81_n_6/phi_2.0/results_seed_36.pt,,
vary_B2,81,6,2.0,36,GPmodel,7.944911003112793,,0.7082313298349959,2.0949553327935604,0.9629903279467488,,,2.9580099672823623,../data/results/vary_B2/B_81_n_6/phi_2.0/results_seed_36.pt,,
vary_B2,81,6,2.0,36,VI_best_tau_by_ELBO,8.131781578063965,,0.2338179498910904,3.104471161758442,1.717771193745805,-921.1901245117188,0.2,,../data/results/vary_B2/B_81_n_6/phi_2.0/results_seed_36.pt,6.0,6.0
vary_B2,81,6,2.0,37,GPArealModel,7.957228183746338,,0.45797190166648566,4.667926548418957,0.7648881488681428,,,10.192604680403159,../data/results/vary_B2/B_81_n_6/phi_2.0/results_seed_37.pt,,
vary_B2,81,6,2.0,37,GPmodel,7.972416400909424,,0.5813152266294478,2.5961592371009323,0.9903501515784446,,,4.466009349443416,../data/results/vary_B2/B_81_n_6/phi_2.0/results_seed_37.pt,,
vary_B2,81,6,2.0,37,VI_best_tau_by_ELBO,8.112211227416992,,0.2347172200679779,4.137838458975501,1.5641394532056743,-926.2558227539063,0.2,,../data/results/vary_B2/B_81_n_6/phi_2.0/results_seed_37.pt,6.0,6.0
vary_B2,81,6,2.0,38,GPArealModel,7.572437763214111,,0.4937158012378864,4.341437228644941,0.9995196431234892,,,8.793393320124085,../data/results/vary_B2/B_81_n_6/phi_2.0/results_seed_38.pt,,
vary_B2,81,6,2.0,38,GPmodel,7.922453880310059,,0.6858958135002141,2.342651974000199,1.3177348265240318,,,3.415463293244708,../data/results/vary_B2/B_81_n_6/phi_2.0/results_seed_38.pt,,
vary_B2,81,6,2.0,38,VI_best_tau_by_ELBO,8.066388130187988,,0.23412305116653442,3.166669036474468,1.9564665550537614,-949.0843383789063,0.2,,../data/results/vary_B2/B_81_n_6/phi_2.0/results_seed_38.pt,6.0,6.0
vary_B2,81,6,2.0,39,GPArealModel,7.9489336013793945,,0.5197125006691374,3.566327058562924,1.1075483051134372,,,6.862115215568657,../data/results/vary_B2/B_81_n_6/phi_2.0/results_seed_39.pt,,
vary_B2,81,6,2.0,39,GPmodel,7.955142498016357,,0.5777977682381387,2.3845128126271105,0.9610400359529212,,,4.126898620425852,../data/results/vary_B2/B_81_n_6/phi_2.0/results_seed_39.pt,,
vary_B2,81,6,2.0,39,VI_best_tau_by_ELBO,8.176103591918945,,0.23469288647174835,3.573484109581526,1.5276926915934144,-912.4526733398437,0.2,,../data/results/vary_B2/B_81_n_6/phi_2.0/results_seed_39.pt,6.0,6.0
vary_B2,81,6,2.0,40,GPArealModel,8.252326011657715,,0.629069188963009,4.239759920862376,1.1626772326826251,,,6.739735461931335,../data/results/vary_B2/B_81_n_6/phi_2.0/results_seed_40.pt,,
vary_B2,81,6,2.0,40,GPmodel,7.966433525085449,,0.6111453102974244,2.8296176102964274,0.9555753802655486,,,4.630024255474275,../data/results/vary_B2/B_81_n_6/phi_2.0/results_seed_40.pt,,
vary_B2,81,6,2.0,40,VI_best_tau_by_ELBO,8.236581802368164,,0.23482681810855865,4.29191302583514,1.670234109783212,-939.5829467773438,0.2,,../data/results/vary_B2/B_81_n_6/phi_2.0/results_seed_40.pt,6.0,6.0
vary_B2,81,6,2.0,41,GPArealModel,8.257051467895508,,0.7123822853691398,2.85284764984739,1.7071937746111328,,,4.004658325226477,../data/results/vary_B2/B_81_n_6/phi_2.0/results_seed_41.pt,,
vary_B2,81,6,2.0,41,GPmodel,7.954641819000244,,0.7734458905482166,1.9086254916724887,1.1282252227938971,,,2.4676910369510914,../data/results/vary_B2/B_81_n_6/phi_2.0/results_seed_41.pt,,
vary_B2,81,6,2.0,41,VI_best_tau_by_ELBO,8.417889595031738,,0.23378980159759521,2.3455475244281807,1.8754448431772124,-923.1490844726562,0.2,,../data/results/vary_B2/B_81_n_6/phi_2.0/results_seed_41.pt,6.0,6.0
vary_B2,81,6,2.0,42,GPArealModel,7.804670333862305,,0.7057733119590323,3.732289924199898,1.534548569276244,,,5.288227623456163,../data/results/vary_B2/B_81_n_6/phi_2.0/results_seed_42.pt,,
vary_B2,81,6,2.0,42,GPmodel,7.936497688293457,,0.5931280621679591,2.7813918940780176,0.8815817138911634,,,4.689361491195803,../data/results/vary_B2/B_81_n_6/phi_2.0/results_seed_42.pt,,
vary_B2,81,6,2.0,42,VI_best_tau_by_ELBO,8.134244918823242,,0.235012486577034,4.04623404262185,1.8210569978104993,-935.2771362304687,0.3,,../data/results/vary_B2/B_81_n_6/phi_2.0/results_seed_42.pt,6.0,6.0
vary_B2,81,6,2.0,43,GPArealModel,8.19552230834961,,0.3880084003807621,5.999137593997878,1.2760184467802502,,,15.461360084242449,../data/results/vary_B2/B_81_n_6/phi_2.0/results_seed_43.pt,,
vary_B2,81,6,2.0,43,GPmodel,8.002250671386719,,0.4469959687875179,3.979489179967331,0.9743552303944246,,,8.90274064609966,../data/results/vary_B2/B_81_n_6/phi_2.0/results_seed_43.pt,,
vary_B2,81,6,2.0,43,VI_best_tau_by_ELBO,8.39831256866455,,0.2347467839717865,5.111240290847016,1.5554191907640826,-944.17119140625,0.2,,../data/results/vary_B2/B_81_n_6/phi_2.0/results_seed_43.pt,6.0,6.0
vary_B2,81,6,2.0,44,GPArealModel,8.672213554382324,,0.3713597255669601,5.409352635885365,1.2489789754506693,,,14.566341645225071,../data/results/vary_B2/B_81_n_6/phi_2.0/results_seed_44.pt,,
vary_B2,81,6,2.0,44,GPmodel,7.968173980712891,,0.45510655678709966,3.5046663239245857,1.0335316536262553,,,7.700759902617883,../data/results/vary_B2/B_81_n_6/phi_2.0/results_seed_44.pt,,
vary_B2,81,6,2.0,44,VI_best_tau_by_ELBO,8.4656400680542,,0.2345578819513321,4.624745472557827,1.513355858608594,-932.1231567382813,0.2,,../data/results/vary_B2/B_81_n_6/phi_2.0/results_seed_44.pt,6.0,6.0
vary_B2,81,6,2.0,45,GPArealModel,7.765086650848389,,0.48535476662810995,4.182799677255331,1.2887072431678117,,,8.618025339102704,../data/results/vary_B2/B_81_n_6/phi_2.0/results_seed_45.pt,,
vary_B2,81,6,2.0,45,GPmodel,7.950593948364258,,0.581168194499297,2.7767193916135717,0.972007721389122,,,4.777824075534351,../data/results/vary_B2/B_81_n_6/phi_2.0/results_seed_45.pt,,
vary_B2,81,6,2.0,45,VI_best_tau_by_ELBO,8.13812255859375,,0.23472854495048523,4.038398550444032,1.6542679078812346,-934.8082641601562,0.2,,../data/results/vary_B2/B_81_n_6/phi_2.0/results_seed_45.pt,6.0,6.0
vary_B2,81,6,2.0,46,GPArealModel,8.697632789611816,,0.18793912393098422,6.289027138357409,2.1016487456524757,,,33.463107663877864,../data/results/vary_B2/B_81_n_6/phi_2.0/results_seed_46.pt,,
vary_B2,81,6,2.0,46,GPmodel,7.961066246032715,,0.2974709864250336,4.346630737702462,1.2185391913489516,,,14.611948512827038,../data/results/vary_B2/B_81_n_6/phi_2.0/results_seed_46.pt,,
vary_B2,81,6,2.0,46,VI_best_tau_by_ELBO,8.635225296020508,,0.2340807020664215,3.8760952041544043,1.5272663782963523,-927.393115234375,0.2,,../data/results/vary_B2/B_81_n_6/phi_2.0/results_seed_46.pt,6.0,6.0
vary_B2,81,6,2.0,47,GPArealModel,7.722028732299805,,0.4086931498358264,4.844818712647,0.9507464289667641,,,11.854416240138066,../data/results/vary_B2/B_81_n_6/phi_2.0/results_seed_47.pt,,
vary_B2,81,6,2.0,47,GPmodel,7.982548713684082,,0.545639545264721,2.753915546542271,0.9972777116646346,,,5.047133351022402,../data/results/vary_B2/B_81_n_6/phi_2.0/results_seed_47.pt,,
vary_B2,81,6,2.0,47,VI_best_tau_by_ELBO,8.086982727050781,,0.2344285547733307,3.942515622579771,1.612219450051309,-929.050244140625,0.2,,../data/results/vary_B2/B_81_n_6/phi_2.0/results_seed_47.pt,6.0,6.0
vary_B2,81,6,2.0,48,GPArealModel,7.716125965118408,,0.4774604994493411,5.32981092318013,0.8796579522544649,,,11.162831122840617,../data/results/vary_B2/B_81_n_6/phi_2.0/results_seed_48.pt,,
vary_B2,81,6,2.0,48,GPmodel,8.003072738647461,,0.48669471326062685,3.313091358197498,0.9911036817976859,,,6.807329662574998,../data/results/vary_B2/B_81_n_6/phi_2.0/results_seed_48.pt,,
vary_B2,81,6,2.0,48,VI_best_tau_by_ELBO,8.083080291748047,,0.23453547060489655,4.819713594104967,1.8493072497160266,-949.4480834960938,0.3,,../data/results/vary_B2/B_81_n_6/phi_2.0/results_seed_48.pt,6.0,6.0
vary_B2,81,6,2.0,49,GPArealModel,7.428717613220215,,0.5535198169068803,5.374979862523162,0.8472620017711544,,,9.71054639481391,../data/results/vary_B2/B_81_n_6/phi_2.0/results_seed_49.pt,,
vary_B2,81,6,2.0,49,GPmodel,7.922643661499023,,0.5523981921134424,3.186161984669434,1.1178807252332597,,,5.767871854321913,../data/results/vary_B2/B_81_n_6/phi_2.0/results_seed_49.pt,,
vary_B2,81,6,2.0,49,VI_best_tau_by_ELBO,8.040748596191406,,0.2344878911972046,4.909218209482136,1.7673959775386592,-958.3934204101563,0.2,,../data/results/vary_B2/B_81_n_6/phi_2.0/results_seed_49.pt,6.0,6.0
vary_B2,81,6,2.0,50,GPArealModel,7.809138774871826,,0.4053422845539925,4.3886369459456755,1.403764367524318,,,10.826990208471821,../data/results/vary_B2/B_81_n_6/phi_2.0/results_seed_50.pt,,
vary_B2,81,6,2.0,50,GPmodel,7.898601531982422,,0.47270064829869646,2.864155071408015,1.0082147493827103,,,6.059130829873907,../data/results/vary_B2/B_81_n_6/phi_2.0/results_seed_50.pt,,
vary_B2,81,6,2.0,50,VI_best_tau_by_ELBO,8.049365043640137,,0.2336677461862564,3.215215557717627,1.7646006127617075,-932.5278564453125,0.2,,../data/results/vary_B2/B_81_n_6/phi_2.0/results_seed_50.pt,6.0,6.0
vary_B2,81,6,2.0,51,GPArealModel,7.980719089508057,,0.48164967284546384,3.91420818027215,1.931179936544189,,,8.126670484686521,../data/results/vary_B2/B_81_n_6/phi_2.0/results_seed_51.pt,,
vary_B2,81,6,2.0,51,GPmodel,7.935798168182373,,0.5948902027305669,2.540539611512333,1.206282789243521,,,4.270602541193597,../data/results/vary_B2/B_81_n_6/phi_2.0/results_seed_51.pt,,
vary_B2,81,6,2.0,51,VI_best_tau_by_ELBO,8.264676094055176,,0.23411081731319427,3.1747558795435773,1.9346489447397124,-947.1571044921875,0.2,,../data/results/vary_B2/B_81_n_6/phi_2.0/results_seed_51.pt,6.0,6.0
vary_B2,81,6,2.0,52,GPArealModel,8.091404914855957,,0.5307713652153916,3.419014103872162,1.0110396556574524,,,6.441594871050921,../data/results/vary_B2/B_81_n_6/phi_2.0/results_seed_52.pt,,
vary_B2,81,6,2.0,52,GPmodel,8.031277656555176,,0.7076667122384964,1.9765803029103686,1.2201840216457425,,,2.7930949255166113,../data/results/vary_B2/B_81_n_6/phi_2.0/results_seed_52.pt,,
vary_B2,81,6,2.0,52,VI_best_tau_by_ELBO,8.288037300109863,,0.233796164393425,2.8918653674876085,1.780132433935809,-925.386181640625,0.2,,../data/results/vary_B2/B_81_n_6/phi_2.0/results_seed_52.pt,6.0,6.0
vary_B2,81,6,2.0,53,GPArealModel,8.06176471710205,,0.3426929753848305,4.7838943227659785,1.5698326799393298,,,13.959709321131712,../data/results/vary_B2/B_81_n_6/phi_2.0/results_seed_53.pt,,
vary_B2,81,6,2.0,53,GPmodel,7.937045097351074,,0.404528393859822,3.1384980249558345,1.0505653836975668,,,7.758412197002402,../data/results/vary_B2/B_81_n_6/phi_2.0/results_seed_53.pt,,
vary_B2,81,6,2.0,53,VI_best_tau_by_ELBO,8.183576583862305,,0.23403698205947876,3.420036281253227,1.6125541223764714,-927.5621948242188,0.2,,../data/results/vary_B2/B_81_n_6/phi_2.0/results_seed_53.pt,6.0,6.0
vary_B2,81,6,2.0,54,GPArealModel,7.739020347595215,,0.8028124328666831,3.3369422017227577,1.3209921015643993,,,4.156565176509789,../data/results/vary_B2/B_81_n_6/phi_2.0/results_seed_54.pt,,
vary_B2,81,6,2.0,54,GPmodel,7.942935466766357,,0.7082220639496449,2.3099798200922343,1.1700914254019428,,,3.261660343098934,../data/results/vary_B2/B_81_n_6/phi_2.0/results_seed_54.pt,,
vary_B2,81,6,2.0,54,VI_best_tau_by_ELBO,8.04719066619873,,0.23515605926513672,4.104184415014457,1.9955651063852102,-950.7466430664062,0.3,,../data/results/vary_B2/B_81_n_6/phi_2.0/results_seed_54.pt,6.0,6.0
vary_B2,81,6,2.0,55,GPArealModel,7.773204803466797,,0.40558710212198046,5.46910790657078,0.7901163742329035,,,13.48442265041738,../data/results/vary_B2/B_81_n_6/phi_2.0/results_seed_55.pt,,
vary_B2,81,6,2.0,55,GPmodel,8.0015230178833,,0.48808429341033877,3.0358396961554206,1.2673543234900237,,,6.219908604195036,../data/results/vary_B2/B_81_n_6/phi_2.0/results_seed_55.pt,,
vary_B2,81,6,2.0,55,VI_best_tau_by_ELBO,8.1760835647583,,0.23435376584529877,4.026679850865474,1.7879285973884114,-951.5543701171875,0.2,,../data/results/vary_B2/B_81_n_6/phi_2.0/results_seed_55.pt,6.0,6.0
vary_B2,81,6,2.0,56,GPArealModel,8.446874618530273,,0.3301341798331409,5.75550346725353,0.999330597921562,,,17.433830905247447,../data/results/vary_B2/B_81_n_6/phi_2.0/results_seed_56.pt,,
vary_B2,81,6,2.0,56,GPmodel,8.001229286193848,,0.3652475356087392,3.784020477002361,1.1026583662457055,,,10.36015334284386,../data/results/vary_B2/B_81_n_6/phi_2.0/results_seed_56.pt,,
vary_B2,81,6,2.0,56,VI_best_tau_by_ELBO,8.341225624084473,,0.23377108573913574,3.835650148198704,1.6975230768858427,-940.1356323242187,0.2,,../data/results/vary_B2/B_81_n_6/phi_2.0/results_seed_56.pt,6.0,6.0
vary_B2,81,6,2.0,57,GPArealModel,7.887169361114502,,0.29637254879325375,2.529902926418204,2.138952818067914,,,8.536225560428123,../data/results/vary_B2/B_81_n_6/phi_2.0/results_seed_57.pt,,
vary_B2,81,6,2.0,57,GPmodel,7.924187660217285,,0.5928379188407268,2.049398761402887,1.0266753403596534,,,3.456929282476419,../data/results/vary_B2/B_81_n_6/phi_2.0/results_seed_57.pt,,
vary_B2,81,6,2.0,57,VI_best_tau_by_ELBO,8.100751876831055,,0.23458245396614075,2.320518068221422,1.6150169577395705,-902.9864624023437,0.2,,../data/results/vary_B2/B_81_n_6/phi_2.0/results_seed_57.pt,6.0,6.0
vary_B2,81,6,2.0,58,GPArealModel,8.290430068969727,,0.5147680660438728,5.816722404042308,1.8109953300966353,,,11.299695508980072,../data/results/vary_B2/B_81_n_6/phi_2.0/results_seed_58.pt,,
vary_B2,81,6,2.0,58,GPmodel,7.91859245300293,,0.6028291494644947,3.6499796907234168,1.2611758538054685,,,6.05474983080325,../data/results/vary_B2/B_81_n_6/phi_2.0/results_seed_58.pt,,
vary_B2,81,6,2.0,58,VI_best_tau_by_ELBO,8.174840927124023,,0.23466281592845917,6.346182935447645,2.0901234629527443,-987.0065307617188,0.3,,../data/results/vary_B2/B_81_n_6/phi_2.0/results_seed_58.pt,6.0,6.0
vary_B2,81,6,2.0,59,GPArealModel,7.803463459014893,,0.3798402215411349,3.597500661450091,2.1395269894458586,,,9.471089309220242,../data/results/vary_B2/B_81_n_6/phi_2.0/results_seed_59.pt,,
vary_B2,81,6,2.0,59,GPmodel,7.8951921463012695,,0.5394671244004854,2.6676780334181096,1.0436004465161748,,,4.945024289260859,../data/results/vary_B2/B_81_n_6/phi_2.0/results_seed_59.pt,,
vary_B2,81,6,2.0,59,VI_best_tau_by_ELBO,8.013434410095215,,0.23455645143985748,3.2144065456713395,1.9531971026628976,-937.6113159179688,0.3,,../data/results/vary_B2/B_81_n_6/phi_2.0/results_seed_59.pt,6.0,6.0
vary_B2,81,6,2.0,60,GPArealModel,8.209184646606445,,0.3095033524722871,5.396161673294736,1.364084388426854,,,17.434905406324823,../data/results/vary_B2/B_81_n_6/phi_2.0/results_seed_60.pt,,
vary_B2,81,6,2.0,60,GPmodel,7.955740928649902,,0.3653189932135035,3.5371937197993013,1.129584136674878,,,9.682479656161918,../data/results/vary_B2/B_81_n_6/phi_2.0/results_seed_60.pt,,
vary_B2,81,6,2.0,60,VI_best_tau_by_ELBO,8.232898712158203,,0.23398560285568237,3.592417109165247,1.6156768483694108,-927.218310546875,0.2,,../data/results/vary_B2/B_81_n_6/phi_2.0/results_seed_60.pt,6.0,6.0
vary_B2,81,6,2.0,61,GPArealModel,8.141348838806152,,0.35966793818996706,3.154743472986573,1.3460527500549777,,,8.771266877061256,../data/results/vary_B2/B_81_n_6/phi_2.0/results_seed_61.pt,,
vary_B2,81,6,2.0,61,GPmodel,7.909489631652832,,0.4535777870502115,2.4871957711047883,0.9193690311470712,,,5.4835043560663905,../data/results/vary_B2/B_81_n_6/phi_2.0/results_seed_61.pt,,
vary_B2,81,6,2.0,61,VI_best_tau_by_ELBO,8.235300064086914,,0.23426522314548492,2.618090043822284,1.5271067944305685,-899.7853881835938,0.2,,../data/results/vary_B2/B_81_n_6/phi_2.0/results_seed_61.pt,6.0,6.0
vary_B2,81,6,2.0,62,GPArealModel,7.654987812042236,,0.29153788645936357,5.38683136063698,0.9500382253217068,,,18.477294412943586,../data/results/vary_B2/B_81_n_6/phi_2.0/results_seed_62.pt,,
vary_B2,81,6,2.0,62,GPmodel,7.906707763671875,,0.40098254822573987,3.507028043733951,1.3207134010504238,,,8.746086479952266,../data/results/vary_B2/B_81_n_6/phi_2.0/results_seed_62.pt,,
vary_B2,81,6,2.0,62,VI_best_tau_by_ELBO,8.164292335510254,,0.23418621718883514,4.382239510726456,1.6834796966968713,-950.2575317382813,0.2,,../data/results/vary_B2/B_81_n_6/phi_2.0/results_seed_62.pt,6.0,6.0
vary_B2,81,6,2.0,63,GPArealModel,8.188706398010254,,0.5139108959055366,3.3527081240400625,1.2812515766705195,,,6.523909398987199,../data/results/vary_B2/B_81_n_6/phi_2.0/results_seed_63.pt,,
vary_B2,81,6,2.0,63,GPmodel,7.963745594024658,,0.5103713299794581,2.6557231626167,1.0366996700160134,,,5.203511652434689,../data/results/vary_B2/B_81_n_6/phi_2.0/results_seed_63.pt,,
vary_B2,81,6,2.0,63,VI_best_tau_by_ELBO,8.372775077819824,,0.23444914817810059,2.8862022831635947,1.6864071656533974,-917.9891479492187,0.2,,../data/results/vary_B2/B_81_n_6/phi_2.0/results_seed_63.pt,6.0,6.0
vary_B2,81,6,2.0,64,GPArealModel,7.410038471221924,,0.4307129804922627,4.395790791353726,1.2861453930106208,,,10.205847026782822,../data/results/vary_B2/B_81_n_6/phi_2.0/results_seed_64.pt,,
vary_B2,81,6,2.0,64,GPmodel,7.911853790283203,,0.5474801399954071,2.7854300021046274,1.1425552925682247,,,5.087727934985907,../data/results/vary_B2/B_81_n_6/phi_2.0/results_seed_64.pt,,
vary_B2,81,6,2.0,64,VI_best_tau_by_ELBO,8.03784465789795,,0.23468968272209167,3.71725278568386,1.7853069344811674,-945.270361328125,0.2,,../data/results/vary_B2/B_81_n_6/phi_2.0/results_seed_64.pt,6.0,6.0
vary_B2,81,6,2.0,65,GPArealModel,8.247543334960938,,0.7742960443739046,3.5638340630960195,1.0760284316465547,,,4.602676313525189,../data/results/vary_B2/B_81_n_6/phi_2.0/results_seed_65.pt,,
vary_B2,81,6,2.0,65,GPmodel,7.956127643585205,,0.6913390641557619,2.5453547323059187,0.8992625676137845,,,3.6817747821240414,../data/results/vary_B2/B_81_n_6/phi_2.0/results_seed_65.pt,,
vary_B2,81,6,2.0,65,VI_best_tau_by_ELBO,8.262237548828125,,0.23518268764019012,3.8170174083055817,1.7051336894297295,-934.044091796875,0.2,,../data/results/vary_B2/B_81_n_6/phi_2.0/results_seed_65.pt,6.0,6.0
vary_B2,81,6,2.0,66,GPArealModel,8.441205024719238,,0.623443834471945,2.6165595320186132,1.0013541950841809,,,4.196945077233511,../data/results/vary_B2/B_81_n_6/phi_2.0/results_seed_66.pt,,
vary_B2,81,6,2.0,66,GPmodel,7.9641242027282715,,0.7873265758721336,2.0455078337399994,1.0051438624165225,,,2.5980424088621157,../data/results/vary_B2/B_81_n_6/phi_2.0/results_seed_66.pt,,
vary_B2,81,6,2.0,66,VI_best_tau_by_ELBO,8.300323486328125,,0.23444047570228577,2.722652518813249,1.9446054148998995,-923.0546142578125,0.3,,../data/results/vary_B2/B_81_n_6/phi_2.0/results_seed_66.pt,6.0,6.0
vary_B2,81,6,2.0,67,GPArealModel,7.7738728523254395,,0.5992911653044556,4.436604200471734,1.2804437376920392,,,7.4030862747956965,../data/results/vary_B2/B_81_n_6/phi_2.0/results_seed_67.pt,,
vary_B2,81,6,2.0,67,GPmodel,7.971565246582031,,0.5327056213352627,3.226523737465282,0.8659478822501043,,,6.056860690483765,../data/results/vary_B2/B_81_n_6/phi_2.0/results_seed_67.pt,,
vary_B2,81,6,2.0,67,VI_best_tau_by_ELBO,8.066237449645996,,0.23513633012771606,5.1931716055478105,1.4411833620130499,-929.4163452148438,0.2,,../data/results/vary_B2/B_81_n_6/phi_2.0/results_seed_67.pt,6.0,6.0
vary_B2,81,6,2.0,68,GPArealModel,7.765120029449463,,0.31214704896530704,3.5272500718207107,2.2803500433977435,,,11.299962897335416,../data/results/vary_B2/B_81_n_6/phi_2.0/results_seed_68.pt,,
vary_B2,81,6,2.0,68,GPmodel,7.903746128082275,,0.7721796816897918,2.3043130371031557,1.5337830508009345,,,2.9841668872464178,../data/results/vary_B2/B_81_n_6/phi_2.0/results_seed_68.pt,,
vary_B2,81,6,2.0,68,VI_best_tau_by_ELBO,8.148841857910156,,0.23348814249038696,2.4432284809350477,2.002430994222106,-942.41767578125,0.2,,../data/results/vary_B2/B_81_n_6/phi_2.0/results_seed_68.pt,4.0,6.0
vary_B2,81,6,2.0,69,GPArealModel,8.117095947265625,,0.3659756546589541,4.442439514382289,0.5034274864796059,,,12.138620309381277,../data/results/vary_B2/B_81_n_6/phi_2.0/results_seed_69.pt,,
vary_B2,81,6,2.0,69,GPmodel,8.006046295166016,,0.4057014654018885,2.819041295676674,0.8135281498499921,,,6.948560791822942,../data/results/vary_B2/B_81_n_6/phi_2.0/results_seed_69.pt,,
vary_B2,81,6,2.0,69,VI_best_tau_by_ELBO,8.272335052490234,,0.2339131236076355,3.185270010858762,1.371146087457404,-888.379248046875,0.2,,../data/results/vary_B2/B_81_n_6/phi_2.0/results_seed_69.pt,6.0,6.0
vary_B2,81,6,2.0,70,GPArealModel,7.723552227020264,,0.24134352578934806,6.573531954205935,1.7140267381083047,,,27.23724173957545,../data/results/vary_B2/B_81_n_6/phi_2.0/results_seed_70.pt,,
vary_B2,81,6,2.0,70,GPmodel,7.9253668785095215,,0.307402737275643,4.464086771425095,1.0076674381430122,,,14.521948668993868,../data/results/vary_B2/B_81_n_6/phi_2.0/results_seed_70.pt,,
vary_B2,81,6,2.0,70,VI_best_tau_by_ELBO,8.093217849731445,,0.23395556211471558,5.119883534535058,1.400241276687061,-934.3031982421875,0.2,,../data/results/vary_B2/B_81_n_6/phi_2.0/results_seed_70.pt,6.0,6.0
vary_B2,81,6,2.0,71,GPArealModel,7.659037113189697,,0.4146915475592204,4.183314792292064,0.982801926086424,,,10.087774435997305,../data/results/vary_B2/B_81_n_6/phi_2.0/results_seed_71.pt,,
vary_B2,81,6,2.0,71,GPmodel,7.875433921813965,,0.520545682190023,2.707845647301699,1.0653061595962068,,,5.2019366214110905,../data/results/vary_B2/B_81_n_6/phi_2.0/results_seed_71.pt,,
vary_B2,81,6,2.0,71,VI_best_tau_by_ELBO,7.981127738952637,,0.23473462462425232,3.8781478610820685,1.6107635308966466,-931.3271728515625,0.2,,../data/results/vary_B2/B_81_n_6/phi_2.0/results_seed_71.pt,6.0,6.0
vary_B2,81,6,2.0,72,GPArealModel,7.758659362792969,,0.4384337962483877,3.213974981092742,2.8715015499736625,,,7.330582196432493,../data/results/vary_B2/B_81_n_6/phi_2.0/results_seed_72.pt,,
vary_B2,81,6,2.0,72,GPmodel,7.956535339355469,,0.6230346497773325,2.575958068716529,1.131549360966891,,,4.134534202290603,../data/results/vary_B2/B_81_n_6/phi_2.0/results_seed_72.pt,,
vary_B2,81,6,2.0,72,VI_best_tau_by_ELBO,8.084482192993164,,0.23508566617965698,4.032468988795952,1.8625025412407064,-940.4748046875,0.3,,../data/results/vary_B2/B_81_n_6/phi_2.0/results_seed_72.pt,6.0,6.0
vary_B2,81,6,2.0,73,GPArealModel,7.94728422164917,,0.34195548936393977,6.501536950208302,1.3426466877539918,,,19.01281644082275,../data/results/vary_B2/B_81_n_6/phi_2.0/results_seed_73.pt,,
vary_B2,81,6,2.0,73,GPmodel,7.999699592590332,,0.4481035308872233,3.752903446432791,0.9303750857359278,,,8.375081176000162,../data/results/vary_B2/B_81_n_6/phi_2.0/results_seed_73.pt,,
vary_B2,81,6,2.0,73,VI_best_tau_by_ELBO,8.144692420959473,,0.23412173986434937,5.1651614857625985,1.4989631838761102,-936.30947265625,0.2,,../data/results/vary_B2/B_81_n_6/phi_2.0/results_seed_73.pt,6.0,6.0
vary_B2,81,6,2.0,74,GPArealModel,7.5792059898376465,,0.41210155906668156,4.599934681716542,1.3058551335033235,,,11.162138508124967,../data/results/vary_B2/B_81_n_6/phi_2.0/results_seed_74.pt,,
vary_B2,81,6,2.0,74,GPmodel,7.93226957321167,,0.46092847025369016,3.010349740527874,1.2241849871784891,,,6.5310561937539005,../data/results/vary_B2/B_81_n_6/phi_2.0/results_seed_74.pt,,
vary_B2,81,6,2.0,74,VI_best_tau_by_ELBO,8.103071212768555,,0.23420663177967072,3.4353669208714117,1.8148618412135997,-944.455517578125,0.2,,../data/results/vary_B2/B_81_n_6/phi_2.0/results_seed_74.pt,6.0,6.0
vary_B2,81,6,2.0,75,GPArealModel,7.553372859954834,,0.46851175404776246,5.926312941718515,2.739284807010136,,,12.64923001507953,../data/results/vary_B2/B_81_n_6/phi_2.0/results_seed_75.pt,,
vary_B2,81,6,2.0,75,GPmodel,7.909019947052002,,0.465355211678385,4.032551912757296,1.0731669303102298,,,8.66553508278803,../data/results/vary_B2/B_81_n_6/phi_2.0/results_seed_75.pt,,
vary_B2,81,6,2.0,75,VI_best_tau_by_ELBO,7.9731364250183105,,0.23459891974925995,5.6216615962864,2.0152832938835967,-975.3883178710937,0.3,,../data/results/vary_B2/B_81_n_6/phi_2.0/results_seed_75.pt,6.0,6.0
vary_B2,81,6,2.0,76,GPArealModel,8.033610343933105,,0.6668342244233486,3.726533496763997,1.9708284392210857,,,5.588395676581467,../data/results/vary_B2/B_81_n_6/phi_2.0/results_seed_76.pt,,
vary_B2,81,6,2.0,76,GPmodel,7.945701599121094,,0.7810624122129685,2.3777708534767146,1.3489510816607082,,,3.0442776611664417,../data/results/vary_B2/B_81_n_6/phi_2.0/results_seed_76.pt,,
vary_B2,81,6,2.0,76,VI_best_tau_by_ELBO,8.21759033203125,,0.2344677597284317,3.4576743755001806,1.9805904421516807,-955.637255859375,0.2,,../data/results/vary_B2/B_81_n_6/phi_2.0/results_seed_76.pt,6.0,6.0
vary_B2,81,6,2.0,77,GPArealModel,7.749430179595947,,0.21998221974834065,6.3262565638699915,2.0827660007443165,,,28.75803585902179,../data/results/vary_B2/B_81_n_6/phi_2.0/results_seed_77.pt,,
vary_B2,81,6,2.0,77,GPmodel,7.937150478363037,,0.22976861416931338,4.965536854891469,1.0326612347923911,,,21.61103191940929,../data/results/vary_B2/B_81_n_6/phi_2.0/results_seed_77.pt,,
vary_B2,81,6,2.0,77,VI_best_tau_by_ELBO,8.149670600891113,,0.23309598863124847,3.5943938818218197,1.585739999209392,-935.4371826171875,0.2,,../data/results/vary_B2/B_81_n_6/phi_2.0/results_seed_77.pt,6.0,6.0
vary_B2,81,6,2.0,78,GPArealModel,8.139625549316406,,0.33071908065951894,4.725987930310403,1.5292019633214105,,,14.290037093976714,../data/results/vary_B2/B_81_n_6/phi_2.0/results_seed_78.pt,,
vary_B2,81,6,2.0,78,GPmodel,7.978804111480713,,0.40044531623637963,3.3793110967282933,1.3310125410856182,,,8.438882812986913,../data/results/vary_B2/B_81_n_6/phi_2.0/results_seed_78.pt,,
vary_B2,81,6,2.0,78,VI_best_tau_by_ELBO,8.361732482910156,,0.23408722877502441,3.6263197308382384,1.6749221694612246,-936.3599365234375,0.2,,../data/results/vary_B2/B_81_n_6/phi_2.0/results_seed_78.pt,6.0,6.0
vary_B2,81,6,2.0,79,GPArealModel,8.108827590942383,,0.9127210556232378,2.237155974111651,1.6359190484105448,,,2.4510839980392944,../data/results/vary_B2/B_81_n_6/phi_2.0/results_seed_79.pt,,
vary_B2,81,6,2.0,79,GPmodel,7.956722736358643,,1.0776597630277038,1.7299171725021352,1.128686113339982,,,1.6052535613298793,../data/results/vary_B2/B_81_n_6/phi_2.0/results_seed_79.pt,,
vary_B2,81,6,2.0,79,VI_best_tau_by_ELBO,8.286014556884766,,0.23361000418663025,2.2740231954770755,2.0181128191879,-932.3956787109375,0.2,,../data/results/vary_B2/B_81_n_6/phi_2.0/results_seed_79.pt,6.0,6.0
vary_B2,81,6,2.0,80,GPArealModel,7.965515613555908,,0.40303019320698447,4.50664622266012,2.0788222551387405,,,11.181907208489559,../data/results/vary_B2/B_81_n_6/phi_2.0/results_seed_80.pt,,
vary_B2,81,6,2.0,80,GPmodel,8.008255004882812,,0.5408717650205441,2.8208047963453486,1.195133681520355,,,5.215293122646558,../data/results/vary_B2/B_81_n_6/phi_2.0/results_seed_80.pt,,
vary_B2,81,6,2.0,80,VI_best_tau_by_ELBO,8.235589981079102,,0.23422706127166748,4.073154807139999,1.6111421959304653,-932.1749877929688,0.2,,../data/results/vary_B2/B_81_n_6/phi_2.0/results_seed_80.pt,6.0,6.0
vary_B2,81,6,2.0,81,GPArealModel,7.888787746429443,,0.32237854506457914,6.103569552790489,3.0157906879654908,,,18.93292728760165,../data/results/vary_B2/B_81_n_6/phi_2.0/results_seed_81.pt,,
vary_B2,81,6,2.0,81,GPmodel,8.05670166015625,,0.4432526119494055,3.679327401910922,1.2771693409742315,,,8.30074612697577,../data/results/vary_B2/B_81_n_6/phi_2.0/results_seed_81.pt,,
vary_B2,81,6,2.0,81,VI_best_tau_by_ELBO,8.293184280395508,,0.23409800231456757,4.793592261559015,1.8227621249451416,-965.3323852539063,0.2,,../data/results/vary_B2/B_81_n_6/phi_2.0/results_seed_81.pt,6.0,6.0
vary_B2,81,6,2.0,82,GPArealModel,7.953797817230225,,0.7684452803576017,3.6971552128360092,0.9850119678835025,,,4.811214678962581,../data/results/vary_B2/B_81_n_6/phi_2.0/results_seed_82.pt,,
vary_B2,81,6,2.0,82,GPmodel,7.901235580444336,,0.6642835397885314,2.4879500251619486,1.1198350662880043,,,3.745313373192966,../data/results/vary_B2/B_81_n_6/phi_2.0/results_seed_82.pt,,
vary_B2,81,6,2.0,82,VI_best_tau_by_ELBO,8.197943687438965,,0.23493541777133942,3.608949291760249,1.8598789875293655,-946.3630493164062,0.2,,../data/results/vary_B2/B_81_n_6/phi_2.0/results_seed_82.pt,6.0,6.0
vary_B2,81,6,2.0,83,GPArealModel,7.778468608856201,,0.7389915836754917,2.468657359493159,1.15358611110963,,,3.340575744063147,../data/results/vary_B2/B_81_n_6/phi_2.0/results_seed_83.pt,,
vary_B2,81,6,2.0,83,GPmodel,7.937114238739014,,1.2533422414579278,1.4878881001299784,1.2498560958937022,,,1.1871363231157193,../data/results/vary_B2/B_81_n_6/phi_2.0/results_seed_83.pt,,
vary_B2,81,6,2.0,83,VI_best_tau_by_ELBO,8.205078125,,0.23358674347400665,1.8578870884400172,1.8728191465545616,-911.3979614257812,0.2,,../data/results/vary_B2/B_81_n_6/phi_2.0/results_seed_83.pt,6.0,6.0
vary_B2,81,6,2.0,84,GPArealModel,7.772249221801758,,0.38460784020160543,5.468309955382736,1.2024032206469222,,,14.217884774570205,../data/results/vary_B2/B_81_n_6/phi_2.0/results_seed_84.pt,,
vary_B2,81,6,2.0,84,GPmodel,7.8915863037109375,,0.4191114450306828,3.62912888667874,1.012053512293125,,,8.659102321610554,../data/results/vary_B2/B_81_n_6/phi_2.0/results_seed_84.pt,,
vary_B2,81,6,2.0,84,VI_best_tau_by_ELBO,8.026211738586426,,0.23448553681373596,4.291267631370044,1.6877398043809377,-945.4815063476562,0.2,,../data/results/vary_B2/B_81_n_6/phi_2.0/results_seed_84.pt,6.0,6.0
vary_B2,81,6,2.0,85,GPArealModel,7.625396728515625,,0.4494076246532474,4.026033847726568,1.4615013640374417,,,8.958534806419813,../data/results/vary_B2/B_81_n_6/phi_2.0/results_seed_85.pt,,
vary_B2,81,6,2.0,85,GPmodel,7.877249240875244,,0.5763083261708204,2.7533683376248503,0.9456784944984771,,,4.777595971793646,../data/results/vary_B2/B_81_n_6/phi_2.0/results_seed_85.pt,,
vary_B2,81,6,2.0,85,VI_best_tau_by_ELBO,7.96933650970459,,0.23482981324195862,4.523016178425754,1.664944270187939,-926.0277465820312,0.3,,../data/results/vary_B2/B_81_n_6/phi_2.0/results_seed_85.pt,6.0,6.0
vary_B2,81,6,2.0,86,GPArealModel,7.799073219299316,,0.46798863909701255,5.501846961486851,1.0036444477189392,,,11.756368641988198,../data/results/vary_B2/B_81_n_6/phi_2.0/results_seed_86.pt,,
vary_B2,81,6,2.0,86,GPmodel,7.969587326049805,,0.4987438025138306,3.702090772438999,1.1926126478860544,,,7.422830627226364,../data/results/vary_B2/B_81_n_6/phi_2.0/results_seed_86.pt,,
vary_B2,81,6,2.0,86,VI_best_tau_by_ELBO,8.141801834106445,,0.23502913117408752,5.792151620101456,1.93981562996147,-972.1327758789063,0.3,,../data/results/vary_B2/B_81_n_6/phi_2.0/results_seed_86.pt,6.0,6.0
vary_B2,81,6,2.0,87,GPArealModel,8.122995376586914,,0.6143220034287544,3.697954352191979,1.985526144594886,,,6.019570081410647,../data/results/vary_B2/B_81_n_6/phi_2.0/results_seed_87.pt,,
vary_B2,81,6,2.0,87,GPmodel,7.971804618835449,,0.6505002691901826,2.6397089728249736,1.157366461073591,,,4.057967533374255,../data/results/vary_B2/B_81_n_6/phi_2.0/results_seed_87.pt,,
vary_B2,81,6,2.0,87,VI_best_tau_by_ELBO,8.191746711730957,,0.2349957972764969,3.8826729334469228,1.7624173642977463,-942.3807861328125,0.2,,../data/results/vary_B2/B_81_n_6/phi_2.0/results_seed_87.pt,6.0,6.0
vary_B2,81,6,2.0,88,GPArealModel,8.293006896972656,,0.382598008111263,4.468823383345049,0.8384223136294126,,,11.680205564597383,../data/results/vary_B2/B_81_n_6/phi_2.0/results_seed_88.pt,,
vary_B2,81,6,2.0,88,GPmodel,7.9618096351623535,,0.49017524423302145,2.9074117301397293,0.9886683190565546,,,5.9313720232627505,../data/results/vary_B2/B_81_n_6/phi_2.0/results_seed_88.pt,,
vary_B2,81,6,2.0,88,VI_best_tau_by_ELBO,8.288860321044922,,0.23483791947364807,4.0466071612969845,1.4838883070254414,-920.2801025390625,0.2,,../data/results/vary_B2/B_81_n_6/phi_2.0/results_seed_88.pt,6.0,6.0
vary_B2,81,6,2.0,89,GPArealModel,7.611937046051025,,0.37779693109696716,5.259074310784181,0.8369055187944733,,,13.920373295553217,../data/results/vary_B2/B_81_n_6/phi_2.0/results_seed_89.pt,,
vary_B2,81,6,2.0,89,GPmodel,7.993261814117432,,0.5654096004101683,3.1073068896421425,1.1905832752876688,,,5.495674087224538,../data/results/vary_B2/B_81_n_6/phi_2.0/results_seed_89.pt,,
vary_B2,81,6,2.0,89,VI_best_tau_by_ELBO,8.143880844116211,,0.23489655554294586,5.414878218098152,1.84081816958869,-959.623046875,0.3,,../data/results/vary_B2/B_81_n_6/phi_2.0/results_seed_89.pt,6.0,6.0
vary_B2,81,6,2.0,90,GPArealModel,8.293719291687012,,0.4328154353352269,4.041897300264236,1.3038422380301236,,,9.338616348406523,../data/results/vary_B2/B_81_n_6/phi_2.0/results_seed_90.pt,,
vary_B2,81,6,2.0,90,GPmodel,7.988745212554932,,0.5042361534440987,2.3921903955938686,1.1052930144308577,,,4.744186586492107,../data/results/vary_B2/B_81_n_6/phi_2.0/results_seed_90.pt,,
vary_B2,81,6,2.0,90,VI_best_tau_by_ELBO,8.366737365722656,,0.2344217747449875,3.449424923278733,1.3807327163362246,-894.688623046875,0.2,,../data/results/vary_B2/B_81_n_6/phi_2.0/results_seed_90.pt,6.0,6.0
vary_B2,81,6,2.0,91,GPArealModel,7.887310028076172,,0.40187243873101325,4.9885798492703035,1.0263279590436314,,,12.413341569336453,../data/results/vary_B2/B_81_n_6/phi_2.0/results_seed_91.pt,,
vary_B2,81,6,2.0,91,GPmodel,8.001904487609863,,0.5208782109961253,2.976673390347568,1.2111889715798891,,,5.714720499932202,../data/results/vary_B2/B_81_n_6/phi_2.0/results_seed_91.pt,,
vary_B2,81,6,2.0,91,VI_best_tau_by_ELBO,8.127702713012695,,0.23455359041690826,4.811346659922295,1.8004556787452242,-947.0265747070313,0.3,,../data/results/vary_B2/B_81_n_6/phi_2.0/results_seed_91.pt,6.0,6.0
vary_B2,81,6,2.0,92,GPArealModel,7.562717914581299,,0.603038845747869,4.053578811975027,1.053381570993334,,,6.721919890497122,../data/results/vary_B2/B_81_n_6/phi_2.0/results_seed_92.pt,,
vary_B2,81,6,2.0,92,GPmodel,7.9670634269714355,,0.6751741876063263,2.486882393687866,0.9811211668246915,,,3.683319711176358,../data/results/vary_B2/B_81_n_6/phi_2.0/results_seed_92.pt,,
vary_B2,81,6,2.0,92,VI_best_tau_by_ELBO,8.027384757995605,,0.23481620848178864,4.215824295793964,1.8582846615148054,-939.8546264648437,0.3,,../data/results/vary_B2/B_81_n_6/phi_2.0/results_seed_92.pt,6.0,6.0
vary_B2,81,6,2.0,93,GPArealModel,8.505548477172852,,0.4687437325433958,4.665850857021431,1.9094836846802892,,,9.953948251648297,../data/results/vary_B2/B_81_n_6/phi_2.0/results_seed_93.pt,,
vary_B2,81,6,2.0,93,GPmodel,8.038570404052734,,0.5362174251936013,3.5611649303520028,1.2665107824901132,,,6.641270430676967,../data/results/vary_B2/B_81_n_6/phi_2.0/results_seed_93.pt,,
vary_B2,81,6,2.0,93,VI_best_tau_by_ELBO,8.591310501098633,,0.2350279539823532,4.985576946348358,1.7977868717891625,-964.4203002929687,0.2,,../data/results/vary_B2/B_81_n_6/phi_2.0/results_seed_93.pt,6.0,6.0
vary_B2,81,6,2.0,94,GPArealModel,7.960996150970459,,0.32187945037022614,5.661893236383724,1.4285872599722824,,,17.59010471116254,../data/results/vary_B2/B_81_n_6/phi_2.0/results_seed_94.pt,,
vary_B2,81,6,2.0,94,GPmodel,7.924351215362549,,0.4119639055106328,3.62945942790015,1.2205740730995156,,,8.81013938199611,../data/results/vary_B2/B_81_n_6/phi_2.0/results_seed_94.pt,,
vary_B2,81,6,2.0,94,VI_best_tau_by_ELBO,8.176950454711914,,0.2342439442873001,4.651394717607652,1.6744465692040351,-951.3492919921875,0.2,,../data/results/vary_B2/B_81_n_6/phi_2.0/results_seed_94.pt,6.0,6.0
vary_B2,81,6,2.0,95,GPArealModel,7.819278717041016,,1.1261558338254898,3.67340479821658,1.7495714554706425,,,3.26189741053707,../data/results/vary_B2/B_81_n_6/phi_2.0/results_seed_95.pt,,
vary_B2,81,6,2.0,95,GPmodel,8.000555038452148,,0.8973273665046523,2.296862454995784,1.255975329826063,,,2.5596705736756062,../data/results/vary_B2/B_81_n_6/phi_2.0/results_seed_95.pt,,
vary_B2,81,6,2.0,95,VI_best_tau_by_ELBO,8.149184226989746,,0.23511159420013428,4.238662940320374,2.16241961813623,-965.010498046875,0.3,,../data/results/vary_B2/B_81_n_6/phi_2.0/results_seed_95.pt,6.0,6.0
vary_B2,81,6,2.0,96,GPArealModel,7.634832382202148,,0.29465757726015157,8.679749096970388,1.6822937198357104,,,29.457070738442557,../data/results/vary_B2/B_81_n_6/phi_2.0/results_seed_96.pt,,
vary_B2,81,6,2.0,96,GPmodel,7.950786113739014,,0.2788219193095558,5.316237187720159,1.27953304423841,,,19.06678356165365,../data/results/vary_B2/B_81_n_6/phi_2.0/results_seed_96.pt,,
vary_B2,81,6,2.0,96,VI_best_tau_by_ELBO,8.090141296386719,,0.233733132481575,5.521495871088909,1.6592519414272253,-964.836181640625,0.2,,../data/results/vary_B2/B_81_n_6/phi_2.0/results_seed_96.pt,6.0,6.0
vary_B2,81,6,2.0,97,GPArealModel,7.978519916534424,,0.53588727335256,4.6263570886761425,1.2597633565562414,,,8.633078855807168,../data/results/vary_B2/B_81_n_6/phi_2.0/results_seed_97.pt,,
vary_B2,81,6,2.0,97,GPmodel,7.9087347984313965,,0.5941224607885293,3.340198146025753,1.1714393547471116,,,5.6220701395341734,../data/results/vary_B2/B_81_n_6/phi_2.0/results_seed_97.pt,,
vary_B2,81,6,2.0,97,VI_best_tau_by_ELBO,8.05553913116455,,0.2353246957063675,6.42094835472816,1.8467455883254595,-969.578466796875,0.3,,../data/results/vary_B2/B_81_n_6/phi_2.0/results_seed_97.pt,6.0,6.0
vary_B2,81,6,2.0,98,GPArealModel,7.9174933433532715,,0.5115146246899053,4.871652253131492,1.3159709479351347,,,9.523974521910935,../data/results/vary_B2/B_81_n_6/phi_2.0/results_seed_98.pt,,
vary_B2,81,6,2.0,98,GPmodel,7.9461774826049805,,0.5234065352047567,3.0311310478197364,1.0654511018035921,,,5.791160109672605,../data/results/vary_B2/B_81_n_6/phi_2.0/results_seed_98.pt,,
vary_B2,81,6,2.0,98,VI_best_tau_by_ELBO,8.224666595458984,,0.23449744284152985,4.365399757331681,1.66941526555562,-940.4740234375,0.2,,../data/results/vary_B2/B_81_n_6/phi_2.0/results_seed_98.pt,6.0,6.0
vary_B2,81,6,2.0,99,GPArealModel,7.795046329498291,,1.2119630320573698,2.5766810320713347,1.2091475562188967,,,2.126039296509965,../data/results/vary_B2/B_81_n_6/phi_2.0/results_seed_99.pt,,
vary_B2,81,6,2.0,99,GPmodel,7.941315650939941,,0.9477529273608687,1.9819926233148382,1.1297408713732644,,,2.091254551789076,../data/results/vary_B2/B_81_n_6/phi_2.0/results_seed_99.pt,,
vary_B2,81,6,2.0,99,VI_best_tau_by_ELBO,8.12647819519043,,0.2339267134666443,2.382322151470854,2.163382415582404,-947.9415771484375,0.2,,../data/results/vary_B2/B_81_n_6/phi_2.0/results_seed_99.pt,6.0,6.0
vary_B2,81,6,2.0,100,GPArealModel,7.446549415588379,,0.48483316076323335,3.5226950017802796,1.7197472279418282,,,7.2657880831310875,../data/results/vary_B2/B_81_n_6/phi_2.0/results_seed_100.pt,,
vary_B2,81,6,2.0,100,GPmodel,7.89833402633667,,0.5970184799377168,2.42605685226331,0.9769208325591258,,,4.063621033165347,../data/results/vary_B2/B_81_n_6/phi_2.0/results_seed_100.pt,,
vary_B2,81,6,2.0,100,VI_best_tau_by_ELBO,8.02104377746582,,0.2347649186849594,3.3778557192437266,1.692333828068528,-929.3552978515625,0.2,,../data/results/vary_B2/B_81_n_6/phi_2.0/results_seed_100.pt,6.0,6.0
vary_B2,100,6,2.0,1,GPArealModel,7.552895545959473,,0.43394026008472786,4.336659345952122,1.8346254974335854,,,9.993678266002282,../data/results/vary_B2/B_100_n_6/phi_2.0/results_seed_1.pt,,
vary_B2,100,6,2.0,1,GPmodel,7.841677665710449,,0.556425730309092,2.7009677741588525,1.1203789557858879,,,4.8541388850915945,../data/results/vary_B2/B_100_n_6/phi_2.0/results_seed_1.pt,,
vary_B2,100,6,2.0,1,VI_best_tau_by_ELBO,7.95890474319458,,0.2256186306476593,3.8615708779985787,1.7343289634528585,-1106.77353515625,0.2,,../data/results/vary_B2/B_100_n_6/phi_2.0/results_seed_1.pt,6.0,6.0
vary_B2,100,6,2.0,2,GPArealModel,7.688324928283691,,0.4678281628348743,4.721286033935695,1.2523196669779377,,,10.091923507397162,../data/results/vary_B2/B_100_n_6/phi_2.0/results_seed_2.pt,,
vary_B2,100,6,2.0,2,GPmodel,7.881106853485107,,0.6114469464506493,2.72702366812106,0.99885167750468,,,4.459951405352486,../data/results/vary_B2/B_100_n_6/phi_2.0/results_seed_2.pt,,
vary_B2,100,6,2.0,2,VI_best_tau_by_ELBO,8.083849906921387,,0.22664010524749756,5.040923551905717,1.5012676171417898,-1095.4731689453124,0.2,,../data/results/vary_B2/B_100_n_6/phi_2.0/results_seed_2.pt,6.0,6.0
vary_B2,100,6,2.0,3,GPArealModel,7.7875518798828125,,0.30196567242365485,5.599930797279074,1.5194984602875756,,,18.544925164283,../data/results/vary_B2/B_100_n_6/phi_2.0/results_seed_3.pt,,
vary_B2,100,6,2.0,3,GPmodel,7.962329387664795,,0.4364870903503748,3.619750879770316,1.048035903695789,,,8.292916239205809,../data/results/vary_B2/B_100_n_6/phi_2.0/results_seed_3.pt,,
vary_B2,100,6,2.0,3,VI_best_tau_by_ELBO,8.105242729187012,,0.22708439826965332,6.007711040021104,1.29371666023461,-1086.720458984375,0.2,,../data/results/vary_B2/B_100_n_6/phi_2.0/results_seed_3.pt,6.0,6.0
vary_B2,100,6,2.0,4,GPArealModel,7.841053485870361,,0.29127762554803505,5.220412006999992,1.2526988415951053,,,17.92246142208093,../data/results/vary_B2/B_100_n_6/phi_2.0/results_seed_4.pt,,
vary_B2,100,6,2.0,4,GPmodel,7.93951416015625,,0.42647708828250747,3.5459329914712514,1.0347272828788479,,,8.314474772258691,../data/results/vary_B2/B_100_n_6/phi_2.0/results_seed_4.pt,,
vary_B2,100,6,2.0,4,VI_best_tau_by_ELBO,8.131680488586426,,0.2260679453611374,4.384012225478519,1.5953443011325643,-1101.4427734375,0.2,,../data/results/vary_B2/B_100_n_6/phi_2.0/results_seed_4.pt,6.0,6.0
vary_B2,100,6,2.0,5,GPArealModel,8.038412094116211,,0.4167270482575492,3.5561175248435073,1.5517899131581692,,,8.533445428398794,../data/results/vary_B2/B_100_n_6/phi_2.0/results_seed_5.pt,,
vary_B2,100,6,2.0,5,GPmodel,7.910490036010742,,0.583005853124916,2.5276780355970896,1.031937105690065,,,4.335596327290224,../data/results/vary_B2/B_100_n_6/phi_2.0/results_seed_5.pt,,
vary_B2,100,6,2.0,5,VI_best_tau_by_ELBO,8.15571403503418,,0.22666344046592712,4.096475216665621,1.4848724028530904,-1078.2642822265625,0.2,,../data/results/vary_B2/B_100_n_6/phi_2.0/results_seed_5.pt,6.0,6.0
vary_B2,100,6,2.0,6,GPArealModel,8.033260345458984,,0.4706954052357508,4.550178221986445,1.6379260745663002,,,9.66692721316763,../data/results/vary_B2/B_100_n_6/phi_2.0/results_seed_6.pt,,
vary_B2,100,6,2.0,6,GPmodel,7.9634623527526855,,0.5248905143283242,3.529312292649723,0.8424390967557189,,,6.723901835349425,../data/results/vary_B2/B_100_n_6/phi_2.0/results_seed_6.pt,,
vary_B2,100,6,2.0,6,VI_best_tau_by_ELBO,8.187153816223145,,0.22636760771274567,4.838806376812729,1.5322178082097855,-1096.7335205078125,0.2,,../data/results/vary_B2/B_100_n_6/phi_2.0/results_seed_6.pt,6.0,6.0
vary_B2,100,6,2.0,7,GPArealModel,7.7681474685668945,,0.9389991669503005,2.713497638732283,1.554112506161045,,,2.8897764068792866,../data/results/vary_B2/B_100_n_6/phi_2.0/results_seed_7.pt,,
vary_B2,100,6,2.0,7,GPmodel,7.924294471740723,,0.9521477740937963,1.7659812986347883,1.102991996638598,,,1.854734471564097,../data/results/vary_B2/B_100_n_6/phi_2.0/results_seed_7.pt,,
vary_B2,100,6,2.0,7,VI_best_tau_by_ELBO,8.000738143920898,,0.22692406177520752,3.5870885769287026,1.6450981566117622,-1085.23603515625,0.2,,../data/results/vary_B2/B_100_n_6/phi_2.0/results_seed_7.pt,6.0,6.0
vary_B2,100,6,2.0,8,GPArealModel,8.159818649291992,,0.9418581281431341,2.4135492685023494,1.2782731576745499,,,2.562540149502816,../data/results/vary_B2/B_100_n_6/phi_2.0/results_seed_8.pt,,
vary_B2,100,6,2.0,8,GPmodel,7.90944766998291,,0.9183882544274,1.8224240543496584,1.2192296862509457,,,1.9843721275441506,../data/results/vary_B2/B_100_n_6/phi_2.0/results_seed_8.pt,,
vary_B2,100,6,2.0,8,VI_best_tau_by_ELBO,8.231250762939453,,0.22567524015903473,2.657608241390839,1.7666929009685304,-1078.509765625,0.2,,../data/results/vary_B2/B_100_n_6/phi_2.0/results_seed_8.pt,6.0,6.0
vary_B2,100,6,2.0,9,GPArealModel,7.685027122497559,,0.2850079242820964,5.017064210476007,1.208678448246869,,,17.60324462245546,../data/results/vary_B2/B_100_n_6/phi_2.0/results_seed_9.pt,,
vary_B2,100,6,2.0,9,GPmodel,7.916439056396484,,0.3597639498278758,3.490704550844158,1.1102232406673314,,,9.702763582938864,../data/results/vary_B2/B_100_n_6/phi_2.0/results_seed_9.pt,,
vary_B2,100,6,2.0,9,VI_best_tau_by_ELBO,8.118106842041016,,0.225688636302948,3.638042219105232,1.6258997328900764,-1092.6128662109375,0.2,,../data/results/vary_B2/B_100_n_6/phi_2.0/results_seed_9.pt,6.0,6.0
vary_B2,100,6,2.0,10,GPArealModel,7.570508003234863,,0.34418929835221074,6.787103589593815,1.0282370106999537,,,19.719101151856663,../data/results/vary_B2/B_100_n_6/phi_2.0/results_seed_10.pt,,
vary_B2,100,6,2.0,10,GPmodel,7.9284186363220215,,0.3575791603547,4.071924251860674,1.028628964696334,,,11.387476406123712,../data/results/vary_B2/B_100_n_6/phi_2.0/results_seed_10.pt,,
vary_B2,100,6,2.0,10,VI_best_tau_by_ELBO,8.161870002746582,,0.22599415481090546,5.358949978189777,1.4084641824235726,-1094.531298828125,0.2,,../data/results/vary_B2/B_100_n_6/phi_2.0/results_seed_10.pt,6.0,6.0
vary_B2,100,6,2.0,11,GPArealModel,8.049381256103516,,0.6304070034081442,3.0536017701431164,1.3844382543351232,,,4.843857624732199,../data/results/vary_B2/B_100_n_6/phi_2.0/results_seed_11.pt,,
vary_B2,100,6,2.0,11,GPmodel,7.930668354034424,,0.7212790974966387,2.126815894566516,1.1006163634439996,,,2.948672576188758,../data/results/vary_B2/B_100_n_6/phi_2.0/results_seed_11.pt,,
vary_B2,100,6,2.0,11,VI_best_tau_by_ELBO,8.14989185333252,,0.2267107516527176,3.8462678073282346,1.601380169969544,-1084.5713134765624,0.2,,../data/results/vary_B2/B_100_n_6/phi_2.0/results_seed_11.pt,6.0,6.0
vary_B2,100,6,2.0,12,GPArealModel,7.383392810821533,,0.292955602688444,5.31461948327673,0.9330247537050222,,,18.14138195175187,../data/results/vary_B2/B_100_n_6/phi_2.0/results_seed_12.pt,,
vary_B2,100,6,2.0,12,GPmodel,7.973422527313232,,0.3554683147621741,3.9008695825907598,0.9747044337491009,,,10.973888306193015,../data/results/vary_B2/B_100_n_6/phi_2.0/results_seed_12.pt,,
vary_B2,100,6,2.0,12,VI_best_tau_by_ELBO,8.074174880981445,,0.2270817905664444,5.176863190482907,1.308567221847835,-1079.85419921875,0.2,,../data/results/vary_B2/B_100_n_6/phi_2.0/results_seed_12.pt,6.0,6.0
vary_B2,100,6,2.0,13,GPArealModel,7.71244478225708,,0.43805923968080374,5.15875901054845,1.7637551762144414,,,11.776395846158687,../data/results/vary_B2/B_100_n_6/phi_2.0/results_seed_13.pt,,
vary_B2,100,6,2.0,13,GPmodel,7.992279052734375,,0.5356522364231473,2.764744163429226,1.2975600925751711,,,5.161453598870389,../data/results/vary_B2/B_100_n_6/phi_2.0/results_seed_13.pt,,
vary_B2,100,6,2.0,13,VI_best_tau_by_ELBO,8.121073722839355,,0.22560085356235504,4.459774179308759,1.682784559733889,-1108.7150634765626,0.2,,../data/results/vary_B2/B_100_n_6/phi_2.0/results_seed_13.pt,6.0,6.0
vary_B2,100,6,2.0,14,GPArealModel,7.850308418273926,,0.649215947745602,3.118805200069386,1.1862271903642665,,,4.803956543118535,../data/results/vary_B2/B_100_n_6/phi_2.0/results_seed_14.pt,,
vary_B2,100,6,2.0,14,GPmodel,7.959502696990967,,0.7127459317431892,2.075248741221651,1.3654596771767888,,,2.9116248143937318,../data/results/vary_B2/B_100_n_6/phi_2.0/results_seed_14.pt,,
vary_B2,100,6,2.0,14,VI_best_tau_by_ELBO,8.24875259399414,,0.22559872269630432,3.0598935886435346,1.8550581758295719,-1102.5423583984375,0.2,,../data/results/vary_B2/B_100_n_6/phi_2.0/results_seed_14.pt,6.0,6.0
vary_B2,100,6,2.0,15,GPArealModel,7.708341121673584,,0.4395700782442748,4.358115327419473,1.1960290554251845,,,9.914494964776951,../data/results/vary_B2/B_100_n_6/phi_2.0/results_seed_15.pt,,
vary_B2,100,6,2.0,15,GPmodel,7.934854030609131,,0.6197424553834937,2.414371705193237,1.227705064804972,,,3.8957661916178314,../data/results/vary_B2/B_100_n_6/phi_2.0/results_seed_15.pt,,
vary_B2,100,6,2.0,15,VI_best_tau_by_ELBO,8.099390983581543,,0.22574083507061005,3.8691256876097038,1.6819753490615073,-1098.7205078125,0.2,,../data/results/vary_B2/B_100_n_6/phi_2.0/results_seed_15.pt,6.0,6.0
vary_B2,100,6,2.0,16,GPArealModel,7.845686912536621,,0.4256927640502179,5.047000986418279,0.986974382701023,,,11.855970814253487,../data/results/vary_B2/B_100_n_6/phi_2.0/results_seed_16.pt,,
vary_B2,100,6,2.0,16,GPmodel,7.9317426681518555,,0.44518952761130515,3.130434873809386,1.178972331544418,,,7.031690279432107,../data/results/vary_B2/B_100_n_6/phi_2.0/results_seed_16.pt,,
vary_B2,100,6,2.0,16,VI_best_tau_by_ELBO,8.155193328857422,,0.2260168194770813,4.1921936871813354,1.69689212902379,-1110.0505126953126,0.2,,../data/results/vary_B2/B_100_n_6/phi_2.0/results_seed_16.pt,6.0,6.0
vary_B2,100,6,2.0,17,GPArealModel,8.328605651855469,,0.8539064474550114,2.5733973894568547,1.8123619813920469,,,3.0136760263687266,../data/results/vary_B2/B_100_n_6/phi_2.0/results_seed_17.pt,,
vary_B2,100,6,2.0,17,GPmodel,7.9298014640808105,,0.7846898749175508,2.024244409515925,0.9899066877865984,,,2.5796744347295384,../data/results/vary_B2/B_100_n_6/phi_2.0/results_seed_17.pt,,
vary_B2,100,6,2.0,17,VI_best_tau_by_ELBO,8.307367324829102,,0.2260172963142395,3.2045073207904964,1.6948820093091774,-1081.6404296875,0.2,,../data/results/vary_B2/B_100_n_6/phi_2.0/results_seed_17.pt,6.0,6.0
vary_B2,100,6,2.0,18,GPArealModel,7.74611234664917,,0.43944231737431744,5.8780403106889585,1.4629552064399414,,,13.376136248803816,../data/results/vary_B2/B_100_n_6/phi_2.0/results_seed_18.pt,,
vary_B2,100,6,2.0,18,GPmodel,7.898624897003174,,0.4687372506697613,3.661800319153982,1.1179165982107522,,,7.812053157545663,../data/results/vary_B2/B_100_n_6/phi_2.0/results_seed_18.pt,,
vary_B2,100,6,2.0,18,VI_best_tau_by_ELBO,8.132963180541992,,0.22615645825862885,5.634823986934762,1.6248869696655068,-1122.536572265625,0.2,,../data/results/vary_B2/B_100_n_6/phi_2.0/results_seed_18.pt,6.0,6.0
vary_B2,100,6,2.0,19,GPArealModel,7.875263214111328,,0.46030008602337735,4.931570943291379,1.5992032692049145,,,10.713817122860409,../data/results/vary_B2/B_100_n_6/phi_2.0/results_seed_19.pt,,
vary_B2,100,6,2.0,19,GPmodel,7.906309127807617,,0.4203936530954503,3.5595478613895386,1.011114384116816,,,8.46717792997066,../data/results/vary_B2/B_100_n_6/phi_2.0/results_seed_19.pt,,
vary_B2,100,6,2.0,19,VI_best_tau_by_ELBO,8.196259498596191,,0.22611171007156372,4.419894612222083,1.6055822292724526,-1101.474365234375,0.2,,../data/results/vary_B2/B_100_n_6/phi_2.0/results_seed_19.pt,6.0,6.0
vary_B2,100,6,2.0,20,GPArealModel,8.17530345916748,,0.4764867776205067,3.751962722210727,1.1466520016157076,,,7.874222115768639,../data/results/vary_B2/B_100_n_6/phi_2.0/results_seed_20.pt,,
vary_B2,100,6,2.0,20,GPmodel,7.9187445640563965,,0.5737512852432644,2.571320455353489,1.14423664607927,,,4.481594240374166,../data/results/vary_B2/B_100_n_6/phi_2.0/results_seed_20.pt,,
vary_B2,100,6,2.0,20,VI_best_tau_by_ELBO,8.127776145935059,,0.22710508108139038,4.087223829692201,1.578031926998443,-1091.1316650390625,0.2,,../data/results/vary_B2/B_100_n_6/phi_2.0/results_seed_20.pt,6.0,6.0
vary_B2,100,6,2.0,21,GPArealModel,7.997467041015625,,0.4904649259383773,3.672470429984542,1.4989676424335812,,,7.4877330381132206,../data/results/vary_B2/B_100_n_6/phi_2.0/results_seed_21.pt,,
vary_B2,100,6,2.0,21,GPmodel,7.936377048492432,,0.6079432984356669,2.4109969823390944,1.2155418783155172,,,3.965825412572137,../data/results/vary_B2/B_100_n_6/phi_2.0/results_seed_21.pt,,
vary_B2,100,6,2.0,21,VI_best_tau_by_ELBO,8.171422004699707,,0.2253015637397766,3.6598006095108238,1.6738499801161295,-1091.56083984375,0.2,,../data/results/vary_B2/B_100_n_6/phi_2.0/results_seed_21.pt,6.0,6.0
vary_B2,100,6,2.0,22,GPArealModel,7.736254692077637,,0.563028627918437,4.019557464088316,1.2748118468473169,,,7.139170665173722,../data/results/vary_B2/B_100_n_6/phi_2.0/results_seed_22.pt,,
vary_B2,100,6,2.0,22,GPmodel,7.940103530883789,,0.6084561669120653,2.6515136807893547,1.1701964977737207,,,4.357772712282419,../data/results/vary_B2/B_100_n_6/phi_2.0/results_seed_22.pt,,
vary_B2,100,6,2.0,22,VI_best_tau_by_ELBO,8.072916030883789,,0.2266976535320282,4.806330612932547,1.5728132272794946,-1101.36318359375,0.2,,../data/results/vary_B2/B_100_n_6/phi_2.0/results_seed_22.pt,6.0,6.0
vary_B2,100,6,2.0,23,GPArealModel,7.986572265625,,0.6752972634994319,3.464974335888734,1.472330840716888,,,5.131035653740139,../data/results/vary_B2/B_100_n_6/phi_2.0/results_seed_23.pt,,
vary_B2,100,6,2.0,23,GPmodel,7.890580177307129,,0.5983559819424676,2.4339349305306883,1.100743105309843,,,4.06770384851724,../data/results/vary_B2/B_100_n_6/phi_2.0/results_seed_23.pt,,
vary_B2,100,6,2.0,23,VI_best_tau_by_ELBO,8.239187240600586,,0.2257709801197052,2.9920868154593987,1.8125410982295844,-1095.4917724609375,0.2,,../data/results/vary_B2/B_100_n_6/phi_2.0/results_seed_23.pt,6.0,6.0
vary_B2,100,6,2.0,24,GPArealModel,8.125490188598633,,0.30482026086227915,4.33173283665748,2.120634048931997,,,14.210777277087235,../data/results/vary_B2/B_100_n_6/phi_2.0/results_seed_24.pt,,
vary_B2,100,6,2.0,24,GPmodel,8.021537780761719,,0.43262673970025894,2.952032104075612,1.1742200257441935,,,6.823508195820022,../data/results/vary_B2/B_100_n_6/phi_2.0/results_seed_24.pt,,
vary_B2,100,6,2.0,24,VI_best_tau_by_ELBO,8.261213302612305,,0.225742369890213,3.8921549805667,1.5584180316013143,-1087.95029296875,0.2,,../data/results/vary_B2/B_100_n_6/phi_2.0/results_seed_24.pt,6.0,6.0
vary_B2,100,6,2.0,25,GPArealModel,7.691280841827393,,0.372592704289327,6.437223176369098,0.9497998285554059,,,17.276836347741376,../data/results/vary_B2/B_100_n_6/phi_2.0/results_seed_25.pt,,
vary_B2,100,6,2.0,25,GPmodel,8.034278869628906,,0.4622464679885114,3.176957072972308,1.294877024423816,,,6.872863922134431,../data/results/vary_B2/B_100_n_6/phi_2.0/results_seed_25.pt,,
vary_B2,100,6,2.0,25,VI_best_tau_by_ELBO,8.17280101776123,,0.22531069815158844,4.66255210945336,1.6515695973010176,-1110.9484130859375,0.2,,../data/results/vary_B2/B_100_n_6/phi_2.0/results_seed_25.pt,6.0,6.0
vary_B2,100,6,2.0,26,GPArealModel,7.8229660987854,,0.39364461602343476,5.636036392997237,1.4278945163132981,,,14.31757520255709,../data/results/vary_B2/B_100_n_6/phi_2.0/results_seed_26.pt,,
vary_B2,100,6,2.0,26,GPmodel,7.976003646850586,,0.4142594383111606,3.5922060517613192,1.0491594033510614,,,8.671392174927645,../data/results/vary_B2/B_100_n_6/phi_2.0/results_seed_26.pt,,
vary_B2,100,6,2.0,26,VI_best_tau_by_ELBO,8.141153335571289,,0.22602421045303345,4.43838228552846,1.6401658589048393,-1108.7712646484374,0.2,,../data/results/vary_B2/B_100_n_6/phi_2.0/results_seed_26.pt,6.0,6.0
vary_B2,100,6,2.0,27,GPArealModel,7.983633995056152,,0.3594913334338782,3.625758998776885,2.5239788450094713,,,10.085803638556357,../data/results/vary_B2/B_100_n_6/phi_2.0/results_seed_27.pt,,
vary_B2,100,6,2.0,27,GPmodel,7.9162116050720215,,0.5600578526317104,2.465264946128059,0.9948702087898008,,,4.401804089602146,../data/results/vary_B2/B_100_n_6/phi_2.0/results_seed_27.pt,,
vary_B2,100,6,2.0,27,VI_best_tau_by_ELBO,8.115426063537598,,0.22640100121498108,3.689512548060849,1.494560790117749,-1071.6824462890625,0.2,,../data/results/vary_B2/B_100_n_6/phi_2.0/results_seed_27.pt,6.0,6.0
vary_B2,100,6,2.0,28,GPArealModel,7.84100341796875,,0.9428613839513609,2.169583813083056,1.4037984219841069,,,2.301063390665894,../data/results/vary_B2/B_100_n_6/phi_2.0/results_seed_28.pt,,
vary_B2,100,6,2.0,28,GPmodel,7.993427276611328,,1.4335869535337349,1.502561038114409,1.3644788190566355,,,1.0481129410466912,../data/results/vary_B2/B_100_n_6/phi_2.0/results_seed_28.pt,,
vary_B2,100,6,2.0,28,VI_best_tau_by_ELBO,8.15420913696289,,0.2247248739004135,2.6493259482222706,1.9051859762229395,-1093.0593994140625,0.2,,../data/results/vary_B2/B_100_n_6/phi_2.0/results_seed_28.pt,6.0,6.0
vary_B2,100,6,2.0,29,GPArealModel,7.854831695556641,,0.35843399447480845,6.093993823764381,0.9561997907989893,,,17.001718357360442,../data/results/vary_B2/B_100_n_6/phi_2.0/results_seed_29.pt,,
vary_B2,100,6,2.0,29,GPmodel,7.987094879150391,,0.39732976022502925,4.114636206845905,0.9466238932479197,,,10.35572116348789,../data/results/vary_B2/B_100_n_6/phi_2.0/results_seed_29.pt,,
vary_B2,100,6,2.0,29,VI_best_tau_by_ELBO,8.139041900634766,,0.22614261507987976,5.613684722788156,1.4548049870640567,-1105.6568603515625,0.2,,../data/results/vary_B2/B_100_n_6/phi_2.0/results_seed_29.pt,6.0,6.0
vary_B2,100,6,2.0,30,GPArealModel,7.496262073516846,,0.41667854077235206,4.010786761661754,2.5330638822613616,,,9.625613918651512,../data/results/vary_B2/B_100_n_6/phi_2.0/results_seed_30.pt,,
vary_B2,100,6,2.0,30,GPmodel,7.8852410316467285,,0.6108868236408398,3.0099589655523524,1.0326974815127627,,,4.927195757166969,../data/results/vary_B2/B_100_n_6/phi_2.0/results_seed_30.pt,,
vary_B2,100,6,2.0,30,VI_best_tau_by_ELBO,8.066217422485352,,0.22666440904140472,4.772506402671556,1.6784593485861228,-1114.4293212890625,0.2,,../data/results/vary_B2/B_100_n_6/phi_2.0/results_seed_30.pt,6.0,6.0
vary_B2,100,6,2.0,31,GPArealModel,8.004779815673828,,0.45563360342155773,3.8794248301707195,2.195508471499197,,,8.514351885019835,../data/results/vary_B2/B_100_n_6/phi_2.0/results_seed_31.pt,,
vary_B2,100,6,2.0,31,GPmodel,7.921273231506348,,0.7044715823519302,2.411657404687172,1.3730877286000618,,,3.4233565485149544,../data/results/vary_B2/B_100_n_6/phi_2.0/results_seed_31.pt,,
vary_B2,100,6,2.0,31,VI_best_tau_by_ELBO,8.167255401611328,,0.2258986532688141,3.5459401479177113,1.70158455101633,-1097.69091796875,0.2,,../data/results/vary_B2/B_100_n_6/phi_2.0/results_seed_31.pt,6.0,6.0
vary_B2,100,6,2.0,32,GPArealModel,7.616844654083252,,0.37616235012893406,4.994674928810697,0.8679251010451228,,,13.277976722281519,../data/results/vary_B2/B_100_n_6/phi_2.0/results_seed_32.pt,,
vary_B2,100,6,2.0,32,GPmodel,7.916137218475342,,0.47936471256947794,2.9015062884030334,1.068820927017412,,,6.052815762867602,../data/results/vary_B2/B_100_n_6/phi_2.0/results_seed_32.pt,,
vary_B2,100,6,2.0,32,VI_best_tau_by_ELBO,8.08633804321289,,0.2255866825580597,3.568333581473587,1.6569748103359556,-1093.74755859375,0.2,,../data/results/vary_B2/B_100_n_6/phi_2.0/results_seed_32.pt,6.0,6.0
vary_B2,100,6,2.0,33,GPArealModel,8.288446426391602,,0.2882032709791936,5.969078752779378,1.2868006599518174,,,20.711349779268488,../data/results/vary_B2/B_100_n_6/phi_2.0/results_seed_33.pt,,
vary_B2,100,6,2.0,33,GPmodel,7.939648151397705,,0.32254679933086355,4.2224770684939035,1.0725724375909584,,,13.09105245270951,../data/results/vary_B2/B_100_n_6/phi_2.0/results_seed_33.pt,,
vary_B2,100,6,2.0,33,VI_best_tau_by_ELBO,8.259681701660156,,0.22558099031448364,4.682269056518513,1.488964982512642,-1097.53076171875,0.2,,../data/results/vary_B2/B_100_n_6/phi_2.0/results_seed_33.pt,6.0,6.0
vary_B2,100,6,2.0,34,GPArealModel,7.899955749511719,,0.3788182824726152,4.155410819079735,1.423120741821599,,,10.969404095168322,../data/results/vary_B2/B_100_n_6/phi_2.0/results_seed_34.pt,,
vary_B2,100,6,2.0,34,GPmodel,8.009459495544434,,0.5407846636902621,2.533822229232096,1.0732670813349006,,,4.685455042200234,../data/results/vary_B2/B_100_n_6/phi_2.0/results_seed_34.pt,,
vary_B2,100,6,2.0,34,VI_best_tau_by_ELBO,8.209202766418457,,0.2259071171283722,3.6713823926205698,1.5955352017967965,-1085.0716796875,0.2,,../data/results/vary_B2/B_100_n_6/phi_2.0/results_seed_34.pt,6.0,6.0
vary_B2,100,6,2.0,35,GPArealModel,7.6911492347717285,,0.3703876900787732,2.567365645340186,1.6515573643349635,,,6.931563100258987,../data/results/vary_B2/B_100_n_6/phi_2.0/results_seed_35.pt,,
vary_B2,100,6,2.0,35,GPmodel,7.954820156097412,,0.568039661355103,1.925589225884438,1.0794562807928192,,,3.3898851733183464,../data/results/vary_B2/B_100_n_6/phi_2.0/results_seed_35.pt,,
vary_B2,100,6,2.0,35,VI_best_tau_by_ELBO,8.062995910644531,,0.22638167440891266,2.719135392832142,1.4592784497698825,-1044.762353515625,0.2,,../data/results/vary_B2/B_100_n_6/phi_2.0/results_seed_35.pt,6.0,6.0
vary_B2,100,6,2.0,36,GPArealModel,8.147748947143555,,0.5482974394924278,2.746083800465181,1.5685422347231113,,,5.008383411396736,../data/results/vary_B2/B_100_n_6/phi_2.0/results_seed_36.pt,,
vary_B2,100,6,2.0,36,GPmodel,8.077280044555664,,0.5390963147457796,2.267235788458123,0.9499573021486799,,,4.205622866346765,../data/results/vary_B2/B_100_n_6/phi_2.0/results_seed_36.pt,,
vary_B2,100,6,2.0,36,VI_best_tau_by_ELBO,8.264877319335938,,0.22598154842853546,2.7291701765452605,1.5637450886187205,-1057.0827392578126,0.2,,../data/results/vary_B2/B_100_n_6/phi_2.0/results_seed_36.pt,6.0,6.0
vary_B2,100,6,2.0,37,GPArealModel,8.164422988891602,,0.3665438661626959,5.471286567050159,0.838211125694721,,,14.926689742017528,../data/results/vary_B2/B_100_n_6/phi_2.0/results_seed_37.pt,,
vary_B2,100,6,2.0,37,GPmodel,7.96624755859375,,0.4936775172130917,3.220309851104391,0.9773336215575645,,,6.523104129358946,../data/results/vary_B2/B_100_n_6/phi_2.0/results_seed_37.pt,,
vary_B2,100,6,2.0,37,VI_best_tau_by_ELBO,8.253382682800293,,0.22630614042282104,4.452069995794675,1.5318236610874287,-1091.0964599609374,0.2,,../data/results/vary_B2/B_100_n_6/phi_2.0/results_seed_37.pt,6.0,6.0
vary_B2,100,6,2.0,38,GPArealModel,7.701780319213867,,0.4455856113297571,3.8877970407875337,2.049657621408732,,,8.725140448734905,../data/results/vary_B2/B_100_n_6/phi_2.0/results_seed_38.pt,,
vary_B2,100,6,2.0,38,GPmodel,7.9086384773254395,,0.6644418173963165,2.4545894824844,1.2418369947232595,,,3.694212823784874,../data/results/vary_B2/B_100_n_6/phi_2.0/results_seed_38.pt,,
vary_B2,100,6,2.0,38,VI_best_tau_by_ELBO,8.009885787963867,,0.2264232337474823,4.128387767469073,1.6728364006407241,-1103.283935546875,0.2,,../data/results/vary_B2/B_100_n_6/phi_2.0/results_seed_38.pt,6.0,6.0
vary_B2,100,6,2.0,39,GPArealModel,8.11574649810791,,0.4555298992848937,4.5410811220309295,0.9251786659322382,,,9.96878828186618,../data/results/vary_B2/B_100_n_6/phi_2.0/results_seed_39.pt,,
vary_B2,100,6,2.0,39,GPmodel,8.013838768005371,,0.5016768307893135,2.827123578398554,1.0870788630366512,,,5.635348106370585,../data/results/vary_B2/B_100_n_6/phi_2.0/results_seed_39.pt,,
vary_B2,100,6,2.0,39,VI_best_tau_by_ELBO,8.273024559020996,,0.22600381076335907,4.314740690169466,1.5492145993644997,-1089.8573486328125,0.2,,../data/results/vary_B2/B_100_n_6/phi_2.0/results_seed_39.pt,6.0,6.0
vary_B2,100,6,2.0,40,GPArealModel,7.68596887588501,,0.5250839281806506,4.023806099933202,1.6616849370952629,,,7.663167512811106,../data/results/vary_B2/B_100_n_6/phi_2.0/results_seed_40.pt,,
vary_B2,100,6,2.0,40,GPmodel,7.965623378753662,,0.5964449462755694,2.624103366580566,1.0229396643602795,,,4.3995734777643305,../data/results/vary_B2/B_100_n_6/phi_2.0/results_seed_40.pt,,
vary_B2,100,6,2.0,40,VI_best_tau_by_ELBO,8.144444465637207,,0.22599011659622192,4.048220916003218,1.648030639770875,-1096.4897216796876,0.2,,../data/results/vary_B2/B_100_n_6/phi_2.0/results_seed_40.pt,6.0,6.0
vary_B2,100,6,2.0,41,GPArealModel,8.092753410339355,,0.9201813484632104,2.966252780461069,1.3318019950161457,,,3.2235523849891012,../data/results/vary_B2/B_100_n_6/phi_2.0/results_seed_41.pt,,
vary_B2,100,6,2.0,41,GPmodel,7.963476181030273,,0.7616114582706809,2.0968399547548873,1.0252523897730152,,,2.7531623007825847,../data/results/vary_B2/B_100_n_6/phi_2.0/results_seed_41.pt,,
vary_B2,100,6,2.0,41,VI_best_tau_by_ELBO,8.271079063415527,,0.22666335105895996,3.507496366051279,1.727186768639251,-1093.789404296875,0.2,,../data/results/vary_B2/B_100_n_6/phi_2.0/results_seed_41.pt,6.0,6.0
vary_B2,100,6,2.0,42,GPArealModel,8.0166654586792,,0.5235984035485965,3.258676153094449,1.950385379842891,,,6.223617434677688,../data/results/vary_B2/B_100_n_6/phi_2.0/results_seed_42.pt,,
vary_B2,100,6,2.0,42,GPmodel,7.95914363861084,,0.59894481193988,2.428267846007251,1.106113820717721,,,4.054243058125015,../data/results/vary_B2/B_100_n_6/phi_2.0/results_seed_42.pt,,
vary_B2,100,6,2.0,42,VI_best_tau_by_ELBO,8.102760314941406,,0.22622567415237427,3.3087943844554495,1.7202710834325894,-1095.14248046875,0.2,,../data/results/vary_B2/B_100_n_6/phi_2.0/results_seed_42.pt,6.0,6.0
vary_B2,100,6,2.0,43,GPArealModel,7.9810357093811035,,0.4253087353821211,3.9955626475410746,1.925129840121386,,,9.394499372206024,../data/results/vary_B2/B_100_n_6/phi_2.0/results_seed_43.pt,,
vary_B2,100,6,2.0,43,GPmodel,7.9120049476623535,,0.5476653599583908,2.7967242458804824,1.1700102300668145,,,5.106629796876263,../data/results/vary_B2/B_100_n_6/phi_2.0/results_seed_43.pt,,
vary_B2,100,6,2.0,43,VI_best_tau_by_ELBO,8.128089904785156,,0.2269558608531952,4.181094308315571,1.6566863676968404,-1105.7117431640625,0.2,,../data/results/vary_B2/B_100_n_6/phi_2.0/results_seed_43.pt,6.0,6.0
vary_B2,100,6,2.0,44,GPArealModel,7.856118202209473,,0.43950447729227604,4.17700315113815,1.6444465599588503,,,9.503892148885642,../data/results/vary_B2/B_100_n_6/phi_2.0/results_seed_44.pt,,
vary_B2,100,6,2.0,44,GPmodel,8.000978469848633,,0.5616187986617667,2.7064006943715295,1.2286508381835959,,,4.818928249589187,../data/results/vary_B2/B_100_n_6/phi_2.0/results_seed_44.pt,,
vary_B2,100,6,2.0,44,VI_best_tau_by_ELBO,8.158904075622559,,0.2260179966688156,3.8511906161191907,1.7466686354636827,-1107.577880859375,0.2,,../data/results/vary_B2/B_100_n_6/phi_2.0/results_seed_44.pt,6.0,6.0
vary_B2,100,6,2.0,45,GPArealModel,8.004651069641113,,0.6973515940004774,4.6653169233187635,1.0746659738242594,,,6.6900498449503365,../data/results/vary_B2/B_100_n_6/phi_2.0/results_seed_45.pt,,
vary_B2,100,6,2.0,45,GPmodel,7.896860599517822,,0.5826823869751987,3.254126140549793,0.9140440806573994,,,5.58473400481951,../data/results/vary_B2/B_100_n_6/phi_2.0/results_seed_45.pt,,
vary_B2,100,6,2.0,45,VI_best_tau_by_ELBO,8.178536415100098,,0.2267891764640808,5.6215901121332745,1.5575320933503636,-1110.4518310546875,0.2,,../data/results/vary_B2/B_100_n_6/phi_2.0/results_seed_45.pt,6.0,6.0
vary_B2,100,6,2.0,46,GPArealModel,7.441454887390137,,0.2895843686285831,6.140791758901972,1.19546939042465,,,21.205536016959762,../data/results/vary_B2/B_100_n_6/phi_2.0/results_seed_46.pt,,
vary_B2,100,6,2.0,46,GPmodel,8.00264835357666,,0.31135917540385,3.81012539546263,1.2914305620021918,,,12.237074402964637,../data/results/vary_B2/B_100_n_6/phi_2.0/results_seed_46.pt,,
vary_B2,100,6,2.0,46,VI_best_tau_by_ELBO,8.122629165649414,,0.22543685138225555,4.585109087026705,1.494699348697133,-1096.241064453125,0.2,,../data/results/vary_B2/B_100_n_6/phi_2.0/results_seed_46.pt,6.0,6.0
vary_B2,100,6,2.0,47,GPArealModel,7.6279616355896,,0.3065349952285454,6.385125365667135,1.5121924319750975,,,20.830004616296854,../data/results/vary_B2/B_100_n_6/phi_2.0/results_seed_47.pt,,
vary_B2,100,6,2.0,47,GPmodel,7.950002193450928,,0.4120437168680223,3.204789809970321,1.1396886845423255,,,7.777790750773214,../data/results/vary_B2/B_100_n_6/phi_2.0/results_seed_47.pt,,
vary_B2,100,6,2.0,47,VI_best_tau_by_ELBO,8.152525901794434,,0.22586368024349213,4.889664925766883,1.4271871400333813,-1087.37421875,0.2,,../data/results/vary_B2/B_100_n_6/phi_2.0/results_seed_47.pt,6.0,6.0
vary_B2,100,6,2.0,48,GPArealModel,7.932162284851074,,0.4679851802170174,3.9010514096058855,1.8923975356344187,,,8.33584389958003,../data/results/vary_B2/B_100_n_6/phi_2.0/results_seed_48.pt,,
vary_B2,100,6,2.0,48,GPmodel,7.935557842254639,,0.5446870735995026,2.7246931437603386,0.9964723394108536,,,5.002309171309158,../data/results/vary_B2/B_100_n_6/phi_2.0/results_seed_48.pt,,
vary_B2,100,6,2.0,48,VI_best_tau_by_ELBO,8.07693099975586,,0.22653132677078247,4.081008895828109,1.525706167166865,-1083.256396484375,0.2,,../data/results/vary_B2/B_100_n_6/phi_2.0/results_seed_48.pt,6.0,6.0
vary_B2,100,6,2.0,49,GPArealModel,7.917294502258301,,0.94871219711039,3.6391740594362574,1.3561627678417252,,,3.8359094259782256,../data/results/vary_B2/B_100_n_6/phi_2.0/results_seed_49.pt,,
vary_B2,100,6,2.0,49,GPmodel,7.970481872558594,,0.8127958918293134,2.2816158046824446,1.2169955713259635,,,2.807120247061463,../data/results/vary_B2/B_100_n_6/phi_2.0/results_seed_49.pt,,
vary_B2,100,6,2.0,49,VI_best_tau_by_ELBO,8.2045259475708,,0.22704178094863892,4.817398158015713,1.6686667873085401,-1110.789892578125,0.2,,../data/results/vary_B2/B_100_n_6/phi_2.0/results_seed_49.pt,6.0,6.0
vary_B2,100,6,2.0,50,GPArealModel,7.887241363525391,,0.4073677561563844,4.479746391632335,1.7574788743812213,,,10.996811416543743,../data/results/vary_B2/B_100_n_6/phi_2.0/results_seed_50.pt,,
vary_B2,100,6,2.0,50,GPmodel,7.954835414886475,,0.44976965982215833,3.0871402833803288,1.0856872220058753,,,6.863825106835804,../data/results/vary_B2/B_100_n_6/phi_2.0/results_seed_50.pt,,
vary_B2,100,6,2.0,50,VI_best_tau_by_ELBO,8.114399909973145,,0.22653228044509888,4.831537663119566,1.3921629390123493,-1079.759228515625,0.2,,../data/results/vary_B2/B_100_n_6/phi_2.0/results_seed_50.pt,6.0,6.0
vary_B2,100,6,2.0,51,GPArealModel,8.082855224609375,,0.4516697908234907,5.214976370313807,1.4111525524580841,,,11.54599328152053,../data/results/vary_B2/B_100_n_6/phi_2.0/results_seed_51.pt,,
vary_B2,100,6,2.0,51,GPmodel,7.9474263191223145,,0.4496600805939768,3.9281636400790685,0.989448744874722,,,8.735851389988134,../data/results/vary_B2/B_100_n_6/phi_2.0/results_seed_51.pt,,
vary_B2,100,6,2.0,51,VI_best_tau_by_ELBO,8.144144058227539,,0.22627496719360352,5.823909309308132,1.5241325375867183,-1114.2451416015624,0.2,,../data/results/vary_B2/B_100_n_6/phi_2.0/results_seed_51.pt,6.0,6.0
vary_B2,100,6,2.0,52,GPArealModel,8.395886421203613,,0.6574564644288429,3.2278386761550224,1.5067677994301045,,,4.909585426252014,../data/results/vary_B2/B_100_n_6/phi_2.0/results_seed_52.pt,,
vary_B2,100,6,2.0,52,GPmodel,7.960944652557373,,0.643757328756665,2.5119568031250337,0.980531922873161,,,3.9020243978838374,../data/results/vary_B2/B_100_n_6/phi_2.0/results_seed_52.pt,,
vary_B2,100,6,2.0,52,VI_best_tau_by_ELBO,8.305007934570312,,0.22545194625854492,3.2244897534400074,1.7885194483189149,-1095.1395751953125,0.2,,../data/results/vary_B2/B_100_n_6/phi_2.0/results_seed_52.pt,6.0,6.0
vary_B2,100,6,2.0,53,GPArealModel,7.999520301818848,,0.3218513640085898,4.882254260588183,1.9112569344670793,,,15.169282490466255,../data/results/vary_B2/B_100_n_6/phi_2.0/results_seed_53.pt,,
vary_B2,100,6,2.0,53,GPmodel,7.923825263977051,,0.39781220896277497,3.1582767918695898,1.1419229909874031,,,7.939114790127327,../data/results/vary_B2/B_100_n_6/phi_2.0/results_seed_53.pt,,
vary_B2,100,6,2.0,53,VI_best_tau_by_ELBO,8.148404121398926,,0.22610360383987427,4.167227430990889,1.4794455591710025,-1080.7784423828125,0.2,,../data/results/vary_B2/B_100_n_6/phi_2.0/results_seed_53.pt,6.0,6.0
vary_B2,100,6,2.0,54,GPArealModel,8.009623527526855,,0.4427772029406515,4.359317160978622,1.2843076281076233,,,9.845396583262964,../data/results/vary_B2/B_100_n_6/phi_2.0/results_seed_54.pt,,
vary_B2,100,6,2.0,54,GPmodel,7.9370317459106445,,0.5636148415834137,2.7190557567476117,1.0609755833467145,,,4.824315394372378,../data/results/vary_B2/B_100_n_6/phi_2.0/results_seed_54.pt,,
vary_B2,100,6,2.0,54,VI_best_tau_by_ELBO,8.15121841430664,,0.22619187831878662,4.15446085979292,1.63807952176843,-1099.02470703125,0.2,,../data/results/vary_B2/B_100_n_6/phi_2.0/results_seed_54.pt,6.0,6.0
vary_B2,100,6,2.0,55,GPArealModel,8.258974075317383,,0.3657419720914268,5.075225978847958,1.2440636371981373,,,13.876520514794164,../data/results/vary_B2/B_100_n_6/phi_2.0/results_seed_55.pt,,
vary_B2,100,6,2.0,55,GPmodel,7.9701128005981445,,0.5467849251421214,2.799202138183361,1.3581862880694209,,,5.119384257815423,../data/results/vary_B2/B_100_n_6/phi_2.0/results_seed_55.pt,,
vary_B2,100,6,2.0,55,VI_best_tau_by_ELBO,8.292734146118164,,0.22580401599407196,3.9937753527509607,1.751164136942076,-1111.0822021484375,0.2,,../data/results/vary_B2/B_100_n_6/phi_2.0/results_seed_55.pt,6.0,6.0
vary_B2,100,6,2.0,56,GPArealModel,7.803547382354736,,0.2655210256502794,4.799577709880603,2.3512098917495066,,,18.07607400629048,../data/results/vary_B2/B_100_n_6/phi_2.0/results_seed_56.pt,,
vary_B2,100,6,2.0,56,GPmodel,7.9542975425720215,,0.4991811660086873,2.819296709738291,1.1827025604780148,,,5.647842710654725,../data/results/vary_B2/B_100_n_6/phi_2.0/results_seed_56.pt,,
vary_B2,100,6,2.0,56,VI_best_tau_by_ELBO,8.193346977233887,,0.226053386926651,4.349873758645728,1.4798362372273068,-1085.7891357421875,0.2,,../data/results/vary_B2/B_100_n_6/phi_2.0/results_seed_56.pt,6.0,6.0
vary_B2,100,6,2.0,57,GPArealModel,7.495174884796143,,0.24027159820320165,3.8659019738033,1.8579016544604914,,,16.08971681510955,../data/results/vary_B2/B_100_n_6/phi_2.0/results_seed_57.pt,,
vary_B2,100,6,2.0,57,GPmodel,7.870645046234131,,0.4874706908547118,2.536985360108098,1.1930763026984237,,,5.204385428095889,../data/results/vary_B2/B_100_n_6/phi_2.0/results_seed_57.pt,,
vary_B2,100,6,2.0,57,VI_best_tau_by_ELBO,7.97438383102417,,0.22562845051288605,3.1547186726194205,1.6448520569847562,-1084.5611572265625,0.2,,../data/results/vary_B2/B_100_n_6/phi_2.0/results_seed_57.pt,6.0,6.0
vary_B2,100,6,2.0,58,GPArealModel,7.856451511383057,,0.5222840703760846,5.220573190784359,2.142007782138572,,,9.99565846805388,../data/results/vary_B2/B_100_n_6/phi_2.0/results_seed_58.pt,,
vary_B2,100,6,2.0,58,GPmodel,7.914764404296875,,0.5839937936761929,3.781317156190336,1.0623950120628745,,,6.474926954937749,../data/results/vary_B2/B_100_n_6/phi_2.0/results_seed_58.pt,,
vary_B2,100,6,2.0,58,VI_best_tau_by_ELBO,8.087812423706055,,0.2268487811088562,6.244790687165663,1.7775302633159895,-1149.6185302734375,0.2,,../data/results/vary_B2/B_100_n_6/phi_2.0/results_seed_58.pt,6.0,6.0
vary_B2,100,6,2.0,59,GPArealModel,7.644753456115723,,0.3698816158003543,5.049947521677307,0.8385671129096973,,,13.652875152365088,../data/results/vary_B2/B_100_n_6/phi_2.0/results_seed_59.pt,,
vary_B2,100,6,2.0,59,GPmodel,7.9729485511779785,,0.4816819997661803,2.796799594280825,1.1777365573872787,,,5.806319512953477,../data/results/vary_B2/B_100_n_6/phi_2.0/results_seed_59.pt,,
vary_B2,100,6,2.0,59,VI_best_tau_by_ELBO,8.112433433532715,,0.22537176311016083,3.8840459366380387,1.6599585132350174,-1096.8471923828124,0.2,,../data/results/vary_B2/B_100_n_6/phi_2.0/results_seed_59.pt,6.0,6.0
vary_B2,100,6,2.0,60,GPArealModel,8.236051559448242,,0.3721886888201441,4.662124607789152,1.1315084306600647,,,12.526239372207439,../data/results/vary_B2/B_100_n_6/phi_2.0/results_seed_60.pt,,
vary_B2,100,6,2.0,60,GPmodel,8.009140014648438,,0.4712112098937738,2.9285543501348275,1.1920393942793597,,,6.214950511884083,../data/results/vary_B2/B_100_n_6/phi_2.0/results_seed_60.pt,,
vary_B2,100,6,2.0,60,VI_best_tau_by_ELBO,8.208197593688965,,0.2265276461839676,4.089165282305249,1.5004740172666435,-1083.7321044921875,0.2,,../data/results/vary_B2/B_100_n_6/phi_2.0/results_seed_60.pt,6.0,6.0
vary_B2,100,6,2.0,61,GPArealModel,8.138347625732422,,0.41960851150174955,3.6158426662539895,1.3748088063410555,,,8.617181413487398,../data/results/vary_B2/B_100_n_6/phi_2.0/results_seed_61.pt,,
vary_B2,100,6,2.0,61,GPmodel,7.938183784484863,,0.5983257389599873,2.362379813619823,1.052020562213711,,,3.9483172121696164,../data/results/vary_B2/B_100_n_6/phi_2.0/results_seed_61.pt,,
vary_B2,100,6,2.0,61,VI_best_tau_by_ELBO,8.228124618530273,,0.22637523710727692,3.6103007100729267,1.512320061584493,-1071.9926025390625,0.2,,../data/results/vary_B2/B_100_n_6/phi_2.0/results_seed_61.pt,6.0,6.0
vary_B2,100,6,2.0,62,GPArealModel,7.61467981338501,,0.33394495397447954,5.471805113028178,0.916773805835732,,,16.385350483380382,../data/results/vary_B2/B_100_n_6/phi_2.0/results_seed_62.pt,,
vary_B2,100,6,2.0,62,GPmodel,7.843748092651367,,0.5041723811559082,2.9082942834427876,1.420106134253068,,,5.76845220433334,../data/results/vary_B2/B_100_n_6/phi_2.0/results_seed_62.pt,,
vary_B2,100,6,2.0,62,VI_best_tau_by_ELBO,7.980128765106201,,0.2259017676115036,4.489709770587805,1.7218333875323888,-1120.87001953125,0.2,,../data/results/vary_B2/B_100_n_6/phi_2.0/results_seed_62.pt,6.0,6.0
vary_B2,100,6,2.0,63,GPArealModel,7.922056674957275,,0.47029401620993516,3.780152100088489,1.1947874736282462,,,8.037848600652962,../data/results/vary_B2/B_100_n_6/phi_2.0/results_seed_63.pt,,
vary_B2,100,6,2.0,63,GPmodel,7.9074249267578125,,0.5729222354544041,2.3211030046652867,1.0023979480981255,,,4.051340410665579,../data/results/vary_B2/B_100_n_6/phi_2.0/results_seed_63.pt,,
vary_B2,100,6,2.0,63,VI_best_tau_by_ELBO,8.140616416931152,,0.22615861892700195,3.2412728909384403,1.6054043886215938,-1076.5856689453126,0.2,,../data/results/vary_B2/B_100_n_6/phi_2.0/results_seed_63.pt,6.0,6.0
vary_B2,100,6,2.0,64,GPArealModel,7.662397384643555,,0.4605584961249672,5.145100760976583,1.10072886816173,,,11.171438165328125,../data/results/vary_B2/B_100_n_6/phi_2.0/results_seed_64.pt,,
vary_B2,100,6,2.0,64,GPmodel,7.974300861358643,,0.5316094743918841,3.153000472229729,1.1257935980570501,,,5.931046424325851,../data/results/vary_B2/B_100_n_6/phi_2.0/results_seed_64.pt,,
vary_B2,100,6,2.0,64,VI_best_tau_by_ELBO,8.164860725402832,,0.2261730432510376,4.927712825977934,1.6807295462233052,-1118.473828125,0.2,,../data/results/vary_B2/B_100_n_6/phi_2.0/results_seed_64.pt,6.0,6.0
vary_B2,100,6,2.0,65,GPArealModel,7.6290693283081055,,1.0287637026673582,2.868440880067972,1.0202627221378626,,,2.788240752109289,../data/results/vary_B2/B_100_n_6/phi_2.0/results_seed_65.pt,,
vary_B2,100,6,2.0,65,GPmodel,7.952254295349121,,0.9032249045568717,1.8529767390395733,0.9976616052380073,,,2.0515120095682664,../data/results/vary_B2/B_100_n_6/phi_2.0/results_seed_65.pt,,
vary_B2,100,6,2.0,65,VI_best_tau_by_ELBO,8.074013710021973,,0.22654183208942413,3.696514347730692,1.6526272543215583,-1086.3123291015625,0.2,,../data/results/vary_B2/B_100_n_6/phi_2.0/results_seed_65.pt,6.0,6.0
vary_B2,100,6,2.0,66,GPArealModel,7.741231918334961,,0.334470093361504,4.188509876830682,2.096121060020456,,,12.522823295605178,../data/results/vary_B2/B_100_n_6/phi_2.0/results_seed_66.pt,,
vary_B2,100,6,2.0,66,GPmodel,7.851163387298584,,0.629778439887157,2.3074546718649986,1.204516061881344,,,3.6639149988660233,../data/results/vary_B2/B_100_n_6/phi_2.0/results_seed_66.pt,,
vary_B2,100,6,2.0,66,VI_best_tau_by_ELBO,7.977978706359863,,0.22509774565696716,3.3914385572080823,1.766632702469387,-1099.03720703125,0.2,,../data/results/vary_B2/B_100_n_6/phi_2.0/results_seed_66.pt,6.0,6.0
vary_B2,100,6,2.0,67,GPArealModel,7.916643142700195,,0.3927034903168643,5.182993997866509,1.3742113113990169,,,13.198237667010444,../data/results/vary_B2/B_100_n_6/phi_2.0/results_seed_67.pt,,
vary_B2,100,6,2.0,67,GPmodel,7.911790370941162,,0.4614734263736813,3.033058681268336,1.0304217605215296,,,6.572553278099909,../data/results/vary_B2/B_100_n_6/phi_2.0/results_seed_67.pt,,
vary_B2,100,6,2.0,67,VI_best_tau_by_ELBO,8.065168380737305,,0.22638371586799622,5.139423805269976,1.314215269506436,-1073.2842529296875,0.2,,../data/results/vary_B2/B_100_n_6/phi_2.0/results_seed_67.pt,6.0,6.0
vary_B2,100,6,2.0,68,GPArealModel,8.214675903320312,,0.3529628159767417,3.638347286053544,1.3644054620222819,,,10.308018639258849,../data/results/vary_B2/B_100_n_6/phi_2.0/results_seed_68.pt,,
vary_B2,100,6,2.0,68,GPmodel,7.942592144012451,,0.4994907580477138,2.6867100893781513,1.2621259149543103,,,5.3788985003031895,../data/results/vary_B2/B_100_n_6/phi_2.0/results_seed_68.pt,,
vary_B2,100,6,2.0,68,VI_best_tau_by_ELBO,8.191247940063477,,0.2263481318950653,3.3938793512699554,1.686219445282462,-1095.2126220703126,0.2,,../data/results/vary_B2/B_100_n_6/phi_2.0/results_seed_68.pt,6.0,6.0
vary_B2,100,6,2.0,69,GPArealModel,7.666961669921875,,0.38767652970040656,4.581999597279894,0.9398453786729006,,,11.819130760432746,../data/results/vary_B2/B_100_n_6/phi_2.0/results_seed_69.pt,,
vary_B2,100,6,2.0,69,GPmodel,7.9532246589660645,,0.43538833520745673,3.0978489365522925,0.849718680997901,,,7.115139947596917,../data/results/vary_B2/B_100_n_6/phi_2.0/results_seed_69.pt,,
vary_B2,100,6,2.0,69,VI_best_tau_by_ELBO,8.090301513671875,,0.2260543555021286,4.081493340699181,1.3776658140110434,-1063.347265625,0.2,,../data/results/vary_B2/B_100_n_6/phi_2.0/results_seed_69.pt,6.0,6.0
vary_B2,100,6,2.0,70,GPArealModel,8.515191078186035,,0.28071481412771726,5.818305668448366,1.8878725156879173,,,20.726749624981323,../data/results/vary_B2/B_100_n_6/phi_2.0/results_seed_70.pt,,
vary_B2,100,6,2.0,70,GPmodel,7.971229553222656,,0.3468242634351566,4.528625782854056,0.9535524244601107,,,13.05740762771271,../data/results/vary_B2/B_100_n_6/phi_2.0/results_seed_70.pt,,
vary_B2,100,6,2.0,70,VI_best_tau_by_ELBO,8.354329109191895,,0.2263636589050293,5.04820206060891,1.4550956743929704,-1098.016162109375,0.2,,../data/results/vary_B2/B_100_n_6/phi_2.0/results_seed_70.pt,6.0,6.0
vary_B2,100,6,2.0,71,GPArealModel,8.009881973266602,,0.4678018403889211,4.0020991261692,1.6898602029387348,,,8.555116249311748,../data/results/vary_B2/B_100_n_6/phi_2.0/results_seed_71.pt,,
vary_B2,100,6,2.0,71,GPmodel,7.979864597320557,,0.5607380574138983,2.660837952114449,1.3477704675163091,,,4.74524230509006,../data/results/vary_B2/B_100_n_6/phi_2.0/results_seed_71.pt,,
vary_B2,100,6,2.0,71,VI_best_tau_by_ELBO,8.160667419433594,,0.22674337029457092,4.361233929653544,1.6236007624109305,-1103.238330078125,0.2,,../data/results/vary_B2/B_100_n_6/phi_2.0/results_seed_71.pt,6.0,6.0
vary_B2,100,6,2.0,72,GPArealModel,7.890883445739746,,0.46016040299211375,3.8726930471999026,1.5843432072829666,,,8.415963264153941,../data/results/vary_B2/B_100_n_6/phi_2.0/results_seed_72.pt,,
vary_B2,100,6,2.0,72,GPmodel,7.902433395385742,,0.5629332274197171,2.684262498068916,1.1572808890681836,,,4.768349721285075,../data/results/vary_B2/B_100_n_6/phi_2.0/results_seed_72.pt,,
vary_B2,100,6,2.0,72,VI_best_tau_by_ELBO,8.108818054199219,,0.2265516072511673,4.051500203736208,1.620320862489813,-1095.278466796875,0.2,,../data/results/vary_B2/B_100_n_6/phi_2.0/results_seed_72.pt,6.0,6.0
vary_B2,100,6,2.0,73,GPArealModel,7.949047088623047,,0.3405494118579197,6.544387873378543,1.2057295912650297,,,19.21714630976641,../data/results/vary_B2/B_100_n_6/phi_2.0/results_seed_73.pt,,
vary_B2,100,6,2.0,73,GPmodel,7.993143081665039,,0.45352125967093,3.542820267530485,1.0720521152662004,,,7.811806375077358,../data/results/vary_B2/B_100_n_6/phi_2.0/results_seed_73.pt,,
vary_B2,100,6,2.0,73,VI_best_tau_by_ELBO,8.159862518310547,,0.22564680874347687,5.59508481499185,1.470959611418892,-1103.2390625,0.2,,../data/results/vary_B2/B_100_n_6/phi_2.0/results_seed_73.pt,6.0,6.0
vary_B2,100,6,2.0,74,GPArealModel,7.890754699707031,,0.3877626140304447,4.481854693679061,1.1313075606151088,,,11.558243449759635,../data/results/vary_B2/B_100_n_6/phi_2.0/results_seed_74.pt,,
vary_B2,100,6,2.0,74,GPmodel,7.9076337814331055,,0.5659445202617976,2.4214228129252806,1.321248652482908,,,4.278551565098935,../data/results/vary_B2/B_100_n_6/phi_2.0/results_seed_74.pt,,
vary_B2,100,6,2.0,74,VI_best_tau_by_ELBO,8.136051177978516,,0.2252330183982849,3.185596217363026,1.7559555293484619,-1095.665234375,0.2,,../data/results/vary_B2/B_100_n_6/phi_2.0/results_seed_74.pt,6.0,6.0
vary_B2,100,6,2.0,75,GPArealModel,7.760488033294678,,0.28737201390670924,6.099516699557982,3.474708456737735,,,21.225159042585453,../data/results/vary_B2/B_100_n_6/phi_2.0/results_seed_75.pt,,
vary_B2,100,6,2.0,75,GPmodel,7.996267318725586,,0.3612084525335199,4.722034082503973,1.0285313678605958,,,13.072878138325878,../data/results/vary_B2/B_100_n_6/phi_2.0/results_seed_75.pt,,
vary_B2,100,6,2.0,75,VI_best_tau_by_ELBO,8.194847106933594,,0.2259281873703003,5.135060536426989,1.7019539045195482,-1129.066357421875,0.2,,../data/results/vary_B2/B_100_n_6/phi_2.0/results_seed_75.pt,6.0,6.0
vary_B2,100,6,2.0,76,GPArealModel,7.810041904449463,,0.5146616698959205,3.3129468091871686,2.847914212689537,,,6.437135312324973,../data/results/vary_B2/B_100_n_6/phi_2.0/results_seed_76.pt,,
vary_B2,100,6,2.0,76,GPmodel,7.948552131652832,,0.6464647991806528,2.7350908968193166,1.160439789069265,,,4.230842731554519,../data/results/vary_B2/B_100_n_6/phi_2.0/results_seed_76.pt,,
vary_B2,100,6,2.0,76,VI_best_tau_by_ELBO,8.202373504638672,,0.2270836979150772,4.665553871902165,1.6951731047635092,-1114.3836669921875,0.2,,../data/results/vary_B2/B_100_n_6/phi_2.0/results_seed_76.pt,6.0,6.0
vary_B2,100,6,2.0,77,GPArealModel,8.060795783996582,,0.1997025021881515,6.413212340257954,2.6590513079591296,,,32.113830673066325,../data/results/vary_B2/B_100_n_6/phi_2.0/results_seed_77.pt,,
vary_B2,100,6,2.0,77,GPmodel,7.925957679748535,,0.2516664117734322,5.402222128808027,1.0369302072703313,,,21.465805034290742,../data/results/vary_B2/B_100_n_6/phi_2.0/results_seed_77.pt,,
vary_B2,100,6,2.0,77,VI_best_tau_by_ELBO,8.215048789978027,,0.22516034543514252,5.247785184982029,1.4221531170660417,-1100.4547119140625,0.2,,../data/results/vary_B2/B_100_n_6/phi_2.0/results_seed_77.pt,6.0,6.0
vary_B2,100,6,2.0,78,GPArealModel,7.850007057189941,,0.31928213816779943,5.597999868268305,1.3734703542298186,,,17.533081870449838,../data/results/vary_B2/B_100_n_6/phi_2.0/results_seed_78.pt,,
vary_B2,100,6,2.0,78,GPmodel,7.9342498779296875,,0.38433179182714644,3.9096632401410663,1.0887637021109564,,,10.172625120482982,../data/results/vary_B2/B_100_n_6/phi_2.0/results_seed_78.pt,,
vary_B2,100,6,2.0,78,VI_best_tau_by_ELBO,8.092825889587402,,0.22657081484794617,5.94988170892887,1.3250653857732049,-1092.9461669921875,0.2,,../data/results/vary_B2/B_100_n_6/phi_2.0/results_seed_78.pt,6.0,6.0
vary_B2,100,6,2.0,79,GPArealModel,8.600550651550293,,0.7887193718617064,2.096774965433706,1.546680748209507,,,2.6584550097767257,../data/results/vary_B2/B_100_n_6/phi_2.0/results_seed_79.pt,,
vary_B2,100,6,2.0,79,GPmodel,7.958719730377197,,0.8884657135105746,1.9265188905833226,1.0233454445907675,,,2.16836605092065,../data/results/vary_B2/B_100_n_6/phi_2.0/results_seed_79.pt,,
vary_B2,100,6,2.0,79,VI_best_tau_by_ELBO,8.483345985412598,,0.22470396757125854,2.6651308090939483,1.8665126238089267,-1090.296875,0.2,,../data/results/vary_B2/B_100_n_6/phi_2.0/results_seed_79.pt,6.0,6.0
vary_B2,100,6,2.0,80,GPArealModel,7.689309120178223,,0.9623439916804943,3.0781770472233183,1.3896005860160316,,,3.198624477145691,../data/results/vary_B2/B_100_n_6/phi_2.0/results_seed_80.pt,,
vary_B2,100,6,2.0,80,GPmodel,7.885235786437988,,0.9631449401586332,1.8466900167358562,1.142100158082329,,,1.9173542212989254,../data/results/vary_B2/B_100_n_6/phi_2.0/results_seed_80.pt,,
vary_B2,100,6,2.0,80,VI_best_tau_by_ELBO,8.01211929321289,,0.22674992680549622,3.734182283177658,1.69837678726283,-1094.06123046875,0.2,,../data/results/vary_B2/B_100_n_6/phi_2.0/results_seed_80.pt,6.0,6.0
vary_B2,100,6,2.0,81,GPArealModel,7.874021530151367,,0.49126928558015864,5.031201786242013,1.879071060222079,,,10.241230082805757,../data/results/vary_B2/B_100_n_6/phi_2.0/results_seed_81.pt,,
vary_B2,100,6,2.0,81,GPmodel,7.963772773742676,,0.5280821436541528,3.2471440619097947,1.176018683613118,,,6.1489374350752275,../data/results/vary_B2/B_100_n_6/phi_2.0/results_seed_81.pt,,
vary_B2,100,6,2.0,81,VI_best_tau_by_ELBO,8.14376449584961,,0.22615407407283783,4.941940486172057,1.7617135668071924,-1127.6621826171875,0.2,,../data/results/vary_B2/B_100_n_6/phi_2.0/results_seed_81.pt,6.0,6.0
vary_B2,100,6,2.0,82,GPArealModel,7.959658622741699,,0.6009146798935587,3.9371178558244284,1.2225842788257937,,,6.551874979193083,../data/results/vary_B2/B_100_n_6/phi_2.0/results_seed_82.pt,,
vary_B2,100,6,2.0,82,GPmodel,7.995791912078857,,0.6339943104412237,2.501461556333321,1.1822413339953488,,,3.945558367223276,../data/results/vary_B2/B_100_n_6/phi_2.0/results_seed_82.pt,,
vary_B2,100,6,2.0,82,VI_best_tau_by_ELBO,8.167570114135742,,0.22600692510604858,4.105460913991975,1.7300964988063146,-1107.7574462890625,0.2,,../data/results/vary_B2/B_100_n_6/phi_2.0/results_seed_82.pt,6.0,6.0
vary_B2,100,6,2.0,83,GPArealModel,7.925933837890625,,0.5191971395525178,3.4631767646430713,1.9641100299854297,,,6.670253937893208,../data/results/vary_B2/B_100_n_6/phi_2.0/results_seed_83.pt,,
vary_B2,100,6,2.0,83,GPmodel,7.885178089141846,,0.9668149448414983,2.0808563232664437,1.6161075211796447,,,2.152279848764216,../data/results/vary_B2/B_100_n_6/phi_2.0/results_seed_83.pt,,
vary_B2,100,6,2.0,83,VI_best_tau_by_ELBO,8.179835319519043,,0.2249767780303955,2.894544024325581,1.8709895555808047,-1101.9520263671875,0.2,,../data/results/vary_B2/B_100_n_6/phi_2.0/results_seed_83.pt,6.0,6.0
vary_B2,100,6,2.0,84,GPArealModel,7.971087455749512,,0.3768711851700872,5.596012901558308,0.8208170244742025,,,14.848609078544303,../data/results/vary_B2/B_100_n_6/phi_2.0/results_seed_84.pt,,
vary_B2,100,6,2.0,84,GPmodel,7.999277591705322,,0.40416916750309745,3.3846691536744116,1.0488549696242613,,,8.374387325447016,../data/results/vary_B2/B_100_n_6/phi_2.0/results_seed_84.pt,,
vary_B2,100,6,2.0,84,VI_best_tau_by_ELBO,8.193962097167969,,0.22578679025173187,4.498044915997994,1.5514304142897442,-1097.1124267578125,0.2,,../data/results/vary_B2/B_100_n_6/phi_2.0/results_seed_84.pt,6.0,6.0
vary_B2,100,6,2.0,85,GPArealModel,8.457244873046875,,0.5699258554109501,4.207133452378308,1.5092940349519064,,,7.381896105318326,../data/results/vary_B2/B_100_n_6/phi_2.0/results_seed_85.pt,,
vary_B2,100,6,2.0,85,GPmodel,7.991912364959717,,0.5242244222423222,3.259474933927206,0.9711569716746618,,,6.217709049084548,../data/results/vary_B2/B_100_n_6/phi_2.0/results_seed_85.pt,,
vary_B2,100,6,2.0,85,VI_best_tau_by_ELBO,8.358994483947754,,0.22713108360767365,5.704660367822216,1.3661354547039555,-1087.673779296875,0.2,,../data/results/vary_B2/B_100_n_6/phi_2.0/results_seed_85.pt,6.0,6.0
vary_B2,100,6,2.0,86,GPArealModel,8.113152503967285,,0.3427279466404157,5.835425174076647,1.2438687069391672,,,17.026406020513626,../data/results/vary_B2/B_100_n_6/phi_2.0/results_seed_86.pt,,
vary_B2,100,6,2.0,86,GPmodel,8.04909896850586,,0.4763531420807153,3.6676696724655655,1.0419699816027672,,,7.699476183667327,../data/results/vary_B2/B_100_n_6/phi_2.0/results_seed_86.pt,,
vary_B2,100,6,2.0,86,VI_best_tau_by_ELBO,8.332804679870605,,0.22625157237052917,5.109424138300318,1.5909383831834043,-1110.7783203125,0.2,,../data/results/vary_B2/B_100_n_6/phi_2.0/results_seed_86.pt,6.0,6.0
vary_B2,100,6,2.0,87,GPArealModel,7.7024760246276855,,0.5920364070360693,2.899222607226359,2.4150783957379116,,,4.8970343255422915,../data/results/vary_B2/B_100_n_6/phi_2.0/results_seed_87.pt,,
vary_B2,100,6,2.0,87,GPmodel,7.918666839599609,,0.69888783644772,2.1198994151053885,1.1122601867651511,,,3.0332469740499866,../data/results/vary_B2/B_100_n_6/phi_2.0/results_seed_87.pt,,
vary_B2,100,6,2.0,87,VI_best_tau_by_ELBO,8.041343688964844,,0.2254333198070526,3.103447916993167,1.8023283718342527,-1095.209423828125,0.2,,../data/results/vary_B2/B_100_n_6/phi_2.0/results_seed_87.pt,6.0,6.0
vary_B2,100,6,2.0,88,GPArealModel,7.71703577041626,,0.5048239171365073,5.30449610623449,0.8884618543006645,,,10.507616470160473,../data/results/vary_B2/B_100_n_6/phi_2.0/results_seed_88.pt,,
vary_B2,100,6,2.0,88,GPmodel,7.930821418762207,,0.5108061632420596,3.3980743525079165,0.9873648111294849,,,6.6523753960612355,../data/results/vary_B2/B_100_n_6/phi_2.0/results_seed_88.pt,,
vary_B2,100,6,2.0,88,VI_best_tau_by_ELBO,8.13620662689209,,0.2265346795320511,6.015573576197341,1.4146077963708834,-1098.5509033203125,0.2,,../data/results/vary_B2/B_100_n_6/phi_2.0/results_seed_88.pt,6.0,6.0
vary_B2,100,6,2.0,89,GPArealModel,8.568328857421875,,0.44453826936563523,4.822717447250419,0.9292681762027045,,,10.848824003684836,../data/results/vary_B2/B_100_n_6/phi_2.0/results_seed_89.pt,,
vary_B2,100,6,2.0,89,GPmodel,7.985547065734863,,0.547521323581718,3.5608520699509776,1.0409529954044012,,,6.503586100824286,../data/results/vary_B2/B_100_n_6/phi_2.0/results_seed_89.pt,,
vary_B2,100,6,2.0,89,VI_best_tau_by_ELBO,8.386478424072266,,0.2265894114971161,4.700608580298186,1.7972017043970452,-1130.797802734375,0.2,,../data/results/vary_B2/B_100_n_6/phi_2.0/results_seed_89.pt,6.0,6.0
vary_B2,100,6,2.0,90,GPArealModel,8.052990913391113,,0.7332489220479407,3.0455388852285856,1.0129435304371424,,,4.1534856631258235,../data/results/vary_B2/B_100_n_6/phi_2.0/results_seed_90.pt,,
vary_B2,100,6,2.0,90,GPmodel,8.014269828796387,,0.7785183213100098,1.8092035954415082,0.9676693745062672,,,2.3239062536089947,../data/results/vary_B2/B_100_n_6/phi_2.0/results_seed_90.pt,,
vary_B2,100,6,2.0,90,VI_best_tau_by_ELBO,8.211163520812988,,0.22577740252017975,3.3398190584122154,1.4844408102236395,-1055.049658203125,0.2,,../data/results/vary_B2/B_100_n_6/phi_2.0/results_seed_90.pt,6.0,6.0
vary_B2,100,6,2.0,91,GPArealModel,8.009431838989258,,0.5749698296080029,3.7579510581336795,1.2899284558180228,,,6.535909998435461,../data/results/vary_B2/B_100_n_6/phi_2.0/results_seed_91.pt,,
vary_B2,100,6,2.0,91,GPmodel,7.916201591491699,,0.5701630509188417,3.0122325584595906,1.0613858984850755,,,5.283107268359904,../data/results/vary_B2/B_100_n_6/phi_2.0/results_seed_91.pt,,
vary_B2,100,6,2.0,91,VI_best_tau_by_ELBO,8.13631820678711,,0.22649350762367249,3.677193282320921,1.9521454989969909,-1128.0628662109375,0.2,,../data/results/vary_B2/B_100_n_6/phi_2.0/results_seed_91.pt,6.0,6.0
vary_B2,100,6,2.0,92,GPArealModel,7.667697429656982,,0.4480480329146395,3.6774624663554927,1.071670880056825,,,8.207741572779339,../data/results/vary_B2/B_100_n_6/phi_2.0/results_seed_92.pt,,
vary_B2,100,6,2.0,92,GPmodel,7.977749347686768,,0.5693421723090891,2.2689897441539673,1.0204315437165532,,,3.9852831118263965,../data/results/vary_B2/B_100_n_6/phi_2.0/results_seed_92.pt,,
vary_B2,100,6,2.0,92,VI_best_tau_by_ELBO,8.09649658203125,,0.22580662369728088,3.2318223387610745,1.6025335324005872,-1075.8531494140625,0.2,,../data/results/vary_B2/B_100_n_6/phi_2.0/results_seed_92.pt,6.0,6.0
vary_B2,100,6,2.0,93,GPArealModel,8.025382041931152,,0.47332347558724414,5.4881196767515545,1.4299285402751054,,,11.594860512554423,../data/results/vary_B2/B_100_n_6/phi_2.0/results_seed_93.pt,,
vary_B2,100,6,2.0,93,GPmodel,7.889955997467041,,0.4666408900708135,3.6365833213331236,1.1730109243721645,,,7.793109002473543,../data/results/vary_B2/B_100_n_6/phi_2.0/results_seed_93.pt,,
vary_B2,100,6,2.0,93,VI_best_tau_by_ELBO,8.229887008666992,,0.226024329662323,5.095945388248077,1.756668524453569,-1129.829541015625,0.2,,../data/results/vary_B2/B_100_n_6/phi_2.0/results_seed_93.pt,6.0,6.0
vary_B2,100,6,2.0,94,GPArealModel,7.95139741897583,,0.32817959525141316,5.99351698113696,0.8109980867702168,,,18.262917828713338,../data/results/vary_B2/B_100_n_6/phi_2.0/results_seed_94.pt,,
vary_B2,100,6,2.0,94,GPmodel,7.983436107635498,,0.4719555243837045,3.2293262258119264,1.221472762234624,,,6.842437600510959,../data/results/vary_B2/B_100_n_6/phi_2.0/results_seed_94.pt,,
vary_B2,100,6,2.0,94,VI_best_tau_by_ELBO,8.183880805969238,,0.22598059475421906,4.933268229166666,1.5650697616939357,-1105.5916015625,0.2,,../data/results/vary_B2/B_100_n_6/phi_2.0/results_seed_94.pt,6.0,6.0
vary_B2,100,6,2.0,95,GPArealModel,7.899088382720947,,0.5263433742459106,5.240937211561065,1.622366932728066,,,9.957258831403983,../data/results/vary_B2/B_100_n_6/phi_2.0/results_seed_95.pt,,
vary_B2,100,6,2.0,95,GPmodel,8.0081205368042,,0.5327676678275016,3.4288786581459823,1.1238601826401218,,,6.435973624540927,../data/results/vary_B2/B_100_n_6/phi_2.0/results_seed_95.pt,,
vary_B2,100,6,2.0,95,VI_best_tau_by_ELBO,8.15092945098877,,0.22669610381126404,6.022852084900535,1.5649370189017573,-1120.98935546875,0.2,,../data/results/vary_B2/B_100_n_6/phi_2.0/results_seed_95.pt,6.0,6.0
vary_B2,100,6,2.0,96,GPArealModel,7.710280895233154,,0.2753172633198476,7.958415765974246,1.1127119605622142,,,28.906344883751878,../data/results/vary_B2/B_100_n_6/phi_2.0/results_seed_96.pt,,
vary_B2,100,6,2.0,96,GPmodel,7.963831901550293,,0.3078317492816649,4.972346440491577,1.0530770301830341,,,16.15280571966571,../data/results/vary_B2/B_100_n_6/phi_2.0/results_seed_96.pt,,
vary_B2,100,6,2.0,96,VI_best_tau_by_ELBO,8.139970779418945,,0.22534075379371643,5.695897098848628,1.52229627930014,-1115.3461181640625,0.2,,../data/results/vary_B2/B_100_n_6/phi_2.0/results_seed_96.pt,6.0,6.0
vary_B2,100,6,2.0,97,GPArealModel,7.953317165374756,,0.3321713970810924,4.932769794797251,1.8398339956676821,,,14.850073902037455,../data/results/vary_B2/B_100_n_6/phi_2.0/results_seed_97.pt,,
vary_B2,100,6,2.0,97,GPmodel,7.999172210693359,,0.49601231196838874,3.5505680541300197,1.0854566129287015,,,7.158225649762299,../data/results/vary_B2/B_100_n_6/phi_2.0/results_seed_97.pt,,
vary_B2,100,6,2.0,97,VI_best_tau_by_ELBO,8.210527420043945,,0.22766730189323425,5.74317067413177,1.5111845546404838,-1116.4432861328125,0.2,,../data/results/vary_B2/B_100_n_6/phi_2.0/results_seed_97.pt,6.0,6.0
vary_B2,100,6,2.0,98,GPArealModel,8.172757148742676,,0.44000569250122873,6.539410837894958,1.059417865077971,,,14.862105080326197,../data/results/vary_B2/B_100_n_6/phi_2.0/results_seed_98.pt,,
vary_B2,100,6,2.0,98,GPmodel,8.032265663146973,,0.5078559025603739,3.671646159051922,1.0647641981340692,,,7.229700670093987,../data/results/vary_B2/B_100_n_6/phi_2.0/results_seed_98.pt,,
vary_B2,100,6,2.0,98,VI_best_tau_by_ELBO,8.3198823928833,,0.22567999362945557,5.690006216566365,1.715467039138248,-1133.3379638671875,0.2,,../data/results/vary_B2/B_100_n_6/phi_2.0/results_seed_98.pt,6.0,6.0
vary_B2,100,6,2.0,99,GPArealModel,7.716787338256836,,1.2640937905798635,2.208981369125044,1.4157766419787865,,,1.7474821770240188,../data/results/vary_B2/B_100_n_6/phi_2.0/results_seed_99.pt,,
vary_B2,100,6,2.0,99,GPmodel,7.937862873077393,,1.0496668980297894,1.7105904291072878,0.9787414814524587,,,1.6296507323590397,../data/results/vary_B2/B_100_n_6/phi_2.0/results_seed_99.pt,,
vary_B2,100,6,2.0,99,VI_best_tau_by_ELBO,8.070611953735352,,0.22516825795173645,2.684647570641612,1.925858548954154,-1095.2599853515626,0.2,,../data/results/vary_B2/B_100_n_6/phi_2.0/results_seed_99.pt,6.0,6.0
vary_B2,100,6,2.0,100,GPArealModel,7.95787239074707,,0.48367082141452494,3.67447037311092,1.0972361894973819,,,7.597047848296299,../data/results/vary_B2/B_100_n_6/phi_2.0/results_seed_100.pt,,
vary_B2,100,6,2.0,100,GPmodel,7.922989845275879,,0.6005272257888165,2.263216708531498,1.0187733440486315,,,3.768716240231527,../data/results/vary_B2/B_100_n_6/phi_2.0/results_seed_100.pt,,
vary_B2,100,6,2.0,100,VI_best_tau_by_ELBO,8.166939735412598,,0.22635267674922943,3.4633661727369605,1.554880196416071,-1073.9577880859374,0.2,,../data/results/vary_B2/B_100_n_6/phi_2.0/results_seed_100.pt,6.0,6.0
vary_B2,121,6,2.0,1,GPArealModel,7.7922892570495605,,0.2904346621362997,7.61440746282808,1.9438164857327398,,,26.217282079281127,../data/results/vary_B2/B_121_n_6/phi_2.0/results_seed_1.pt,,
vary_B2,121,6,2.0,1,GPmodel,7.938745021820068,,0.37884352700373053,4.654487385020093,0.9855393978743558,,,12.28604173821415,../data/results/vary_B2/B_121_n_6/phi_2.0/results_seed_1.pt,,
vary_B2,121,6,2.0,1,VI_best_tau_by_ELBO,8.092711448669434,,0.21707892417907715,5.903943305975559,1.540269785841273,-1297.277197265625,0.2,,../data/results/vary_B2/B_121_n_6/phi_2.0/results_seed_1.pt,6.0,6.0
vary_B2,121,6,2.0,2,GPArealModel,7.708966255187988,,0.6157702404796064,3.838376537322394,1.0966149556070437,,,6.233455735588632,../data/results/vary_B2/B_121_n_6/phi_2.0/results_seed_2.pt,,
vary_B2,121,6,2.0,2,GPmodel,7.992783546447754,,0.6532881579907289,2.802339254461926,0.9315404186016683,,,4.289591385034251,../data/results/vary_B2/B_121_n_6/phi_2.0/results_seed_2.pt,,
vary_B2,121,6,2.0,2,VI_best_tau_by_ELBO,8.161492347717285,,0.2186598777770996,5.894947657760287,1.3946807111241282,-1267.7969482421875,0.2,,../data/results/vary_B2/B_121_n_6/phi_2.0/results_seed_2.pt,6.0,6.0
vary_B2,121,6,2.0,3,GPArealModel,7.937136173248291,,0.36081325438666895,4.4940404960870755,1.1132668808295327,,,12.455308782174043,../data/results/vary_B2/B_121_n_6/phi_2.0/results_seed_3.pt,,
vary_B2,121,6,2.0,3,GPmodel,7.950353145599365,,0.5313877792467209,2.913418447648538,1.0436716291106563,,,5.482659860523159,../data/results/vary_B2/B_121_n_6/phi_2.0/results_seed_3.pt,,
vary_B2,121,6,2.0,3,VI_best_tau_by_ELBO,8.250892639160156,,0.21758204698562622,4.466260790462751,1.5822513878460713,-1275.1587646484375,0.2,,../data/results/vary_B2/B_121_n_6/phi_2.0/results_seed_3.pt,6.0,6.0
vary_B2,121,6,2.0,4,GPArealModel,7.82808256149292,,0.2366717105931225,6.067641939578546,1.884221320000052,,,25.63737729520964,../data/results/vary_B2/B_121_n_6/phi_2.0/results_seed_4.pt,,
vary_B2,121,6,2.0,4,GPmodel,7.943709850311279,,0.3915380821602429,3.95485748991982,1.1127041676603684,,,10.100824594378114,../data/results/vary_B2/B_121_n_6/phi_2.0/results_seed_4.pt,,
vary_B2,121,6,2.0,4,VI_best_tau_by_ELBO,8.137869834899902,,0.2187378704547882,6.158355906733291,1.3573998780712768,-1274.0884521484375,0.2,,../data/results/vary_B2/B_121_n_6/phi_2.0/results_seed_4.pt,6.0,6.0
vary_B2,121,6,2.0,5,GPArealModel,8.106497764587402,,0.5263314528271761,3.911730799011123,0.9437278844673616,,,7.43206733703517,../data/results/vary_B2/B_121_n_6/phi_2.0/results_seed_5.pt,,
vary_B2,121,6,2.0,5,GPmodel,7.979409694671631,,0.6588490331742751,2.439264676773564,1.0394673346318004,,,3.702311992508218,../data/results/vary_B2/B_121_n_6/phi_2.0/results_seed_5.pt,,
vary_B2,121,6,2.0,5,VI_best_tau_by_ELBO,8.201659202575684,,0.21874023973941803,4.644268365631904,1.4789310551190105,-1259.3863525390625,0.2,,../data/results/vary_B2/B_121_n_6/phi_2.0/results_seed_5.pt,6.0,6.0
vary_B2,121,6,2.0,6,GPArealModel,7.979326248168945,,0.4306896961694185,3.823955005322031,2.4718798423492427,,,8.878677710037017,../data/results/vary_B2/B_121_n_6/phi_2.0/results_seed_6.pt,,
vary_B2,121,6,2.0,6,GPmodel,7.916810035705566,,0.5887363190497062,2.688938726310247,1.0197593064248969,,,4.567305666907944,../data/results/vary_B2/B_121_n_6/phi_2.0/results_seed_6.pt,,
vary_B2,121,6,2.0,6,VI_best_tau_by_ELBO,8.165992736816406,,0.21879106760025024,4.8676637798605356,1.4598847489039628,-1261.8609619140625,0.2,,../data/results/vary_B2/B_121_n_6/phi_2.0/results_seed_6.pt,6.0,6.0
vary_B2,121,6,2.0,7,GPArealModel,7.81283712387085,,0.535519754259877,4.861697413860074,1.2016421416925942,,,9.07846512698538,../data/results/vary_B2/B_121_n_6/phi_2.0/results_seed_7.pt,,
vary_B2,121,6,2.0,7,GPmodel,7.924141883850098,,0.5252811077748026,3.0522937707564295,1.0999168519253875,,,5.810781552160833,../data/results/vary_B2/B_121_n_6/phi_2.0/results_seed_7.pt,,
vary_B2,121,6,2.0,7,VI_best_tau_by_ELBO,8.11161994934082,,0.21844825148582458,5.685576676203051,1.4321175453841306,-1270.765380859375,0.2,,../data/results/vary_B2/B_121_n_6/phi_2.0/results_seed_7.pt,6.0,6.0
vary_B2,121,6,2.0,8,GPArealModel,8.153939247131348,,0.6054853213860681,3.3526653591997757,1.202790796390644,,,5.537153818237745,../data/results/vary_B2/B_121_n_6/phi_2.0/results_seed_8.pt,,
vary_B2,121,6,2.0,8,GPmodel,7.880406856536865,,0.6843626953534772,2.2850980247776813,1.158915455294198,,,3.339016051419073,../data/results/vary_B2/B_121_n_6/phi_2.0/results_seed_8.pt,,
vary_B2,121,6,2.0,8,VI_best_tau_by_ELBO,8.157376289367676,,0.2180326133966446,4.124554263001415,1.5587581622933062,-1259.8792236328125,0.2,,../data/results/vary_B2/B_121_n_6/phi_2.0/results_seed_8.pt,6.0,6.0
vary_B2,121,6,2.0,9,GPArealModel,8.09852123260498,,0.349928838723213,5.421274107438998,1.3302598296476493,,,15.492504496684601,../data/results/vary_B2/B_121_n_6/phi_2.0/results_seed_9.pt,,
vary_B2,121,6,2.0,9,GPmodel,7.999138355255127,,0.4131555345373722,3.4682584562623644,1.2294447237924757,,,8.394558867875075,../data/results/vary_B2/B_121_n_6/phi_2.0/results_seed_9.pt,,
vary_B2,121,6,2.0,9,VI_best_tau_by_ELBO,8.200620651245117,,0.21806485950946808,5.41326144096503,1.4587147819900406,-1275.940673828125,0.2,,../data/results/vary_B2/B_121_n_6/phi_2.0/results_seed_9.pt,6.0,6.0
vary_B2,121,6,2.0,10,GPArealModel,7.66068172454834,,0.3523364333842697,6.774025198294401,1.3325014112963978,,,19.226013992445758,../data/results/vary_B2/B_121_n_6/phi_2.0/results_seed_10.pt,,
vary_B2,121,6,2.0,10,GPmodel,7.925393581390381,,0.36162115414324947,4.04759029272749,1.1186853493796292,,,11.192902423855747,../data/results/vary_B2/B_121_n_6/phi_2.0/results_seed_10.pt,,
vary_B2,121,6,2.0,10,VI_best_tau_by_ELBO,8.078768730163574,,0.21784138679504395,6.20995581331124,1.3065957377806976,-1264.0381103515624,0.2,,../data/results/vary_B2/B_121_n_6/phi_2.0/results_seed_10.pt,6.0,6.0
vary_B2,121,6,2.0,11,GPArealModel,7.902263164520264,,0.8196062906394619,2.525569656483894,1.606352565569056,,,3.0814424990728524,../data/results/vary_B2/B_121_n_6/phi_2.0/results_seed_11.pt,,
vary_B2,121,6,2.0,11,GPmodel,7.927446365356445,,0.9080064186153693,1.8306792899821207,1.0994524235372192,,,2.0161523668232952,../data/results/vary_B2/B_121_n_6/phi_2.0/results_seed_11.pt,,
vary_B2,121,6,2.0,11,VI_best_tau_by_ELBO,8.227038383483887,,0.21953678131103516,3.9183427483559443,1.5239984638221484,-1250.3237060546876,0.2,,../data/results/vary_B2/B_121_n_6/phi_2.0/results_seed_11.pt,6.0,6.0
vary_B2,121,6,2.0,12,GPArealModel,8.087217330932617,,0.2693177679175555,5.300434843744773,1.074541730158351,,,19.68096975082372,../data/results/vary_B2/B_121_n_6/phi_2.0/results_seed_12.pt,,
vary_B2,121,6,2.0,12,GPmodel,7.970669269561768,,0.33513126458864795,3.533516172287553,1.0783018880713815,,,10.543678091701521,../data/results/vary_B2/B_121_n_6/phi_2.0/results_seed_12.pt,,
vary_B2,121,6,2.0,12,VI_best_tau_by_ELBO,8.118301391601562,,0.21804457902908325,4.647199266755558,1.3264136220894607,-1241.58564453125,0.2,,../data/results/vary_B2/B_121_n_6/phi_2.0/results_seed_12.pt,6.0,6.0
vary_B2,121,6,2.0,13,GPArealModel,8.036591529846191,,0.3647392448296907,5.738213458650932,1.8433207295482206,,,15.732371934175335,../data/results/vary_B2/B_121_n_6/phi_2.0/results_seed_13.pt,,
vary_B2,121,6,2.0,13,GPmodel,7.905175685882568,,0.4184886076343559,3.7328438952275182,1.1415187628998467,,,8.919822014579184,../data/results/vary_B2/B_121_n_6/phi_2.0/results_seed_13.pt,,
vary_B2,121,6,2.0,13,VI_best_tau_by_ELBO,8.181565284729004,,0.21822090446949005,5.64660991762462,1.515991244649268,-1288.6848876953125,0.2,,../data/results/vary_B2/B_121_n_6/phi_2.0/results_seed_13.pt,6.0,6.0
vary_B2,121,6,2.0,14,GPArealModel,7.860871315002441,,0.539328330218188,3.6260736716153783,1.3896019940697832,,,6.723313922983484,../data/results/vary_B2/B_121_n_6/phi_2.0/results_seed_14.pt,,
vary_B2,121,6,2.0,14,GPmodel,7.932142734527588,,0.6767242530616251,2.3151256191632767,1.1890310038959646,,,3.421076766037603,../data/results/vary_B2/B_121_n_6/phi_2.0/results_seed_14.pt,,
vary_B2,121,6,2.0,14,VI_best_tau_by_ELBO,8.110815048217773,,0.21675214171409607,3.8564867105512977,1.7584730820970553,-1286.3290771484376,0.2,,../data/results/vary_B2/B_121_n_6/phi_2.0/results_seed_14.pt,6.0,6.0
vary_B2,121,6,2.0,15,GPArealModel,8.107604026794434,,0.41620074720828093,3.7889766924464983,1.4744765001704299,,,9.103723906940433,../data/results/vary_B2/B_121_n_6/phi_2.0/results_seed_15.pt,,
vary_B2,121,6,2.0,15,GPmodel,7.924266815185547,,0.5133069226954461,2.5171045010275894,1.1475306326724382,,,4.903702618717713,../data/results/vary_B2/B_121_n_6/phi_2.0/results_seed_15.pt,,
vary_B2,121,6,2.0,15,VI_best_tau_by_ELBO,8.147845268249512,,0.21828588843345642,3.672460910530585,1.5694242286208056,-1256.361865234375,0.2,,../data/results/vary_B2/B_121_n_6/phi_2.0/results_seed_15.pt,6.0,6.0
vary_B2,121,6,2.0,16,GPArealModel,7.748562812805176,,0.6152116026600303,4.261234274453117,0.8805658821312647,,,6.926453038318105,../data/results/vary_B2/B_121_n_6/phi_2.0/results_seed_16.pt,,
vary_B2,121,6,2.0,16,GPmodel,7.992753028869629,,0.6201571294456915,2.609999240364323,1.057922084148767,,,4.208609586891617,../data/results/vary_B2/B_121_n_6/phi_2.0/results_seed_16.pt,,
vary_B2,121,6,2.0,16,VI_best_tau_by_ELBO,8.094898223876953,,0.21875828504562378,5.005583005924641,1.529848972627123,-1275.1987060546876,0.2,,../data/results/vary_B2/B_121_n_6/phi_2.0/results_seed_16.pt,6.0,6.0
vary_B2,121,6,2.0,17,GPArealModel,7.897804260253906,,0.6461360673679108,3.650457474403132,1.593990823210398,,,5.6496729694622605,../data/results/vary_B2/B_121_n_6/phi_2.0/results_seed_17.pt,,
vary_B2,121,6,2.0,17,GPmodel,7.942497730255127,,0.6532007457649891,2.6107918244700516,1.010370463590027,,,3.99692107119757,../data/results/vary_B2/B_121_n_6/phi_2.0/results_seed_17.pt,,
vary_B2,121,6,2.0,17,VI_best_tau_by_ELBO,8.1746244430542,,0.21970075368881226,5.010226127753038,1.4980238835741162,-1271.179150390625,0.2,,../data/results/vary_B2/B_121_n_6/phi_2.0/results_seed_17.pt,6.0,6.0
vary_B2,121,6,2.0,18,GPArealModel,7.978738307952881,,0.3877318063546709,3.9456089298723134,2.977707594473884,,,10.176129131544952,../data/results/vary_B2/B_121_n_6/phi_2.0/results_seed_18.pt,,
vary_B2,121,6,2.0,18,GPmodel,7.981540679931641,,0.5306296212635899,2.9811513774089593,1.1390867055075578,,,5.618139768205805,../data/results/vary_B2/B_121_n_6/phi_2.0/results_seed_18.pt,,
vary_B2,121,6,2.0,18,VI_best_tau_by_ELBO,8.178723335266113,,0.21867582201957703,5.002822349230184,1.5659659068843206,-1282.4870849609374,0.2,,../data/results/vary_B2/B_121_n_6/phi_2.0/results_seed_18.pt,6.0,6.0
vary_B2,121,6,2.0,19,GPArealModel,7.9898176193237305,,0.588909169658241,4.948296467128473,1.2530882327833515,,,8.402478212387312,../data/results/vary_B2/B_121_n_6/phi_2.0/results_seed_19.pt,,
vary_B2,121,6,2.0,19,GPmodel,7.865207195281982,,0.5500132605218861,2.979509614332993,0.9836742422698839,,,5.417159599944649,../data/results/vary_B2/B_121_n_6/phi_2.0/results_seed_19.pt,,
vary_B2,121,6,2.0,19,VI_best_tau_by_ELBO,8.159991264343262,,0.21827584505081177,5.244109610173294,1.5021549236441936,-1275.2742431640625,0.2,,../data/results/vary_B2/B_121_n_6/phi_2.0/results_seed_19.pt,6.0,6.0
vary_B2,121,6,2.0,20,GPArealModel,8.081332206726074,,0.4729014389057338,3.8371495303661636,0.6983635512274873,,,8.114057633753669,../data/results/vary_B2/B_121_n_6/phi_2.0/results_seed_20.pt,,
vary_B2,121,6,2.0,20,GPmodel,7.9805378913879395,,0.6984077591321571,2.3953924440763834,1.190695599320929,,,3.429790710018604,../data/results/vary_B2/B_121_n_6/phi_2.0/results_seed_20.pt,,
vary_B2,121,6,2.0,20,VI_best_tau_by_ELBO,8.147528648376465,,0.21856938302516937,4.833244401688932,1.5261779296335611,-1272.4038818359375,0.2,,../data/results/vary_B2/B_121_n_6/phi_2.0/results_seed_20.pt,6.0,6.0
vary_B2,121,6,2.0,21,GPArealModel,7.775956630706787,,0.40903720919965675,4.459321689494784,1.67881335623964,,,10.901995195547423,../data/results/vary_B2/B_121_n_6/phi_2.0/results_seed_21.pt,,
vary_B2,121,6,2.0,21,GPmodel,7.932065010070801,,0.5383983318276958,2.63135399544832,1.170913162934562,,,4.887373975539053,../data/results/vary_B2/B_121_n_6/phi_2.0/results_seed_21.pt,,
vary_B2,121,6,2.0,21,VI_best_tau_by_ELBO,8.040098190307617,,0.21856629848480225,4.891628127373308,1.4336546334532931,-1257.580224609375,0.2,,../data/results/vary_B2/B_121_n_6/phi_2.0/results_seed_21.pt,6.0,6.0
vary_B2,121,6,2.0,22,GPArealModel,8.31399917602539,,0.5078090458786971,3.94407117452514,1.8309310401836554,,,7.766839142655367,../data/results/vary_B2/B_121_n_6/phi_2.0/results_seed_22.pt,,
vary_B2,121,6,2.0,22,GPmodel,7.971768856048584,,0.5627644118522727,2.9236565843466034,1.0392597294424342,,,5.195169635414103,../data/results/vary_B2/B_121_n_6/phi_2.0/results_seed_22.pt,,
vary_B2,121,6,2.0,22,VI_best_tau_by_ELBO,8.20815658569336,,0.21913616359233856,5.82777965664699,1.3468223051351922,-1260.1861083984375,0.2,,../data/results/vary_B2/B_121_n_6/phi_2.0/results_seed_22.pt,6.0,6.0
vary_B2,121,6,2.0,23,GPArealModel,7.370977878570557,,0.6084777641829084,3.7821931001110847,1.622841076714562,,,6.2158279607636695,../data/results/vary_B2/B_121_n_6/phi_2.0/results_seed_23.pt,,
vary_B2,121,6,2.0,23,GPmodel,7.951879501342773,,0.6857984176777997,2.2276739687715623,1.250449830791356,,,3.2482926634837517,../data/results/vary_B2/B_121_n_6/phi_2.0/results_seed_23.pt,,
vary_B2,121,6,2.0,23,VI_best_tau_by_ELBO,8.044281959533691,,0.21789602935314178,4.290693610190555,1.589434859964012,-1268.773681640625,0.2,,../data/results/vary_B2/B_121_n_6/phi_2.0/results_seed_23.pt,6.0,6.0
vary_B2,121,6,2.0,24,GPArealModel,8.110346794128418,,0.25894587716859685,6.063851484329073,1.5296987069291008,,,23.417447501513863,../data/results/vary_B2/B_121_n_6/phi_2.0/results_seed_24.pt,,
vary_B2,121,6,2.0,24,GPmodel,7.987302780151367,,0.3353614999664832,3.8683922949743503,1.0087185075299987,,,11.534992225884505,../data/results/vary_B2/B_121_n_6/phi_2.0/results_seed_24.pt,,
vary_B2,121,6,2.0,24,VI_best_tau_by_ELBO,8.217456817626953,,0.2171662598848343,4.8702862183055435,1.3549316709655912,-1249.0364990234375,0.2,,../data/results/vary_B2/B_121_n_6/phi_2.0/results_seed_24.pt,6.0,6.0
vary_B2,121,6,2.0,25,GPArealModel,8.246520042419434,,0.3788044415966974,4.5477439342247195,1.921795782313001,,,12.00551903524557,../data/results/vary_B2/B_121_n_6/phi_2.0/results_seed_25.pt,,
vary_B2,121,6,2.0,25,GPmodel,7.951395034790039,,0.4973830748712901,3.0195747484858497,1.1565645709552885,,,6.070923803081232,../data/results/vary_B2/B_121_n_6/phi_2.0/results_seed_25.pt,,
vary_B2,121,6,2.0,25,VI_best_tau_by_ELBO,8.18989086151123,,0.2177283763885498,4.517620332133734,1.5870394702775474,-1278.2598388671875,0.2,,../data/results/vary_B2/B_121_n_6/phi_2.0/results_seed_25.pt,6.0,6.0
vary_B2,121,6,2.0,26,GPArealModel,8.087695121765137,,0.35542140859355753,5.320615631761319,2.2066297583635164,,,14.969879425146598,../data/results/vary_B2/B_121_n_6/phi_2.0/results_seed_26.pt,,
vary_B2,121,6,2.0,26,GPmodel,7.993041038513184,,0.4296884564244955,3.4819909801062208,1.145497522329145,,,8.10352460729434,../data/results/vary_B2/B_121_n_6/phi_2.0/results_seed_26.pt,,
vary_B2,121,6,2.0,26,VI_best_tau_by_ELBO,8.188628196716309,,0.21766218543052673,4.92512312886202,1.5970066916511323,-1288.721484375,0.2,,../data/results/vary_B2/B_121_n_6/phi_2.0/results_seed_26.pt,6.0,6.0
vary_B2,121,6,2.0,27,GPArealModel,8.16874885559082,,0.40844803986562406,3.7680792349048806,2.482606828869262,,,9.225357614996872,../data/results/vary_B2/B_121_n_6/phi_2.0/results_seed_27.pt,,
vary_B2,121,6,2.0,27,GPmodel,7.94114875793457,,0.5995950812281274,2.5300875049646465,1.1589906477692875,,,4.219660207656084,../data/results/vary_B2/B_121_n_6/phi_2.0/results_seed_27.pt,,
vary_B2,121,6,2.0,27,VI_best_tau_by_ELBO,8.26549243927002,,0.21821947395801544,4.291648327464788,1.5237613015331573,-1260.430908203125,0.2,,../data/results/vary_B2/B_121_n_6/phi_2.0/results_seed_27.pt,6.0,6.0
vary_B2,121,6,2.0,28,GPArealModel,7.883248805999756,,0.7233585829062267,2.5218992555143696,1.2424013531823963,,,3.4863749668693687,../data/results/vary_B2/B_121_n_6/phi_2.0/results_seed_28.pt,,
vary_B2,121,6,2.0,28,GPmodel,7.977524280548096,,0.8871053522301227,1.7348236474348455,1.1653937591967227,,,1.9556004741416753,../data/results/vary_B2/B_121_n_6/phi_2.0/results_seed_28.pt,,
vary_B2,121,6,2.0,28,VI_best_tau_by_ELBO,8.23918628692627,,0.21694400906562805,2.946649576148681,1.7006499831171464,-1253.2697509765626,0.2,,../data/results/vary_B2/B_121_n_6/phi_2.0/results_seed_28.pt,6.0,6.0
vary_B2,121,6,2.0,29,GPArealModel,7.971391677856445,,0.2958416914940328,6.0341768908061795,1.5953879286832668,,,20.396641394027085,../data/results/vary_B2/B_121_n_6/phi_2.0/results_seed_29.pt,,
vary_B2,121,6,2.0,29,GPmodel,7.927156448364258,,0.35658359424379976,4.095956243905868,0.9392306330935088,,,11.486664866318616,../data/results/vary_B2/B_121_n_6/phi_2.0/results_seed_29.pt,,
vary_B2,121,6,2.0,29,VI_best_tau_by_ELBO,8.144079208374023,,0.218282550573349,5.844569465660384,1.2203684514216118,-1244.4373291015625,0.2,,../data/results/vary_B2/B_121_n_6/phi_2.0/results_seed_29.pt,6.0,6.0
vary_B2,121,6,2.0,30,GPArealModel,7.828744411468506,,0.4935139975210071,4.089792495148249,1.600114215288604,,,8.28708509929176,../data/results/vary_B2/B_121_n_6/phi_2.0/results_seed_30.pt,,
vary_B2,121,6,2.0,30,GPmodel,7.930624485015869,,0.5752594571313736,2.902503304563665,1.0652810864363111,,,5.045555129223738,../data/results/vary_B2/B_121_n_6/phi_2.0/results_seed_30.pt,,
vary_B2,121,6,2.0,30,VI_best_tau_by_ELBO,8.091864585876465,,0.21917706727981567,4.825758703569456,1.6102279414461647,-1288.855078125,0.2,,../data/results/vary_B2/B_121_n_6/phi_2.0/results_seed_30.pt,6.0,6.0
vary_B2,121,6,2.0,31,GPArealModel,8.104573249816895,,0.44335309827268876,3.944893587452214,1.840226520164482,,,8.897859522853425,../data/results/vary_B2/B_121_n_6/phi_2.0/results_seed_31.pt,,
vary_B2,121,6,2.0,31,GPmodel,7.885237693786621,,0.5815936293949,2.5355185343869415,1.053615923879806,,,4.359605068275831,../data/results/vary_B2/B_121_n_6/phi_2.0/results_seed_31.pt,,
vary_B2,121,6,2.0,31,VI_best_tau_by_ELBO,8.136080741882324,,0.21833054721355438,4.561762521359776,1.4533028632888014,-1253.4355224609376,0.2,,../data/results/vary_B2/B_121_n_6/phi_2.0/results_seed_31.pt,6.0,6.0
vary_B2,121,6,2.0,32,GPArealModel,7.945162296295166,,0.42586229121414115,4.929797600885995,1.3320892682591796,,,11.576036908154164,../data/results/vary_B2/B_121_n_6/phi_2.0/results_seed_32.pt,,
vary_B2,121,6,2.0,32,GPmodel,8.016889572143555,,0.5111257069861763,3.1839764900306484,1.0641400968032286,,,6.229341327410012,../data/results/vary_B2/B_121_n_6/phi_2.0/results_seed_32.pt,,
vary_B2,121,6,2.0,32,VI_best_tau_by_ELBO,8.256380081176758,,0.21836064755916595,5.260472291084127,1.4820755202939448,-1273.633349609375,0.2,,../data/results/vary_B2/B_121_n_6/phi_2.0/results_seed_32.pt,6.0,6.0
vary_B2,121,6,2.0,33,GPArealModel,7.956030368804932,,0.32348277284540483,5.867888690294492,2.1935137250558956,,,18.139725459503236,../data/results/vary_B2/B_121_n_6/phi_2.0/results_seed_33.pt,,
vary_B2,121,6,2.0,33,GPmodel,7.9486403465271,,0.4216149680875646,3.6270749278458307,1.13256247616162,,,8.60281347291382,../data/results/vary_B2/B_121_n_6/phi_2.0/results_seed_33.pt,,
vary_B2,121,6,2.0,33,VI_best_tau_by_ELBO,8.167826652526855,,0.21827250719070435,5.290468685273405,1.5044292880829708,-1280.9435791015626,0.2,,../data/results/vary_B2/B_121_n_6/phi_2.0/results_seed_33.pt,6.0,6.0
vary_B2,121,6,2.0,34,GPArealModel,7.943497657775879,,0.34628009873091575,4.534500505130854,1.0561489684157055,,,13.09489203032278,../data/results/vary_B2/B_121_n_6/phi_2.0/results_seed_34.pt,,
vary_B2,121,6,2.0,34,GPmodel,7.9788336753845215,,0.519248482435791,2.6004307179971673,1.0102373828507023,,,5.008066091591766,../data/results/vary_B2/B_121_n_6/phi_2.0/results_seed_34.pt,,
vary_B2,121,6,2.0,34,VI_best_tau_by_ELBO,8.148781776428223,,0.21806462109088898,4.317440189929404,1.4118948670192109,-1242.517138671875,0.2,,../data/results/vary_B2/B_121_n_6/phi_2.0/results_seed_34.pt,6.0,6.0
vary_B2,121,6,2.0,35,GPArealModel,7.992368221282959,,0.41185447857960034,3.305513418948836,1.4961973253604137,,,8.025925638465456,../data/results/vary_B2/B_121_n_6/phi_2.0/results_seed_35.pt,,
vary_B2,121,6,2.0,35,GPmodel,7.920773029327393,,0.6338800467861012,2.107086638694966,1.167499464179152,,,3.324109426347015,../data/results/vary_B2/B_121_n_6/phi_2.0/results_seed_35.pt,,
vary_B2,121,6,2.0,35,VI_best_tau_by_ELBO,8.159486770629883,,0.2179834246635437,3.4760123239436616,1.4526613283407552,-1229.3731201171875,0.2,,../data/results/vary_B2/B_121_n_6/phi_2.0/results_seed_35.pt,6.0,6.0
vary_B2,121,6,2.0,36,GPArealModel,7.826885223388672,,0.7222140605490078,3.021073639524934,0.8543908423071677,,,4.183072311315006,../data/results/vary_B2/B_121_n_6/phi_2.0/results_seed_36.pt,,
vary_B2,121,6,2.0,36,GPmodel,7.940112590789795,,0.7057305307428999,2.0722153744606056,0.9687306866105249,,,2.9362699843511813,../data/results/vary_B2/B_121_n_6/phi_2.0/results_seed_36.pt,,
vary_B2,121,6,2.0,36,VI_best_tau_by_ELBO,8.057358741760254,,0.21862179040908813,3.6487170379815654,1.5259040215172777,-1243.831103515625,0.2,,../data/results/vary_B2/B_121_n_6/phi_2.0/results_seed_36.pt,6.0,6.0
vary_B2,121,6,2.0,37,GPArealModel,7.398537635803223,,0.6788359392166482,3.3155259419786827,0.9171502844910029,,,4.884134369498288,../data/results/vary_B2/B_121_n_6/phi_2.0/results_seed_37.pt,,
vary_B2,121,6,2.0,37,GPmodel,7.873818874359131,,0.7614087032062792,2.4046439064904748,0.8789348625579851,,,3.1581513270922175,../data/results/vary_B2/B_121_n_6/phi_2.0/results_seed_37.pt,,
vary_B2,121,6,2.0,37,VI_best_tau_by_ELBO,7.992447376251221,,0.21922168135643005,4.684866099553818,1.4759998168776753,-1257.2578857421875,0.2,,../data/results/vary_B2/B_121_n_6/phi_2.0/results_seed_37.pt,6.0,6.0
vary_B2,121,6,2.0,38,GPArealModel,7.880912780761719,,0.4326396847486222,4.80190350808852,1.576708289194254,,,11.09908239434527,../data/results/vary_B2/B_121_n_6/phi_2.0/results_seed_38.pt,,
vary_B2,121,6,2.0,38,GPmodel,7.919384479522705,,0.531928874094895,2.8471616454516826,1.0995502514855802,,,5.35252321148439,../data/results/vary_B2/B_121_n_6/phi_2.0/results_seed_38.pt,,
vary_B2,121,6,2.0,38,VI_best_tau_by_ELBO,8.079262733459473,,0.21848951280117035,5.040712016815969,1.4935816838839409,-1272.55,0.2,,../data/results/vary_B2/B_121_n_6/phi_2.0/results_seed_38.pt,6.0,6.0
vary_B2,121,6,2.0,39,GPArealModel,7.779794692993164,,0.4097496913506947,4.516317666210296,0.8840147301765807,,,11.022138055364366,../data/results/vary_B2/B_121_n_6/phi_2.0/results_seed_39.pt,,
vary_B2,121,6,2.0,39,GPmodel,7.895811080932617,,0.47348871552141564,2.8908101424293142,0.950783246757661,,,6.105341157383009,../data/results/vary_B2/B_121_n_6/phi_2.0/results_seed_39.pt,,
vary_B2,121,6,2.0,39,VI_best_tau_by_ELBO,8.029375076293945,,0.21832984685897827,4.581869568359914,1.3702696826832625,-1240.451806640625,0.2,,../data/results/vary_B2/B_121_n_6/phi_2.0/results_seed_39.pt,6.0,6.0
vary_B2,121,6,2.0,40,GPArealModel,7.496719837188721,,0.5082453010379708,3.8197174851905067,1.5278381842851918,,,7.51549985290496,../data/results/vary_B2/B_121_n_6/phi_2.0/results_seed_40.pt,,
vary_B2,121,6,2.0,40,GPmodel,7.953345775604248,,0.6328678584637547,2.5643330670529765,1.0810540018425072,,,4.05192495203932,../data/results/vary_B2/B_121_n_6/phi_2.0/results_seed_40.pt,,
vary_B2,121,6,2.0,40,VI_best_tau_by_ELBO,8.111027717590332,,0.21838690340518951,4.130579567324289,1.715020467088684,-1288.4709716796874,0.2,,../data/results/vary_B2/B_121_n_6/phi_2.0/results_seed_40.pt,6.0,6.0
vary_B2,121,6,2.0,41,GPArealModel,8.122457504272461,,0.6296633034563885,3.2646900755995194,1.8380917332718039,,,5.18481870815525,../data/results/vary_B2/B_121_n_6/phi_2.0/results_seed_41.pt,,
vary_B2,121,6,2.0,41,GPmodel,7.97089147567749,,0.6462967238541963,2.4212572743145273,1.0003977746690742,,,3.7463554818525737,../data/results/vary_B2/B_121_n_6/phi_2.0/results_seed_41.pt,,
vary_B2,121,6,2.0,41,VI_best_tau_by_ELBO,8.205796241760254,,0.21850715577602386,4.19674970010011,1.571944857525977,-1263.7419189453126,0.2,,../data/results/vary_B2/B_121_n_6/phi_2.0/results_seed_41.pt,6.0,6.0
vary_B2,121,6,2.0,42,GPArealModel,7.784273147583008,,0.38044120624534344,4.7529428846525015,1.6613225741014481,,,12.493238920043185,../data/results/vary_B2/B_121_n_6/phi_2.0/results_seed_42.pt,,
vary_B2,121,6,2.0,42,GPmodel,7.952953815460205,,0.5248676135398539,2.7811535070809743,1.0449529289050055,,,5.2987714146127205,../data/results/vary_B2/B_121_n_6/phi_2.0/results_seed_42.pt,,
vary_B2,121,6,2.0,42,VI_best_tau_by_ELBO,8.051362991333008,,0.21700283885002136,4.146959778354564,1.5949876938561516,-1269.9778564453125,0.2,,../data/results/vary_B2/B_121_n_6/phi_2.0/results_seed_42.pt,6.0,6.0
vary_B2,121,6,2.0,43,GPArealModel,7.578015327453613,,0.662736451418298,3.761450086846292,1.263928925750646,,,5.6756348300995825,../data/results/vary_B2/B_121_n_6/phi_2.0/results_seed_43.pt,,
vary_B2,121,6,2.0,43,GPmodel,8.000391960144043,,0.6579189998835853,2.4684282677798453,1.147928505305561,,,3.7518725986278225,../data/results/vary_B2/B_121_n_6/phi_2.0/results_seed_43.pt,,
vary_B2,121,6,2.0,43,VI_best_tau_by_ELBO,8.114011764526367,,0.2194468080997467,4.926821190624136,1.5460024720165353,-1277.2793701171875,0.2,,../data/results/vary_B2/B_121_n_6/phi_2.0/results_seed_43.pt,6.0,6.0
vary_B2,121,6,2.0,44,GPArealModel,7.9218831062316895,,0.39421522817344573,4.384096643254582,1.2510284495361614,,,11.121073794048561,../data/results/vary_B2/B_121_n_6/phi_2.0/results_seed_44.pt,,
vary_B2,121,6,2.0,44,GPmodel,7.982442378997803,,0.48875783232882125,2.792719368659363,1.1618070690645863,,,5.7139122566132245,../data/results/vary_B2/B_121_n_6/phi_2.0/results_seed_44.pt,,
vary_B2,121,6,2.0,44,VI_best_tau_by_ELBO,8.166104316711426,,0.21827179193496704,4.612094191219621,1.5022454397416976,-1267.0436767578126,0.2,,../data/results/vary_B2/B_121_n_6/phi_2.0/results_seed_44.pt,6.0,6.0
vary_B2,121,6,2.0,45,GPArealModel,8.133625030517578,,0.5256968391321899,4.149908004397477,1.1887345488065688,,,7.894108724808131,../data/results/vary_B2/B_121_n_6/phi_2.0/results_seed_45.pt,,
vary_B2,121,6,2.0,45,GPmodel,7.914007186889648,,0.59587686491591,2.9097941289371847,0.9576221912947693,,,4.883213798454508,../data/results/vary_B2/B_121_n_6/phi_2.0/results_seed_45.pt,,
vary_B2,121,6,2.0,45,VI_best_tau_by_ELBO,8.116031646728516,,0.21963036060333252,5.494223286255523,1.3828175399093394,-1262.35400390625,0.2,,../data/results/vary_B2/B_121_n_6/phi_2.0/results_seed_45.pt,6.0,6.0
vary_B2,121,6,2.0,46,GPArealModel,8.151581764221191,,0.22144682852525444,7.270594636268208,1.4949972615545783,,,32.83223645462616,../data/results/vary_B2/B_121_n_6/phi_2.0/results_seed_46.pt,,
vary_B2,121,6,2.0,46,GPmodel,7.998868465423584,,0.2577400889789625,4.716437569650369,1.0613882273763082,,,18.29920051760104,../data/results/vary_B2/B_121_n_6/phi_2.0/results_seed_46.pt,,
vary_B2,121,6,2.0,46,VI_best_tau_by_ELBO,8.209248542785645,,0.2165389358997345,5.05136560978925,1.3417643599996116,-1255.06494140625,0.2,,../data/results/vary_B2/B_121_n_6/phi_2.0/results_seed_46.pt,6.0,6.0
vary_B2,121,6,2.0,47,GPArealModel,7.693195819854736,,0.3628036987217425,5.500890128519221,1.3793256017238602,,,15.162166614894982,../data/results/vary_B2/B_121_n_6/phi_2.0/results_seed_47.pt,,
vary_B2,121,6,2.0,47,GPmodel,7.965531349182129,,0.4983080696805922,2.891886909002498,1.0974981329043185,,,5.803411754612268,../data/results/vary_B2/B_121_n_6/phi_2.0/results_seed_47.pt,,
vary_B2,121,6,2.0,47,VI_best_tau_by_ELBO,8.099079132080078,,0.218068927526474,5.439671914375345,1.3544304612525027,-1253.1301025390626,0.2,,../data/results/vary_B2/B_121_n_6/phi_2.0/results_seed_47.pt,6.0,6.0
vary_B2,121,6,2.0,48,GPArealModel,7.5854411125183105,,0.6120511397101184,3.997616063285725,1.5641119147314029,,,6.53150660773067,../data/results/vary_B2/B_121_n_6/phi_2.0/results_seed_48.pt,,
vary_B2,121,6,2.0,48,GPmodel,7.993475437164307,,0.6661715637882757,2.490424937146901,1.1255639966243007,,,3.7384137548363054,../data/results/vary_B2/B_121_n_6/phi_2.0/results_seed_48.pt,,
vary_B2,121,6,2.0,48,VI_best_tau_by_ELBO,8.156819343566895,,0.2190987467765808,5.997851481591756,1.3518425773698564,-1261.95869140625,0.2,,../data/results/vary_B2/B_121_n_6/phi_2.0/results_seed_48.pt,6.0,6.0
vary_B2,121,6,2.0,49,GPArealModel,8.1431884765625,,0.662514111252547,4.785236961192677,1.364466904369822,,,7.222845340072415,../data/results/vary_B2/B_121_n_6/phi_2.0/results_seed_49.pt,,
vary_B2,121,6,2.0,49,GPmodel,7.967233180999756,,0.5898431941498377,3.208295803776998,1.1655837035567829,,,5.439235097730052,../data/results/vary_B2/B_121_n_6/phi_2.0/results_seed_49.pt,,
vary_B2,121,6,2.0,49,VI_best_tau_by_ELBO,8.216645240783691,,0.21846185624599457,6.297710242767882,1.5969937126203915,-1309.1089111328124,0.2,,../data/results/vary_B2/B_121_n_6/phi_2.0/results_seed_49.pt,6.0,6.0
vary_B2,121,6,2.0,50,GPArealModel,7.669891357421875,,0.5077050867047425,4.029920842336127,1.185835180189856,,,7.937523077604578,../data/results/vary_B2/B_121_n_6/phi_2.0/results_seed_50.pt,,
vary_B2,121,6,2.0,50,GPmodel,7.943048477172852,,0.5433650466579333,2.6141428148256955,0.9520092656759924,,,4.811024983856547,../data/results/vary_B2/B_121_n_6/phi_2.0/results_seed_50.pt,,
vary_B2,121,6,2.0,50,VI_best_tau_by_ELBO,7.992523193359375,,0.2185443639755249,4.6588867996582435,1.3598802214134993,-1239.4705322265625,0.2,,../data/results/vary_B2/B_121_n_6/phi_2.0/results_seed_50.pt,6.0,6.0
vary_B2,121,6,2.0,51,GPArealModel,7.848608493804932,,0.5035723492558127,4.444163631952116,1.5489276043143076,,,8.825273346560374,../data/results/vary_B2/B_121_n_6/phi_2.0/results_seed_51.pt,,
vary_B2,121,6,2.0,51,GPmodel,7.933671474456787,,0.5290413996120809,3.0563418679550014,1.049118979307173,,,5.777131752252397,../data/results/vary_B2/B_121_n_6/phi_2.0/results_seed_51.pt,,
vary_B2,121,6,2.0,51,VI_best_tau_by_ELBO,8.13789176940918,,0.21905940771102905,5.761641212933236,1.4083702173788748,-1271.77607421875,0.2,,../data/results/vary_B2/B_121_n_6/phi_2.0/results_seed_51.pt,6.0,6.0
vary_B2,121,6,2.0,52,GPArealModel,7.633307933807373,,0.7531987320780388,3.1126848485162384,1.6585599662023205,,,4.132620935152787,../data/results/vary_B2/B_121_n_6/phi_2.0/results_seed_52.pt,,
vary_B2,121,6,2.0,52,GPmodel,7.876895427703857,,0.8079149509850158,2.217268764354664,0.9757981003133883,,,2.744433385780711,../data/results/vary_B2/B_121_n_6/phi_2.0/results_seed_52.pt,,
vary_B2,121,6,2.0,52,VI_best_tau_by_ELBO,8.026163101196289,,0.21848522126674652,4.153883838416529,1.6612609846425366,-1276.5020263671875,0.2,,../data/results/vary_B2/B_121_n_6/phi_2.0/results_seed_52.pt,6.0,6.0
vary_B2,121,6,2.0,53,GPArealModel,7.923274993896484,,0.3924697244708512,4.438506476600624,1.0602103307193904,,,11.309169089628142,../data/results/vary_B2/B_121_n_6/phi_2.0/results_seed_53.pt,,
vary_B2,121,6,2.0,53,GPmodel,7.926942825317383,,0.4717663268193414,2.6201242198399233,1.073403677609217,,,5.553860186471672,../data/results/vary_B2/B_121_n_6/phi_2.0/results_seed_53.pt,,
vary_B2,121,6,2.0,53,VI_best_tau_by_ELBO,8.132579803466797,,0.2175062745809555,3.983703461578293,1.4635824241943696,-1245.7451904296875,0.2,,../data/results/vary_B2/B_121_n_6/phi_2.0/results_seed_53.pt,6.0,6.0
vary_B2,121,6,2.0,54,GPArealModel,7.911557197570801,,0.6828836367413046,2.676941710670049,1.4378732473976872,,,3.9200554335205857,../data/results/vary_B2/B_121_n_6/phi_2.0/results_seed_54.pt,,
vary_B2,121,6,2.0,54,GPmodel,7.927142143249512,,0.8052961272346726,1.8850717983426653,1.0976944065888201,,,2.3408429950059024,../data/results/vary_B2/B_121_n_6/phi_2.0/results_seed_54.pt,,
vary_B2,121,6,2.0,54,VI_best_tau_by_ELBO,8.154169082641602,,0.21839000284671783,3.858508405287731,1.548535574275925,-1251.911865234375,0.2,,../data/results/vary_B2/B_121_n_6/phi_2.0/results_seed_54.pt,6.0,6.0
vary_B2,121,6,2.0,55,GPArealModel,8.220979690551758,,0.3703554593142223,5.101391081939847,1.7917667130741466,,,13.774310472933118,../data/results/vary_B2/B_121_n_6/phi_2.0/results_seed_55.pt,,
vary_B2,121,6,2.0,55,GPmodel,7.9554009437561035,,0.5196583861802472,3.1595545009534027,1.2238866427790593,,,6.080060641718363,../data/results/vary_B2/B_121_n_6/phi_2.0/results_seed_55.pt,,
vary_B2,121,6,2.0,55,VI_best_tau_by_ELBO,8.259634017944336,,0.21859893202781677,5.675198171257939,1.5053669809142847,-1288.083935546875,0.2,,../data/results/vary_B2/B_121_n_6/phi_2.0/results_seed_55.pt,6.0,6.0
vary_B2,121,6,2.0,56,GPArealModel,8.139546394348145,,0.5055446919448217,3.9829418792903564,1.6481559628749958,,,7.878515871599894,../data/results/vary_B2/B_121_n_6/phi_2.0/results_seed_56.pt,,
vary_B2,121,6,2.0,56,GPmodel,7.959125518798828,,0.6374705314811363,2.604683299710746,1.248276859231756,,,4.085966599364009,../data/results/vary_B2/B_121_n_6/phi_2.0/results_seed_56.pt,,
vary_B2,121,6,2.0,56,VI_best_tau_by_ELBO,8.159440040588379,,0.21938860416412354,5.715288205951394,1.397247946548778,-1268.6991943359376,0.2,,../data/results/vary_B2/B_121_n_6/phi_2.0/results_seed_56.pt,6.0,6.0
vary_B2,121,6,2.0,57,GPArealModel,8.033666610717773,,0.4440617196428084,3.5369348261351043,1.761374373770361,,,7.964962233133092,../data/results/vary_B2/B_121_n_6/phi_2.0/results_seed_57.pt,,
vary_B2,121,6,2.0,57,GPmodel,7.9363112449646,,0.728007624046252,2.2779678050539958,1.4407061923529132,,,3.129043886097093,../data/results/vary_B2/B_121_n_6/phi_2.0/results_seed_57.pt,,
vary_B2,121,6,2.0,57,VI_best_tau_by_ELBO,8.156268119812012,,0.2188309282064438,4.469152585935342,1.4795049979719,-1257.4419189453124,0.2,,../data/results/vary_B2/B_121_n_6/phi_2.0/results_seed_57.pt,6.0,6.0
vary_B2,121,6,2.0,58,GPArealModel,8.515657424926758,,0.583494153989103,4.504792609106486,1.711036252531373,,,7.720373166224755,../data/results/vary_B2/B_121_n_6/phi_2.0/results_seed_58.pt,,
vary_B2,121,6,2.0,58,GPmodel,8.005537033081055,,0.5945527716761643,3.2793401116482115,1.1964207450494189,,,5.515641786351597,../data/results/vary_B2/B_121_n_6/phi_2.0/results_seed_58.pt,,
vary_B2,121,6,2.0,58,VI_best_tau_by_ELBO,8.384262084960938,,0.21943795680999756,5.988364990032104,1.631071084904032,-1311.6279541015624,0.2,,../data/results/vary_B2/B_121_n_6/phi_2.0/results_seed_58.pt,6.0,6.0
vary_B2,121,6,2.0,59,GPArealModel,7.950222015380859,,0.3063366373574456,4.127845022935566,2.255666934441446,,,13.474865620200156,../data/results/vary_B2/B_121_n_6/phi_2.0/results_seed_59.pt,,
vary_B2,121,6,2.0,59,GPmodel,7.944828033447266,,0.48011366437843456,2.8289501392735557,1.0508269936273626,,,5.892250833843638,../data/results/vary_B2/B_121_n_6/phi_2.0/results_seed_59.pt,,
vary_B2,121,6,2.0,59,VI_best_tau_by_ELBO,8.130837440490723,,0.21799176931381226,4.288414694663076,1.4571873017748032,-1249.4843017578125,0.2,,../data/results/vary_B2/B_121_n_6/phi_2.0/results_seed_59.pt,6.0,6.0
vary_B2,121,6,2.0,60,GPArealModel,8.072551727294922,,0.47664883187908563,4.129652819240373,1.3656693887887938,,,8.663931479618032,../data/results/vary_B2/B_121_n_6/phi_2.0/results_seed_60.pt,,
vary_B2,121,6,2.0,60,GPmodel,7.979901313781738,,0.5264013224613014,2.7602450626176402,1.1176349092903826,,,5.24361346531488,../data/results/vary_B2/B_121_n_6/phi_2.0/results_seed_60.pt,,
vary_B2,121,6,2.0,60,VI_best_tau_by_ELBO,8.214923858642578,,0.21802139282226562,4.450465478610018,1.4973193076196147,-1258.3481689453124,0.2,,../data/results/vary_B2/B_121_n_6/phi_2.0/results_seed_60.pt,6.0,6.0
vary_B2,121,6,2.0,61,GPArealModel,8.362964630126953,,0.38685487342908614,4.051141195631216,1.2127369728096733,,,10.471992144552436,../data/results/vary_B2/B_121_n_6/phi_2.0/results_seed_61.pt,,
vary_B2,121,6,2.0,61,GPmodel,8.020792961120605,,0.521240000298822,2.61247129810523,1.072450769150442,,,5.012031495294921,../data/results/vary_B2/B_121_n_6/phi_2.0/results_seed_61.pt,,
vary_B2,121,6,2.0,61,VI_best_tau_by_ELBO,8.31268310546875,,0.2178983986377716,4.005440135451187,1.5046477403406344,-1252.161572265625,0.2,,../data/results/vary_B2/B_121_n_6/phi_2.0/results_seed_61.pt,6.0,6.0
vary_B2,121,6,2.0,62,GPArealModel,7.9523024559021,,0.29284425431446565,6.021458891672134,1.0234860922966138,,,20.561984068180134,../data/results/vary_B2/B_121_n_6/phi_2.0/results_seed_62.pt,,
vary_B2,121,6,2.0,62,GPmodel,8.010074615478516,,0.47383854506263146,3.1715943447763624,1.3377406346832013,,,6.693407232957683,../data/results/vary_B2/B_121_n_6/phi_2.0/results_seed_62.pt,,
vary_B2,121,6,2.0,62,VI_best_tau_by_ELBO,8.244068145751953,,0.21770814061164856,5.013964088606393,1.576120060012341,-1289.70556640625,0.2,,../data/results/vary_B2/B_121_n_6/phi_2.0/results_seed_62.pt,6.0,6.0
vary_B2,121,6,2.0,63,GPArealModel,8.158524513244629,,0.5306387302029162,4.058836799653571,1.7823378839711597,,,7.648964481166824,../data/results/vary_B2/B_121_n_6/phi_2.0/results_seed_63.pt,,
vary_B2,121,6,2.0,63,GPmodel,8.017684936523438,,0.5807847487454395,2.6124521451783225,1.1028615940043456,,,4.498141782857614,../data/results/vary_B2/B_121_n_6/phi_2.0/results_seed_63.pt,,
vary_B2,121,6,2.0,63,VI_best_tau_by_ELBO,8.258645057678223,,0.21771526336669922,4.382568629069145,1.5742869826187516,-1268.9138916015625,0.2,,../data/results/vary_B2/B_121_n_6/phi_2.0/results_seed_63.pt,6.0,6.0
vary_B2,121,6,2.0,64,GPArealModel,7.960808277130127,,0.6315750943714984,3.7060259384354066,1.1652881630361365,,,5.867910200169304,../data/results/vary_B2/B_121_n_6/phi_2.0/results_seed_64.pt,,
vary_B2,121,6,2.0,64,GPmodel,7.938826560974121,,0.7264452804160932,2.3601128944776097,1.0757577544236405,,,3.2488515764405332,../data/results/vary_B2/B_121_n_6/phi_2.0/results_seed_64.pt,,
vary_B2,121,6,2.0,64,VI_best_tau_by_ELBO,8.169393539428711,,0.21916906535625458,4.507075291053921,1.638886146998412,-1283.02353515625,0.2,,../data/results/vary_B2/B_121_n_6/phi_2.0/results_seed_64.pt,6.0,6.0
vary_B2,121,6,2.0,65,GPArealModel,7.872424125671387,,0.7633707727619746,3.24695013574278,0.9609870081878956,,,4.253437846454211,../data/results/vary_B2/B_121_n_6/phi_2.0/results_seed_65.pt,,
vary_B2,121,6,2.0,65,GPmodel,7.921879768371582,,0.7235088992645755,2.133847530335786,1.066214620118649,,,2.9493037784397345,../data/results/vary_B2/B_121_n_6/phi_2.0/results_seed_65.pt,,
vary_B2,121,6,2.0,65,VI_best_tau_by_ELBO,8.133429527282715,,0.21865177154541016,4.107990997070043,1.6024344548834057,-1266.4675537109374,0.2,,../data/results/vary_B2/B_121_n_6/phi_2.0/results_seed_65.pt,6.0,6.0
vary_B2,121,6,2.0,66,GPArealModel,7.730726718902588,,0.40005208658405333,5.402886772594707,1.5583743776403445,,,13.505458298514656,../data/results/vary_B2/B_121_n_6/phi_2.0/results_seed_66.pt,,
vary_B2,121,6,2.0,66,GPmodel,7.872997760772705,,0.47849424677804614,3.3401977478431286,1.108969083256519,,,6.980643488055374,../data/results/vary_B2/B_121_n_6/phi_2.0/results_seed_66.pt,,
vary_B2,121,6,2.0,66,VI_best_tau_by_ELBO,8.065332412719727,,0.21757061779499054,6.196005209412109,1.4019431530589788,-1275.5572021484375,0.2,,../data/results/vary_B2/B_121_n_6/phi_2.0/results_seed_66.pt,6.0,6.0
vary_B2,121,6,2.0,67,GPArealModel,7.914563179016113,,0.47257379260399024,4.200434346724956,0.8684900729687521,,,8.888419993795248,../data/results/vary_B2/B_121_n_6/phi_2.0/results_seed_67.pt,,
vary_B2,121,6,2.0,67,GPmodel,7.838656425476074,,0.4595068267054576,3.165932311112912,0.8108662521745744,,,6.889848261475915,../data/results/vary_B2/B_121_n_6/phi_2.0/results_seed_67.pt,,
vary_B2,121,6,2.0,67,VI_best_tau_by_ELBO,8.071907997131348,,0.2187979519367218,5.120038504233119,1.2165297766608842,-1221.92353515625,0.2,,../data/results/vary_B2/B_121_n_6/phi_2.0/results_seed_67.pt,6.0,6.0
vary_B2,121,6,2.0,68,GPArealModel,7.772669315338135,,0.38439156334196733,3.9345438927298693,1.357556893524058,,,10.235770677489011,../data/results/vary_B2/B_121_n_6/phi_2.0/results_seed_68.pt,,
vary_B2,121,6,2.0,68,GPmodel,7.919165134429932,,0.5125014868351786,2.6399646609453438,1.1214845812673861,,,5.151135613767226,../data/results/vary_B2/B_121_n_6/phi_2.0/results_seed_68.pt,,
vary_B2,121,6,2.0,68,VI_best_tau_by_ELBO,8.092751502990723,,0.21791678667068481,4.040221240895125,1.5380721156750552,-1259.8649169921875,0.2,,../data/results/vary_B2/B_121_n_6/phi_2.0/results_seed_68.pt,6.0,6.0
vary_B2,121,6,2.0,69,GPArealModel,8.20985221862793,,0.4639448572912465,3.890064028322946,1.286097404596121,,,8.384755143176239,../data/results/vary_B2/B_121_n_6/phi_2.0/results_seed_69.pt,,
vary_B2,121,6,2.0,69,GPmodel,7.9794392585754395,,0.46534270230975133,2.9041805309332993,0.9231340171532124,,,6.240949984856874,../data/results/vary_B2/B_121_n_6/phi_2.0/results_seed_69.pt,,
vary_B2,121,6,2.0,69,VI_best_tau_by_ELBO,8.269659996032715,,0.2188977599143982,4.120889793802644,1.3937409955867248,-1235.9928955078126,0.2,,../data/results/vary_B2/B_121_n_6/phi_2.0/results_seed_69.pt,6.0,6.0
vary_B2,121,6,2.0,70,GPArealModel,7.764243125915527,,0.25563610248232005,5.572628789236024,1.8385095284694897,,,21.799068031173064,../data/results/vary_B2/B_121_n_6/phi_2.0/results_seed_70.pt,,
vary_B2,121,6,2.0,70,GPmodel,7.962854385375977,,0.36535949641705406,3.6138892805362803,1.045230600828209,,,9.891324342124292,../data/results/vary_B2/B_121_n_6/phi_2.0/results_seed_70.pt,,
vary_B2,121,6,2.0,70,VI_best_tau_by_ELBO,8.128576278686523,,0.2178468555212021,4.384028348630385,1.4915256031439863,-1266.5074951171875,0.2,,../data/results/vary_B2/B_121_n_6/phi_2.0/results_seed_70.pt,6.0,6.0
vary_B2,121,6,2.0,71,GPArealModel,7.915452480316162,,0.372901082424573,4.113109554732595,1.333770961336112,,,11.030028467575061,../data/results/vary_B2/B_121_n_6/phi_2.0/results_seed_71.pt,,
vary_B2,121,6,2.0,71,GPmodel,7.981053829193115,,0.48417080201941853,2.778487551722833,1.2555239558829905,,,5.738651608345843,../data/results/vary_B2/B_121_n_6/phi_2.0/results_seed_71.pt,,
vary_B2,121,6,2.0,71,VI_best_tau_by_ELBO,8.210389137268066,,0.21893326938152313,4.4928974698374065,1.527718725997221,-1269.2626220703125,0.2,,../data/results/vary_B2/B_121_n_6/phi_2.0/results_seed_71.pt,6.0,6.0
vary_B2,121,6,2.0,72,GPArealModel,7.401332378387451,,0.5139006650942577,4.216428016305016,0.8412380485807737,,,8.204752985738313,../data/results/vary_B2/B_121_n_6/phi_2.0/results_seed_72.pt,,
vary_B2,121,6,2.0,72,GPmodel,7.920513153076172,,0.6570722457373204,2.5127548106122255,1.1282107562760317,,,3.8241682355531363,../data/results/vary_B2/B_121_n_6/phi_2.0/results_seed_72.pt,,
vary_B2,121,6,2.0,72,VI_best_tau_by_ELBO,7.997055530548096,,0.2187844216823578,5.22688862764516,1.481948764045671,-1271.9220947265626,0.2,,../data/results/vary_B2/B_121_n_6/phi_2.0/results_seed_72.pt,6.0,6.0
vary_B2,121,6,2.0,73,GPArealModel,7.930937767028809,,0.40031496825030033,4.461169356350895,1.7263092676046763,,,11.144148258681927,../data/results/vary_B2/B_121_n_6/phi_2.0/results_seed_73.pt,,
vary_B2,121,6,2.0,73,GPmodel,7.9909138679504395,,0.47441983113825203,3.0059554601645946,1.0760392466832167,,,6.336066207334872,../data/results/vary_B2/B_121_n_6/phi_2.0/results_seed_73.pt,,
vary_B2,121,6,2.0,73,VI_best_tau_by_ELBO,8.134039878845215,,0.21865272521972656,4.868327564575566,1.4440882571393434,-1261.5060791015626,0.2,,../data/results/vary_B2/B_121_n_6/phi_2.0/results_seed_73.pt,6.0,6.0
vary_B2,121,6,2.0,74,GPArealModel,7.929611682891846,,0.32964339384095226,5.330057449715161,1.556105748788367,,,16.169162037831796,../data/results/vary_B2/B_121_n_6/phi_2.0/results_seed_74.pt,,
vary_B2,121,6,2.0,74,GPmodel,7.989070892333984,,0.4519810311429961,3.207947785270214,1.1568571060255621,,,7.0975274718006816,../data/results/vary_B2/B_121_n_6/phi_2.0/results_seed_74.pt,,
vary_B2,121,6,2.0,74,VI_best_tau_by_ELBO,8.197491645812988,,0.21816952526569366,5.139429513277582,1.4793455413085128,-1274.982763671875,0.2,,../data/results/vary_B2/B_121_n_6/phi_2.0/results_seed_74.pt,6.0,6.0
vary_B2,121,6,2.0,75,GPArealModel,7.857898235321045,,0.551774671941673,4.947142790672227,2.2008891846162,,,8.965875097643446,../data/results/vary_B2/B_121_n_6/phi_2.0/results_seed_75.pt,,
vary_B2,121,6,2.0,75,GPmodel,7.93454122543335,,0.5665880377389223,3.351232053480109,1.075126107906434,,,5.914759631802042,../data/results/vary_B2/B_121_n_6/phi_2.0/results_seed_75.pt,,
vary_B2,121,6,2.0,75,VI_best_tau_by_ELBO,8.10871696472168,,0.21848450601100922,5.612878933758802,1.7358585537813276,-1319.679736328125,0.2,,../data/results/vary_B2/B_121_n_6/phi_2.0/results_seed_75.pt,6.0,6.0
vary_B2,121,6,2.0,76,GPArealModel,7.550128936767578,,0.4480332915865467,3.9014150890624495,2.063368871629962,,,8.707868728341612,../data/results/vary_B2/B_121_n_6/phi_2.0/results_seed_76.pt,,
vary_B2,121,6,2.0,76,GPmodel,7.946781635284424,,0.6058837748670618,2.578097909728,1.057351508529338,,,4.25510306872579,../data/results/vary_B2/B_121_n_6/phi_2.0/results_seed_76.pt,,
vary_B2,121,6,2.0,76,VI_best_tau_by_ELBO,8.014812469482422,,0.218433678150177,4.382511656180958,1.5850607580455156,-1272.69404296875,0.2,,../data/results/vary_B2/B_121_n_6/phi_2.0/results_seed_76.pt,6.0,6.0
vary_B2,121,6,2.0,77,GPArealModel,7.801659107208252,,0.12421903546877769,6.0483347813793715,3.3350261780648314,,,48.6908850849966,../data/results/vary_B2/B_121_n_6/phi_2.0/results_seed_77.pt,,
vary_B2,121,6,2.0,77,GPmodel,7.923880100250244,,0.2293504127806331,5.535455692395682,1.0072428297556804,,,24.135363984237436,../data/results/vary_B2/B_121_n_6/phi_2.0/results_seed_77.pt,,
vary_B2,121,6,2.0,77,VI_best_tau_by_ELBO,8.117036819458008,,0.21694540977478027,4.65197386447977,1.4135913274723402,-1263.921044921875,0.2,,../data/results/vary_B2/B_121_n_6/phi_2.0/results_seed_77.pt,6.0,6.0
vary_B2,121,6,2.0,78,GPArealModel,7.928870677947998,,0.33643450888170134,5.442239998712451,1.534820613932728,,,16.176224064535774,../data/results/vary_B2/B_121_n_6/phi_2.0/results_seed_78.pt,,
vary_B2,121,6,2.0,78,GPmodel,7.919271469116211,,0.41639846029609884,3.7443708690389435,1.1167316502859639,,,8.992278372922755,../data/results/vary_B2/B_121_n_6/phi_2.0/results_seed_78.pt,,
vary_B2,121,6,2.0,78,VI_best_tau_by_ELBO,8.051159858703613,,0.2189493626356125,6.62970710676436,1.2795356385979788,-1269.5118408203125,0.2,,../data/results/vary_B2/B_121_n_6/phi_2.0/results_seed_78.pt,6.0,6.0
vary_B2,121,6,2.0,79,GPArealModel,7.4926862716674805,,0.5994480347098806,3.1426679430324476,1.880336765706375,,,5.242602796343186,../data/results/vary_B2/B_121_n_6/phi_2.0/results_seed_79.pt,,
vary_B2,121,6,2.0,79,GPmodel,7.92455530166626,,0.7740453661732035,2.2493760171839186,1.0438373751850853,,,2.906000236529533,../data/results/vary_B2/B_121_n_6/phi_2.0/results_seed_79.pt,,
vary_B2,121,6,2.0,79,VI_best_tau_by_ELBO,8.044830322265625,,0.21918083727359772,4.3518679960430475,1.5675394036630936,-1266.813720703125,0.2,,../data/results/vary_B2/B_121_n_6/phi_2.0/results_seed_79.pt,6.0,6.0
vary_B2,121,6,2.0,80,GPArealModel,7.80433988571167,,0.6356526542892008,4.1533847807831945,1.6300189025132814,,,6.534047726784985,../data/results/vary_B2/B_121_n_6/phi_2.0/results_seed_80.pt,,
vary_B2,121,6,2.0,80,GPmodel,7.988610744476318,,0.6494308057228164,2.646724738772212,1.0926131246439101,,,4.075453020474456,../data/results/vary_B2/B_121_n_6/phi_2.0/results_seed_80.pt,,
vary_B2,121,6,2.0,80,VI_best_tau_by_ELBO,8.232576370239258,,0.2187385857105255,5.976638014360674,1.3457246499639688,-1258.41513671875,0.2,,../data/results/vary_B2/B_121_n_6/phi_2.0/results_seed_80.pt,6.0,6.0
vary_B2,121,6,2.0,81,GPArealModel,7.917057037353516,,0.38921793275790384,5.960381886313117,1.2223119511755494,,,15.31373912830608,../data/results/vary_B2/B_121_n_6/phi_2.0/results_seed_81.pt,,
vary_B2,121,6,2.0,81,GPmodel,7.974349498748779,,0.483292617202298,3.5618162096249333,0.9810343178267124,,,7.369895758482109,../data/results/vary_B2/B_121_n_6/phi_2.0/results_seed_81.pt,,
vary_B2,121,6,2.0,81,VI_best_tau_by_ELBO,8.10196304321289,,0.21767717599868774,6.0674062758906375,1.4259894201683754,-1277.174365234375,0.2,,../data/results/vary_B2/B_121_n_6/phi_2.0/results_seed_81.pt,6.0,6.0
vary_B2,121,6,2.0,82,GPArealModel,8.19422435760498,,0.936547040913094,2.810814576278314,1.687182275699877,,,3.001252957393243,../data/results/vary_B2/B_121_n_6/phi_2.0/results_seed_82.pt,,
vary_B2,121,6,2.0,82,GPmodel,7.9346795082092285,,0.890129234987849,1.9183579548661056,1.1526317173967966,,,2.1551454322161354,../data/results/vary_B2/B_121_n_6/phi_2.0/results_seed_82.pt,,
vary_B2,121,6,2.0,82,VI_best_tau_by_ELBO,8.21036434173584,,0.2186841517686844,3.673900065913249,1.7256548443541149,-1276.444091796875,0.2,,../data/results/vary_B2/B_121_n_6/phi_2.0/results_seed_82.pt,6.0,6.0
vary_B2,121,6,2.0,83,GPArealModel,7.960551738739014,,0.573278108407302,3.368100822819042,1.2971505613541061,,,5.875160368806683,../data/results/vary_B2/B_121_n_6/phi_2.0/results_seed_83.pt,,
vary_B2,121,6,2.0,83,GPmodel,7.972136497497559,,0.6938449225187608,2.0369749416454557,1.234175308276517,,,2.9357784074443205,../data/results/vary_B2/B_121_n_6/phi_2.0/results_seed_83.pt,,
vary_B2,121,6,2.0,83,VI_best_tau_by_ELBO,8.083888053894043,,0.21811625361442566,3.407236608606911,1.683951870113142,-1266.9874267578125,0.2,,../data/results/vary_B2/B_121_n_6/phi_2.0/results_seed_83.pt,6.0,6.0
vary_B2,121,6,2.0,84,GPArealModel,8.022259712219238,,0.4130746460832131,5.4353777939554355,1.4279231132725168,,,13.158342797104254,../data/results/vary_B2/B_121_n_6/phi_2.0/results_seed_84.pt,,
vary_B2,121,6,2.0,84,GPmodel,7.981375694274902,,0.4650047715555431,3.2515261623192933,1.1037146469057055,,,6.992457628858784,../data/results/vary_B2/B_121_n_6/phi_2.0/results_seed_84.pt,,
vary_B2,121,6,2.0,84,VI_best_tau_by_ELBO,8.146271705627441,,0.2181238830089569,5.386113354067419,1.490040431197787,-1280.12119140625,0.2,,../data/results/vary_B2/B_121_n_6/phi_2.0/results_seed_84.pt,6.0,6.0
vary_B2,121,6,2.0,85,GPArealModel,7.7712812423706055,,0.7427553338686081,4.3041814393712094,1.089193102109491,,,5.794884591340558,../data/results/vary_B2/B_121_n_6/phi_2.0/results_seed_85.pt,,
vary_B2,121,6,2.0,85,GPmodel,7.943771839141846,,0.6392400724477573,2.8797496860838447,1.0344682320822562,,,4.50495801218594,../data/results/vary_B2/B_121_n_6/phi_2.0/results_seed_85.pt,,
vary_B2,121,6,2.0,85,VI_best_tau_by_ELBO,8.106101989746094,,0.21890297532081604,6.052484098833195,1.5057770845739262,-1288.8676513671876,0.2,,../data/results/vary_B2/B_121_n_6/phi_2.0/results_seed_85.pt,6.0,6.0
vary_B2,121,6,2.0,86,GPArealModel,7.9197492599487305,,0.31633668717819313,6.665857775671756,1.8760323468695064,,,21.07203510011112,../data/results/vary_B2/B_121_n_6/phi_2.0/results_seed_86.pt,,
vary_B2,121,6,2.0,86,GPmodel,8.03570556640625,,0.4381699093864928,3.8631917353211147,1.1281871529658605,,,8.8166522907294,../data/results/vary_B2/B_121_n_6/phi_2.0/results_seed_86.pt,,
vary_B2,121,6,2.0,86,VI_best_tau_by_ELBO,8.277810096740723,,0.21779990196228027,5.550431928658347,1.6156705378564278,-1303.6209716796875,0.2,,../data/results/vary_B2/B_121_n_6/phi_2.0/results_seed_86.pt,6.0,6.0
vary_B2,121,6,2.0,87,GPArealModel,7.664710998535156,,0.6486330952057812,3.2875104999256526,2.0033602338753718,,,5.06836688449065,../data/results/vary_B2/B_121_n_6/phi_2.0/results_seed_87.pt,,
vary_B2,121,6,2.0,87,GPmodel,7.890990257263184,,0.6789293516507797,2.347698849808961,1.0802727258825855,,,3.4579427802033584,../data/results/vary_B2/B_121_n_6/phi_2.0/results_seed_87.pt,,
vary_B2,121,6,2.0,87,VI_best_tau_by_ELBO,8.095284461975098,,0.21883922815322876,4.430058396873274,1.5864237248321422,-1272.012646484375,0.2,,../data/results/vary_B2/B_121_n_6/phi_2.0/results_seed_87.pt,6.0,6.0
vary_B2,121,6,2.0,88,GPArealModel,7.793570041656494,,0.4487848085676009,5.315624391763072,0.9851889744688347,,,11.844483793310875,../data/results/vary_B2/B_121_n_6/phi_2.0/results_seed_88.pt,,
vary_B2,121,6,2.0,88,GPmodel,7.954507350921631,,0.49228536376130927,3.280256574458978,0.9919032999728142,,,6.663323380967815,../data/results/vary_B2/B_121_n_6/phi_2.0/results_seed_88.pt,,
vary_B2,121,6,2.0,88,VI_best_tau_by_ELBO,8.130940437316895,,0.21918128430843353,6.227846648672673,1.3151284391397404,-1261.8996826171874,0.2,,../data/results/vary_B2/B_121_n_6/phi_2.0/results_seed_88.pt,6.0,6.0
vary_B2,121,6,2.0,89,GPArealModel,7.838437557220459,,0.5902942952950581,4.088487068044954,0.9242458152283126,,,6.926184278981263,../data/results/vary_B2/B_121_n_6/phi_2.0/results_seed_89.pt,,
vary_B2,121,6,2.0,89,GPmodel,7.925021171569824,,0.6486606614732826,2.756870448360247,1.0424785229552744,,,4.250096563738971,../data/results/vary_B2/B_121_n_6/phi_2.0/results_seed_89.pt,,
vary_B2,121,6,2.0,89,VI_best_tau_by_ELBO,8.120253562927246,,0.21840767562389374,5.414693853994062,1.563090293060446,-1288.0278076171876,0.2,,../data/results/vary_B2/B_121_n_6/phi_2.0/results_seed_89.pt,6.0,6.0
vary_B2,121,6,2.0,90,GPArealModel,8.054357528686523,,0.6101114921550336,2.976331692184525,1.367822981773372,,,4.87834064831583,../data/results/vary_B2/B_121_n_6/phi_2.0/results_seed_90.pt,,
vary_B2,121,6,2.0,90,GPmodel,7.9701361656188965,,0.6750343960997071,2.0217102042878903,0.9088839337752557,,,2.994973613150922,../data/results/vary_B2/B_121_n_6/phi_2.0/results_seed_90.pt,,
vary_B2,121,6,2.0,90,VI_best_tau_by_ELBO,8.128705978393555,,0.21892380714416504,4.071001433694076,1.2664857288646092,-1205.51142578125,0.2,,../data/results/vary_B2/B_121_n_6/phi_2.0/results_seed_90.pt,6.0,6.0
vary_B2,121,6,2.0,91,GPArealModel,8.174694061279297,,0.4865622459756677,4.056249505362627,0.9633616901760026,,,8.33654797286815,../data/results/vary_B2/B_121_n_6/phi_2.0/results_seed_91.pt,,
vary_B2,121,6,2.0,91,GPmodel,7.948814868927002,,0.5728775363845294,2.934951802342114,1.0056122944445363,,,5.1231748775921675,../data/results/vary_B2/B_121_n_6/phi_2.0/results_seed_91.pt,,
vary_B2,121,6,2.0,91,VI_best_tau_by_ELBO,8.199999809265137,,0.2190726101398468,4.406928078504729,1.6122021025894953,-1278.8139892578124,0.2,,../data/results/vary_B2/B_121_n_6/phi_2.0/results_seed_91.pt,6.0,6.0
vary_B2,121,6,2.0,92,GPArealModel,7.853094100952148,,0.5179324728108206,3.527327020678488,1.4239760307623965,,,6.810399435925841,../data/results/vary_B2/B_121_n_6/phi_2.0/results_seed_92.pt,,
vary_B2,121,6,2.0,92,GPmodel,7.9493255615234375,,0.5829984514524076,2.426811225327614,1.0504303984603443,,,4.162637515214265,../data/results/vary_B2/B_121_n_6/phi_2.0/results_seed_92.pt,,
vary_B2,121,6,2.0,92,VI_best_tau_by_ELBO,8.229486465454102,,0.21733243763446808,3.5437841028246684,1.6402194474290595,-1260.3031982421876,0.2,,../data/results/vary_B2/B_121_n_6/phi_2.0/results_seed_92.pt,6.0,6.0
vary_B2,121,6,2.0,93,GPArealModel,7.697660446166992,,0.4782413369856731,4.5759924213747505,1.5354964062091723,,,9.56837493433119,../data/results/vary_B2/B_121_n_6/phi_2.0/results_seed_93.pt,,
vary_B2,121,6,2.0,93,GPmodel,7.9305009841918945,,0.5535934937320165,3.077189383579391,1.1970967976766227,,,5.558572162462944,../data/results/vary_B2/B_121_n_6/phi_2.0/results_seed_93.pt,,
vary_B2,121,6,2.0,93,VI_best_tau_by_ELBO,8.132546424865723,,0.21945004165172577,5.864857207737848,1.518552327676229,-1294.0303466796875,0.2,,../data/results/vary_B2/B_121_n_6/phi_2.0/results_seed_93.pt,6.0,6.0
vary_B2,121,6,2.0,94,GPArealModel,8.059494972229004,,0.40624872731881984,4.462396949230629,1.4522974813552982,,,10.984396132590431,../data/results/vary_B2/B_121_n_6/phi_2.0/results_seed_94.pt,,
vary_B2,121,6,2.0,94,GPmodel,7.979461669921875,,0.48487015200897243,3.1570127715416194,1.1510026865750396,,,6.511047872221261,../data/results/vary_B2/B_121_n_6/phi_2.0/results_seed_94.pt,,
vary_B2,121,6,2.0,94,VI_best_tau_by_ELBO,8.191141128540039,,0.2195807546377182,5.416721953966445,1.4224171526555163,-1266.453173828125,0.2,,../data/results/vary_B2/B_121_n_6/phi_2.0/results_seed_94.pt,6.0,6.0
vary_B2,121,6,2.0,95,GPArealModel,8.187751770019531,,0.5317907831624965,5.244176386764583,1.3841308641158996,,,9.86135253337429,../data/results/vary_B2/B_121_n_6/phi_2.0/results_seed_95.pt,,
vary_B2,121,6,2.0,95,GPmodel,7.953239917755127,,0.49619203838949216,3.7340722687804813,1.0024830252514907,,,7.525457846724607,../data/results/vary_B2/B_121_n_6/phi_2.0/results_seed_95.pt,,
vary_B2,121,6,2.0,95,VI_best_tau_by_ELBO,8.238859176635742,,0.21865153312683105,6.223589526589684,1.488476542272939,-1289.9925048828125,0.2,,../data/results/vary_B2/B_121_n_6/phi_2.0/results_seed_95.pt,6.0,6.0
vary_B2,121,6,2.0,96,GPArealModel,7.894324779510498,,0.34503877486138845,6.662940524884848,1.2786047839926393,,,19.31070073953727,../data/results/vary_B2/B_121_n_6/phi_2.0/results_seed_96.pt,,
vary_B2,121,6,2.0,96,GPmodel,7.9289703369140625,,0.35544297534046665,3.923522982446536,1.1614428066775453,,,11.038403498306101,../data/results/vary_B2/B_121_n_6/phi_2.0/results_seed_96.pt,,
vary_B2,121,6,2.0,96,VI_best_tau_by_ELBO,8.134613037109375,,0.21732205152511597,5.384511033726871,1.466000232206659,-1278.180712890625,0.2,,../data/results/vary_B2/B_121_n_6/phi_2.0/results_seed_96.pt,6.0,6.0
vary_B2,121,6,2.0,97,GPArealModel,8.019637107849121,,0.4146065279299301,5.63269752708066,1.1251400749925948,,,13.58564602251657,../data/results/vary_B2/B_121_n_6/phi_2.0/results_seed_97.pt,,
vary_B2,121,6,2.0,97,GPmodel,7.913843631744385,,0.5061771832655344,3.504810881824588,1.0936999793618574,,,6.9240791519162705,../data/results/vary_B2/B_121_n_6/phi_2.0/results_seed_97.pt,,
vary_B2,121,6,2.0,97,VI_best_tau_by_ELBO,8.130905151367188,,0.2192244827747345,7.421468436076014,1.230333481530266,-1271.061083984375,0.2,,../data/results/vary_B2/B_121_n_6/phi_2.0/results_seed_97.pt,6.0,6.0
vary_B2,121,6,2.0,98,GPArealModel,8.072183609008789,,0.39411068012830597,6.82763798650369,1.151283487219185,,,17.32416382190124,../data/results/vary_B2/B_121_n_6/phi_2.0/results_seed_98.pt,,
vary_B2,121,6,2.0,98,GPmodel,7.970824718475342,,0.41523571493136974,4.392140942368072,0.931852106887014,,,10.577464279762173,../data/results/vary_B2/B_121_n_6/phi_2.0/results_seed_98.pt,,
vary_B2,121,6,2.0,98,VI_best_tau_by_ELBO,8.253979682922363,,0.21785283088684082,6.827738797983982,1.3460551938507577,-1279.4596435546875,0.2,,../data/results/vary_B2/B_121_n_6/phi_2.0/results_seed_98.pt,6.0,6.0
vary_B2,121,6,2.0,99,GPArealModel,7.943363189697266,,0.6940021772936563,2.976902630413829,1.4661578173868177,,,4.289471600827843,../data/results/vary_B2/B_121_n_6/phi_2.0/results_seed_99.pt,,
vary_B2,121,6,2.0,99,GPmodel,7.956483364105225,,0.710397124904647,2.264977275235041,1.0627222163032544,,,3.1883255095367358,../data/results/vary_B2/B_121_n_6/phi_2.0/results_seed_99.pt,,
vary_B2,121,6,2.0,99,VI_best_tau_by_ELBO,8.18167781829834,,0.21936970949172974,4.054310737279066,1.620375857897076,-1270.602978515625,0.2,,../data/results/vary_B2/B_121_n_6/phi_2.0/results_seed_99.pt,6.0,6.0
vary_B2,121,6,2.0,100,GPArealModel,8.10628604888916,,0.44460345564682796,3.6341807108924247,1.0910068306784706,,,8.173982151365118,../data/results/vary_B2/B_121_n_6/phi_2.0/results_seed_100.pt,,
vary_B2,121,6,2.0,100,GPmodel,7.915212154388428,,0.5614287592662838,2.410127857692865,0.9895865817027499,,,4.2928471652264415,../data/results/vary_B2/B_121_n_6/phi_2.0/results_seed_100.pt,,
vary_B2,121,6,2.0,100,VI_best_tau_by_ELBO,8.134708404541016,,0.21809545159339905,3.9248413659037555,1.4555150295153272,-1240.9446044921874,0.2,,../data/results/vary_B2/B_121_n_6/phi_2.0/results_seed_100.pt,6.0,6.0
vary_B2,49,8,2.0,1,GPArealModel,7.764207363128662,,0.2755791959745049,7.207891399931765,0.7601805508830988,,,26.155426480736956,../data/results/vary_B2/B_49_n_8/phi_2.0/results_seed_1.pt,,
vary_B2,49,8,2.0,1,GPmodel,7.8678669929504395,,0.4120060194233353,3.8132802277196745,1.347410019681454,,,9.255399309594885,../data/results/vary_B2/B_49_n_8/phi_2.0/results_seed_1.pt,,
vary_B2,49,8,2.0,1,VI_best_tau_by_ELBO,8.20548152923584,,0.2587548494338989,3.3164955346416902,2.764982676151653,-1013.2937744140625,0.3,,../data/results/vary_B2/B_49_n_8/phi_2.0/results_seed_1.pt,8.0,8.0
vary_B2,49,8,2.0,2,GPArealModel,7.850174427032471,,0.6497977166915702,3.9145100885695356,0.8910173947889964,,,6.0241979742560074,../data/results/vary_B2/B_49_n_8/phi_2.0/results_seed_2.pt,,
vary_B2,49,8,2.0,2,GPmodel,7.862689971923828,,0.8364008379778337,2.108855215616794,1.1956954165112728,,,2.5213451731054852,../data/results/vary_B2/B_49_n_8/phi_2.0/results_seed_2.pt,,
vary_B2,49,8,2.0,2,VI_best_tau_by_ELBO,8.050402641296387,,0.25910601019859314,2.243088761822863,2.845763065214954,-981.5737060546875,0.3,,../data/results/vary_B2/B_49_n_8/phi_2.0/results_seed_2.pt,8.0,8.0
vary_B2,49,8,2.0,3,GPArealModel,7.747522830963135,,0.7461935466382255,3.3144016705931936,1.496267556502876,,,4.441745289175094,../data/results/vary_B2/B_49_n_8/phi_2.0/results_seed_3.pt,,
vary_B2,49,8,2.0,3,GPmodel,8.024057388305664,,0.7489280070147754,2.3423611366438424,0.9538613541210992,,,3.127618562404264,../data/results/vary_B2/B_49_n_8/phi_2.0/results_seed_3.pt,,
vary_B2,49,8,2.0,3,VI_best_tau_by_ELBO,8.087956428527832,,0.25926342606544495,1.776001039130574,2.8218260842796963,-973.331591796875,0.3,,../data/results/vary_B2/B_49_n_8/phi_2.0/results_seed_3.pt,8.0,8.0
vary_B2,49,8,2.0,4,GPArealModel,7.999903202056885,,0.44675840270231093,4.396934873901088,1.0733046653685405,,,9.841862732307474,../data/results/vary_B2/B_49_n_8/phi_2.0/results_seed_4.pt,,
vary_B2,49,8,2.0,4,GPmodel,7.9688801765441895,,0.48156412894110634,3.2127411379828237,1.0466630545654876,,,6.67147103553415,../data/results/vary_B2/B_49_n_8/phi_2.0/results_seed_4.pt,,
vary_B2,49,8,2.0,4,VI_best_tau_by_ELBO,8.119138717651367,,0.25979048013687134,2.8178192248166005,2.487844118150548,-990.4751708984375,0.3,,../data/results/vary_B2/B_49_n_8/phi_2.0/results_seed_4.pt,8.0,8.0
vary_B2,49,8,2.0,5,GPArealModel,7.703063488006592,,0.22873492606969778,2.5913080898724106,4.78582854891029,,,11.328869335340654,../data/results/vary_B2/B_49_n_8/phi_2.0/results_seed_5.pt,,
vary_B2,49,8,2.0,5,GPmodel,7.969333171844482,,0.7914062640586385,2.1061048624648904,1.3118193561663098,,,2.6612183376764893,../data/results/vary_B2/B_49_n_8/phi_2.0/results_seed_5.pt,,
vary_B2,49,8,2.0,5,VI_best_tau_by_ELBO,8.097177505493164,,0.25867021083831787,1.3691684052248847,2.7904425640096426,-970.1953125,0.3,,../data/results/vary_B2/B_49_n_8/phi_2.0/results_seed_5.pt,3.0,8.0
vary_B2,49,8,2.0,6,GPArealModel,7.453224182128906,,0.5692045807366518,2.8830506214057827,0.7170501016353787,,,5.065051686117148,../data/results/vary_B2/B_49_n_8/phi_2.0/results_seed_6.pt,,
vary_B2,49,8,2.0,6,GPmodel,7.9562153816223145,,0.7482277608920521,2.026401410196653,0.9146093964551901,,,2.7082681452245723,../data/results/vary_B2/B_49_n_8/phi_2.0/results_seed_6.pt,,
vary_B2,49,8,2.0,6,VI_best_tau_by_ELBO,8.006508827209473,,0.25898477435112,1.3191419451863629,2.7376038254621027,-958.9014526367188,0.3,,../data/results/vary_B2/B_49_n_8/phi_2.0/results_seed_6.pt,8.0,8.0
vary_B2,49,8,2.0,7,GPArealModel,7.6252570152282715,,0.9306980612957737,1.6231981422345154,0.7459980086469689,,,1.744065244935185,../data/results/vary_B2/B_49_n_8/phi_2.0/results_seed_7.pt,,
vary_B2,49,8,2.0,7,GPmodel,7.93096399307251,,1.1342906385761753,1.2342149223620449,0.9384506729219877,,,1.0880940742941334,../data/results/vary_B2/B_49_n_8/phi_2.0/results_seed_7.pt,,
vary_B2,49,8,2.0,7,VI_best_tau_by_ELBO,8.058454513549805,,0.2591361105442047,0.7288468134580424,2.3089174146471363,-915.399853515625,0.3,,../data/results/vary_B2/B_49_n_8/phi_2.0/results_seed_7.pt,8.0,8.0
vary_B2,49,8,2.0,8,GPArealModel,7.38393497467041,,0.7286384572908031,3.199647469545548,0.6380834387441524,,,4.391268999775774,../data/results/vary_B2/B_49_n_8/phi_2.0/results_seed_8.pt,,
vary_B2,49,8,2.0,8,GPmodel,7.959936141967773,,0.8580555493351308,1.9380461778543125,0.9390131872172718,,,2.2586488478001434,../data/results/vary_B2/B_49_n_8/phi_2.0/results_seed_8.pt,,
vary_B2,49,8,2.0,8,VI_best_tau_by_ELBO,8.034836769104004,,0.259160578250885,1.7123298899202333,2.7570212015673055,-963.8271118164063,0.3,,../data/results/vary_B2/B_49_n_8/phi_2.0/results_seed_8.pt,8.0,8.0
vary_B2,49,8,2.0,9,GPArealModel,7.732382774353027,,0.6453316336289097,2.6949566584929756,1.5466469611793632,,,4.176080201335177,../data/results/vary_B2/B_49_n_8/phi_2.0/results_seed_9.pt,,
vary_B2,49,8,2.0,9,GPmodel,7.957929611206055,,0.7715699466550707,2.046994722162481,1.2034030398338313,,,2.6530254723329536,../data/results/vary_B2/B_49_n_8/phi_2.0/results_seed_9.pt,,
vary_B2,49,8,2.0,9,VI_best_tau_by_ELBO,8.286466598510742,,0.25915002822875977,1.4878670806337295,2.7541458857236676,-964.0783203125,0.3,,../data/results/vary_B2/B_49_n_8/phi_2.0/results_seed_9.pt,8.0,8.0
vary_B2,49,8,2.0,10,GPArealModel,7.690583229064941,,0.45131795470277847,4.381446690221077,0.9319908143086147,,,9.708115187011645,../data/results/vary_B2/B_49_n_8/phi_2.0/results_seed_10.pt,,
vary_B2,49,8,2.0,10,GPmodel,7.846174716949463,,0.52848856261643,2.805491926402579,1.2196237943428379,,,5.308519663156397,../data/results/vary_B2/B_49_n_8/phi_2.0/results_seed_10.pt,,
vary_B2,49,8,2.0,10,VI_best_tau_by_ELBO,8.036417961120605,,0.2595435678958893,2.771101520954799,2.4861705785895056,-986.8818603515625,0.3,,../data/results/vary_B2/B_49_n_8/phi_2.0/results_seed_10.pt,8.0,8.0
vary_B2,49,8,2.0,11,GPArealModel,7.820584297180176,,0.5743981673930016,3.217586913477709,2.4973422229465156,,,5.601666398208135,../data/results/vary_B2/B_49_n_8/phi_2.0/results_seed_11.pt,,
vary_B2,49,8,2.0,11,GPmodel,7.90322208404541,,0.7265610075813291,2.426110356428338,1.1197629981329176,,,3.339169500032337,../data/results/vary_B2/B_49_n_8/phi_2.0/results_seed_11.pt,,
vary_B2,49,8,2.0,11,VI_best_tau_by_ELBO,8.169357299804688,,0.2591886520385742,1.877724370364957,2.9297372416188816,-985.1604125976562,0.3,,../data/results/vary_B2/B_49_n_8/phi_2.0/results_seed_11.pt,8.0,8.0
vary_B2,49,8,2.0,12,GPArealModel,7.126835346221924,,0.32633495166479437,4.909197408775441,1.131270170640757,,,15.04343124673352,../data/results/vary_B2/B_49_n_8/phi_2.0/results_seed_12.pt,,
vary_B2,49,8,2.0,12,GPmodel,7.958047866821289,,0.43299572217393967,3.5358711997581884,0.9081789199009357,,,8.166064971740727,../data/results/vary_B2/B_49_n_8/phi_2.0/results_seed_12.pt,,
vary_B2,49,8,2.0,12,VI_best_tau_by_ELBO,8.016561508178711,,0.2593299448490143,2.7467027876329446,2.486607147326291,-986.8211791992187,0.3,,../data/results/vary_B2/B_49_n_8/phi_2.0/results_seed_12.pt,8.0,8.0
vary_B2,49,8,2.0,13,GPArealModel,8.18520450592041,,0.3720257151970679,3.916282344369319,0.8137151489961176,,,10.526913018082103,../data/results/vary_B2/B_49_n_8/phi_2.0/results_seed_13.pt,,
vary_B2,49,8,2.0,13,GPmodel,7.962466716766357,,0.5201730889640753,2.608439669818371,1.1629346449516889,,,5.014560970489801,../data/results/vary_B2/B_49_n_8/phi_2.0/results_seed_13.pt,,
vary_B2,49,8,2.0,13,VI_best_tau_by_ELBO,8.320892333984375,,0.25880762934684753,1.8878661859102703,2.675022924942337,-975.0616333007813,0.3,,../data/results/vary_B2/B_49_n_8/phi_2.0/results_seed_13.pt,8.0,8.0
vary_B2,49,8,2.0,14,GPArealModel,7.789307594299316,,1.8689166644514132,2.3314181574357615,1.3429125269999866,,,1.2474703670749854,../data/results/vary_B2/B_49_n_8/phi_2.0/results_seed_14.pt,,
vary_B2,49,8,2.0,14,GPmodel,7.9894328117370605,,1.2154819801484262,1.6584985765964753,1.0770077090503376,,,1.3644781277579705,../data/results/vary_B2/B_49_n_8/phi_2.0/results_seed_14.pt,,
vary_B2,49,8,2.0,14,VI_best_tau_by_ELBO,8.139954566955566,,0.2594015598297119,0.609010181202148,3.298670828861802,-950.7956787109375,0.4,,../data/results/vary_B2/B_49_n_8/phi_2.0/results_seed_14.pt,3.0,8.0
vary_B2,49,8,2.0,15,GPArealModel,8.050148010253906,,0.5633552192951723,4.238508183390459,1.0995679305847108,,,7.523686722372718,../data/results/vary_B2/B_49_n_8/phi_2.0/results_seed_15.pt,,
vary_B2,49,8,2.0,15,GPmodel,7.931666374206543,,0.7123416298411772,2.1107085602637787,1.0885651647071442,,,2.963056589482745,../data/results/vary_B2/B_49_n_8/phi_2.0/results_seed_15.pt,,
vary_B2,49,8,2.0,15,VI_best_tau_by_ELBO,8.247400283813477,,0.2589174211025238,1.799403532293135,2.678620902041421,-964.1864501953125,0.3,,../data/results/vary_B2/B_49_n_8/phi_2.0/results_seed_15.pt,8.0,8.0
vary_B2,49,8,2.0,16,GPArealModel,8.686680793762207,,0.49689622390706095,5.93167395182052,3.3341051446122965,,,11.937450249028206,../data/results/vary_B2/B_49_n_8/phi_2.0/results_seed_16.pt,,
vary_B2,49,8,2.0,16,GPmodel,7.951788902282715,,0.527016525060863,3.671014182834443,1.1996726084750358,,,6.965652893731353,../data/results/vary_B2/B_49_n_8/phi_2.0/results_seed_16.pt,,
vary_B2,49,8,2.0,16,VI_best_tau_by_ELBO,8.243139266967773,,0.25948193669319153,3.7244490755942468,2.845020069335437,-1014.8781494140625,0.3,,../data/results/vary_B2/B_49_n_8/phi_2.0/results_seed_16.pt,8.0,8.0
vary_B2,49,8,2.0,17,GPArealModel,7.845181941986084,,0.756248691060783,3.2768676439573112,1.73701770591562,,,4.3330556240181775,../data/results/vary_B2/B_49_n_8/phi_2.0/results_seed_17.pt,,
vary_B2,49,8,2.0,17,GPmodel,7.987938404083252,,0.700075275973927,2.5074314250308505,1.0533680602241378,,,3.581659731580401,../data/results/vary_B2/B_49_n_8/phi_2.0/results_seed_17.pt,,
vary_B2,49,8,2.0,17,VI_best_tau_by_ELBO,8.193490028381348,,0.25934889912605286,1.86488070896135,2.9796631234783444,-985.13349609375,0.3,,../data/results/vary_B2/B_49_n_8/phi_2.0/results_seed_17.pt,8.0,8.0
vary_B2,49,8,2.0,18,GPArealModel,7.9586262702941895,,0.2852675140269955,5.297893476093935,1.374237358827777,,,18.571667699928085,../data/results/vary_B2/B_49_n_8/phi_2.0/results_seed_18.pt,,
vary_B2,49,8,2.0,18,GPmodel,7.842449188232422,,0.46030049756390806,3.2023491176107832,0.9888446574639682,,,6.957083762800343,../data/results/vary_B2/B_49_n_8/phi_2.0/results_seed_18.pt,,
vary_B2,49,8,2.0,18,VI_best_tau_by_ELBO,8.259482383728027,,0.25838372111320496,2.1019336225313143,2.577876917586334,-978.0727905273437,0.3,,../data/results/vary_B2/B_49_n_8/phi_2.0/results_seed_18.pt,6.0,8.0
vary_B2,49,8,2.0,19,GPArealModel,7.678744316101074,,0.312340903127406,9.448336007327352,1.7113485612681372,,,30.250075839325184,../data/results/vary_B2/B_49_n_8/phi_2.0/results_seed_19.pt,,
vary_B2,49,8,2.0,19,GPmodel,7.879452228546143,,0.4215296345298184,4.008695518741505,0.967231650167345,,,9.509878286998434,../data/results/vary_B2/B_49_n_8/phi_2.0/results_seed_19.pt,,
vary_B2,49,8,2.0,19,VI_best_tau_by_ELBO,8.089250564575195,,0.2591601610183716,4.830892260779729,2.1797353020085852,-997.6509765625,0.3,,../data/results/vary_B2/B_49_n_8/phi_2.0/results_seed_19.pt,8.0,8.0
vary_B2,49,8,2.0,20,GPArealModel,7.686133861541748,,0.6161140027525632,4.1516452862670095,1.2485885355149837,,,6.738436827793291,../data/results/vary_B2/B_49_n_8/phi_2.0/results_seed_20.pt,,
vary_B2,49,8,2.0,20,GPmodel,7.930545330047607,,0.7153663922250904,2.518538456671967,1.1503812921094685,,,3.5206273093683547,../data/results/vary_B2/B_49_n_8/phi_2.0/results_seed_20.pt,,
vary_B2,49,8,2.0,20,VI_best_tau_by_ELBO,7.9970221519470215,,0.2592715620994568,2.4720267526068365,3.016989985103793,-997.17001953125,0.3,,../data/results/vary_B2/B_49_n_8/phi_2.0/results_seed_20.pt,8.0,8.0
vary_B2,49,8,2.0,21,GPArealModel,7.8940582275390625,,0.5848080151137947,2.3947314800157256,0.5031606783593428,,,4.094901947521611,../data/results/vary_B2/B_49_n_8/phi_2.0/results_seed_21.pt,,
vary_B2,49,8,2.0,21,GPmodel,7.946067810058594,,0.8873025604761515,1.6797935795612098,1.1576499527565043,,,1.8931463227828231,../data/results/vary_B2/B_49_n_8/phi_2.0/results_seed_21.pt,,
vary_B2,49,8,2.0,21,VI_best_tau_by_ELBO,8.212021827697754,,0.25891122221946716,1.0782186487648562,2.564388179339121,-941.0625366210937,0.3,,../data/results/vary_B2/B_49_n_8/phi_2.0/results_seed_21.pt,6.0,8.0
vary_B2,49,8,2.0,22,GPArealModel,8.15381145477295,,0.4157236254119288,6.036038803889381,1.2360485467058673,,,14.519354770632631,../data/results/vary_B2/B_49_n_8/phi_2.0/results_seed_22.pt,,
vary_B2,49,8,2.0,22,GPmodel,7.929612636566162,,0.4295468741709242,3.363282953002164,1.1862819877338868,,,7.8298391985594,../data/results/vary_B2/B_49_n_8/phi_2.0/results_seed_22.pt,,
vary_B2,49,8,2.0,22,VI_best_tau_by_ELBO,8.218162536621094,,0.25906482338905334,2.957744901452781,2.6348229373558434,-994.198583984375,0.3,,../data/results/vary_B2/B_49_n_8/phi_2.0/results_seed_22.pt,8.0,8.0
vary_B2,49,8,2.0,23,GPArealModel,7.743773460388184,,0.7152013977074514,3.0955269581887377,1.6177921071828107,,,4.328189189941912,../data/results/vary_B2/B_49_n_8/phi_2.0/results_seed_23.pt,,
vary_B2,49,8,2.0,23,GPmodel,7.958652973175049,,0.7426993323200842,2.4406388680391493,0.9200002612179978,,,3.2861735049834366,../data/results/vary_B2/B_49_n_8/phi_2.0/results_seed_23.pt,,
vary_B2,49,8,2.0,23,VI_best_tau_by_ELBO,8.184748649597168,,0.2588222622871399,1.4553817365793984,2.875989076114813,-967.369970703125,0.3,,../data/results/vary_B2/B_49_n_8/phi_2.0/results_seed_23.pt,8.0,8.0
vary_B2,49,8,2.0,24,GPArealModel,7.126504421234131,,0.3671454336543836,2.055014762177221,3.6961857224292363,,,5.5972771926444045,../data/results/vary_B2/B_49_n_8/phi_2.0/results_seed_24.pt,,
vary_B2,49,8,2.0,24,GPmodel,7.958929538726807,,0.811436473048924,2.0521204410056395,1.2157973163591262,,,2.5289970431017474,../data/results/vary_B2/B_49_n_8/phi_2.0/results_seed_24.pt,,
vary_B2,49,8,2.0,24,VI_best_tau_by_ELBO,8.01736831665039,,0.25884947180747986,1.099512363201163,2.9963616039250707,-968.787548828125,0.3,,../data/results/vary_B2/B_49_n_8/phi_2.0/results_seed_24.pt,8.0,8.0
vary_B2,49,8,2.0,25,GPArealModel,8.070985794067383,,0.1762757737232758,6.8143019606814885,3.829725870090435,,,38.657053188595455,../data/results/vary_B2/B_49_n_8/phi_2.0/results_seed_25.pt,,
vary_B2,49,8,2.0,25,GPmodel,7.876736164093018,,0.3920988163941906,3.866181259856335,1.033149599068919,,,9.860221704850872,../data/results/vary_B2/B_49_n_8/phi_2.0/results_seed_25.pt,,
vary_B2,49,8,2.0,25,VI_best_tau_by_ELBO,8.146408081054688,,0.25868290662765503,2.7523451765520885,2.6228228500108117,-996.47294921875,0.3,,../data/results/vary_B2/B_49_n_8/phi_2.0/results_seed_25.pt,8.0,8.0
vary_B2,49,8,2.0,26,GPArealModel,8.49245548248291,,0.31034405328159703,7.814160438518073,1.2044305035244594,,,25.179024234202853,../data/results/vary_B2/B_49_n_8/phi_2.0/results_seed_26.pt,,
vary_B2,49,8,2.0,26,GPmodel,7.975349426269531,,0.4827520491854426,3.582165830103115,1.062902007373341,,,7.42030165619675,../data/results/vary_B2/B_49_n_8/phi_2.0/results_seed_26.pt,,
vary_B2,49,8,2.0,26,VI_best_tau_by_ELBO,8.390257835388184,,0.2590094208717346,3.2218050113523513,2.5936594014287544,-994.3508178710938,0.3,,../data/results/vary_B2/B_49_n_8/phi_2.0/results_seed_26.pt,8.0,8.0
vary_B2,49,8,2.0,27,GPArealModel,7.719062328338623,,0.2587791469906681,2.037260768294092,4.859026378596809,,,7.872584758027502,../data/results/vary_B2/B_49_n_8/phi_2.0/results_seed_27.pt,,
vary_B2,49,8,2.0,27,GPmodel,7.957866668701172,,0.7278102577041988,2.16051015475017,0.7599115006843058,,,2.968507426049851,../data/results/vary_B2/B_49_n_8/phi_2.0/results_seed_27.pt,,
vary_B2,49,8,2.0,27,VI_best_tau_by_ELBO,8.074954986572266,,0.2588065266609192,1.1199657884027823,2.4888214314674366,-939.1722290039063,0.3,,../data/results/vary_B2/B_49_n_8/phi_2.0/results_seed_27.pt,6.0,8.0
vary_B2,49,8,2.0,28,GPArealModel,7.308848857879639,,0.5750996966078767,3.705794446280789,0.3821550569637769,,,6.443742655645201,../data/results/vary_B2/B_49_n_8/phi_2.0/results_seed_28.pt,,
vary_B2,49,8,2.0,28,GPmodel,7.901709079742432,,0.6289920468141159,2.2698463954878667,1.1044702004267088,,,3.608704445445345,../data/results/vary_B2/B_49_n_8/phi_2.0/results_seed_28.pt,,
vary_B2,49,8,2.0,28,VI_best_tau_by_ELBO,8.00888442993164,,0.25953951478004456,2.0933852594122406,2.6220346486977832,-975.0543090820313,0.3,,../data/results/vary_B2/B_49_n_8/phi_2.0/results_seed_28.pt,8.0,8.0
vary_B2,49,8,2.0,29,GPArealModel,8.052656173706055,,0.3890119784014195,6.773901647831238,1.185234311838799,,,17.413092716752498,../data/results/vary_B2/B_49_n_8/phi_2.0/results_seed_29.pt,,
vary_B2,49,8,2.0,29,GPmodel,7.9708356857299805,,0.49166173228128507,3.443178821201738,1.0710669057907185,,,7.003145852384252,../data/results/vary_B2/B_49_n_8/phi_2.0/results_seed_29.pt,,
vary_B2,49,8,2.0,29,VI_best_tau_by_ELBO,8.112068176269531,,0.2594143748283386,4.1403953751681835,2.461521729391578,-1000.0065185546875,0.3,,../data/results/vary_B2/B_49_n_8/phi_2.0/results_seed_29.pt,8.0,8.0
vary_B2,49,8,2.0,30,GPArealModel,8.704544067382812,,0.46134658632251446,4.836608909675681,1.549339882616247,,,10.483677679787887,../data/results/vary_B2/B_49_n_8/phi_2.0/results_seed_30.pt,,
vary_B2,49,8,2.0,30,GPmodel,7.9675517082214355,,0.7833038327621787,2.4936059771826176,1.3119844267530638,,,3.183446668950117,../data/results/vary_B2/B_49_n_8/phi_2.0/results_seed_30.pt,,
vary_B2,49,8,2.0,30,VI_best_tau_by_ELBO,8.488420486450195,,0.2591797411441803,2.1199687134602447,2.8376019984743404,-985.9873168945312,0.3,,../data/results/vary_B2/B_49_n_8/phi_2.0/results_seed_30.pt,8.0,8.0
vary_B2,49,8,2.0,31,GPArealModel,8.620285034179688,,0.39789122337815375,4.45428769339413,0.5767133939567303,,,11.194737233901735,../data/results/vary_B2/B_49_n_8/phi_2.0/results_seed_31.pt,,
vary_B2,49,8,2.0,31,GPmodel,7.968751907348633,,0.5332152579568403,2.8410994912409517,1.3454827092193784,,,5.328241172481446,../data/results/vary_B2/B_49_n_8/phi_2.0/results_seed_31.pt,,
vary_B2,49,8,2.0,31,VI_best_tau_by_ELBO,8.534181594848633,,0.2595192492008209,2.48508517892467,2.568069528396896,-985.1233154296875,0.3,,../data/results/vary_B2/B_49_n_8/phi_2.0/results_seed_31.pt,8.0,8.0
vary_B2,49,8,2.0,32,GPArealModel,7.900446891784668,,0.19934660463028625,6.00285968888304,3.2768449873179373,,,30.112675859295976,../data/results/vary_B2/B_49_n_8/phi_2.0/results_seed_32.pt,,
vary_B2,49,8,2.0,32,GPmodel,8.01069164276123,,0.47643844186795453,2.9844717723552963,1.136890966108992,,,6.26412881516065,../data/results/vary_B2/B_49_n_8/phi_2.0/results_seed_32.pt,,
vary_B2,49,8,2.0,32,VI_best_tau_by_ELBO,8.228414535522461,,0.2587108612060547,2.582927099684457,2.485690525041245,-983.0638061523438,0.3,,../data/results/vary_B2/B_49_n_8/phi_2.0/results_seed_32.pt,8.0,8.0
vary_B2,49,8,2.0,33,GPArealModel,8.065738677978516,,0.1889884478287832,7.8366367569004876,2.337663321140882,,,41.46622106765066,../data/results/vary_B2/B_49_n_8/phi_2.0/results_seed_33.pt,,
vary_B2,49,8,2.0,33,GPmodel,7.98849630355835,,0.27961987745006905,4.5496065435190385,1.1532448414745162,,,16.27068356158424,../data/results/vary_B2/B_49_n_8/phi_2.0/results_seed_33.pt,,
vary_B2,49,8,2.0,33,VI_best_tau_by_ELBO,8.198634147644043,,0.2585352659225464,3.562132787973315,2.353141937177649,-1011.3953125,0.3,,../data/results/vary_B2/B_49_n_8/phi_2.0/results_seed_33.pt,8.0,8.0
vary_B2,49,8,2.0,34,GPArealModel,7.934558391571045,,0.47137562813536493,3.979054186207966,2.076427141739576,,,8.441365969530569,../data/results/vary_B2/B_49_n_8/phi_2.0/results_seed_34.pt,,
vary_B2,49,8,2.0,34,GPmodel,7.964752197265625,,0.7968991477717589,1.9863423119680228,1.155475816198331,,,2.4925893289284007,../data/results/vary_B2/B_49_n_8/phi_2.0/results_seed_34.pt,,
vary_B2,49,8,2.0,34,VI_best_tau_by_ELBO,8.191975593566895,,0.259021133184433,1.551014691484335,2.606169262157227,-959.7597045898438,0.3,,../data/results/vary_B2/B_49_n_8/phi_2.0/results_seed_34.pt,8.0,8.0
vary_B2,49,8,2.0,35,GPArealModel,7.746495723724365,,0.3694464283856417,3.985726151132206,2.3402504022189987,,,10.788373752991758,../data/results/vary_B2/B_49_n_8/phi_2.0/results_seed_35.pt,,
vary_B2,49,8,2.0,35,GPmodel,7.9943437576293945,,0.5004690690717571,2.7361168369591304,1.0590584937816925,,,5.467104774394812,../data/results/vary_B2/B_49_n_8/phi_2.0/results_seed_35.pt,,
vary_B2,49,8,2.0,35,VI_best_tau_by_ELBO,8.126517295837402,,0.2590753436088562,1.9989171656262015,2.6099723061190576,-975.37236328125,0.3,,../data/results/vary_B2/B_49_n_8/phi_2.0/results_seed_35.pt,8.0,8.0
vary_B2,49,8,2.0,36,GPArealModel,7.971158504486084,,0.5719416042349743,1.6741422248614148,2.3050176014558184,,,2.9271209026675677,../data/results/vary_B2/B_49_n_8/phi_2.0/results_seed_36.pt,,
vary_B2,49,8,2.0,36,GPmodel,7.892157554626465,,1.060929467255168,1.4226674265149621,0.9963581064376792,,,1.3409632500788964,../data/results/vary_B2/B_49_n_8/phi_2.0/results_seed_36.pt,,
vary_B2,49,8,2.0,36,VI_best_tau_by_ELBO,8.071081161499023,,0.2588968575000763,0.8128198949206737,2.394450631036568,-923.9508911132813,0.3,,../data/results/vary_B2/B_49_n_8/phi_2.0/results_seed_36.pt,8.0,8.0
vary_B2,49,8,2.0,37,GPArealModel,7.541054725646973,,0.4529273779447233,6.7389204222741075,1.0559525704914288,,,14.878589262706363,../data/results/vary_B2/B_49_n_8/phi_2.0/results_seed_37.pt,,
vary_B2,49,8,2.0,37,GPmodel,7.895082473754883,,0.5086963634132627,3.6926078609783266,0.9415774428012542,,,7.258962568950916,../data/results/vary_B2/B_49_n_8/phi_2.0/results_seed_37.pt,,
vary_B2,49,8,2.0,37,VI_best_tau_by_ELBO,8.049790382385254,,0.25941988825798035,3.791336223811507,2.6174130579070027,-999.9065795898438,0.3,,../data/results/vary_B2/B_49_n_8/phi_2.0/results_seed_37.pt,8.0,8.0
vary_B2,49,8,2.0,38,GPArealModel,8.112165451049805,,0.5810534078035333,3.251770754768526,0.7081776991351693,,,5.596337119957172,../data/results/vary_B2/B_49_n_8/phi_2.0/results_seed_38.pt,,
vary_B2,49,8,2.0,38,GPmodel,7.963150978088379,,0.6845681098439514,2.2914704084790976,1.1777654444527403,,,3.3473227506923195,../data/results/vary_B2/B_49_n_8/phi_2.0/results_seed_38.pt,,
vary_B2,49,8,2.0,38,VI_best_tau_by_ELBO,8.22429370880127,,0.25922542810440063,1.7512478576691441,2.9456939775475717,-982.4273803710937,0.3,,../data/results/vary_B2/B_49_n_8/phi_2.0/results_seed_38.pt,8.0,8.0
vary_B2,49,8,2.0,39,GPArealModel,8.389799118041992,,0.6817583729047347,3.2674248304253037,1.6014554050526209,,,4.79264349406366,../data/results/vary_B2/B_49_n_8/phi_2.0/results_seed_39.pt,,
vary_B2,49,8,2.0,39,GPmodel,7.958893775939941,,0.7020410914055438,2.063946496452876,1.042773523063402,,,2.9399226366090425,../data/results/vary_B2/B_49_n_8/phi_2.0/results_seed_39.pt,,
vary_B2,49,8,2.0,39,VI_best_tau_by_ELBO,8.154664993286133,,0.2593131959438324,1.9479606311667095,2.5896303302993657,-963.9746826171875,0.3,,../data/results/vary_B2/B_49_n_8/phi_2.0/results_seed_39.pt,8.0,8.0
vary_B2,49,8,2.0,40,GPArealModel,7.741756916046143,,0.603648007210233,4.164271408693714,0.632716291306202,,,6.898509328207587,../data/results/vary_B2/B_49_n_8/phi_2.0/results_seed_40.pt,,
vary_B2,49,8,2.0,40,GPmodel,7.94025993347168,,0.6232418274797028,2.5440165030855586,0.9993223586505001,,,4.081909125665045,../data/results/vary_B2/B_49_n_8/phi_2.0/results_seed_40.pt,,
vary_B2,49,8,2.0,40,VI_best_tau_by_ELBO,8.08334732055664,,0.25939661264419556,2.4097555640536905,2.7233289193642682,-981.459716796875,0.3,,../data/results/vary_B2/B_49_n_8/phi_2.0/results_seed_40.pt,8.0,8.0
vary_B2,49,8,2.0,41,GPArealModel,7.354594707489014,,0.3489342729746224,5.796252372103283,0.8345744997201581,,,16.61130138547565,../data/results/vary_B2/B_49_n_8/phi_2.0/results_seed_41.pt,,
vary_B2,49,8,2.0,41,GPmodel,7.970070838928223,,0.5123005238999634,2.882141026979231,1.1704293261469747,,,5.6258795228989955,../data/results/vary_B2/B_49_n_8/phi_2.0/results_seed_41.pt,,
vary_B2,49,8,2.0,41,VI_best_tau_by_ELBO,8.187395095825195,,0.25884827971458435,2.343442790756343,2.7216320731956367,-989.4262939453125,0.3,,../data/results/vary_B2/B_49_n_8/phi_2.0/results_seed_41.pt,8.0,8.0
vary_B2,49,8,2.0,42,GPArealModel,8.381826400756836,,0.22810863650194907,6.3250937736808694,3.776539330404534,,,27.728427431228912,../data/results/vary_B2/B_49_n_8/phi_2.0/results_seed_42.pt,,
vary_B2,49,8,2.0,42,GPmodel,7.947216510772705,,0.3483597205587089,4.173261830905413,1.110056204076971,,,11.979748474399454,../data/results/vary_B2/B_49_n_8/phi_2.0/results_seed_42.pt,,
vary_B2,49,8,2.0,42,VI_best_tau_by_ELBO,8.340282440185547,,0.25867101550102234,2.952445698419881,2.482749356299654,-1001.552197265625,0.3,,../data/results/vary_B2/B_49_n_8/phi_2.0/results_seed_42.pt,8.0,8.0
vary_B2,49,8,2.0,43,GPArealModel,8.11616325378418,,0.5437355191632921,4.355818061503226,1.2637591109032944,,,8.010913225249695,../data/results/vary_B2/B_49_n_8/phi_2.0/results_seed_43.pt,,
vary_B2,49,8,2.0,43,GPmodel,7.911365032196045,,0.6545730248032591,2.578797495038772,1.0810154376802703,,,3.9396635628452077,../data/results/vary_B2/B_49_n_8/phi_2.0/results_seed_43.pt,,
vary_B2,49,8,2.0,43,VI_best_tau_by_ELBO,8.081787109375,,0.2593325972557068,2.3394479756475044,2.8192992726085984,-986.9736694335937,0.3,,../data/results/vary_B2/B_49_n_8/phi_2.0/results_seed_43.pt,8.0,8.0
vary_B2,49,8,2.0,44,GPArealModel,7.675936222076416,,0.30598710237985993,4.960240651289948,1.3640555658375237,,,16.21062003172991,../data/results/vary_B2/B_49_n_8/phi_2.0/results_seed_44.pt,,
vary_B2,49,8,2.0,44,GPmodel,7.899284839630127,,0.6295370435467201,2.5387141978367294,1.0638072842922548,,,4.032668488472073,../data/results/vary_B2/B_49_n_8/phi_2.0/results_seed_44.pt,,
vary_B2,49,8,2.0,44,VI_best_tau_by_ELBO,7.98638916015625,,0.25825202465057373,1.990185790890489,2.9123802321926258,-982.4503784179688,0.3,,../data/results/vary_B2/B_49_n_8/phi_2.0/results_seed_44.pt,8.0,8.0
vary_B2,49,8,2.0,45,GPArealModel,8.299927711486816,,0.7704940913620102,3.1783741909175127,1.1691681151296678,,,4.12511169981728,../data/results/vary_B2/B_49_n_8/phi_2.0/results_seed_45.pt,,
vary_B2,49,8,2.0,45,GPmodel,8.00258731842041,,0.9254814888049038,1.8599944812678275,1.1678750757359089,,,2.009758708053343,../data/results/vary_B2/B_49_n_8/phi_2.0/results_seed_45.pt,,
vary_B2,49,8,2.0,45,VI_best_tau_by_ELBO,8.203573226928711,,0.25920170545578003,1.700286317763727,2.6730564103744876,-959.0612915039062,0.3,,../data/results/vary_B2/B_49_n_8/phi_2.0/results_seed_45.pt,8.0,8.0
vary_B2,49,8,2.0,46,GPArealModel,8.634210586547852,,0.27569535085349073,5.02955989492712,2.275592667005037,,,18.24317994248628,../data/results/vary_B2/B_49_n_8/phi_2.0/results_seed_46.pt,,
vary_B2,49,8,2.0,46,GPmodel,7.938139915466309,,0.4191753762565642,3.2089330431869154,1.063636092895803,,,7.655347200601849,../data/results/vary_B2/B_49_n_8/phi_2.0/results_seed_46.pt,,
vary_B2,49,8,2.0,46,VI_best_tau_by_ELBO,8.18094253540039,,0.2586324214935303,2.1752333726594535,2.6237294614040074,-987.4431640625,0.3,,../data/results/vary_B2/B_49_n_8/phi_2.0/results_seed_46.pt,6.0,8.0
vary_B2,49,8,2.0,47,GPArealModel,8.412023544311523,,0.5714287741253661,2.8065375828477785,1.6999697251385442,,,4.911439027800953,../data/results/vary_B2/B_49_n_8/phi_2.0/results_seed_47.pt,,
vary_B2,49,8,2.0,47,GPmodel,7.931997299194336,,0.7166924611007036,2.0481126425173435,0.9384258866009022,,,2.857728738170109,../data/results/vary_B2/B_49_n_8/phi_2.0/results_seed_47.pt,,
vary_B2,49,8,2.0,47,VI_best_tau_by_ELBO,8.237793922424316,,0.2587910592556,1.316894656386148,2.542718508987779,-945.1084106445312,0.3,,../data/results/vary_B2/B_49_n_8/phi_2.0/results_seed_47.pt,8.0,8.0
vary_B2,49,8,2.0,48,GPArealModel,8.651750564575195,,0.3426721414032298,5.014134470992317,0.9828941913929788,,,14.632454364278404,../data/results/vary_B2/B_49_n_8/phi_2.0/results_seed_48.pt,,
vary_B2,49,8,2.0,48,GPmodel,8.013418197631836,,0.36816976379477073,3.8493468712082217,1.0250708753492772,,,10.455358505088885,../data/results/vary_B2/B_49_n_8/phi_2.0/results_seed_48.pt,,
vary_B2,49,8,2.0,48,VI_best_tau_by_ELBO,8.478449821472168,,0.2596207559108734,3.0811995325914596,2.3750917560806157,-991.7552368164063,0.3,,../data/results/vary_B2/B_49_n_8/phi_2.0/results_seed_48.pt,8.0,8.0
vary_B2,49,8,2.0,49,GPArealModel,8.182172775268555,,0.6923637554164244,3.6956252966948173,1.8146947731086744,,,5.337693181920062,../data/results/vary_B2/B_49_n_8/phi_2.0/results_seed_49.pt,,
vary_B2,49,8,2.0,49,GPmodel,7.949351787567139,,0.6546583769763293,2.572399497437008,1.0553418153370517,,,3.9293768901547548,../data/results/vary_B2/B_49_n_8/phi_2.0/results_seed_49.pt,,
vary_B2,49,8,2.0,49,VI_best_tau_by_ELBO,8.264592170715332,,0.2590477764606476,2.091285318426448,2.8038896944876024,-976.7732666015625,0.3,,../data/results/vary_B2/B_49_n_8/phi_2.0/results_seed_49.pt,8.0,8.0
vary_B2,49,8,2.0,50,GPArealModel,8.182357788085938,,0.3470630697605738,4.562146235867612,1.249272267143468,,,13.14500629241501,../data/results/vary_B2/B_49_n_8/phi_2.0/results_seed_50.pt,,
vary_B2,49,8,2.0,50,GPmodel,7.977083683013916,,0.47204693001276565,2.6969691639010196,0.9851672623081723,,,5.713349653239107,../data/results/vary_B2/B_49_n_8/phi_2.0/results_seed_50.pt,,
vary_B2,49,8,2.0,50,VI_best_tau_by_ELBO,8.330071449279785,,0.2588372528553009,2.0393785313421002,2.466631194739877,-968.3333251953125,0.3,,../data/results/vary_B2/B_49_n_8/phi_2.0/results_seed_50.pt,8.0,8.0
vary_B2,49,8,2.0,51,GPArealModel,7.9481425285339355,,0.34820220003315355,4.4159850462313,1.051595615781462,,,12.682243379883408,../data/results/vary_B2/B_49_n_8/phi_2.0/results_seed_51.pt,,
vary_B2,49,8,2.0,51,GPmodel,7.979398727416992,,0.43275625920421146,3.3645637818483505,1.0638246819648105,,,7.7747316423230775,../data/results/vary_B2/B_49_n_8/phi_2.0/results_seed_51.pt,,
vary_B2,49,8,2.0,51,VI_best_tau_by_ELBO,8.216276168823242,,0.25921833515167236,2.324260670609623,2.6824034549589957,-988.5621459960937,0.3,,../data/results/vary_B2/B_49_n_8/phi_2.0/results_seed_51.pt,8.0,8.0
vary_B2,49,8,2.0,52,GPArealModel,7.322233200073242,,0.5243349204865532,3.020750251076661,1.1768886183704197,,,5.761108278414063,../data/results/vary_B2/B_49_n_8/phi_2.0/results_seed_52.pt,,
vary_B2,49,8,2.0,52,GPmodel,7.880949974060059,,0.5963307322056293,2.0765027633496134,1.0081389658296493,,,3.4821327347482485,../data/results/vary_B2/B_49_n_8/phi_2.0/results_seed_52.pt,,
vary_B2,49,8,2.0,52,VI_best_tau_by_ELBO,7.95042085647583,,0.25897127389907837,1.5609703670093062,2.6201671481071407,-963.1431518554688,0.3,,../data/results/vary_B2/B_49_n_8/phi_2.0/results_seed_52.pt,8.0,8.0
vary_B2,49,8,2.0,53,GPArealModel,8.259084701538086,,0.22098883969650557,7.4189152240025145,2.13375684777197,,,33.571447473054576,../data/results/vary_B2/B_49_n_8/phi_2.0/results_seed_53.pt,,
vary_B2,49,8,2.0,53,GPmodel,7.895949363708496,,0.2754642065195126,5.627491342762629,0.7935912036719643,,,20.429120043819573,../data/results/vary_B2/B_49_n_8/phi_2.0/results_seed_53.pt,,
vary_B2,49,8,2.0,53,VI_best_tau_by_ELBO,8.224964141845703,,0.2589191794395447,4.015421278350846,2.057345892330856,-993.2917114257813,0.3,,../data/results/vary_B2/B_49_n_8/phi_2.0/results_seed_53.pt,8.0,8.0
vary_B2,49,8,2.0,54,GPArealModel,8.001425743103027,,0.5875750975840109,4.342688302199865,1.4112653922066678,,,7.390865133760968,../data/results/vary_B2/B_49_n_8/phi_2.0/results_seed_54.pt,,
vary_B2,49,8,2.0,54,GPmodel,7.916388511657715,,0.8730802847422505,2.406951589731351,1.4170522596198687,,,2.756850236793433,../data/results/vary_B2/B_49_n_8/phi_2.0/results_seed_54.pt,,
vary_B2,49,8,2.0,54,VI_best_tau_by_ELBO,8.174349784851074,,0.2588357627391815,1.923941373214057,3.084022291252883,-993.08798828125,0.3,,../data/results/vary_B2/B_49_n_8/phi_2.0/results_seed_54.pt,3.0,8.0
vary_B2,49,8,2.0,55,GPArealModel,8.421391487121582,,0.37307858212205974,6.143500902189461,2.190236341797309,,,16.467042592596478,../data/results/vary_B2/B_49_n_8/phi_2.0/results_seed_55.pt,,
vary_B2,49,8,2.0,55,GPmodel,7.879083156585693,,0.4537875486931437,3.75526188480506,1.1887330431578864,,,8.275374446962648,../data/results/vary_B2/B_49_n_8/phi_2.0/results_seed_55.pt,,
vary_B2,49,8,2.0,55,VI_best_tau_by_ELBO,8.281538009643555,,0.25896379351615906,2.836815830623719,2.8424425775243467,-1003.9926391601563,0.3,,../data/results/vary_B2/B_49_n_8/phi_2.0/results_seed_55.pt,8.0,8.0
vary_B2,49,8,2.0,56,GPArealModel,8.577651977539062,,0.18089489525036873,8.802912948306956,1.3556606012632135,,,48.66313632633595,../data/results/vary_B2/B_49_n_8/phi_2.0/results_seed_56.pt,,
vary_B2,49,8,2.0,56,GPmodel,7.927178382873535,,0.3027521157752831,4.615747291903242,1.1326731238741339,,,15.245962130052519,../data/results/vary_B2/B_49_n_8/phi_2.0/results_seed_56.pt,,
vary_B2,49,8,2.0,56,VI_best_tau_by_ELBO,8.363106727600098,,0.2584148347377777,3.700374444896047,2.33763193729778,-1006.5683471679688,0.3,,../data/results/vary_B2/B_49_n_8/phi_2.0/results_seed_56.pt,8.0,8.0
vary_B2,49,8,2.0,57,GPArealModel,8.120611190795898,,0.5222617502440297,1.9078966379249676,2.565160862599864,,,3.653142580389034,../data/results/vary_B2/B_49_n_8/phi_2.0/results_seed_57.pt,,
vary_B2,49,8,2.0,57,GPmodel,7.950754165649414,,0.7287709532720993,2.152007851788648,0.8817661183692617,,,2.9529275859944413,../data/results/vary_B2/B_49_n_8/phi_2.0/results_seed_57.pt,,
vary_B2,49,8,2.0,57,VI_best_tau_by_ELBO,8.25737476348877,,0.2592332065105438,1.3515947538421804,2.6146201755009453,-954.366015625,0.3,,../data/results/vary_B2/B_49_n_8/phi_2.0/results_seed_57.pt,8.0,8.0
vary_B2,49,8,2.0,58,GPArealModel,8.504162788391113,,0.39326983158850765,5.616058953836513,2.054259147546723,,,14.280421488604794,../data/results/vary_B2/B_49_n_8/phi_2.0/results_seed_58.pt,,
vary_B2,49,8,2.0,58,GPmodel,7.901190757751465,,0.5388813259694527,3.5392322204434583,1.0718486792459083,,,6.567739592898947,../data/results/vary_B2/B_49_n_8/phi_2.0/results_seed_58.pt,,
vary_B2,49,8,2.0,58,VI_best_tau_by_ELBO,8.189422607421875,,0.2588609457015991,2.5168170469470783,3.075402600529376,-999.1766967773438,0.3,,../data/results/vary_B2/B_49_n_8/phi_2.0/results_seed_58.pt,8.0,8.0
vary_B2,49,8,2.0,59,GPArealModel,7.857954025268555,,1.0825843801075667,1.9108273912123623,1.2435541136079968,,,1.7650609285739929,../data/results/vary_B2/B_49_n_8/phi_2.0/results_seed_59.pt,,
vary_B2,49,8,2.0,59,GPmodel,7.911232948303223,,1.169661208354924,1.6601871737071436,0.8830953619133428,,,1.4193743982004177,../data/results/vary_B2/B_49_n_8/phi_2.0/results_seed_59.pt,,
vary_B2,49,8,2.0,59,VI_best_tau_by_ELBO,8.09239673614502,,0.25911033153533936,0.5993485756252803,3.067541547703902,-936.7038940429687,0.4,,../data/results/vary_B2/B_49_n_8/phi_2.0/results_seed_59.pt,6.0,8.0
vary_B2,49,8,2.0,60,GPArealModel,7.807990074157715,,0.46091390954048095,4.894338333260003,1.526447916807465,,,10.618768997749557,../data/results/vary_B2/B_49_n_8/phi_2.0/results_seed_60.pt,,
vary_B2,49,8,2.0,60,GPmodel,7.971710205078125,,0.49372186339262386,3.208371531486072,1.1732933702075194,,,6.498337969964821,../data/results/vary_B2/B_49_n_8/phi_2.0/results_seed_60.pt,,
vary_B2,49,8,2.0,60,VI_best_tau_by_ELBO,8.096263885498047,,0.2598191797733307,3.3137184506743336,2.5199654724340084,-999.085107421875,0.3,,../data/results/vary_B2/B_49_n_8/phi_2.0/results_seed_60.pt,8.0,8.0
vary_B2,49,8,2.0,61,GPArealModel,7.963209629058838,,0.23027949468684336,3.31912775648409,2.03247718587513,,,14.41347507296629,../data/results/vary_B2/B_49_n_8/phi_2.0/results_seed_61.pt,,
vary_B2,49,8,2.0,61,GPmodel,8.073054313659668,,0.4712178664120866,2.533982172480715,1.1349869374695776,,,5.377517180693468,../data/results/vary_B2/B_49_n_8/phi_2.0/results_seed_61.pt,,
vary_B2,49,8,2.0,61,VI_best_tau_by_ELBO,8.211912155151367,,0.2583507299423218,1.4256080928550263,2.6963157790676258,-977.2093017578125,0.3,,../data/results/vary_B2/B_49_n_8/phi_2.0/results_seed_61.pt,8.0,8.0
vary_B2,49,8,2.0,62,GPArealModel,7.7357611656188965,,1.1875500867566837,2.6001280250112266,1.0156484394841714,,,2.1894891457693646,../data/results/vary_B2/B_49_n_8/phi_2.0/results_seed_62.pt,,
vary_B2,49,8,2.0,62,GPmodel,7.827417373657227,,1.0838674053494946,1.7383286342764859,1.0594217683112264,,,1.603820380331448,../data/results/vary_B2/B_49_n_8/phi_2.0/results_seed_62.pt,,
vary_B2,49,8,2.0,62,VI_best_tau_by_ELBO,7.900477886199951,,0.2592712938785553,1.0080998595221602,3.2465854099259994,-956.318896484375,0.4,,../data/results/vary_B2/B_49_n_8/phi_2.0/results_seed_62.pt,8.0,8.0
vary_B2,49,8,2.0,63,GPArealModel,8.120489120483398,,0.2544770615336066,6.403192803308733,1.1621900970118728,,,25.162161040055544,../data/results/vary_B2/B_49_n_8/phi_2.0/results_seed_63.pt,,
vary_B2,49,8,2.0,63,GPmodel,7.9757795333862305,,0.31842508216121007,3.7982076357742294,0.9797452611145384,,,11.92810443824051,../data/results/vary_B2/B_49_n_8/phi_2.0/results_seed_63.pt,,
vary_B2,49,8,2.0,63,VI_best_tau_by_ELBO,8.20087718963623,,0.2589796185493469,3.121724248482349,2.100940667195909,-979.5225952148437,0.3,,../data/results/vary_B2/B_49_n_8/phi_2.0/results_seed_63.pt,8.0,8.0
vary_B2,49,8,2.0,64,GPArealModel,8.02200984954834,,0.41590502290900255,3.807848251465588,1.7295658055665029,,,9.155571685169866,../data/results/vary_B2/B_49_n_8/phi_2.0/results_seed_64.pt,,
vary_B2,49,8,2.0,64,GPmodel,8.013626098632812,,0.48258512976757073,2.727661562535351,1.30577375951354,,,5.652187343296477,../data/results/vary_B2/B_49_n_8/phi_2.0/results_seed_64.pt,,
vary_B2,49,8,2.0,64,VI_best_tau_by_ELBO,8.175629615783691,,0.2594434916973114,2.1938035770418214,2.6709838429210984,-989.76552734375,0.3,,../data/results/vary_B2/B_49_n_8/phi_2.0/results_seed_64.pt,8.0,8.0
vary_B2,49,8,2.0,65,GPArealModel,7.305684566497803,,0.4173431594290215,4.209956504988118,1.522976759101956,,,10.087517693468065,../data/results/vary_B2/B_49_n_8/phi_2.0/results_seed_65.pt,,
vary_B2,49,8,2.0,65,GPmodel,8.000059127807617,,0.5277177127065291,2.5695407726683768,1.0367440029448167,,,4.869157715949801,../data/results/vary_B2/B_49_n_8/phi_2.0/results_seed_65.pt,,
vary_B2,49,8,2.0,65,VI_best_tau_by_ELBO,8.027081489562988,,0.2590494155883789,2.2363712969711047,2.6062964317677633,-974.1443237304687,0.3,,../data/results/vary_B2/B_49_n_8/phi_2.0/results_seed_65.pt,8.0,8.0
vary_B2,49,8,2.0,66,GPArealModel,8.305671691894531,,0.266393471352986,5.427647450821927,2.044065885783001,,,20.37455131034347,../data/results/vary_B2/B_49_n_8/phi_2.0/results_seed_66.pt,,
vary_B2,49,8,2.0,66,GPmodel,7.962644100189209,,0.45924602298634665,3.4959183182584694,0.9670174625354396,,,7.612299602564882,../data/results/vary_B2/B_49_n_8/phi_2.0/results_seed_66.pt,,
vary_B2,49,8,2.0,66,VI_best_tau_by_ELBO,8.275873184204102,,0.25928807258605957,2.687304099360104,2.4550578216599663,-984.9875854492187,0.3,,../data/results/vary_B2/B_49_n_8/phi_2.0/results_seed_66.pt,8.0,8.0
vary_B2,49,8,2.0,67,GPArealModel,7.39477014541626,,0.7538980358673121,2.481239029895686,1.204024960279326,,,3.2912130180060455,../data/results/vary_B2/B_49_n_8/phi_2.0/results_seed_67.pt,,
vary_B2,49,8,2.0,67,GPmodel,7.870700359344482,,0.8724176033853279,1.6788916089510046,1.074127277521737,,,1.9244128069358484,../data/results/vary_B2/B_49_n_8/phi_2.0/results_seed_67.pt,,
vary_B2,49,8,2.0,67,VI_best_tau_by_ELBO,8.006877899169922,,0.2590489983558655,1.3767383600857734,2.6745674293631474,-953.9267822265625,0.3,,../data/results/vary_B2/B_49_n_8/phi_2.0/results_seed_67.pt,8.0,8.0
vary_B2,49,8,2.0,68,GPArealModel,7.041626453399658,,0.3142663721559762,5.186962802307178,1.9072704874012296,,,16.504988321603793,../data/results/vary_B2/B_49_n_8/phi_2.0/results_seed_68.pt,,
vary_B2,49,8,2.0,68,GPmodel,7.854040622711182,,0.43918175007164834,3.470273776719615,1.0802514695832683,,,7.901680286472452,../data/results/vary_B2/B_49_n_8/phi_2.0/results_seed_68.pt,,
vary_B2,49,8,2.0,68,VI_best_tau_by_ELBO,7.963758945465088,,0.2589881122112274,2.783005409885956,2.750601717168279,-1000.6684692382812,0.3,,../data/results/vary_B2/B_49_n_8/phi_2.0/results_seed_68.pt,8.0,8.0
vary_B2,49,8,2.0,69,GPArealModel,8.050113677978516,,0.3524902774650839,7.337500419881259,1.0090630429438023,,,20.816178172766993,../data/results/vary_B2/B_49_n_8/phi_2.0/results_seed_69.pt,,
vary_B2,49,8,2.0,69,GPmodel,7.967695713043213,,0.45498401592028825,3.6626603657483003,0.7490031168874102,,,8.050085799915193,../data/results/vary_B2/B_49_n_8/phi_2.0/results_seed_69.pt,,
vary_B2,49,8,2.0,69,VI_best_tau_by_ELBO,8.137139320373535,,0.25886306166648865,3.363170379372758,2.3164992574420973,-980.4183349609375,0.3,,../data/results/vary_B2/B_49_n_8/phi_2.0/results_seed_69.pt,8.0,8.0
vary_B2,49,8,2.0,70,GPArealModel,7.700200080871582,,0.27693251172785605,8.16120393247373,1.064930441528492,,,29.470010153570612,../data/results/vary_B2/B_49_n_8/phi_2.0/results_seed_70.pt,,
vary_B2,49,8,2.0,70,GPmodel,7.824488162994385,,0.29345703711476573,4.8156816284046275,0.9645637946035174,,,16.41017600311047,../data/results/vary_B2/B_49_n_8/phi_2.0/results_seed_70.pt,,
vary_B2,49,8,2.0,70,VI_best_tau_by_ELBO,7.969443321228027,,0.25879424810409546,3.89912881465034,2.368795374367312,-1013.1276733398438,0.3,,../data/results/vary_B2/B_49_n_8/phi_2.0/results_seed_70.pt,8.0,8.0
vary_B2,49,8,2.0,71,GPArealModel,8.81029987335205,,0.5180828064048775,4.990721769871355,0.9055061706790893,,,9.633058090661953,../data/results/vary_B2/B_49_n_8/phi_2.0/results_seed_71.pt,,
vary_B2,49,8,2.0,71,GPmodel,7.937437057495117,,0.5452396957549915,3.3772644570525494,1.0876582680406623,,,6.194091302131007,../data/results/vary_B2/B_49_n_8/phi_2.0/results_seed_71.pt,,
vary_B2,49,8,2.0,71,VI_best_tau_by_ELBO,8.632716178894043,,0.2594754993915558,2.879014868176576,2.7906537312596105,-996.8474975585938,0.3,,../data/results/vary_B2/B_49_n_8/phi_2.0/results_seed_71.pt,8.0,8.0
vary_B2,49,8,2.0,72,GPArealModel,6.635654449462891,,0.24113764642877544,4.886499540584615,2.326708727617138,,,20.264357776370414,../data/results/vary_B2/B_49_n_8/phi_2.0/results_seed_72.pt,,
vary_B2,49,8,2.0,72,GPmodel,7.974335670471191,,0.4364787911153831,3.729288342232795,1.0324245467543558,,,8.54403104605135,../data/results/vary_B2/B_49_n_8/phi_2.0/results_seed_72.pt,,
vary_B2,49,8,2.0,72,VI_best_tau_by_ELBO,8.123616218566895,,0.2593638598918915,2.9449168820676896,2.6029714078917863,-1000.6469604492188,0.3,,../data/results/vary_B2/B_49_n_8/phi_2.0/results_seed_72.pt,8.0,8.0
vary_B2,49,8,2.0,73,GPArealModel,8.015105247497559,,0.4283337797535661,4.998891030914073,1.3677363603756365,,,11.670550554733488,../data/results/vary_B2/B_49_n_8/phi_2.0/results_seed_73.pt,,
vary_B2,49,8,2.0,73,GPmodel,7.898611545562744,,0.4809952469299191,2.805595604935091,0.9401519514469503,,,5.832896734099882,../data/results/vary_B2/B_49_n_8/phi_2.0/results_seed_73.pt,,
vary_B2,49,8,2.0,73,VI_best_tau_by_ELBO,8.081517219543457,,0.25947436690330505,2.7454392253772104,2.3912824966063075,-976.9691772460938,0.3,,../data/results/vary_B2/B_49_n_8/phi_2.0/results_seed_73.pt,8.0,8.0
vary_B2,49,8,2.0,74,GPArealModel,7.929715633392334,,0.2269691011417711,5.205708622924176,3.9803336874619513,,,22.93575908234552,../data/results/vary_B2/B_49_n_8/phi_2.0/results_seed_74.pt,,
vary_B2,49,8,2.0,74,GPmodel,7.954693794250488,,0.47741522354438337,3.8005714383686966,1.100445393709636,,,7.960725278412436,../data/results/vary_B2/B_49_n_8/phi_2.0/results_seed_74.pt,,
vary_B2,49,8,2.0,74,VI_best_tau_by_ELBO,8.181775093078613,,0.2591243386268616,3.1260342502642877,2.7397076769525244,-1010.0773681640625,0.3,,../data/results/vary_B2/B_49_n_8/phi_2.0/results_seed_74.pt,8.0,8.0
vary_B2,49,8,2.0,75,GPArealModel,8.133903503417969,,0.29248152242130293,6.8420350732226085,3.477127500319175,,,23.393050667204363,../data/results/vary_B2/B_49_n_8/phi_2.0/results_seed_75.pt,,
vary_B2,49,8,2.0,75,GPmodel,7.917471408843994,,0.501269876540441,3.880646388498348,1.2795921137060284,,,7.741630945950668,../data/results/vary_B2/B_49_n_8/phi_2.0/results_seed_75.pt,,
vary_B2,49,8,2.0,75,VI_best_tau_by_ELBO,8.132166862487793,,0.25923386216163635,3.358838165924526,3.0567185222522104,-1021.8819702148437,0.3,,../data/results/vary_B2/B_49_n_8/phi_2.0/results_seed_75.pt,8.0,8.0
vary_B2,49,8,2.0,76,GPArealModel,7.727161884307861,,0.20948421374886628,4.783775705030731,2.42317530062459,,,22.835972312288952,../data/results/vary_B2/B_49_n_8/phi_2.0/results_seed_76.pt,,
vary_B2,49,8,2.0,76,GPmodel,7.986419677734375,,0.6402891666709564,2.7856846954321752,1.3792611472872354,,,4.350666605708378,../data/results/vary_B2/B_49_n_8/phi_2.0/results_seed_76.pt,,
vary_B2,49,8,2.0,76,VI_best_tau_by_ELBO,8.227255821228027,,0.2582564055919647,1.7304477271271144,2.977126300915396,-987.1365844726563,0.3,,../data/results/vary_B2/B_49_n_8/phi_2.0/results_seed_76.pt,8.0,8.0
vary_B2,49,8,2.0,77,GPArealModel,7.779571533203125,,0.2898922882446742,7.540499808385522,1.839138865806322,,,26.011384621660604,../data/results/vary_B2/B_49_n_8/phi_2.0/results_seed_77.pt,,
vary_B2,49,8,2.0,77,GPmodel,7.977093696594238,,0.32941362840388944,4.9789445640964205,0.947258993938002,,,15.11456762800295,../data/results/vary_B2/B_49_n_8/phi_2.0/results_seed_77.pt,,
vary_B2,49,8,2.0,77,VI_best_tau_by_ELBO,8.22492504119873,,0.2592027187347412,4.03285430798709,2.314717475112923,-1007.2277954101562,0.3,,../data/results/vary_B2/B_49_n_8/phi_2.0/results_seed_77.pt,8.0,8.0
vary_B2,49,8,2.0,78,GPArealModel,8.024470329284668,,0.4099389643382811,3.9988123902131805,1.5002304910589084,,,9.754653102244182,../data/results/vary_B2/B_49_n_8/phi_2.0/results_seed_78.pt,,
vary_B2,49,8,2.0,78,GPmodel,8.052303314208984,,0.45393073552576607,3.002876050040662,1.071940528959191,,,6.61527368611111,../data/results/vary_B2/B_49_n_8/phi_2.0/results_seed_78.pt,,
vary_B2,49,8,2.0,78,VI_best_tau_by_ELBO,8.45499038696289,,0.25908687710762024,1.7640198786279473,2.625036664891402,-973.962353515625,0.3,,../data/results/vary_B2/B_49_n_8/phi_2.0/results_seed_78.pt,8.0,8.0
vary_B2,49,8,2.0,79,GPArealModel,8.028267860412598,,0.857991813372478,2.6013072229560295,1.2852882722951076,,,3.031855528703897,../data/results/vary_B2/B_49_n_8/phi_2.0/results_seed_79.pt,,
vary_B2,49,8,2.0,79,GPmodel,7.933119773864746,,1.1062654360421273,1.5090569165559875,1.1194563973969538,,,1.3641002126532331,../data/results/vary_B2/B_49_n_8/phi_2.0/results_seed_79.pt,,
vary_B2,49,8,2.0,79,VI_best_tau_by_ELBO,8.107738494873047,,0.25897958874702454,1.1398305262375465,2.5922987022380353,-945.2352416992187,0.3,,../data/results/vary_B2/B_49_n_8/phi_2.0/results_seed_79.pt,8.0,8.0
vary_B2,49,8,2.0,80,GPArealModel,8.008367538452148,,0.4545157735291016,3.7209043779814275,0.9674886442401844,,,8.186524197147993,../data/results/vary_B2/B_49_n_8/phi_2.0/results_seed_80.pt,,
vary_B2,49,8,2.0,80,GPmodel,7.929516792297363,,0.5614992718399561,2.5432369143603575,0.9636371162590698,,,4.52936814330412,../data/results/vary_B2/B_49_n_8/phi_2.0/results_seed_80.pt,,
vary_B2,49,8,2.0,80,VI_best_tau_by_ELBO,8.125935554504395,,0.258985310792923,1.9671277349756535,2.545833616975269,-969.2125244140625,0.3,,../data/results/vary_B2/B_49_n_8/phi_2.0/results_seed_80.pt,8.0,8.0
vary_B2,49,8,2.0,81,GPArealModel,7.766212463378906,,0.3361076424772637,7.7606053851000105,2.48732475057471,,,23.089642734395674,../data/results/vary_B2/B_49_n_8/phi_2.0/results_seed_81.pt,,
vary_B2,49,8,2.0,81,GPmodel,7.937602519989014,,0.45331397181982314,3.926041061264505,1.2339801254038156,,,8.66075458804736,../data/results/vary_B2/B_49_n_8/phi_2.0/results_seed_81.pt,,
vary_B2,49,8,2.0,81,VI_best_tau_by_ELBO,8.20875358581543,,0.2589917778968811,3.5711982762245325,2.8242821940271017,-1015.8666625976563,0.3,,../data/results/vary_B2/B_49_n_8/phi_2.0/results_seed_81.pt,8.0,8.0
vary_B2,49,8,2.0,82,GPArealModel,7.689472675323486,,0.3861317716127995,4.320337856495042,1.443662429083199,,,11.18876553061098,../data/results/vary_B2/B_49_n_8/phi_2.0/results_seed_82.pt,,
vary_B2,49,8,2.0,82,GPmodel,7.851816654205322,,0.6192038157467231,3.0817311473020403,1.279730054772568,,,4.976925317531603,../data/results/vary_B2/B_49_n_8/phi_2.0/results_seed_82.pt,,
vary_B2,49,8,2.0,82,VI_best_tau_by_ELBO,8.1287202835083,,0.25890064239501953,2.167872708006311,3.102447963384162,-1001.181884765625,0.3,,../data/results/vary_B2/B_49_n_8/phi_2.0/results_seed_82.pt,6.0,8.0
vary_B2,49,8,2.0,83,GPArealModel,7.604401588439941,,0.5183045423789328,3.9059695315047476,1.567456229133945,,,7.536051128506396,../data/results/vary_B2/B_49_n_8/phi_2.0/results_seed_83.pt,,
vary_B2,49,8,2.0,83,GPmodel,7.9612345695495605,,0.6115260191598876,2.3516916126862286,1.06723202204805,,,3.845611697629767,../data/results/vary_B2/B_49_n_8/phi_2.0/results_seed_83.pt,,
vary_B2,49,8,2.0,83,VI_best_tau_by_ELBO,8.088027000427246,,0.2592473030090332,2.2178275276000288,2.6496159071069325,-973.8615966796875,0.3,,../data/results/vary_B2/B_49_n_8/phi_2.0/results_seed_83.pt,8.0,8.0
vary_B2,49,8,2.0,84,GPArealModel,8.315289497375488,,0.6473286535951318,4.047460982015782,0.6789856845289306,,,6.252559591695818,../data/results/vary_B2/B_49_n_8/phi_2.0/results_seed_84.pt,,
vary_B2,49,8,2.0,84,GPmodel,7.9688944816589355,,0.6092264716240937,2.8337571500339975,0.9854071190518917,,,4.651401871096778,../data/results/vary_B2/B_49_n_8/phi_2.0/results_seed_84.pt,,
vary_B2,49,8,2.0,84,VI_best_tau_by_ELBO,8.471524238586426,,0.25967198610305786,2.6228508492239557,2.689792744506023,-984.6344970703125,0.3,,../data/results/vary_B2/B_49_n_8/phi_2.0/results_seed_84.pt,8.0,8.0
vary_B2,49,8,2.0,85,GPArealModel,7.846405982971191,,0.4892598053104051,3.7977693684400116,1.0628062681091763,,,7.762275435707541,../data/results/vary_B2/B_49_n_8/phi_2.0/results_seed_85.pt,,
vary_B2,49,8,2.0,85,GPmodel,7.9637770652771,,0.5819390020916945,2.454262805306778,1.0281647397175933,,,4.217388414396165,../data/results/vary_B2/B_49_n_8/phi_2.0/results_seed_85.pt,,
vary_B2,49,8,2.0,85,VI_best_tau_by_ELBO,8.261767387390137,,0.25909969210624695,1.9319600975861737,2.6031365876073167,-968.8500244140625,0.3,,../data/results/vary_B2/B_49_n_8/phi_2.0/results_seed_85.pt,8.0,8.0
vary_B2,49,8,2.0,86,GPArealModel,8.438579559326172,,0.5392109119338906,3.977574045734991,1.6985231004394283,,,7.3766571812676105,../data/results/vary_B2/B_49_n_8/phi_2.0/results_seed_86.pt,,
vary_B2,49,8,2.0,86,GPmodel,8.010190963745117,,0.6396461556995868,2.9295655497916533,1.0497115547645677,,,4.579978357858746,../data/results/vary_B2/B_49_n_8/phi_2.0/results_seed_86.pt,,
vary_B2,49,8,2.0,86,VI_best_tau_by_ELBO,8.35714340209961,,0.25882941484451294,1.9352508654416005,3.0106042874647616,-986.4733642578125,0.3,,../data/results/vary_B2/B_49_n_8/phi_2.0/results_seed_86.pt,6.0,8.0
vary_B2,49,8,2.0,87,GPArealModel,8.944548606872559,,0.6413309229264393,4.36821884910233,1.7094591589074832,,,6.8111776509541,../data/results/vary_B2/B_49_n_8/phi_2.0/results_seed_87.pt,,
vary_B2,49,8,2.0,87,GPmodel,8.021478652954102,,0.6558666343613292,2.89697905670369,1.4055370912152323,,,4.4170245975764795,../data/results/vary_B2/B_49_n_8/phi_2.0/results_seed_87.pt,,
vary_B2,49,8,2.0,87,VI_best_tau_by_ELBO,8.409527778625488,,0.2597005069255829,2.7277606160502628,2.970382088211975,-1005.3068969726562,0.3,,../data/results/vary_B2/B_49_n_8/phi_2.0/results_seed_87.pt,8.0,8.0
vary_B2,49,8,2.0,88,GPArealModel,7.70037317276001,,0.3890398732672052,4.871293365197438,1.9158024906131033,,,12.521321591763105,../data/results/vary_B2/B_49_n_8/phi_2.0/results_seed_88.pt,,
vary_B2,49,8,2.0,88,GPmodel,7.900547981262207,,0.6688562628236678,2.2549640142120237,1.1073491226933507,,,3.371373102933037,../data/results/vary_B2/B_49_n_8/phi_2.0/results_seed_88.pt,,
vary_B2,49,8,2.0,88,VI_best_tau_by_ELBO,7.964046955108643,,0.25896790623664856,2.234685713055805,2.63472314127771,-975.0453369140625,0.3,,../data/results/vary_B2/B_49_n_8/phi_2.0/results_seed_88.pt,6.0,8.0
vary_B2,49,8,2.0,89,GPArealModel,7.537698745727539,,0.19554333404468144,4.101245243808523,4.854607621064469,,,20.97358758786118,../data/results/vary_B2/B_49_n_8/phi_2.0/results_seed_89.pt,,
vary_B2,49,8,2.0,89,GPmodel,8.032336235046387,,0.43849442828285845,3.1297192023019273,1.1719235042862575,,,7.137420684130216,../data/results/vary_B2/B_49_n_8/phi_2.0/results_seed_89.pt,,
vary_B2,49,8,2.0,89,VI_best_tau_by_ELBO,8.276447296142578,,0.258929967880249,2.1804948784277296,2.6854239287344632,-992.1371215820312,0.3,,../data/results/vary_B2/B_49_n_8/phi_2.0/results_seed_89.pt,8.0,8.0
vary_B2,49,8,2.0,90,GPArealModel,8.023775100708008,,0.6760054256868497,2.8056628308053146,2.4068002383934117,,,4.150355491532696,../data/results/vary_B2/B_49_n_8/phi_2.0/results_seed_90.pt,,
vary_B2,49,8,2.0,90,GPmodel,7.932354927062988,,0.7417951049499477,1.8710711922727499,0.9405520141565206,,,2.5223558092891425,../data/results/vary_B2/B_49_n_8/phi_2.0/results_seed_90.pt,,
vary_B2,49,8,2.0,90,VI_best_tau_by_ELBO,8.124022483825684,,0.2590913772583008,1.4775211367467807,2.4200154768388007,-942.8725952148437,0.3,,../data/results/vary_B2/B_49_n_8/phi_2.0/results_seed_90.pt,8.0,8.0
vary_B2,49,8,2.0,91,GPArealModel,7.782500267028809,,0.4525413565254999,6.219701737258059,1.779540878668671,,,13.74394107316817,../data/results/vary_B2/B_49_n_8/phi_2.0/results_seed_91.pt,,
vary_B2,49,8,2.0,91,GPmodel,7.951935291290283,,0.4501718040578669,3.926644386126137,0.9935467090699796,,,8.722546260630287,../data/results/vary_B2/B_49_n_8/phi_2.0/results_seed_91.pt,,
vary_B2,49,8,2.0,91,VI_best_tau_by_ELBO,8.106952667236328,,0.25952887535095215,3.7402619049525887,2.5544242135443365,-1003.9956298828125,0.3,,../data/results/vary_B2/B_49_n_8/phi_2.0/results_seed_91.pt,8.0,8.0
vary_B2,49,8,2.0,92,GPArealModel,7.631641387939453,,0.392506266066797,6.980151700266929,1.536436586477561,,,17.78354208255886,../data/results/vary_B2/B_49_n_8/phi_2.0/results_seed_92.pt,,
vary_B2,49,8,2.0,92,GPmodel,7.965046405792236,,0.5016255809176968,3.1072928137198486,1.0554122221749804,,,6.194446479454307,../data/results/vary_B2/B_49_n_8/phi_2.0/results_seed_92.pt,,
vary_B2,49,8,2.0,92,VI_best_tau_by_ELBO,8.054585456848145,,0.25891953706741333,3.3586886282275117,2.6776501583723094,-998.7946044921875,0.3,,../data/results/vary_B2/B_49_n_8/phi_2.0/results_seed_92.pt,8.0,8.0
vary_B2,49,8,2.0,93,GPArealModel,8.403366088867188,,0.5803159060031102,2.6399953451840514,2.5528716042583297,,,4.54923829913065,../data/results/vary_B2/B_49_n_8/phi_2.0/results_seed_93.pt,,
vary_B2,49,8,2.0,93,GPmodel,7.920947551727295,,0.8477608055796156,2.1833966542489307,1.186145352554664,,,2.575486670153545,../data/results/vary_B2/B_49_n_8/phi_2.0/results_seed_93.pt,,
vary_B2,49,8,2.0,93,VI_best_tau_by_ELBO,8.210153579711914,,0.25893890857696533,1.5572367736096875,3.0150954238211174,-978.161865234375,0.3,,../data/results/vary_B2/B_49_n_8/phi_2.0/results_seed_93.pt,8.0,8.0
vary_B2,49,8,2.0,94,GPArealModel,7.996148586273193,,0.48469368869378965,4.213874889030953,0.995372872477015,,,8.69389263224575,../data/results/vary_B2/B_49_n_8/phi_2.0/results_seed_94.pt,,
vary_B2,49,8,2.0,94,GPmodel,7.8620381355285645,,0.5409304422175011,2.772464532642195,1.0790017859756185,,,5.125362368730254,../data/results/vary_B2/B_49_n_8/phi_2.0/results_seed_94.pt,,
vary_B2,49,8,2.0,94,VI_best_tau_by_ELBO,8.301468849182129,,0.25940993428230286,2.254252783278207,2.680513586281875,-979.6243896484375,0.3,,../data/results/vary_B2/B_49_n_8/phi_2.0/results_seed_94.pt,8.0,8.0
vary_B2,49,8,2.0,95,GPArealModel,7.912233829498291,,0.6041296866570027,3.9724322208952447,2.5592109649325945,,,6.575462700528753,../data/results/vary_B2/B_49_n_8/phi_2.0/results_seed_95.pt,,
vary_B2,49,8,2.0,95,GPmodel,7.904657363891602,,0.661824520009454,2.5458939844044646,1.1039020310413028,,,3.846780993197558,../data/results/vary_B2/B_49_n_8/phi_2.0/results_seed_95.pt,,
vary_B2,49,8,2.0,95,VI_best_tau_by_ELBO,8.011788368225098,,0.2591771185398102,2.1761252805552442,2.9092117849219954,-988.9904541015625,0.3,,../data/results/vary_B2/B_49_n_8/phi_2.0/results_seed_95.pt,8.0,8.0
vary_B2,49,8,2.0,96,GPArealModel,7.813562393188477,,0.27580517618067635,5.554352458616003,1.264478414358757,,,20.138680990444573,../data/results/vary_B2/B_49_n_8/phi_2.0/results_seed_96.pt,,
vary_B2,49,8,2.0,96,GPmodel,7.845743179321289,,0.4749816723714592,2.9380189956985046,1.2496198130217566,,,6.18554181476044,../data/results/vary_B2/B_49_n_8/phi_2.0/results_seed_96.pt,,
vary_B2,49,8,2.0,96,VI_best_tau_by_ELBO,8.095498085021973,,0.25857093930244446,2.0323510416833517,2.794745683303434,-988.0160278320312,0.3,,../data/results/vary_B2/B_49_n_8/phi_2.0/results_seed_96.pt,8.0,8.0
vary_B2,49,8,2.0,97,GPArealModel,7.146451950073242,,0.44388931318079017,5.55472260184814,0.88154908320247,,,12.513756102944916,../data/results/vary_B2/B_49_n_8/phi_2.0/results_seed_97.pt,,
vary_B2,49,8,2.0,97,GPmodel,7.950517654418945,,0.5938355475273479,2.8533738113139524,1.2199496579470297,,,4.804989905361881,../data/results/vary_B2/B_49_n_8/phi_2.0/results_seed_97.pt,,
vary_B2,49,8,2.0,97,VI_best_tau_by_ELBO,8.136487007141113,,0.25896310806274414,2.4496125221741254,3.0759097147696695,-997.1831909179688,0.3,,../data/results/vary_B2/B_49_n_8/phi_2.0/results_seed_97.pt,8.0,8.0
vary_B2,49,8,2.0,98,GPArealModel,7.2270283699035645,,0.5783742617585997,3.813017035893696,0.853056525311493,,,6.592646471334788,../data/results/vary_B2/B_49_n_8/phi_2.0/results_seed_98.pt,,
vary_B2,49,8,2.0,98,GPmodel,7.954858303070068,,0.6756525707212053,2.2491766590834676,1.148100496561005,,,3.328895288125154,../data/results/vary_B2/B_49_n_8/phi_2.0/results_seed_98.pt,,
vary_B2,49,8,2.0,98,VI_best_tau_by_ELBO,8.113588333129883,,0.25933441519737244,2.043739056843846,2.615520217246364,-973.9716552734375,0.3,,../data/results/vary_B2/B_49_n_8/phi_2.0/results_seed_98.pt,6.0,8.0
vary_B2,49,8,2.0,99,GPArealModel,7.913252830505371,,0.8151269449092414,2.846452031524264,2.108673590455593,,,3.492035258190607,../data/results/vary_B2/B_49_n_8/phi_2.0/results_seed_99.pt,,
vary_B2,49,8,2.0,99,GPmodel,7.948781967163086,,1.052642461287664,2.1372037124621825,1.3194932045344736,,,2.030322536911355,../data/results/vary_B2/B_49_n_8/phi_2.0/results_seed_99.pt,,
vary_B2,49,8,2.0,99,VI_best_tau_by_ELBO,8.247305870056152,,0.25868842005729675,1.499545568078069,3.1625320849083804,-983.399658203125,0.3,,../data/results/vary_B2/B_49_n_8/phi_2.0/results_seed_99.pt,8.0,8.0
vary_B2,49,8,2.0,100,GPArealModel,7.955376625061035,,0.33241707416547384,4.257181516849235,1.263948324928437,,,12.806747449831812,../data/results/vary_B2/B_49_n_8/phi_2.0/results_seed_100.pt,,
vary_B2,49,8,2.0,100,GPmodel,7.951754093170166,,0.6051672739107887,2.2306926345437157,1.1167424500865024,,,3.6860761159939313,../data/results/vary_B2/B_49_n_8/phi_2.0/results_seed_100.pt,,
vary_B2,49,8,2.0,100,VI_best_tau_by_ELBO,8.106890678405762,,0.2587040662765503,1.6680291907595464,2.6213257524186315,-964.5402587890625,0.3,,../data/results/vary_B2/B_49_n_8/phi_2.0/results_seed_100.pt,8.0,8.0
vary_B2,81,8,2.0,1,GPArealModel,8.005050659179688,,0.37479299591438686,5.094171572809472,1.104633729882814,,,13.591960437737535,../data/results/vary_B2/B_81_n_8/phi_2.0/results_seed_1.pt,,
vary_B2,81,8,2.0,1,GPmodel,8.050477981567383,,0.552045738368848,2.6452151186141104,1.1373891574421295,,,4.791659340456165,../data/results/vary_B2/B_81_n_8/phi_2.0/results_seed_1.pt,,
vary_B2,81,8,2.0,1,VI_best_tau_by_ELBO,8.339906692504883,,0.23429861664772034,3.0982199042841803,1.980550772484815,-1363.8084716796875,0.2,,../data/results/vary_B2/B_81_n_8/phi_2.0/results_seed_1.pt,8.0,8.0
vary_B2,81,8,2.0,2,GPArealModel,7.561013698577881,,0.609489813953687,4.182364895733708,0.904236511486065,,,6.862075132319623,../data/results/vary_B2/B_81_n_8/phi_2.0/results_seed_2.pt,,
vary_B2,81,8,2.0,2,GPmodel,7.8877363204956055,,0.7495632297500316,2.242842347406467,0.9748938063174964,,,2.9921990012162443,../data/results/vary_B2/B_81_n_8/phi_2.0/results_seed_2.pt,,
vary_B2,81,8,2.0,2,VI_best_tau_by_ELBO,7.966335773468018,,0.23550769686698914,3.51519656380571,2.1475498361212666,-1357.573388671875,0.3,,../data/results/vary_B2/B_81_n_8/phi_2.0/results_seed_2.pt,8.0,8.0
vary_B2,81,8,2.0,3,GPArealModel,7.755270481109619,,0.5448496220419234,3.171256356130258,1.6633525871930004,,,5.820424990376969,../data/results/vary_B2/B_81_n_8/phi_2.0/results_seed_3.pt,,
vary_B2,81,8,2.0,3,GPmodel,7.923097610473633,,0.7026535703754399,2.242045733335333,1.134506061273958,,,3.1908266432594505,../data/results/vary_B2/B_81_n_8/phi_2.0/results_seed_3.pt,,
vary_B2,81,8,2.0,3,VI_best_tau_by_ELBO,8.180309295654297,,0.23460157215595245,2.5650516511190418,2.0523147795525762,-1354.6561279296875,0.2,,../data/results/vary_B2/B_81_n_8/phi_2.0/results_seed_3.pt,8.0,8.0
vary_B2,81,8,2.0,4,GPArealModel,7.987076759338379,,0.23534590661599705,7.725036096924411,1.0222319048785409,,,32.824178707849775,../data/results/vary_B2/B_81_n_8/phi_2.0/results_seed_4.pt,,
vary_B2,81,8,2.0,4,GPmodel,8.055191040039062,,0.30800254501427576,5.14129207964317,1.0394025372891844,,,16.69236882248773,../data/results/vary_B2/B_81_n_8/phi_2.0/results_seed_4.pt,,
vary_B2,81,8,2.0,4,VI_best_tau_by_ELBO,8.295422554016113,,0.2356252372264862,5.9450384368471445,1.4590456935135212,-1369.4220947265626,0.2,,../data/results/vary_B2/B_81_n_8/phi_2.0/results_seed_4.pt,8.0,8.0
vary_B2,81,8,2.0,5,GPArealModel,7.927578926086426,,0.37677363980092193,4.742348053388916,1.48824097540653,,,12.58672994186817,../data/results/vary_B2/B_81_n_8/phi_2.0/results_seed_5.pt,,
vary_B2,81,8,2.0,5,GPmodel,7.9550323486328125,,0.5414435906691012,2.5230279370489783,1.041327073681793,,,4.659816794453304,../data/results/vary_B2/B_81_n_8/phi_2.0/results_seed_5.pt,,
vary_B2,81,8,2.0,5,VI_best_tau_by_ELBO,8.295034408569336,,0.2341618835926056,2.542798848980095,1.89929354120725,-1341.865673828125,0.2,,../data/results/vary_B2/B_81_n_8/phi_2.0/results_seed_5.pt,8.0,8.0
vary_B2,81,8,2.0,6,GPArealModel,7.705519199371338,,0.5954790294734732,3.5690574976664706,1.552199807695295,,,5.993590573327589,../data/results/vary_B2/B_81_n_8/phi_2.0/results_seed_6.pt,,
vary_B2,81,8,2.0,6,GPmodel,7.810389041900635,,0.6656281184324765,2.455608854265821,0.8840118321552127,,,3.689160337830479,../data/results/vary_B2/B_81_n_8/phi_2.0/results_seed_6.pt,,
vary_B2,81,8,2.0,6,VI_best_tau_by_ELBO,7.927238941192627,,0.23621931672096252,3.5512959023667205,1.9758566759275378,-1345.24345703125,0.3,,../data/results/vary_B2/B_81_n_8/phi_2.0/results_seed_6.pt,8.0,8.0
vary_B2,81,8,2.0,7,GPArealModel,7.429749488830566,,0.23142875320020215,4.7918878300260355,1.259419051206353,,,20.705671891516072,../data/results/vary_B2/B_81_n_8/phi_2.0/results_seed_7.pt,,
vary_B2,81,8,2.0,7,GPmodel,7.895869255065918,,0.541580604989178,2.373011921565003,1.0906436793634675,,,4.38164125469822,../data/results/vary_B2/B_81_n_8/phi_2.0/results_seed_7.pt,,
vary_B2,81,8,2.0,7,VI_best_tau_by_ELBO,8.031585693359375,,0.233812153339386,2.0473078565677225,1.9414246115511837,-1335.270361328125,0.2,,../data/results/vary_B2/B_81_n_8/phi_2.0/results_seed_7.pt,8.0,8.0
vary_B2,81,8,2.0,8,GPArealModel,7.911063194274902,,0.5623136688973531,2.910825916561186,0.9733431560703736,,,5.176516377894665,../data/results/vary_B2/B_81_n_8/phi_2.0/results_seed_8.pt,,
vary_B2,81,8,2.0,8,GPmodel,7.816645622253418,,1.141020241964336,1.6501781002390947,1.2498077108802919,,,1.4462303467975401,../data/results/vary_B2/B_81_n_8/phi_2.0/results_seed_8.pt,,
vary_B2,81,8,2.0,8,VI_best_tau_by_ELBO,8.093461036682129,,0.23443275690078735,1.9196865751218661,2.0180228825731197,-1329.132177734375,0.2,,../data/results/vary_B2/B_81_n_8/phi_2.0/results_seed_8.pt,8.0,8.0
vary_B2,81,8,2.0,9,GPArealModel,7.786822319030762,,0.6005440135088767,3.7477728128803003,1.2003445423802301,,,6.240629710023584,../data/results/vary_B2/B_81_n_8/phi_2.0/results_seed_9.pt,,
vary_B2,81,8,2.0,9,GPmodel,7.8393402099609375,,0.6888402850447213,2.223274811685853,1.1228939465667929,,,3.227562121372609,../data/results/vary_B2/B_81_n_8/phi_2.0/results_seed_9.pt,,
vary_B2,81,8,2.0,9,VI_best_tau_by_ELBO,8.138528823852539,,0.23468102514743805,2.8022114863819247,2.0446601662241757,-1356.8787109375,0.2,,../data/results/vary_B2/B_81_n_8/phi_2.0/results_seed_9.pt,8.0,8.0
vary_B2,81,8,2.0,10,GPArealModel,7.972305774688721,,0.4725915948580951,4.167551056086676,1.056788929273346,,,8.81850439455671,../data/results/vary_B2/B_81_n_8/phi_2.0/results_seed_10.pt,,
vary_B2,81,8,2.0,10,GPmodel,7.93782377243042,,0.5430192303416055,2.539851464643988,1.0523166905284358,,,4.677277198905468,../data/results/vary_B2/B_81_n_8/phi_2.0/results_seed_10.pt,,
vary_B2,81,8,2.0,10,VI_best_tau_by_ELBO,8.200682640075684,,0.23526531457901,3.12287500936968,1.8036102134352754,-1343.4529052734374,0.2,,../data/results/vary_B2/B_81_n_8/phi_2.0/results_seed_10.pt,8.0,8.0
vary_B2,81,8,2.0,11,GPArealModel,7.645796298980713,,0.47404284230978294,2.9639810322252624,1.1388853810981552,,,6.252559405355026,../data/results/vary_B2/B_81_n_8/phi_2.0/results_seed_11.pt,,
vary_B2,81,8,2.0,11,GPmodel,7.912938594818115,,0.7199128737536479,1.8963444189288359,1.083258421720259,,,2.634130445593003,../data/results/vary_B2/B_81_n_8/phi_2.0/results_seed_11.pt,,
vary_B2,81,8,2.0,11,VI_best_tau_by_ELBO,8.08791446685791,,0.23525917530059814,2.2567944539954734,1.8787826306677498,-1327.9867431640625,0.2,,../data/results/vary_B2/B_81_n_8/phi_2.0/results_seed_11.pt,8.0,8.0
vary_B2,81,8,2.0,12,GPArealModel,8.125468254089355,,0.4039687613222416,3.7689943461372293,1.0232218567158642,,,9.329915347416536,../data/results/vary_B2/B_81_n_8/phi_2.0/results_seed_12.pt,,
vary_B2,81,8,2.0,12,GPmodel,8.021413803100586,,0.5867384879369579,2.2387896451439855,1.0769768559328872,,,3.815651591249511,../data/results/vary_B2/B_81_n_8/phi_2.0/results_seed_12.pt,,
vary_B2,81,8,2.0,12,VI_best_tau_by_ELBO,8.319506645202637,,0.2360924780368805,3.0243535751678077,1.6537519978576678,-1323.993798828125,0.2,,../data/results/vary_B2/B_81_n_8/phi_2.0/results_seed_12.pt,8.0,8.0
vary_B2,81,8,2.0,13,GPArealModel,8.442007064819336,,0.39107603935332225,4.711728886149781,1.9114444556411248,,,12.048114463726872,../data/results/vary_B2/B_81_n_8/phi_2.0/results_seed_13.pt,,
vary_B2,81,8,2.0,13,GPmodel,8.03207778930664,,0.4555401355899855,3.3848462877876115,1.2985128531182324,,,7.430401897307648,../data/results/vary_B2/B_81_n_8/phi_2.0/results_seed_13.pt,,
vary_B2,81,8,2.0,13,VI_best_tau_by_ELBO,8.454527854919434,,0.23543524742126465,3.5561012638792167,1.9392659958579965,-1376.7710693359375,0.2,,../data/results/vary_B2/B_81_n_8/phi_2.0/results_seed_13.pt,8.0,8.0
vary_B2,81,8,2.0,14,GPArealModel,7.949365139007568,,0.560554263281767,3.5666629344371037,1.6811329646943156,,,6.36274339179237,../data/results/vary_B2/B_81_n_8/phi_2.0/results_seed_14.pt,,
vary_B2,81,8,2.0,14,GPmodel,7.967756271362305,,0.8775646731625261,2.1081544424480834,1.29413510617408,,,2.402278153302156,../data/results/vary_B2/B_81_n_8/phi_2.0/results_seed_14.pt,,
vary_B2,81,8,2.0,14,VI_best_tau_by_ELBO,8.210994720458984,,0.23383024334907532,2.886618517087879,2.14320710258047,-1366.331396484375,0.2,,../data/results/vary_B2/B_81_n_8/phi_2.0/results_seed_14.pt,8.0,8.0
vary_B2,81,8,2.0,15,GPArealModel,7.811722755432129,,0.39488226243862656,5.329468473539328,0.9548427882916087,,,13.4963481029175,../data/results/vary_B2/B_81_n_8/phi_2.0/results_seed_15.pt,,
vary_B2,81,8,2.0,15,GPmodel,7.960384368896484,,0.610132038996507,2.525151653489661,1.2015064766255947,,,4.138697023094894,../data/results/vary_B2/B_81_n_8/phi_2.0/results_seed_15.pt,,
vary_B2,81,8,2.0,15,VI_best_tau_by_ELBO,8.183713912963867,,0.23448878526687622,3.1284569587105384,1.9591130947631343,-1362.058154296875,0.2,,../data/results/vary_B2/B_81_n_8/phi_2.0/results_seed_15.pt,8.0,8.0
vary_B2,81,8,2.0,16,GPArealModel,8.036554336547852,,0.6007810603827741,4.768663505842625,1.3173266226449374,,,7.937439810110489,../data/results/vary_B2/B_81_n_8/phi_2.0/results_seed_16.pt,,
vary_B2,81,8,2.0,16,GPmodel,7.9568610191345215,,0.5317963935966199,2.78581088849791,1.198980468667347,,,5.238491501713742,../data/results/vary_B2/B_81_n_8/phi_2.0/results_seed_16.pt,,
vary_B2,81,8,2.0,16,VI_best_tau_by_ELBO,8.269450187683105,,0.23568999767303467,3.6399965513531023,1.872985518705509,-1364.73671875,0.2,,../data/results/vary_B2/B_81_n_8/phi_2.0/results_seed_16.pt,8.0,8.0
vary_B2,81,8,2.0,17,GPArealModel,8.439970016479492,,0.44116697915791103,4.776062748052452,0.8726290485795277,,,10.825975137959976,../data/results/vary_B2/B_81_n_8/phi_2.0/results_seed_17.pt,,
vary_B2,81,8,2.0,17,GPmodel,7.907180309295654,,0.5227091130703306,2.8124518953625817,1.0056527354621245,,,5.380529677094353,../data/results/vary_B2/B_81_n_8/phi_2.0/results_seed_17.pt,,
vary_B2,81,8,2.0,17,VI_best_tau_by_ELBO,8.330140113830566,,0.23526009917259216,3.443173946001625,1.7600457331079773,-1344.80126953125,0.2,,../data/results/vary_B2/B_81_n_8/phi_2.0/results_seed_17.pt,8.0,8.0
vary_B2,81,8,2.0,18,GPArealModel,8.050834655761719,,0.5156650844980725,4.427906770083821,2.279094493416886,,,8.58678802035582,../data/results/vary_B2/B_81_n_8/phi_2.0/results_seed_18.pt,,
vary_B2,81,8,2.0,18,GPmodel,7.968723773956299,,0.6486558285927482,2.7517437647977556,1.2966534748097607,,,4.242224679870115,../data/results/vary_B2/B_81_n_8/phi_2.0/results_seed_18.pt,,
vary_B2,81,8,2.0,18,VI_best_tau_by_ELBO,8.134114265441895,,0.235893115401268,4.203071275461351,2.2791951686300678,-1393.9507568359375,0.3,,../data/results/vary_B2/B_81_n_8/phi_2.0/results_seed_18.pt,8.0,8.0
vary_B2,81,8,2.0,19,GPArealModel,8.029153823852539,,0.3646967235689353,6.303319340274739,1.3238789249207799,,,17.28372900801035,../data/results/vary_B2/B_81_n_8/phi_2.0/results_seed_19.pt,,
vary_B2,81,8,2.0,19,GPmodel,7.9391632080078125,,0.44970588725336896,3.574516978792795,1.0309981964706005,,,7.948566118679418,../data/results/vary_B2/B_81_n_8/phi_2.0/results_seed_19.pt,,
vary_B2,81,8,2.0,19,VI_best_tau_by_ELBO,8.167003631591797,,0.23565927147865295,4.537108694942549,1.6556861945919412,-1360.4197265625,0.2,,../data/results/vary_B2/B_81_n_8/phi_2.0/results_seed_19.pt,8.0,8.0
vary_B2,81,8,2.0,20,GPArealModel,7.901151657104492,,0.4895254863452519,3.4578304523769945,1.1915799244375662,,,7.063637234075,../data/results/vary_B2/B_81_n_8/phi_2.0/results_seed_20.pt,,
vary_B2,81,8,2.0,20,GPmodel,7.965707778930664,,0.7642805953848555,2.020245174000445,1.2633098528745081,,,2.6433291466508386,../data/results/vary_B2/B_81_n_8/phi_2.0/results_seed_20.pt,,
vary_B2,81,8,2.0,20,VI_best_tau_by_ELBO,8.201790809631348,,0.23485735058784485,2.3491386996817933,2.0203288440474116,-1345.9946533203124,0.2,,../data/results/vary_B2/B_81_n_8/phi_2.0/results_seed_20.pt,8.0,8.0
vary_B2,81,8,2.0,21,GPArealModel,8.16198444366455,,0.5425175877358559,3.384185410924176,1.1175295190540475,,,6.237927557423056,../data/results/vary_B2/B_81_n_8/phi_2.0/results_seed_21.pt,,
vary_B2,81,8,2.0,21,GPmodel,7.903371810913086,,0.7721791984222389,2.075091284142665,1.27198592103286,,,2.6873182913792695,../data/results/vary_B2/B_81_n_8/phi_2.0/results_seed_21.pt,,
vary_B2,81,8,2.0,21,VI_best_tau_by_ELBO,8.301254272460938,,0.23566308617591858,2.7942746492112542,1.8359922824057953,-1336.4297607421875,0.2,,../data/results/vary_B2/B_81_n_8/phi_2.0/results_seed_21.pt,8.0,8.0
vary_B2,81,8,2.0,22,GPArealModel,8.108969688415527,,0.29070893258983627,7.383679621669622,0.7176259699329608,,,25.39887424817221,../data/results/vary_B2/B_81_n_8/phi_2.0/results_seed_22.pt,,
vary_B2,81,8,2.0,22,GPmodel,7.972023963928223,,0.3923306542281214,3.7247689594232933,1.0806979397153056,,,9.493953427502301,../data/results/vary_B2/B_81_n_8/phi_2.0/results_seed_22.pt,,
vary_B2,81,8,2.0,22,VI_best_tau_by_ELBO,8.18655776977539,,0.2347007542848587,4.192048677605617,1.7243015356603992,-1365.1010986328124,0.2,,../data/results/vary_B2/B_81_n_8/phi_2.0/results_seed_22.pt,8.0,8.0
vary_B2,81,8,2.0,23,GPArealModel,7.697091579437256,,0.7120544322683614,3.5540447254838767,1.093108079500266,,,4.991254269932578,../data/results/vary_B2/B_81_n_8/phi_2.0/results_seed_23.pt,,
vary_B2,81,8,2.0,23,GPmodel,7.897663116455078,,0.7908097224900801,2.076947389945994,1.1542775705825168,,,2.6263554062109384,../data/results/vary_B2/B_81_n_8/phi_2.0/results_seed_23.pt,,
vary_B2,81,8,2.0,23,VI_best_tau_by_ELBO,8.17299747467041,,0.23491255939006805,2.722795699558476,2.0363776331824512,-1352.6240478515624,0.2,,../data/results/vary_B2/B_81_n_8/phi_2.0/results_seed_23.pt,8.0,8.0
vary_B2,81,8,2.0,24,GPArealModel,8.079513549804688,,0.6375204224499852,2.7549357396869887,1.987307349029322,,,4.321329392240951,../data/results/vary_B2/B_81_n_8/phi_2.0/results_seed_24.pt,,
vary_B2,81,8,2.0,24,GPmodel,7.985994338989258,,0.8678185777051962,1.7905957395949499,1.0640451458197737,,,2.0633295778593337,../data/results/vary_B2/B_81_n_8/phi_2.0/results_seed_24.pt,,
vary_B2,81,8,2.0,24,VI_best_tau_by_ELBO,8.307693481445312,,0.23413662612438202,2.1310935792300176,2.024985159635175,-1335.28984375,0.2,,../data/results/vary_B2/B_81_n_8/phi_2.0/results_seed_24.pt,8.0,8.0
vary_B2,81,8,2.0,25,GPArealModel,7.560703277587891,,0.35965850564659185,4.625297769364486,4.037813913273993,,,12.86024853228246,../data/results/vary_B2/B_81_n_8/phi_2.0/results_seed_25.pt,,
vary_B2,81,8,2.0,25,GPmodel,7.894843578338623,,0.5922016843665283,2.79740578933414,1.1897772164917986,,,4.7237383195329725,../data/results/vary_B2/B_81_n_8/phi_2.0/results_seed_25.pt,,
vary_B2,81,8,2.0,25,VI_best_tau_by_ELBO,8.093862533569336,,0.23515495657920837,3.6779966504903663,1.954722946105598,-1376.8668701171875,0.2,,../data/results/vary_B2/B_81_n_8/phi_2.0/results_seed_25.pt,8.0,8.0
vary_B2,81,8,2.0,26,GPArealModel,7.8471550941467285,,0.584747296894762,4.717297317811386,0.870352759172532,,,8.0672409139163,../data/results/vary_B2/B_81_n_8/phi_2.0/results_seed_26.pt,,
vary_B2,81,8,2.0,26,GPmodel,7.883874893188477,,0.5854557777463142,2.930866026962724,1.0286483755791624,,,5.0061270865665755,../data/results/vary_B2/B_81_n_8/phi_2.0/results_seed_26.pt,,
vary_B2,81,8,2.0,26,VI_best_tau_by_ELBO,8.022002220153809,,0.23627932369709015,4.353058701954696,2.0562591127698466,-1371.06142578125,0.3,,../data/results/vary_B2/B_81_n_8/phi_2.0/results_seed_26.pt,8.0,8.0
vary_B2,81,8,2.0,27,GPArealModel,7.885228633880615,,0.33615708898120833,2.6030802033589984,3.202539616408518,,,7.743642150305847,../data/results/vary_B2/B_81_n_8/phi_2.0/results_seed_27.pt,,
vary_B2,81,8,2.0,27,GPmodel,7.930467128753662,,0.8853992057020758,1.7860458528907985,1.2218295428347001,,,2.0172209794050544,../data/results/vary_B2/B_81_n_8/phi_2.0/results_seed_27.pt,,
vary_B2,81,8,2.0,27,VI_best_tau_by_ELBO,8.144102096557617,,0.23441694676876068,2.1090370492276964,1.8994257746005492,-1323.809130859375,0.2,,../data/results/vary_B2/B_81_n_8/phi_2.0/results_seed_27.pt,8.0,8.0
vary_B2,81,8,2.0,28,GPArealModel,8.026350021362305,,0.6358996363257277,3.519782676675336,1.064933488323283,,,5.535122959045684,../data/results/vary_B2/B_81_n_8/phi_2.0/results_seed_28.pt,,
vary_B2,81,8,2.0,28,GPmodel,7.96406888961792,,0.7668062561216583,1.9995663674300204,1.1622761012924363,,,2.6076552603305543,../data/results/vary_B2/B_81_n_8/phi_2.0/results_seed_28.pt,,
vary_B2,81,8,2.0,28,VI_best_tau_by_ELBO,8.287698745727539,,0.23486575484275818,2.8568801714591068,1.883868893688583,-1340.0502197265625,0.2,,../data/results/vary_B2/B_81_n_8/phi_2.0/results_seed_28.pt,8.0,8.0
vary_B2,81,8,2.0,29,GPArealModel,7.870123863220215,,0.5117016457462206,4.775645431967858,1.6018804711930719,,,9.332870964296935,../data/results/vary_B2/B_81_n_8/phi_2.0/results_seed_29.pt,,
vary_B2,81,8,2.0,29,GPmodel,8.055784225463867,,0.5666663587470463,2.922022797792913,1.0175117329678949,,,5.156513621619935,../data/results/vary_B2/B_81_n_8/phi_2.0/results_seed_29.pt,,
vary_B2,81,8,2.0,29,VI_best_tau_by_ELBO,8.270278930664062,,0.2360483705997467,4.0286444732184306,1.8044153258956204,-1363.75830078125,0.2,,../data/results/vary_B2/B_81_n_8/phi_2.0/results_seed_29.pt,8.0,8.0
vary_B2,81,8,2.0,30,GPArealModel,7.884644508361816,,0.30883677613245264,7.013403105381995,1.8794674748544684,,,22.70909311128839,../data/results/vary_B2/B_81_n_8/phi_2.0/results_seed_30.pt,,
vary_B2,81,8,2.0,30,GPmodel,7.938504695892334,,0.47647703623706905,3.966306360128388,1.0538629546692477,,,8.324234031196772,../data/results/vary_B2/B_81_n_8/phi_2.0/results_seed_30.pt,,
vary_B2,81,8,2.0,30,VI_best_tau_by_ELBO,8.194707870483398,,0.2355566918849945,5.000242176014585,1.8145270245763694,-1388.9428466796876,0.2,,../data/results/vary_B2/B_81_n_8/phi_2.0/results_seed_30.pt,8.0,8.0
vary_B2,81,8,2.0,31,GPArealModel,7.707925319671631,,0.5637195640037518,4.885567603642076,0.771759836234382,,,8.666663205624632,../data/results/vary_B2/B_81_n_8/phi_2.0/results_seed_31.pt,,
vary_B2,81,8,2.0,31,GPmodel,7.825831890106201,,0.690647667879552,2.361966153557984,1.3432816197635213,,,3.4199292394771503,../data/results/vary_B2/B_81_n_8/phi_2.0/results_seed_31.pt,,
vary_B2,81,8,2.0,31,VI_best_tau_by_ELBO,7.995419025421143,,0.23568524420261383,3.7641523733702797,1.8084767801183843,-1357.005126953125,0.2,,../data/results/vary_B2/B_81_n_8/phi_2.0/results_seed_31.pt,8.0,8.0
vary_B2,81,8,2.0,32,GPArealModel,7.76582670211792,,0.5003982569945891,5.026781654371884,1.7570781316403885,,,10.045561878178646,../data/results/vary_B2/B_81_n_8/phi_2.0/results_seed_32.pt,,
vary_B2,81,8,2.0,32,GPmodel,8.04686164855957,,0.5644576742891076,2.811223062636824,0.9354120333317171,,,4.980396565920288,../data/results/vary_B2/B_81_n_8/phi_2.0/results_seed_32.pt,,
vary_B2,81,8,2.0,32,VI_best_tau_by_ELBO,8.282247543334961,,0.23578961193561554,3.99572515886142,1.6886963721806327,-1344.9879638671875,0.2,,../data/results/vary_B2/B_81_n_8/phi_2.0/results_seed_32.pt,8.0,8.0
vary_B2,81,8,2.0,33,GPArealModel,8.235310554504395,,0.1824402477566662,5.126243187655942,1.7450783796984954,,,28.098203388175534,../data/results/vary_B2/B_81_n_8/phi_2.0/results_seed_33.pt,,
vary_B2,81,8,2.0,33,GPmodel,7.9867262840271,,0.3352179289907021,3.0352563689319525,1.1978846460366288,,,9.054576460366299,../data/results/vary_B2/B_81_n_8/phi_2.0/results_seed_33.pt,,
vary_B2,81,8,2.0,33,VI_best_tau_by_ELBO,8.356101036071777,,0.23365354537963867,2.5343997616474194,1.7077980525572576,-1335.18857421875,0.2,,../data/results/vary_B2/B_81_n_8/phi_2.0/results_seed_33.pt,8.0,8.0
vary_B2,81,8,2.0,34,GPArealModel,7.937897205352783,,0.5006118571624769,3.6135032961308498,1.0608523849765368,,,7.2181736098153655,../data/results/vary_B2/B_81_n_8/phi_2.0/results_seed_34.pt,,
vary_B2,81,8,2.0,34,GPmodel,7.945926189422607,,0.5940815253971184,2.3555605883022515,1.0089809645457604,,,3.9650460207926153,../data/results/vary_B2/B_81_n_8/phi_2.0/results_seed_34.pt,,
vary_B2,81,8,2.0,34,VI_best_tau_by_ELBO,8.17738151550293,,0.23490647971630096,2.633846640697539,1.8724290050245667,-1336.4333984375,0.2,,../data/results/vary_B2/B_81_n_8/phi_2.0/results_seed_34.pt,8.0,8.0
vary_B2,81,8,2.0,35,GPArealModel,8.134110450744629,,0.18252036533495955,5.0865717656729625,2.1869379152246324,,,27.868516241122666,../data/results/vary_B2/B_81_n_8/phi_2.0/results_seed_35.pt,,
vary_B2,81,8,2.0,35,GPmodel,7.98240852355957,,0.4674754703407907,2.419764474482686,1.2163796388743977,,,5.176238386837007,../data/results/vary_B2/B_81_n_8/phi_2.0/results_seed_35.pt,,
vary_B2,81,8,2.0,35,VI_best_tau_by_ELBO,8.390073776245117,,0.23367208242416382,2.356110044176532,1.6976685968208372,-1316.3130859375,0.2,,../data/results/vary_B2/B_81_n_8/phi_2.0/results_seed_35.pt,8.0,8.0
vary_B2,81,8,2.0,36,GPArealModel,7.749617099761963,,0.8728393354324903,2.498697005522647,0.9190342928095544,,,2.862722730391782,../data/results/vary_B2/B_81_n_8/phi_2.0/results_seed_36.pt,,
vary_B2,81,8,2.0,36,GPmodel,7.9758429527282715,,0.8723460671239375,1.6967395835983623,0.9602359157254902,,,1.9450303584131365,../data/results/vary_B2/B_81_n_8/phi_2.0/results_seed_36.pt,,
vary_B2,81,8,2.0,36,VI_best_tau_by_ELBO,8.261834144592285,,0.23520241677761078,2.4087179662715683,1.8013255982087588,-1311.385107421875,0.2,,../data/results/vary_B2/B_81_n_8/phi_2.0/results_seed_36.pt,8.0,8.0
vary_B2,81,8,2.0,37,GPArealModel,7.986307621002197,,0.4120299390958058,5.7119760712410415,3.2217835612888135,,,13.863012197064846,../data/results/vary_B2/B_81_n_8/phi_2.0/results_seed_37.pt,,
vary_B2,81,8,2.0,37,GPmodel,7.9664130210876465,,0.4912990076394477,3.6789309198297224,0.9731848221492738,,,7.488170874811942,../data/results/vary_B2/B_81_n_8/phi_2.0/results_seed_37.pt,,
vary_B2,81,8,2.0,37,VI_best_tau_by_ELBO,8.117298126220703,,0.23592889308929443,5.30958973191833,1.9689299129768258,-1380.0986572265624,0.3,,../data/results/vary_B2/B_81_n_8/phi_2.0/results_seed_37.pt,8.0,8.0
vary_B2,81,8,2.0,38,GPArealModel,7.80131196975708,,0.27036781903356555,6.988280211299938,1.3434287888089105,,,25.847307702076627,../data/results/vary_B2/B_81_n_8/phi_2.0/results_seed_38.pt,,
vary_B2,81,8,2.0,38,GPmodel,7.962790012359619,,0.3548228080363947,3.975335674439834,1.2056559477198103,,,11.203720799233622,../data/results/vary_B2/B_81_n_8/phi_2.0/results_seed_38.pt,,
vary_B2,81,8,2.0,38,VI_best_tau_by_ELBO,8.159994125366211,,0.23466640710830688,4.154389740623065,1.7797039271655446,-1377.424169921875,0.2,,../data/results/vary_B2/B_81_n_8/phi_2.0/results_seed_38.pt,8.0,8.0
vary_B2,81,8,2.0,39,GPArealModel,7.741573810577393,,0.5707550258309401,4.021645743907185,1.1605350886450698,,,7.046185424389784,../data/results/vary_B2/B_81_n_8/phi_2.0/results_seed_39.pt,,
vary_B2,81,8,2.0,39,GPmodel,7.940700531005859,,0.6396295139686292,2.324489754586859,1.020628608504935,,,3.634118976412436,../data/results/vary_B2/B_81_n_8/phi_2.0/results_seed_39.pt,,
vary_B2,81,8,2.0,39,VI_best_tau_by_ELBO,8.089556694030762,,0.2352326661348343,3.0238208634976593,1.9823572695421308,-1358.0111572265625,0.2,,../data/results/vary_B2/B_81_n_8/phi_2.0/results_seed_39.pt,8.0,8.0
vary_B2,81,8,2.0,40,GPArealModel,8.354110717773438,,0.5275298374119094,4.328855991073461,1.5344266039158618,,,8.205897911502161,../data/results/vary_B2/B_81_n_8/phi_2.0/results_seed_40.pt,,
vary_B2,81,8,2.0,40,GPmodel,7.963273525238037,,0.5275214735794143,3.1765261156634446,1.0118500902907137,,,6.021605327475343,../data/results/vary_B2/B_81_n_8/phi_2.0/results_seed_40.pt,,
vary_B2,81,8,2.0,40,VI_best_tau_by_ELBO,8.157438278198242,,0.23596560955047607,3.9529072304917205,2.1178734512824975,-1372.6066650390626,0.3,,../data/results/vary_B2/B_81_n_8/phi_2.0/results_seed_40.pt,8.0,8.0
vary_B2,81,8,2.0,41,GPArealModel,7.791162490844727,,0.34307417473180596,5.361785791107834,1.1723516011036497,,,15.628648805464136,../data/results/vary_B2/B_81_n_8/phi_2.0/results_seed_41.pt,,
vary_B2,81,8,2.0,41,GPmodel,7.939953804016113,,0.4646754782655523,2.8502730014147653,1.0794227920257522,,,6.133900183529578,../data/results/vary_B2/B_81_n_8/phi_2.0/results_seed_41.pt,,
vary_B2,81,8,2.0,41,VI_best_tau_by_ELBO,8.126052856445312,,0.23375123739242554,3.2756603055603914,1.8781951365918057,-1357.1168212890625,0.2,,../data/results/vary_B2/B_81_n_8/phi_2.0/results_seed_41.pt,8.0,8.0
vary_B2,81,8,2.0,42,GPArealModel,8.212248802185059,,0.3428065224171253,4.833802411183956,2.572270552696973,,,14.100672230799065,../data/results/vary_B2/B_81_n_8/phi_2.0/results_seed_42.pt,,
vary_B2,81,8,2.0,42,GPmodel,7.935993194580078,,0.459107973338462,2.995297009333641,1.0589451198096096,,,6.5241668262760895,../data/results/vary_B2/B_81_n_8/phi_2.0/results_seed_42.pt,,
vary_B2,81,8,2.0,42,VI_best_tau_by_ELBO,8.254772186279297,,0.23476728796958923,3.1284067100210846,1.837805391132776,-1354.70830078125,0.2,,../data/results/vary_B2/B_81_n_8/phi_2.0/results_seed_42.pt,8.0,8.0
vary_B2,81,8,2.0,43,GPArealModel,7.525871753692627,,0.6343322719869622,3.60303071056474,0.8184097939414219,,,5.680036898136558,../data/results/vary_B2/B_81_n_8/phi_2.0/results_seed_43.pt,,
vary_B2,81,8,2.0,43,GPmodel,7.944057464599609,,0.8920637005074593,1.9874044826568957,1.302533590841968,,,2.227872831868779,../data/results/vary_B2/B_81_n_8/phi_2.0/results_seed_43.pt,,
vary_B2,81,8,2.0,43,VI_best_tau_by_ELBO,8.06183910369873,,0.23461590707302094,2.493270642614999,2.2075692510058804,-1369.379296875,0.2,,../data/results/vary_B2/B_81_n_8/phi_2.0/results_seed_43.pt,8.0,8.0
vary_B2,81,8,2.0,44,GPArealModel,7.7696099281311035,,0.5275830420374716,4.0610829736735505,0.9406912736487678,,,7.69752370733916,../data/results/vary_B2/B_81_n_8/phi_2.0/results_seed_44.pt,,
vary_B2,81,8,2.0,44,GPmodel,7.976266384124756,,0.6878457353032517,2.3304767318935053,1.175617101106358,,,3.388080513236103,../data/results/vary_B2/B_81_n_8/phi_2.0/results_seed_44.pt,,
vary_B2,81,8,2.0,44,VI_best_tau_by_ELBO,8.227791786193848,,0.2351209968328476,3.0539373966312673,1.951303201650031,-1354.0420166015624,0.2,,../data/results/vary_B2/B_81_n_8/phi_2.0/results_seed_44.pt,8.0,8.0
vary_B2,81,8,2.0,45,GPArealModel,7.751838207244873,,0.4490263694773432,4.483436437722506,0.7554145479627463,,,9.984795420681257,../data/results/vary_B2/B_81_n_8/phi_2.0/results_seed_45.pt,,
vary_B2,81,8,2.0,45,GPmodel,7.940310001373291,,0.5231696752988322,2.9061957984547364,0.9835716094250444,,,5.554977544894456,../data/results/vary_B2/B_81_n_8/phi_2.0/results_seed_45.pt,,
vary_B2,81,8,2.0,45,VI_best_tau_by_ELBO,8.175907135009766,,0.234651118516922,3.0217793688099657,1.957576353828149,-1356.078564453125,0.2,,../data/results/vary_B2/B_81_n_8/phi_2.0/results_seed_45.pt,8.0,8.0
vary_B2,81,8,2.0,46,GPArealModel,7.76960563659668,,0.2929954176471448,7.230107904497459,1.0880586800020902,,,24.676522119553074,../data/results/vary_B2/B_81_n_8/phi_2.0/results_seed_46.pt,,
vary_B2,81,8,2.0,46,GPmodel,7.889660835266113,,0.41150211380272717,3.674770874665717,1.0388575886693445,,,8.930138513036631,../data/results/vary_B2/B_81_n_8/phi_2.0/results_seed_46.pt,,
vary_B2,81,8,2.0,46,VI_best_tau_by_ELBO,8.09524917602539,,0.23527762293815613,4.35981431711351,1.6832086863587123,-1361.3948486328125,0.2,,../data/results/vary_B2/B_81_n_8/phi_2.0/results_seed_46.pt,8.0,8.0
vary_B2,81,8,2.0,47,GPArealModel,8.002683639526367,,0.4613057805025418,3.843869475332065,2.402194390404969,,,8.332584671158019,../data/results/vary_B2/B_81_n_8/phi_2.0/results_seed_47.pt,,
vary_B2,81,8,2.0,47,GPmodel,7.985575199127197,,0.553421178564032,2.609478917016915,1.120284032336261,,,4.715177188895732,../data/results/vary_B2/B_81_n_8/phi_2.0/results_seed_47.pt,,
vary_B2,81,8,2.0,47,VI_best_tau_by_ELBO,8.155835151672363,,0.23522889614105225,2.718225713486053,1.9635449913919838,-1353.4354248046875,0.2,,../data/results/vary_B2/B_81_n_8/phi_2.0/results_seed_47.pt,8.0,8.0
vary_B2,81,8,2.0,48,GPArealModel,8.29473876953125,,0.3271290924707971,3.8520281104227747,0.9327229789858452,,,11.77525386485351,../data/results/vary_B2/B_81_n_8/phi_2.0/results_seed_48.pt,,
vary_B2,81,8,2.0,48,GPmodel,8.00147819519043,,0.4740060837780867,2.66644522682056,1.021023786045782,,,5.625339669836174,../data/results/vary_B2/B_81_n_8/phi_2.0/results_seed_48.pt,,
vary_B2,81,8,2.0,48,VI_best_tau_by_ELBO,8.3689546585083,,0.2357405126094818,2.974517453901172,1.615096209994487,-1323.2739013671876,0.2,,../data/results/vary_B2/B_81_n_8/phi_2.0/results_seed_48.pt,8.0,8.0
vary_B2,81,8,2.0,49,GPArealModel,7.618013858795166,,1.0461449230257516,3.2060504101565264,1.2971344023692837,,,3.0646331493763865,../data/results/vary_B2/B_81_n_8/phi_2.0/results_seed_49.pt,,
vary_B2,81,8,2.0,49,GPmodel,7.907435417175293,,0.9592652763277215,2.012525640763761,1.061398602668613,,,2.097986542855123,../data/results/vary_B2/B_81_n_8/phi_2.0/results_seed_49.pt,,
vary_B2,81,8,2.0,49,VI_best_tau_by_ELBO,8.06750202178955,,0.23482511937618256,2.809813961972396,2.155436991317026,-1362.4781982421875,0.2,,../data/results/vary_B2/B_81_n_8/phi_2.0/results_seed_49.pt,8.0,8.0
vary_B2,81,8,2.0,50,GPArealModel,8.039285659790039,,0.4917167707580735,2.679519336476739,2.1007298550778364,,,5.449314515642324,../data/results/vary_B2/B_81_n_8/phi_2.0/results_seed_50.pt,,
vary_B2,81,8,2.0,50,GPmodel,7.954084396362305,,0.6261381765603943,1.8471776969885492,0.9868824604760442,,,2.9501119180046986,../data/results/vary_B2/B_81_n_8/phi_2.0/results_seed_50.pt,,
vary_B2,81,8,2.0,50,VI_best_tau_by_ELBO,8.216506004333496,,0.23374620079994202,1.8381002715998336,1.8133590259038415,-1299.6016845703125,0.2,,../data/results/vary_B2/B_81_n_8/phi_2.0/results_seed_50.pt,8.0,8.0
vary_B2,81,8,2.0,51,GPArealModel,7.972856044769287,,0.3644295791760623,6.3627460465363415,0.8930306694977993,,,17.45946654747909,../data/results/vary_B2/B_81_n_8/phi_2.0/results_seed_51.pt,,
vary_B2,81,8,2.0,51,GPmodel,7.943853855133057,,0.4835121148329567,3.3837323934698507,1.1433631779329185,,,6.998237044461356,../data/results/vary_B2/B_81_n_8/phi_2.0/results_seed_51.pt,,
vary_B2,81,8,2.0,51,VI_best_tau_by_ELBO,8.240191459655762,,0.23553837835788727,4.782265628022477,1.734920254952027,-1372.644482421875,0.2,,../data/results/vary_B2/B_81_n_8/phi_2.0/results_seed_51.pt,8.0,8.0
vary_B2,81,8,2.0,52,GPArealModel,7.888736724853516,,0.5031095767786847,3.5249558331060635,1.5655365793664981,,,7.006338173237902,../data/results/vary_B2/B_81_n_8/phi_2.0/results_seed_52.pt,,
vary_B2,81,8,2.0,52,GPmodel,7.978257656097412,,0.5924368508321477,2.333965356490792,1.0323861558861402,,,3.9396019224875385,../data/results/vary_B2/B_81_n_8/phi_2.0/results_seed_52.pt,,
vary_B2,81,8,2.0,52,VI_best_tau_by_ELBO,8.143034934997559,,0.23552650213241577,2.965976499027971,1.911703267358693,-1352.1633056640626,0.2,,../data/results/vary_B2/B_81_n_8/phi_2.0/results_seed_52.pt,8.0,8.0
vary_B2,81,8,2.0,54,GPArealModel,7.285845756530762,,0.5850582741584509,2.517331508347428,2.8155122309786935,,,4.302702174357526,../data/results/vary_B2/B_81_n_8/phi_2.0/results_seed_54.pt,,
vary_B2,81,8,2.0,54,GPmodel,7.9592742919921875,,0.947537352447327,1.8309734930215802,1.1082732304233398,,,1.9323496728572112,../data/results/vary_B2/B_81_n_8/phi_2.0/results_seed_54.pt,,
vary_B2,81,8,2.0,54,VI_best_tau_by_ELBO,8.094621658325195,,0.2343883216381073,2.2809946762080235,2.1195479038513616,-1350.042578125,0.2,,../data/results/vary_B2/B_81_n_8/phi_2.0/results_seed_54.pt,6.0,8.0
vary_B2,81,8,2.0,55,GPArealModel,7.629572868347168,,0.31607361663920946,5.273606539588684,2.1831963770792706,,,16.684741344951867,../data/results/vary_B2/B_81_n_8/phi_2.0/results_seed_55.pt,,
vary_B2,81,8,2.0,55,GPmodel,7.901778221130371,,0.5346478823649884,2.933549144812404,1.1223377730926558,,,5.4868806958254375,../data/results/vary_B2/B_81_n_8/phi_2.0/results_seed_55.pt,,
vary_B2,81,8,2.0,55,VI_best_tau_by_ELBO,8.150054931640625,,0.23451688885688782,3.10548971843808,2.032500927900611,-1372.94453125,0.2,,../data/results/vary_B2/B_81_n_8/phi_2.0/results_seed_55.pt,8.0,8.0
vary_B2,81,8,2.0,56,GPArealModel,8.099686622619629,,0.2564473913086097,7.996699106409343,1.015770751242535,,,31.18261045902427,../data/results/vary_B2/B_81_n_8/phi_2.0/results_seed_56.pt,,
vary_B2,81,8,2.0,56,GPmodel,7.945313930511475,,0.4236828359576377,3.6739701757543477,1.1977539742499501,,,8.67151053558774,../data/results/vary_B2/B_81_n_8/phi_2.0/results_seed_56.pt,,
vary_B2,81,8,2.0,56,VI_best_tau_by_ELBO,8.134188652038574,,0.23510779440402985,4.809943588478799,1.722248895586699,-1378.5684326171875,0.2,,../data/results/vary_B2/B_81_n_8/phi_2.0/results_seed_56.pt,8.0,8.0
vary_B2,81,8,2.0,57,GPArealModel,7.794549942016602,,0.8563487294903928,2.7601318728211015,0.951725083624631,,,3.223140033691224,../data/results/vary_B2/B_81_n_8/phi_2.0/results_seed_57.pt,,
vary_B2,81,8,2.0,57,GPmodel,7.943267822265625,,1.1638348574831796,1.7379046002008043,1.35427475954281,,,1.493257045040792,../data/results/vary_B2/B_81_n_8/phi_2.0/results_seed_57.pt,,
vary_B2,81,8,2.0,57,VI_best_tau_by_ELBO,8.0647554397583,,0.23612350225448608,2.8100907075740866,2.190370031349137,-1349.0765869140625,0.3,,../data/results/vary_B2/B_81_n_8/phi_2.0/results_seed_57.pt,8.0,8.0
vary_B2,81,8,2.0,58,GPArealModel,8.441991806030273,,0.5508567664663467,5.1612705523843285,1.6952965160357514,,,9.369532819743704,../data/results/vary_B2/B_81_n_8/phi_2.0/results_seed_58.pt,,
vary_B2,81,8,2.0,58,GPmodel,7.9726362228393555,,0.6023802817392013,3.359050145993386,1.0849422219710072,,,5.576294988101347,../data/results/vary_B2/B_81_n_8/phi_2.0/results_seed_58.pt,,
vary_B2,81,8,2.0,58,VI_best_tau_by_ELBO,8.287829399108887,,0.23588785529136658,4.509900729746982,2.2975204500831783,-1397.4036865234375,0.3,,../data/results/vary_B2/B_81_n_8/phi_2.0/results_seed_58.pt,8.0,8.0
vary_B2,81,8,2.0,59,GPArealModel,8.09879207611084,,0.4626373761671021,4.184823102652989,0.9156644330145508,,,9.045579363526075,../data/results/vary_B2/B_81_n_8/phi_2.0/results_seed_59.pt,,
vary_B2,81,8,2.0,59,GPmodel,7.9237494468688965,,0.7118139130515703,2.2154701424347985,1.156351162869835,,,3.1124288269907554,../data/results/vary_B2/B_81_n_8/phi_2.0/results_seed_59.pt,,
vary_B2,81,8,2.0,59,VI_best_tau_by_ELBO,8.154866218566895,,0.23562712967395782,3.206030734365328,1.8642934399542517,-1346.4960693359376,0.2,,../data/results/vary_B2/B_81_n_8/phi_2.0/results_seed_59.pt,8.0,8.0
vary_B2,81,8,2.0,60,GPArealModel,7.680880546569824,,0.3289194043925643,5.688492542294854,0.8788044639086985,,,17.294487544145177,../data/results/vary_B2/B_81_n_8/phi_2.0/results_seed_60.pt,,
vary_B2,81,8,2.0,60,GPmodel,7.929583549499512,,0.4154450287275023,3.2156516368511165,1.071241691570458,,,7.740257830742559,../data/results/vary_B2/B_81_n_8/phi_2.0/results_seed_60.pt,,
vary_B2,81,8,2.0,60,VI_best_tau_by_ELBO,8.172575950622559,,0.2351856529712677,3.6239721309433994,1.6589166563902429,-1343.91015625,0.2,,../data/results/vary_B2/B_81_n_8/phi_2.0/results_seed_60.pt,8.0,8.0
vary_B2,81,8,2.0,61,GPArealModel,7.877193450927734,,0.5250758222059959,3.897757981110443,1.0831324745119717,,,7.423228829571376,../data/results/vary_B2/B_81_n_8/phi_2.0/results_seed_61.pt,,
vary_B2,81,8,2.0,61,GPmodel,8.01182746887207,,0.5153209250778111,2.770885506114867,1.0094534105445574,,,5.3770094930580905,../data/results/vary_B2/B_81_n_8/phi_2.0/results_seed_61.pt,,
vary_B2,81,8,2.0,61,VI_best_tau_by_ELBO,8.287924766540527,,0.23503108322620392,3.008679951060043,1.9371325045095364,-1354.3304443359375,0.2,,../data/results/vary_B2/B_81_n_8/phi_2.0/results_seed_61.pt,8.0,8.0
vary_B2,81,8,2.0,62,GPArealModel,7.485948085784912,,0.48727222397254033,3.7275518280209896,0.4908491817470257,,,7.649834414183747,../data/results/vary_B2/B_81_n_8/phi_2.0/results_seed_62.pt,,
vary_B2,81,8,2.0,62,GPmodel,7.9579901695251465,,0.7478335974583672,2.2568556354175913,1.3997152350805,,,3.0178580409971927,../data/results/vary_B2/B_81_n_8/phi_2.0/results_seed_62.pt,,
vary_B2,81,8,2.0,62,VI_best_tau_by_ELBO,8.107069969177246,,0.23494046926498413,3.1816264949174013,2.0666069425100586,-1372.50986328125,0.2,,../data/results/vary_B2/B_81_n_8/phi_2.0/results_seed_62.pt,8.0,8.0
vary_B2,81,8,2.0,63,GPArealModel,8.129578590393066,,0.24835637395495586,4.524804687783456,3.6527802718982736,,,18.218999640428454,../data/results/vary_B2/B_81_n_8/phi_2.0/results_seed_63.pt,,
vary_B2,81,8,2.0,63,GPmodel,7.9023756980896,,0.4711835737094748,2.953032048708721,1.04471800042419,,,6.267264424055494,../data/results/vary_B2/B_81_n_8/phi_2.0/results_seed_63.pt,,
vary_B2,81,8,2.0,63,VI_best_tau_by_ELBO,8.233582496643066,,0.23573550581932068,3.465276946596448,1.6677751603122097,-1337.9245849609374,0.2,,../data/results/vary_B2/B_81_n_8/phi_2.0/results_seed_63.pt,8.0,8.0
vary_B2,81,8,2.0,64,GPArealModel,7.8469648361206055,,0.546182227734522,3.4601255495906362,1.6861674889945715,,,6.33511193497213,../data/results/vary_B2/B_81_n_8/phi_2.0/results_seed_64.pt,,
vary_B2,81,8,2.0,64,GPmodel,7.936036109924316,,0.7389970896123577,2.0432267311091223,1.1450901519465342,,,2.7648643815104887,../data/results/vary_B2/B_81_n_8/phi_2.0/results_seed_64.pt,,
vary_B2,81,8,2.0,64,VI_best_tau_by_ELBO,8.151477813720703,,0.23420709371566772,2.40867584049056,2.1121953493742263,-1355.90068359375,0.2,,../data/results/vary_B2/B_81_n_8/phi_2.0/results_seed_64.pt,8.0,8.0
vary_B2,81,8,2.0,65,GPArealModel,7.706642150878906,,0.5107489880655538,4.7896805054638705,1.313654597530376,,,9.377758189212747,../data/results/vary_B2/B_81_n_8/phi_2.0/results_seed_65.pt,,
vary_B2,81,8,2.0,65,GPmodel,7.969498634338379,,0.5328416948716923,3.0573126354208378,0.9077647446103652,,,5.737750376604885,../data/results/vary_B2/B_81_n_8/phi_2.0/results_seed_65.pt,,
vary_B2,81,8,2.0,65,VI_best_tau_by_ELBO,8.189282417297363,,0.2353498637676239,3.722334507263618,1.8458036223789074,-1358.04775390625,0.2,,../data/results/vary_B2/B_81_n_8/phi_2.0/results_seed_65.pt,8.0,8.0
vary_B2,81,8,2.0,66,GPArealModel,7.613451957702637,,0.36867169398973165,6.115602113487522,1.013416219829339,,,16.58820629081943,../data/results/vary_B2/B_81_n_8/phi_2.0/results_seed_66.pt,,
vary_B2,81,8,2.0,66,GPmodel,7.924009323120117,,0.5078011157828353,3.169522745916479,1.1382620137625672,,,6.241661641546979,../data/results/vary_B2/B_81_n_8/phi_2.0/results_seed_66.pt,,
vary_B2,81,8,2.0,66,VI_best_tau_by_ELBO,8.18425178527832,,0.23557452857494354,4.881905001112272,1.5975667846641906,-1356.027490234375,0.2,,../data/results/vary_B2/B_81_n_8/phi_2.0/results_seed_66.pt,8.0,8.0
vary_B2,81,8,2.0,67,GPArealModel,7.7694478034973145,,0.6162960117277816,3.6130398246951034,1.1756124062756723,,,5.862507230196041,../data/results/vary_B2/B_81_n_8/phi_2.0/results_seed_67.pt,,
vary_B2,81,8,2.0,67,GPmodel,7.935521125793457,,0.6378208957407985,2.131852260282306,0.9494286223067273,,,3.3423995270745426,../data/results/vary_B2/B_81_n_8/phi_2.0/results_seed_67.pt,,
vary_B2,81,8,2.0,67,VI_best_tau_by_ELBO,8.14357852935791,,0.2354186326265335,2.813668754291918,1.761390924527526,-1322.4076416015625,0.2,,../data/results/vary_B2/B_81_n_8/phi_2.0/results_seed_67.pt,8.0,8.0
vary_B2,81,8,2.0,68,GPArealModel,7.699216365814209,,0.4511587578608753,4.2636727617296035,1.306801561108891,,,9.450493174388074,../data/results/vary_B2/B_81_n_8/phi_2.0/results_seed_68.pt,,
vary_B2,81,8,2.0,68,GPmodel,7.900026798248291,,0.5459037907255008,2.7205400595681173,1.1926921060747,,,4.983552240867473,../data/results/vary_B2/B_81_n_8/phi_2.0/results_seed_68.pt,,
vary_B2,81,8,2.0,68,VI_best_tau_by_ELBO,8.107392311096191,,0.2359682321548462,3.5902133234437863,1.823891793489825,-1364.5281982421875,0.2,,../data/results/vary_B2/B_81_n_8/phi_2.0/results_seed_68.pt,8.0,8.0
vary_B2,81,8,2.0,69,GPArealModel,7.67141056060791,,0.2523168920677447,6.71228617620962,1.665932913434054,,,26.60260326291366,../data/results/vary_B2/B_81_n_8/phi_2.0/results_seed_69.pt,,
vary_B2,81,8,2.0,69,GPmodel,7.949169158935547,,0.40845042572182416,3.240088511924564,1.0107033932187424,,,7.932635903607141,../data/results/vary_B2/B_81_n_8/phi_2.0/results_seed_69.pt,,
vary_B2,81,8,2.0,69,VI_best_tau_by_ELBO,8.130773544311523,,0.23421503603458405,4.433455849461273,1.4824237073770212,-1337.728369140625,0.2,,../data/results/vary_B2/B_81_n_8/phi_2.0/results_seed_69.pt,8.0,8.0
vary_B2,81,8,2.0,70,GPArealModel,7.662756443023682,,0.19637333888500394,7.628646360988714,2.3690651417307365,,,38.84766844778274,../data/results/vary_B2/B_81_n_8/phi_2.0/results_seed_70.pt,,
vary_B2,81,8,2.0,70,GPmodel,7.892438888549805,,0.2926668268887401,4.379550596098551,0.9877393479890813,,,14.964287694154953,../data/results/vary_B2/B_81_n_8/phi_2.0/results_seed_70.pt,,
vary_B2,81,8,2.0,70,VI_best_tau_by_ELBO,8.152050018310547,,0.23390239477157593,3.7955411806522745,1.6829540426241874,-1364.8372802734375,0.2,,../data/results/vary_B2/B_81_n_8/phi_2.0/results_seed_70.pt,8.0,8.0
vary_B2,81,8,2.0,71,GPArealModel,7.4847517013549805,,0.5703555708641181,4.360230838511713,1.5495596860973837,,,7.644758921010867,../data/results/vary_B2/B_81_n_8/phi_2.0/results_seed_71.pt,,
vary_B2,81,8,2.0,71,GPmodel,7.872087478637695,,0.7946811919288942,2.251038737601196,1.4135414812343658,,,2.8326311991068396,../data/results/vary_B2/B_81_n_8/phi_2.0/results_seed_71.pt,,
vary_B2,81,8,2.0,71,VI_best_tau_by_ELBO,8.105287551879883,,0.23500381410121918,3.3741809841428734,2.0519041004139584,-1375.0694580078125,0.2,,../data/results/vary_B2/B_81_n_8/phi_2.0/results_seed_71.pt,8.0,8.0
vary_B2,81,8,2.0,72,GPArealModel,8.344801902770996,,0.3079297075671436,7.187302356205564,0.846458285014985,,,23.34072413145907,../data/results/vary_B2/B_81_n_8/phi_2.0/results_seed_72.pt,,
vary_B2,81,8,2.0,72,GPmodel,7.992117881774902,,0.36314384295112323,4.207245294918843,1.126132575558629,,,11.58561648940062,../data/results/vary_B2/B_81_n_8/phi_2.0/results_seed_72.pt,,
vary_B2,81,8,2.0,72,VI_best_tau_by_ELBO,8.46343994140625,,0.23534724116325378,4.340289112068632,1.7085053123065612,-1364.6263427734375,0.2,,../data/results/vary_B2/B_81_n_8/phi_2.0/results_seed_72.pt,8.0,8.0
vary_B2,81,8,2.0,73,GPArealModel,8.20077133178711,,0.5983765608834892,4.358968995244715,1.6143599297005788,,,7.284658658435413,../data/results/vary_B2/B_81_n_8/phi_2.0/results_seed_73.pt,,
vary_B2,81,8,2.0,73,GPmodel,7.937029838562012,,0.6520570944380395,2.8013546042478823,1.0224589772651225,,,4.296179932927753,../data/results/vary_B2/B_81_n_8/phi_2.0/results_seed_73.pt,,
vary_B2,81,8,2.0,73,VI_best_tau_by_ELBO,8.366485595703125,,0.2356792837381363,3.5800313521597413,1.9650822990415118,-1366.953369140625,0.2,,../data/results/vary_B2/B_81_n_8/phi_2.0/results_seed_73.pt,8.0,8.0
vary_B2,81,8,2.0,74,GPArealModel,8.050954818725586,,0.4461261750092151,5.902295082784992,1.308058398303386,,,13.23010263332582,../data/results/vary_B2/B_81_n_8/phi_2.0/results_seed_74.pt,,
vary_B2,81,8,2.0,74,GPmodel,7.898529529571533,,0.4917057215387161,3.38351538611272,1.1632781926425837,,,6.8811796119120565,../data/results/vary_B2/B_81_n_8/phi_2.0/results_seed_74.pt,,
vary_B2,81,8,2.0,74,VI_best_tau_by_ELBO,8.222931861877441,,0.23571622371673584,4.592136677039809,1.7768869780785745,-1373.6982421875,0.2,,../data/results/vary_B2/B_81_n_8/phi_2.0/results_seed_74.pt,8.0,8.0
vary_B2,81,8,2.0,75,GPArealModel,8.06397819519043,,0.41228002454420176,4.836065812443181,1.3865833028658443,,,11.730051238329379,../data/results/vary_B2/B_81_n_8/phi_2.0/results_seed_75.pt,,
vary_B2,81,8,2.0,75,GPmodel,7.978475570678711,,0.5374902481135396,3.2927704983468313,1.0750383424814753,,,6.126195795930544,../data/results/vary_B2/B_81_n_8/phi_2.0/results_seed_75.pt,,
vary_B2,81,8,2.0,75,VI_best_tau_by_ELBO,8.39857006072998,,0.2359866201877594,3.7129516034847954,1.9448052527033037,-1373.506494140625,0.2,,../data/results/vary_B2/B_81_n_8/phi_2.0/results_seed_75.pt,8.0,8.0
vary_B2,81,8,2.0,76,GPArealModel,7.744441509246826,,0.45434867832271275,5.117507081301049,1.2269030333899011,,,11.263391587696464,../data/results/vary_B2/B_81_n_8/phi_2.0/results_seed_76.pt,,
vary_B2,81,8,2.0,76,GPmodel,7.962699890136719,,0.6091692454535329,2.565703699061108,1.1884102938206038,,,4.2118076679181575,../data/results/vary_B2/B_81_n_8/phi_2.0/results_seed_76.pt,,
vary_B2,81,8,2.0,76,VI_best_tau_by_ELBO,8.2294282913208,,0.23577389121055603,3.974819815000193,1.7891574813573583,-1358.6313232421876,0.2,,../data/results/vary_B2/B_81_n_8/phi_2.0/results_seed_76.pt,8.0,8.0
vary_B2,81,8,2.0,77,GPArealModel,7.162373065948486,,0.1837485037984282,6.207606437828457,1.725420783132944,,,33.78316726125939,../data/results/vary_B2/B_81_n_8/phi_2.0/results_seed_77.pt,,
vary_B2,81,8,2.0,77,GPmodel,7.921228885650635,,0.26687126417388174,4.560733531790432,1.064910050443999,,,17.089638878537542,../data/results/vary_B2/B_81_n_8/phi_2.0/results_seed_77.pt,,
vary_B2,81,8,2.0,77,VI_best_tau_by_ELBO,8.07027816772461,,0.233855202794075,3.3986626745783037,1.7823161033977482,-1371.9884521484375,0.2,,../data/results/vary_B2/B_81_n_8/phi_2.0/results_seed_77.pt,8.0,8.0
vary_B2,81,8,2.0,78,GPArealModel,7.907597541809082,,0.42512227355101445,4.981490298964637,0.893271415774065,,,11.717782409645636,../data/results/vary_B2/B_81_n_8/phi_2.0/results_seed_78.pt,,
vary_B2,81,8,2.0,78,GPmodel,7.923634052276611,,0.47328115906252904,3.1708420478301886,1.1798815478034705,,,6.699700563003529,../data/results/vary_B2/B_81_n_8/phi_2.0/results_seed_78.pt,,
vary_B2,81,8,2.0,78,VI_best_tau_by_ELBO,8.152493476867676,,0.23580297827720642,4.137195999206901,1.7389537512573505,-1365.2264404296875,0.2,,../data/results/vary_B2/B_81_n_8/phi_2.0/results_seed_78.pt,8.0,8.0
vary_B2,81,8,2.0,79,GPArealModel,7.63792085647583,,1.457513761681354,3.0866228965260003,0.8117153473911499,,,2.117731562935875,../data/results/vary_B2/B_81_n_8/phi_2.0/results_seed_79.pt,,
vary_B2,81,8,2.0,79,GPmodel,7.9537882804870605,,1.1401808640787359,1.626072373503219,1.1643165060623397,,,1.42615301197594,../data/results/vary_B2/B_81_n_8/phi_2.0/results_seed_79.pt,,
vary_B2,81,8,2.0,79,VI_best_tau_by_ELBO,8.185684204101562,,0.23507364094257355,2.4883373925206977,2.1208764716443245,-1350.48173828125,0.2,,../data/results/vary_B2/B_81_n_8/phi_2.0/results_seed_79.pt,8.0,8.0
vary_B2,81,8,2.0,80,GPArealModel,7.971149921417236,,0.6417742335891742,2.641645108523659,1.623171536161686,,,4.1161595001252165,../data/results/vary_B2/B_81_n_8/phi_2.0/results_seed_80.pt,,
vary_B2,81,8,2.0,80,GPmodel,7.924333095550537,,0.8837656535820488,1.8581744260386195,1.184931281516602,,,2.1025646544501138,../data/results/vary_B2/B_81_n_8/phi_2.0/results_seed_80.pt,,
vary_B2,81,8,2.0,80,VI_best_tau_by_ELBO,8.247270584106445,,0.23401600122451782,1.9481619029397825,2.0318907652429585,-1333.533544921875,0.2,,../data/results/vary_B2/B_81_n_8/phi_2.0/results_seed_80.pt,8.0,8.0
vary_B2,81,8,2.0,81,GPArealModel,7.73256254196167,,0.48654818051460397,6.255748882184456,0.7214946250081834,,,12.857408850173856,../data/results/vary_B2/B_81_n_8/phi_2.0/results_seed_81.pt,,
vary_B2,81,8,2.0,81,GPmodel,7.958003044128418,,0.6362673027653907,3.0075411647565864,1.1122048476615982,,,4.72685167332188,../data/results/vary_B2/B_81_n_8/phi_2.0/results_seed_81.pt,,
vary_B2,81,8,2.0,81,VI_best_tau_by_ELBO,8.1422758102417,,0.23551033437252045,4.533852730989825,2.0029448754497445,-1392.4393798828125,0.2,,../data/results/vary_B2/B_81_n_8/phi_2.0/results_seed_81.pt,8.0,8.0
vary_B2,81,8,2.0,82,GPArealModel,8.195030212402344,,0.3865694703029235,4.987258634059129,1.318183187620433,,,12.901325679317134,../data/results/vary_B2/B_81_n_8/phi_2.0/results_seed_82.pt,,
vary_B2,81,8,2.0,82,GPmodel,8.016165733337402,,0.4711764402421719,3.24300832152596,1.2414758887953896,,,6.882789640031962,../data/results/vary_B2/B_81_n_8/phi_2.0/results_seed_82.pt,,
vary_B2,81,8,2.0,82,VI_best_tau_by_ELBO,8.29092788696289,,0.23548156023025513,3.6342466656027543,1.864518425627708,-1368.4150634765624,0.2,,../data/results/vary_B2/B_81_n_8/phi_2.0/results_seed_82.pt,8.0,8.0
vary_B2,81,8,2.0,83,GPArealModel,7.157163143157959,,0.8262087929339023,3.9949392087709774,0.6604172185424467,,,4.835265907283291,../data/results/vary_B2/B_81_n_8/phi_2.0/results_seed_83.pt,,
vary_B2,81,8,2.0,83,GPmodel,7.865169048309326,,1.0981639342622704,2.053839087240102,1.3990412450901213,,,1.870248168931025,../data/results/vary_B2/B_81_n_8/phi_2.0/results_seed_83.pt,,
vary_B2,81,8,2.0,83,VI_best_tau_by_ELBO,8.084009170532227,,0.23573383688926697,3.670403431237426,2.0333222861778473,-1373.59208984375,0.2,,../data/results/vary_B2/B_81_n_8/phi_2.0/results_seed_83.pt,8.0,8.0
vary_B2,81,8,2.0,84,GPArealModel,7.6221489906311035,,0.45627865185417704,4.591635696339485,1.2133851969031235,,,10.063227104052492,../data/results/vary_B2/B_81_n_8/phi_2.0/results_seed_84.pt,,
vary_B2,81,8,2.0,84,GPmodel,7.936356544494629,,0.5939533549590015,2.64407149103743,0.9852247761729359,,,4.451648381075213,../data/results/vary_B2/B_81_n_8/phi_2.0/results_seed_84.pt,,
vary_B2,81,8,2.0,84,VI_best_tau_by_ELBO,8.05082893371582,,0.23492451012134552,3.6007757490908383,2.068984876731275,-1353.0475341796875,0.3,,../data/results/vary_B2/B_81_n_8/phi_2.0/results_seed_84.pt,8.0,8.0
vary_B2,81,8,2.0,85,GPArealModel,7.915356636047363,,0.8834051562258326,2.3003920765960486,1.3399696632289706,,,2.6040057162717978,../data/results/vary_B2/B_81_n_8/phi_2.0/results_seed_85.pt,,
vary_B2,81,8,2.0,85,GPmodel,7.943787097930908,,0.8765196280514461,1.7626113341207232,0.9554550489491553,,,2.0109205518182294,../data/results/vary_B2/B_81_n_8/phi_2.0/results_seed_85.pt,,
vary_B2,81,8,2.0,85,VI_best_tau_by_ELBO,8.30044174194336,,0.23453693091869354,1.5530821488243771,2.034957824348112,-1317.141162109375,0.2,,../data/results/vary_B2/B_81_n_8/phi_2.0/results_seed_85.pt,8.0,8.0
vary_B2,81,8,2.0,86,GPArealModel,8.213363647460938,,0.4486806842257623,4.685689638975126,0.7612915547262186,,,10.443261329737634,../data/results/vary_B2/B_81_n_8/phi_2.0/results_seed_86.pt,,
vary_B2,81,8,2.0,86,GPmodel,8.0110445022583,,0.5303261110209971,3.2536137358481456,1.084057089839194,,,6.135118879182107,../data/results/vary_B2/B_81_n_8/phi_2.0/results_seed_86.pt,,
vary_B2,81,8,2.0,86,VI_best_tau_by_ELBO,8.200919151306152,,0.23601067066192627,4.123290335567549,2.1662032452946067,-1382.5457763671875,0.3,,../data/results/vary_B2/B_81_n_8/phi_2.0/results_seed_86.pt,8.0,8.0
vary_B2,81,8,2.0,87,GPArealModel,8.027336120605469,,0.4436314768264869,4.0292223954520665,2.1612596348234256,,,9.082363641721427,../data/results/vary_B2/B_81_n_8/phi_2.0/results_seed_87.pt,,
vary_B2,81,8,2.0,87,GPmodel,7.948093891143799,,0.6815169770614921,2.241755226755648,1.1584034334557238,,,3.2893607968820686,../data/results/vary_B2/B_81_n_8/phi_2.0/results_seed_87.pt,,
vary_B2,81,8,2.0,87,VI_best_tau_by_ELBO,8.31298828125,,0.23468823730945587,2.574342747141945,1.992859434542808,-1349.95234375,0.2,,../data/results/vary_B2/B_81_n_8/phi_2.0/results_seed_87.pt,8.0,8.0
vary_B2,81,8,2.0,88,GPArealModel,7.899686336517334,,0.36778196520780143,5.462905989810403,0.9055402278873104,,,14.853653812861085,../data/results/vary_B2/B_81_n_8/phi_2.0/results_seed_88.pt,,
vary_B2,81,8,2.0,88,GPmodel,7.961490154266357,,0.5114049992623715,2.7013681865249333,1.0482460703752539,,,5.282248297183779,../data/results/vary_B2/B_81_n_8/phi_2.0/results_seed_88.pt,,
vary_B2,81,8,2.0,88,VI_best_tau_by_ELBO,8.132137298583984,,0.23469170928001404,3.2944144010174865,1.769723895163552,-1342.9978759765625,0.2,,../data/results/vary_B2/B_81_n_8/phi_2.0/results_seed_88.pt,8.0,8.0
vary_B2,81,8,2.0,89,GPArealModel,8.279007911682129,,0.465308726231734,4.2362845703162915,2.4938793236502033,,,9.10424484110476,../data/results/vary_B2/B_81_n_8/phi_2.0/results_seed_89.pt,,
vary_B2,81,8,2.0,89,GPmodel,7.956748962402344,,0.5430236321991396,3.2458235802941457,0.957204095271997,,,5.977315512308727,../data/results/vary_B2/B_81_n_8/phi_2.0/results_seed_89.pt,,
vary_B2,81,8,2.0,89,VI_best_tau_by_ELBO,8.279335021972656,,0.23550532758235931,3.672344995260755,1.8912038800148947,-1365.7633544921875,0.2,,../data/results/vary_B2/B_81_n_8/phi_2.0/results_seed_89.pt,8.0,8.0
vary_B2,81,8,2.0,90,GPArealModel,7.637457847595215,,0.7110930970565663,3.700438384388927,1.0169341600542403,,,5.203873303940346,../data/results/vary_B2/B_81_n_8/phi_2.0/results_seed_90.pt,,
vary_B2,81,8,2.0,90,GPmodel,7.94575309753418,,0.8355971392802012,1.7844781158404204,1.0835807812334954,,,2.1355723134447335,../data/results/vary_B2/B_81_n_8/phi_2.0/results_seed_90.pt,,
vary_B2,81,8,2.0,90,VI_best_tau_by_ELBO,8.062746047973633,,0.23582299053668976,3.181067336568593,1.6858246406878674,-1320.4818359375,0.2,,../data/results/vary_B2/B_81_n_8/phi_2.0/results_seed_90.pt,8.0,8.0
vary_B2,81,8,2.0,91,GPArealModel,7.415042400360107,,0.4887573079488369,6.4687071166848815,0.7230163265817273,,,13.235008482700836,../data/results/vary_B2/B_81_n_8/phi_2.0/results_seed_91.pt,,
vary_B2,81,8,2.0,91,GPmodel,7.945193290710449,,0.5290518687794652,3.522773951003027,1.1122894153423408,,,6.658655150637966,../data/results/vary_B2/B_81_n_8/phi_2.0/results_seed_91.pt,,
vary_B2,81,8,2.0,91,VI_best_tau_by_ELBO,8.179747581481934,,0.23608341813087463,5.333851914920883,1.897713541062171,-1398.614599609375,0.2,,../data/results/vary_B2/B_81_n_8/phi_2.0/results_seed_91.pt,8.0,8.0
vary_B2,81,8,2.0,92,GPArealModel,7.927022933959961,,0.29072823618006755,7.702303218804578,2.0514189568691497,,,26.49313778395444,../data/results/vary_B2/B_81_n_8/phi_2.0/results_seed_92.pt,,
vary_B2,81,8,2.0,92,GPmodel,7.911441326141357,,0.4235157919722187,3.835301068456844,0.9559856885064597,,,9.05586318421965,../data/results/vary_B2/B_81_n_8/phi_2.0/results_seed_92.pt,,
vary_B2,81,8,2.0,92,VI_best_tau_by_ELBO,8.167814254760742,,0.23450420796871185,4.477563242320489,1.765260640330006,-1369.2171142578125,0.2,,../data/results/vary_B2/B_81_n_8/phi_2.0/results_seed_92.pt,8.0,8.0
vary_B2,81,8,2.0,93,GPArealModel,7.979365348815918,,1.1513582531450466,3.0890033733052817,1.4284050922297544,,,2.6829211193539195,../data/results/vary_B2/B_81_n_8/phi_2.0/results_seed_93.pt,,
vary_B2,81,8,2.0,93,GPmodel,7.913071632385254,,1.0137257146034733,2.067891848898433,1.1625150970593878,,,2.0398928616576573,../data/results/vary_B2/B_81_n_8/phi_2.0/results_seed_93.pt,,
vary_B2,81,8,2.0,93,VI_best_tau_by_ELBO,8.132537841796875,,0.23551294207572937,3.059705983961525,2.546682543741295,-1386.1185791015625,0.3,,../data/results/vary_B2/B_81_n_8/phi_2.0/results_seed_93.pt,8.0,8.0
vary_B2,81,8,2.0,94,GPArealModel,7.97990083694458,,0.582750983901674,3.910413681919122,1.4582678978433947,,,6.7102652589925365,../data/results/vary_B2/B_81_n_8/phi_2.0/results_seed_94.pt,,
vary_B2,81,8,2.0,94,GPmodel,7.962216854095459,,0.5740517270336839,2.741571925192015,1.0523329515821083,,,4.775827327196851,../data/results/vary_B2/B_81_n_8/phi_2.0/results_seed_94.pt,,
vary_B2,81,8,2.0,94,VI_best_tau_by_ELBO,8.28490924835205,,0.23570524156093597,3.198046859887612,1.9370036714034933,-1359.6006591796875,0.2,,../data/results/vary_B2/B_81_n_8/phi_2.0/results_seed_94.pt,8.0,8.0
vary_B2,81,8,2.0,95,GPArealModel,7.825053691864014,,0.5841652170794461,4.6274210636513216,1.7884363379511456,,,7.921425186501638,../data/results/vary_B2/B_81_n_8/phi_2.0/results_seed_95.pt,,
vary_B2,81,8,2.0,95,GPmodel,7.892490386962891,,0.6275428792264771,2.740757935339215,1.0473236380251216,,,4.3674432872499995,../data/results/vary_B2/B_81_n_8/phi_2.0/results_seed_95.pt,,
vary_B2,81,8,2.0,95,VI_best_tau_by_ELBO,8.031292915344238,,0.23549368977546692,4.01068000002418,2.2163531375130567,-1378.3429443359375,0.3,,../data/results/vary_B2/B_81_n_8/phi_2.0/results_seed_95.pt,8.0,8.0
vary_B2,81,8,2.0,96,GPArealModel,8.339845657348633,,0.3437503873078418,4.913083649392591,2.0410738406199713,,,14.292590876392914,../data/results/vary_B2/B_81_n_8/phi_2.0/results_seed_96.pt,,
vary_B2,81,8,2.0,96,GPmodel,7.902632236480713,,0.4991637902577164,3.088331780397617,1.072917365040202,,,6.187010838272388,../data/results/vary_B2/B_81_n_8/phi_2.0/results_seed_96.pt,,
vary_B2,81,8,2.0,96,VI_best_tau_by_ELBO,8.233426094055176,,0.23515000939369202,3.4414375326427575,1.8565413517245046,-1361.4111572265624,0.2,,../data/results/vary_B2/B_81_n_8/phi_2.0/results_seed_96.pt,8.0,8.0
vary_B2,81,8,2.0,97,GPArealModel,7.64987850189209,,0.685037285677505,3.8309203620956036,0.8407737768974087,,,5.592280073203323,../data/results/vary_B2/B_81_n_8/phi_2.0/results_seed_97.pt,,
vary_B2,81,8,2.0,97,GPmodel,7.950324535369873,,0.765455464188241,2.2967797666671133,1.0908822664689741,,,3.0005400367777484,../data/results/vary_B2/B_81_n_8/phi_2.0/results_seed_97.pt,,
vary_B2,81,8,2.0,97,VI_best_tau_by_ELBO,8.202239990234375,,0.23587927222251892,3.2235807503240093,2.065506193963266,-1370.9850341796875,0.2,,../data/results/vary_B2/B_81_n_8/phi_2.0/results_seed_97.pt,8.0,8.0
vary_B2,81,8,2.0,98,GPArealModel,8.148112297058105,,0.5046305366272077,4.954707334656563,0.8698919923482743,,,9.81848496084338,../data/results/vary_B2/B_81_n_8/phi_2.0/results_seed_98.pt,,
vary_B2,81,8,2.0,98,GPmodel,7.96295166015625,,0.6266862848377127,2.6330481088208733,1.0999155735031423,,,4.201540982347699,../data/results/vary_B2/B_81_n_8/phi_2.0/results_seed_98.pt,,
vary_B2,81,8,2.0,98,VI_best_tau_by_ELBO,8.33676528930664,,0.23492825031280518,3.649443682780099,1.9743560158184383,-1371.2662353515625,0.2,,../data/results/vary_B2/B_81_n_8/phi_2.0/results_seed_98.pt,8.0,8.0
vary_B2,81,8,2.0,99,GPArealModel,7.695535659790039,,0.6067557660281503,3.8746417466826233,1.4727304121139317,,,6.385834241092091,../data/results/vary_B2/B_81_n_8/phi_2.0/results_seed_99.pt,,
vary_B2,81,8,2.0,99,GPmodel,7.983758449554443,,0.776883673590315,2.305490133252636,1.0828231404132571,,,2.9676130566600407,../data/results/vary_B2/B_81_n_8/phi_2.0/results_seed_99.pt,,
vary_B2,81,8,2.0,99,VI_best_tau_by_ELBO,8.112534523010254,,0.2361561357975006,3.818065061247485,2.1175783819105924,-1363.109765625,0.3,,../data/results/vary_B2/B_81_n_8/phi_2.0/results_seed_99.pt,8.0,8.0
vary_B2,81,8,2.0,100,GPArealModel,7.807187080383301,,0.3224988550277382,3.8603522405505353,1.3668717515962896,,,11.970126964384125,../data/results/vary_B2/B_81_n_8/phi_2.0/results_seed_100.pt,,
vary_B2,81,8,2.0,100,GPmodel,7.940985679626465,,0.5929999207075047,2.38634768057031,1.1740720084078948,,,4.024195614938991,../data/results/vary_B2/B_81_n_8/phi_2.0/results_seed_100.pt,,
vary_B2,81,8,2.0,100,VI_best_tau_by_ELBO,8.205613136291504,,0.2357262223958969,2.9737402993582673,1.7212206865013733,-1331.832177734375,0.2,,../data/results/vary_B2/B_81_n_8/phi_2.0/results_seed_100.pt,8.0,8.0
vary_B2,100,8,2.0,1,GPArealModel,7.999354362487793,,0.42386555891338634,5.532843852798094,1.6014229032339657,,,13.053298944556824,../data/results/vary_B2/B_100_n_8/phi_2.0/results_seed_1.pt,,
vary_B2,100,8,2.0,1,GPmodel,7.945841312408447,,0.6398489794149956,2.8301604049292544,1.4231865248241213,,,4.423169366491493,../data/results/vary_B2/B_100_n_8/phi_2.0/results_seed_1.pt,,
vary_B2,100,8,2.0,1,VI_best_tau_by_ELBO,8.262116432189941,,0.22543878853321075,4.489152717638123,1.8032017963268916,-1596.658056640625,0.2,,../data/results/vary_B2/B_100_n_8/phi_2.0/results_seed_1.pt,8.0,8.0
vary_B2,100,8,2.0,2,GPArealModel,7.991893768310547,,0.5421134019261556,3.353218946263444,1.4770646283904971,,,6.18545664864453,../data/results/vary_B2/B_100_n_8/phi_2.0/results_seed_2.pt,,
vary_B2,100,8,2.0,2,GPmodel,7.96031379699707,,0.7034305229556871,2.2562280566711665,1.249704410117167,,,3.2074639684256327,../data/results/vary_B2/B_100_n_8/phi_2.0/results_seed_2.pt,,
vary_B2,100,8,2.0,2,VI_best_tau_by_ELBO,8.274797439575195,,0.22458507120609283,2.7223548516388436,1.9591879886482866,-1571.713818359375,0.2,,../data/results/vary_B2/B_100_n_8/phi_2.0/results_seed_2.pt,8.0,8.0
vary_B2,100,8,2.0,3,GPArealModel,8.179561614990234,,0.34082456528290983,5.771752163572464,1.6114183228064587,,,16.934671826784196,../data/results/vary_B2/B_100_n_8/phi_2.0/results_seed_3.pt,,
vary_B2,100,8,2.0,3,GPmodel,7.979286193847656,,0.48178390405351584,3.304813269980002,1.1643399630496771,,,6.859534414028303,../data/results/vary_B2/B_100_n_8/phi_2.0/results_seed_3.pt,,
vary_B2,100,8,2.0,3,VI_best_tau_by_ELBO,8.351314544677734,,0.22540709376335144,4.4398905716573225,1.715882678164542,-1585.6468994140625,0.2,,../data/results/vary_B2/B_100_n_8/phi_2.0/results_seed_3.pt,8.0,8.0
vary_B2,100,8,2.0,4,GPArealModel,7.919946670532227,,0.2719800637963643,6.763598370794048,1.8209007920488123,,,24.867993177095727,../data/results/vary_B2/B_100_n_8/phi_2.0/results_seed_4.pt,,
vary_B2,100,8,2.0,4,GPmodel,7.9649481773376465,,0.30478908496168505,5.119261288243033,1.189834518200296,,,16.796078143305472,../data/results/vary_B2/B_100_n_8/phi_2.0/results_seed_4.pt,,
vary_B2,100,8,2.0,4,VI_best_tau_by_ELBO,8.171188354492188,,0.22599093616008759,6.1824071201218365,1.4932887938290842,-1598.8556640625,0.2,,../data/results/vary_B2/B_100_n_8/phi_2.0/results_seed_4.pt,8.0,8.0
vary_B2,100,8,2.0,5,GPArealModel,7.404009819030762,,0.38289802921939775,4.951708345807399,1.187567588106285,,,12.932185511380906,../data/results/vary_B2/B_100_n_8/phi_2.0/results_seed_5.pt,,
vary_B2,100,8,2.0,5,GPmodel,7.891407012939453,,0.5131602689334874,2.6424098173567856,0.9557760242931066,,,5.149287615053608,../data/results/vary_B2/B_100_n_8/phi_2.0/results_seed_5.pt,,
vary_B2,100,8,2.0,5,VI_best_tau_by_ELBO,8.094134330749512,,0.22517666220664978,3.3742699638640063,1.6712224086225256,-1548.6439453125,0.2,,../data/results/vary_B2/B_100_n_8/phi_2.0/results_seed_5.pt,8.0,8.0
vary_B2,100,8,2.0,6,GPArealModel,8.007225036621094,,0.45729333112699816,4.886388281268773,0.7728523379526931,,,10.685457120545104,../data/results/vary_B2/B_100_n_8/phi_2.0/results_seed_6.pt,,
vary_B2,100,8,2.0,6,GPmodel,7.992175102233887,,0.5655382856166475,2.9481084579506125,0.8781466498884446,,,5.212924629383978,../data/results/vary_B2/B_100_n_8/phi_2.0/results_seed_6.pt,,
vary_B2,100,8,2.0,6,VI_best_tau_by_ELBO,8.387150764465332,,0.2265121340751648,4.32985875935699,1.5825726292360935,-1553.517578125,0.2,,../data/results/vary_B2/B_100_n_8/phi_2.0/results_seed_6.pt,8.0,8.0
vary_B2,100,8,2.0,7,GPArealModel,8.01926040649414,,0.36074469930728464,2.5847890777000324,2.216987414594599,,,7.165147769775801,../data/results/vary_B2/B_100_n_8/phi_2.0/results_seed_7.pt,,
vary_B2,100,8,2.0,7,GPmodel,7.983994483947754,,0.6386738086142058,2.066644505172201,1.0462286575797206,,,3.2358372572947776,../data/results/vary_B2/B_100_n_8/phi_2.0/results_seed_7.pt,,
vary_B2,100,8,2.0,7,VI_best_tau_by_ELBO,8.227506637573242,,0.22407425940036774,2.2323274242044597,1.8162514828285516,-1534.7388427734375,0.2,,../data/results/vary_B2/B_100_n_8/phi_2.0/results_seed_7.pt,8.0,8.0
vary_B2,100,8,2.0,8,GPArealModel,7.918045520782471,,0.4895617851139253,3.004643155287637,1.877292760567489,,,6.13741359446271,../data/results/vary_B2/B_100_n_8/phi_2.0/results_seed_8.pt,,
vary_B2,100,8,2.0,8,GPmodel,7.99813175201416,,0.779395338614076,2.0159955934638165,1.1470202394764053,,,2.5866148969387837,../data/results/vary_B2/B_100_n_8/phi_2.0/results_seed_8.pt,,
vary_B2,100,8,2.0,8,VI_best_tau_by_ELBO,8.265777587890625,,0.22411571443080902,2.675012613830337,1.9187125500148772,-1560.7035888671876,0.2,,../data/results/vary_B2/B_100_n_8/phi_2.0/results_seed_8.pt,8.0,8.0
vary_B2,100,8,2.0,9,GPArealModel,8.595471382141113,,0.5999952731887359,3.5208830156883812,1.6221653244949839,,,5.868184589148996,../data/results/vary_B2/B_100_n_8/phi_2.0/results_seed_9.pt,,
vary_B2,100,8,2.0,9,GPmodel,7.970306873321533,,0.6865866679051735,2.512589018635268,1.3193685534635415,,,3.659536568487941,../data/results/vary_B2/B_100_n_8/phi_2.0/results_seed_9.pt,,
vary_B2,100,8,2.0,9,VI_best_tau_by_ELBO,8.359586715698242,,0.22581759095191956,3.7310792544944875,1.7533753313118579,-1565.91728515625,0.2,,../data/results/vary_B2/B_100_n_8/phi_2.0/results_seed_9.pt,8.0,8.0
vary_B2,100,8,2.0,10,GPArealModel,7.540497303009033,,0.7394452121426248,3.889681468425664,1.7548998418629997,,,5.260270003175595,../data/results/vary_B2/B_100_n_8/phi_2.0/results_seed_10.pt,,
vary_B2,100,8,2.0,10,GPmodel,7.996616840362549,,0.6557242155821054,2.5207060216323818,0.9561589376967565,,,3.84415576202974,../data/results/vary_B2/B_100_n_8/phi_2.0/results_seed_10.pt,,
vary_B2,100,8,2.0,10,VI_best_tau_by_ELBO,8.130169868469238,,0.2266802191734314,4.563512226239507,1.619827779006671,-1560.92451171875,0.2,,../data/results/vary_B2/B_100_n_8/phi_2.0/results_seed_10.pt,8.0,8.0
vary_B2,100,8,2.0,11,GPArealModel,8.156112670898438,,0.49453754813397327,3.590553914111099,1.8094777377047795,,,7.26042729750097,../data/results/vary_B2/B_100_n_8/phi_2.0/results_seed_11.pt,,
vary_B2,100,8,2.0,11,GPmodel,7.981456279754639,,0.5885062344943235,2.4258505107641346,1.059556148549429,,,4.122047258936105,../data/results/vary_B2/B_100_n_8/phi_2.0/results_seed_11.pt,,
vary_B2,100,8,2.0,11,VI_best_tau_by_ELBO,8.201868057250977,,0.225975900888443,3.4576781523075355,1.6600644908074416,-1545.5602294921875,0.2,,../data/results/vary_B2/B_100_n_8/phi_2.0/results_seed_11.pt,8.0,8.0
vary_B2,100,8,2.0,12,GPArealModel,8.076671600341797,,0.3916699845194592,3.621153983921638,2.025208908939104,,,9.245421214404367,../data/results/vary_B2/B_100_n_8/phi_2.0/results_seed_12.pt,,
vary_B2,100,8,2.0,12,GPmodel,7.93306303024292,,0.4542363048615559,2.8766606778996255,0.9910168610264104,,,6.332960723551999,../data/results/vary_B2/B_100_n_8/phi_2.0/results_seed_12.pt,,
vary_B2,100,8,2.0,12,VI_best_tau_by_ELBO,8.246076583862305,,0.2262086272239685,3.2892058278587757,1.6058439839247682,-1535.218896484375,0.2,,../data/results/vary_B2/B_100_n_8/phi_2.0/results_seed_12.pt,8.0,8.0
vary_B2,100,8,2.0,13,GPArealModel,7.700006008148193,,0.432146679932511,3.841622080978881,1.7278220904470412,,,8.889625350306597,../data/results/vary_B2/B_100_n_8/phi_2.0/results_seed_13.pt,,
vary_B2,100,8,2.0,13,GPmodel,8.012588500976562,,0.5800064123271995,2.5073244178497136,1.0979079996882974,,,4.3229253410999435,../data/results/vary_B2/B_100_n_8/phi_2.0/results_seed_13.pt,,
vary_B2,100,8,2.0,13,VI_best_tau_by_ELBO,8.182670593261719,,0.22515693306922913,3.2114019850327296,1.8042631443208155,-1566.2608154296875,0.2,,../data/results/vary_B2/B_100_n_8/phi_2.0/results_seed_13.pt,8.0,8.0
vary_B2,100,8,2.0,14,GPArealModel,8.449518203735352,,1.0163232730483576,2.1512287546458784,1.608655088100689,,,2.1166776474511777,../data/results/vary_B2/B_100_n_8/phi_2.0/results_seed_14.pt,,
vary_B2,100,8,2.0,14,GPmodel,8.036762237548828,,1.0143193248203488,1.8061543825531088,1.261216259369798,,,1.7806565825540255,../data/results/vary_B2/B_100_n_8/phi_2.0/results_seed_14.pt,,
vary_B2,100,8,2.0,14,VI_best_tau_by_ELBO,8.503020286560059,,0.22328221797943115,2.1012417710356113,2.050437764755857,-1555.7964111328124,0.2,,../data/results/vary_B2/B_100_n_8/phi_2.0/results_seed_14.pt,8.0,8.0
vary_B2,100,8,2.0,15,GPArealModel,7.5691657066345215,,0.33457756550856027,7.061025674216545,0.8141469363434719,,,21.104301071363633,../data/results/vary_B2/B_100_n_8/phi_2.0/results_seed_15.pt,,
vary_B2,100,8,2.0,15,GPmodel,7.925271987915039,,0.3748615841579429,3.741347975227888,1.0995185314048812,,,9.980611866729777,../data/results/vary_B2/B_100_n_8/phi_2.0/results_seed_15.pt,,
vary_B2,100,8,2.0,15,VI_best_tau_by_ELBO,8.071950912475586,,0.22569000720977783,5.184703302156414,1.5207514025698445,-1570.076953125,0.2,,../data/results/vary_B2/B_100_n_8/phi_2.0/results_seed_15.pt,8.0,8.0
vary_B2,100,8,2.0,16,GPArealModel,7.880552291870117,,0.30156338491369866,4.9651461911003505,2.4068706765524923,,,16.46468516899449,../data/results/vary_B2/B_100_n_8/phi_2.0/results_seed_16.pt,,
vary_B2,100,8,2.0,16,GPmodel,7.934995174407959,,0.520878987165722,2.6218600169091664,1.114216448327668,,,5.033530016589054,../data/results/vary_B2/B_100_n_8/phi_2.0/results_seed_16.pt,,
vary_B2,100,8,2.0,16,VI_best_tau_by_ELBO,8.19124984741211,,0.22484901547431946,3.4303770397456774,1.6818169249953019,-1555.076025390625,0.2,,../data/results/vary_B2/B_100_n_8/phi_2.0/results_seed_16.pt,8.0,8.0
vary_B2,100,8,2.0,17,GPArealModel,7.908095836639404,,0.3465493476792028,5.018061310005964,1.800740137224166,,,14.480077205775418,../data/results/vary_B2/B_100_n_8/phi_2.0/results_seed_17.pt,,
vary_B2,100,8,2.0,17,GPmodel,7.964469909667969,,0.4587117081625314,3.249447288126293,1.0575126668379315,,,7.083855132328439,../data/results/vary_B2/B_100_n_8/phi_2.0/results_seed_17.pt,,
vary_B2,100,8,2.0,17,VI_best_tau_by_ELBO,8.225462913513184,,0.22414928674697876,3.5541140050465105,1.8615542196504635,-1585.0024658203124,0.2,,../data/results/vary_B2/B_100_n_8/phi_2.0/results_seed_17.pt,8.0,8.0
vary_B2,100,8,2.0,18,GPArealModel,8.065412521362305,,0.4174515066884991,5.255294025242757,0.8934432744914186,,,12.588992831601491,../data/results/vary_B2/B_100_n_8/phi_2.0/results_seed_18.pt,,
vary_B2,100,8,2.0,18,GPmodel,7.935725212097168,,0.5684836428450484,2.98253448538564,1.0595946340021993,,,5.24647370759723,../data/results/vary_B2/B_100_n_8/phi_2.0/results_seed_18.pt,,
vary_B2,100,8,2.0,18,VI_best_tau_by_ELBO,8.177785873413086,,0.22631368041038513,4.426431027428903,1.7571704915160673,-1585.9323486328126,0.2,,../data/results/vary_B2/B_100_n_8/phi_2.0/results_seed_18.pt,8.0,8.0
vary_B2,100,8,2.0,19,GPArealModel,7.729276180267334,,0.32801332952153794,4.870404969982672,2.8180823552455236,,,14.84819222769687,../data/results/vary_B2/B_100_n_8/phi_2.0/results_seed_19.pt,,
vary_B2,100,8,2.0,19,GPmodel,7.973311901092529,,0.574547356496231,2.8134471539444674,1.1797309533852895,,,4.896806367888882,../data/results/vary_B2/B_100_n_8/phi_2.0/results_seed_19.pt,,
vary_B2,100,8,2.0,19,VI_best_tau_by_ELBO,8.17359447479248,,0.224972665309906,4.0103159354641695,1.8097882711687232,-1588.7858154296875,0.2,,../data/results/vary_B2/B_100_n_8/phi_2.0/results_seed_19.pt,8.0,8.0
vary_B2,100,8,2.0,20,GPArealModel,7.563848495483398,,0.4193393335824143,4.275003901868997,1.2146849834538564,,,10.194617007061215,../data/results/vary_B2/B_100_n_8/phi_2.0/results_seed_20.pt,,
vary_B2,100,8,2.0,20,GPmodel,7.977717876434326,,0.5264496122844592,2.676248041681316,1.0485577412741627,,,5.083578711489762,../data/results/vary_B2/B_100_n_8/phi_2.0/results_seed_20.pt,,
vary_B2,100,8,2.0,20,VI_best_tau_by_ELBO,8.178079605102539,,0.22634923458099365,3.6782134191579487,1.6783254877184601,-1557.9267578125,0.2,,../data/results/vary_B2/B_100_n_8/phi_2.0/results_seed_20.pt,8.0,8.0
vary_B2,100,8,2.0,21,GPArealModel,7.9806976318359375,,0.514062237678904,3.927804490649743,0.5974220798720479,,,7.640717801767706,../data/results/vary_B2/B_100_n_8/phi_2.0/results_seed_21.pt,,
vary_B2,100,8,2.0,21,GPmodel,7.924203872680664,,0.556285424525607,2.4357816952469658,1.0133856085180228,,,4.378654532112123,../data/results/vary_B2/B_100_n_8/phi_2.0/results_seed_21.pt,,
vary_B2,100,8,2.0,21,VI_best_tau_by_ELBO,8.180366516113281,,0.2256481647491455,3.3933099963198443,1.6360026306748778,-1538.424072265625,0.2,,../data/results/vary_B2/B_100_n_8/phi_2.0/results_seed_21.pt,8.0,8.0
vary_B2,100,8,2.0,22,GPArealModel,8.01101016998291,,0.41953408650879687,4.7072162497737695,2.4019879309154124,,,11.220104399490952,../data/results/vary_B2/B_100_n_8/phi_2.0/results_seed_22.pt,,
vary_B2,100,8,2.0,22,GPmodel,7.937495708465576,,0.5269640057559299,3.1397576265631257,0.9903439055424539,,,5.958201304582735,../data/results/vary_B2/B_100_n_8/phi_2.0/results_seed_22.pt,,
vary_B2,100,8,2.0,22,VI_best_tau_by_ELBO,8.22664737701416,,0.22593414783477783,4.280999436231521,1.723083174936576,-1581.2891357421875,0.2,,../data/results/vary_B2/B_100_n_8/phi_2.0/results_seed_22.pt,8.0,8.0
vary_B2,100,8,2.0,23,GPArealModel,7.975141525268555,,1.3439912704149268,2.294478830739772,1.265748412809171,,,1.7072125997004455,../data/results/vary_B2/B_100_n_8/phi_2.0/results_seed_23.pt,,
vary_B2,100,8,2.0,23,GPmodel,7.891239166259766,,1.1240496721540323,1.5368772350540016,0.9554930492979136,,,1.3672680782058875,../data/results/vary_B2/B_100_n_8/phi_2.0/results_seed_23.pt,,
vary_B2,100,8,2.0,23,VI_best_tau_by_ELBO,8.170671463012695,,0.2242507040500641,2.367968921283826,1.8554586564888185,-1530.6386474609376,0.2,,../data/results/vary_B2/B_100_n_8/phi_2.0/results_seed_23.pt,8.0,8.0
vary_B2,100,8,2.0,24,GPArealModel,7.802021503448486,,0.5777393274798579,2.957263295731718,2.2920308741030935,,,5.118680960549321,../data/results/vary_B2/B_100_n_8/phi_2.0/results_seed_24.pt,,
vary_B2,100,8,2.0,24,GPmodel,7.930471420288086,,0.7337604056406055,1.9579572353436527,1.0654565712576225,,,2.6683876920754113,../data/results/vary_B2/B_100_n_8/phi_2.0/results_seed_24.pt,,
vary_B2,100,8,2.0,24,VI_best_tau_by_ELBO,8.140546798706055,,0.2246696949005127,2.579938161644951,1.8457418167928619,-1547.0615234375,0.2,,../data/results/vary_B2/B_100_n_8/phi_2.0/results_seed_24.pt,8.0,8.0
vary_B2,100,8,2.0,25,GPArealModel,7.90020751953125,,0.5276816671645017,3.704136431026698,1.7166754419521897,,,7.019642071195842,../data/results/vary_B2/B_100_n_8/phi_2.0/results_seed_25.pt,,
vary_B2,100,8,2.0,25,GPmodel,7.963651180267334,,0.6348716218180781,2.650713948169036,1.400674920082279,,,4.175196775338929,../data/results/vary_B2/B_100_n_8/phi_2.0/results_seed_25.pt,,
vary_B2,100,8,2.0,25,VI_best_tau_by_ELBO,8.175640106201172,,0.2257787585258484,3.4529369548280506,1.8758920522836537,-1582.95048828125,0.2,,../data/results/vary_B2/B_100_n_8/phi_2.0/results_seed_25.pt,8.0,8.0
vary_B2,100,8,2.0,26,GPArealModel,8.308263778686523,,0.23217210155465903,6.302205091481399,2.8232959464435745,,,27.144540835358313,../data/results/vary_B2/B_100_n_8/phi_2.0/results_seed_26.pt,,
vary_B2,100,8,2.0,26,GPmodel,7.961047172546387,,0.414440098112313,3.66466588807795,1.1750671626918392,,,8.842450102607657,../data/results/vary_B2/B_100_n_8/phi_2.0/results_seed_26.pt,,
vary_B2,100,8,2.0,26,VI_best_tau_by_ELBO,8.375076293945312,,0.2249365746974945,4.907786293574605,1.5959329206045634,-1577.492138671875,0.2,,../data/results/vary_B2/B_100_n_8/phi_2.0/results_seed_26.pt,8.0,8.0
vary_B2,100,8,2.0,27,GPArealModel,7.627194404602051,,0.3781635290964205,3.8103738522439587,1.840268091646241,,,10.07599506316334,../data/results/vary_B2/B_100_n_8/phi_2.0/results_seed_27.pt,,
vary_B2,100,8,2.0,27,GPmodel,7.86113977432251,,0.5839172194631284,2.4747117786686563,1.0484743749463687,,,4.238120911974446,../data/results/vary_B2/B_100_n_8/phi_2.0/results_seed_27.pt,,
vary_B2,100,8,2.0,27,VI_best_tau_by_ELBO,8.004179954528809,,0.22665095329284668,3.7118761965398708,1.5910138632235027,-1544.0637451171874,0.2,,../data/results/vary_B2/B_100_n_8/phi_2.0/results_seed_27.pt,8.0,8.0
vary_B2,100,8,2.0,28,GPArealModel,7.738314628601074,,0.5817447567332082,3.513122108514153,1.3057945792529593,,,6.038940734493448,../data/results/vary_B2/B_100_n_8/phi_2.0/results_seed_28.pt,,
vary_B2,100,8,2.0,28,GPmodel,7.8774027824401855,,0.6735000837733021,2.1361615566210803,1.0613278992752178,,,3.1717316865844745,../data/results/vary_B2/B_100_n_8/phi_2.0/results_seed_28.pt,,
vary_B2,100,8,2.0,28,VI_best_tau_by_ELBO,8.01012897491455,,0.22621557116508484,3.4379327975248994,1.635978620352825,-1535.4446044921874,0.2,,../data/results/vary_B2/B_100_n_8/phi_2.0/results_seed_28.pt,8.0,8.0
vary_B2,100,8,2.0,29,GPArealModel,7.669576168060303,,0.740297351806394,3.3084298711950932,1.3757624029805715,,,4.469055391218432,../data/results/vary_B2/B_100_n_8/phi_2.0/results_seed_29.pt,,
vary_B2,100,8,2.0,29,GPmodel,7.9277753829956055,,0.7819697710298099,2.0951397725261884,1.1611081404924093,,,2.679310441587797,../data/results/vary_B2/B_100_n_8/phi_2.0/results_seed_29.pt,,
vary_B2,100,8,2.0,29,VI_best_tau_by_ELBO,8.125617027282715,,0.226669043302536,3.8158280447412927,1.7208439447741792,-1561.483984375,0.2,,../data/results/vary_B2/B_100_n_8/phi_2.0/results_seed_29.pt,8.0,8.0
vary_B2,100,8,2.0,30,GPArealModel,7.696052551269531,,0.3730425373356751,5.506742593828812,2.4541301279785075,,,14.761701529157456,../data/results/vary_B2/B_100_n_8/phi_2.0/results_seed_30.pt,,
vary_B2,100,8,2.0,30,GPmodel,7.952396869659424,,0.5389234367118774,2.938901380613659,1.2114055323070996,,,5.4532818215231424,../data/results/vary_B2/B_100_n_8/phi_2.0/results_seed_30.pt,,
vary_B2,100,8,2.0,30,VI_best_tau_by_ELBO,8.148601531982422,,0.2249126136302948,4.081201135171323,1.8607759487655817,-1597.4773193359374,0.2,,../data/results/vary_B2/B_100_n_8/phi_2.0/results_seed_30.pt,8.0,8.0
vary_B2,100,8,2.0,31,GPArealModel,7.71185302734375,,0.3940857571488416,4.286801550130014,1.5676478142823098,,,10.877839334119702,../data/results/vary_B2/B_100_n_8/phi_2.0/results_seed_31.pt,,
vary_B2,100,8,2.0,31,GPmodel,7.978654861450195,,0.5613287115340257,2.5687253433731283,1.1753499109878658,,,4.576151710382306,../data/results/vary_B2/B_100_n_8/phi_2.0/results_seed_31.pt,,
vary_B2,100,8,2.0,31,VI_best_tau_by_ELBO,8.122892379760742,,0.22608353197574615,3.7816449927375655,1.6507968123590577,-1555.9460205078126,0.2,,../data/results/vary_B2/B_100_n_8/phi_2.0/results_seed_31.pt,8.0,8.0
vary_B2,100,8,2.0,32,GPArealModel,7.824801921844482,,0.501629378132318,4.514165169623461,1.6224507743186907,,,8.999004776057456,../data/results/vary_B2/B_100_n_8/phi_2.0/results_seed_32.pt,,
vary_B2,100,8,2.0,32,GPmodel,7.9902448654174805,,0.6144566385392256,2.7030951313804548,1.0733889783404975,,,4.399163361318123,../data/results/vary_B2/B_100_n_8/phi_2.0/results_seed_32.pt,,
vary_B2,100,8,2.0,32,VI_best_tau_by_ELBO,8.225541114807129,,0.22640173137187958,4.252983825423609,1.7002926384169066,-1569.7109619140624,0.2,,../data/results/vary_B2/B_100_n_8/phi_2.0/results_seed_32.pt,8.0,8.0
vary_B2,100,8,2.0,33,GPArealModel,8.059693336486816,,0.28601241190379967,5.722204474801065,0.9716903988307198,,,20.006839691718447,../data/results/vary_B2/B_100_n_8/phi_2.0/results_seed_33.pt,,
vary_B2,100,8,2.0,33,GPmodel,7.91171407699585,,0.34711007283240525,3.8131579480834636,0.9929326357784671,,,10.985443081407109,../data/results/vary_B2/B_100_n_8/phi_2.0/results_seed_33.pt,,
vary_B2,100,8,2.0,33,VI_best_tau_by_ELBO,8.186485290527344,,0.22483280301094055,3.942296681204585,1.610698351075075,-1565.8710205078125,0.2,,../data/results/vary_B2/B_100_n_8/phi_2.0/results_seed_33.pt,8.0,8.0
vary_B2,100,8,2.0,34,GPArealModel,8.114031791687012,,0.47424934769550475,4.351472517048098,0.9417977349133372,,,9.17549499686817,../data/results/vary_B2/B_100_n_8/phi_2.0/results_seed_34.pt,,
vary_B2,100,8,2.0,34,GPmodel,7.95514440536499,,0.6445660047159508,2.1905566000888905,1.0320483493460988,,,3.398498499861517,../data/results/vary_B2/B_100_n_8/phi_2.0/results_seed_34.pt,,
vary_B2,100,8,2.0,34,VI_best_tau_by_ELBO,8.171091079711914,,0.2243158519268036,3.1231140427289525,1.7916575723111374,-1554.694140625,0.2,,../data/results/vary_B2/B_100_n_8/phi_2.0/results_seed_34.pt,8.0,8.0
vary_B2,100,8,2.0,35,GPArealModel,7.757279872894287,,0.27078178000297415,5.849086056988925,1.6283226039896102,,,21.600737157886627,../data/results/vary_B2/B_100_n_8/phi_2.0/results_seed_35.pt,,
vary_B2,100,8,2.0,35,GPmodel,7.926899433135986,,0.45385484872315573,2.684107307877935,1.116989650960201,,,5.914021444145016,../data/results/vary_B2/B_100_n_8/phi_2.0/results_seed_35.pt,,
vary_B2,100,8,2.0,35,VI_best_tau_by_ELBO,8.139618873596191,,0.22404640913009644,3.3917433610388996,1.6072258773646955,-1543.329443359375,0.2,,../data/results/vary_B2/B_100_n_8/phi_2.0/results_seed_35.pt,8.0,8.0
vary_B2,100,8,2.0,36,GPArealModel,8.06764030456543,,0.8346795543145543,2.2846325322016265,0.8049396067121097,,,2.7371372886661702,../data/results/vary_B2/B_100_n_8/phi_2.0/results_seed_36.pt,,
vary_B2,100,8,2.0,36,GPmodel,7.9866108894348145,,0.8125291291214467,1.75651477447574,0.9474813212380644,,,2.1617868351070504,../data/results/vary_B2/B_100_n_8/phi_2.0/results_seed_36.pt,,
vary_B2,100,8,2.0,36,VI_best_tau_by_ELBO,8.249652862548828,,0.22524622082710266,2.4261600013604827,1.7277745165881044,-1516.7491943359375,0.2,,../data/results/vary_B2/B_100_n_8/phi_2.0/results_seed_36.pt,8.0,8.0
vary_B2,100,8,2.0,37,GPArealModel,7.971645832061768,,0.5766496666043465,5.322687550472628,1.226215958380501,,,9.23036612821742,../data/results/vary_B2/B_100_n_8/phi_2.0/results_seed_37.pt,,
vary_B2,100,8,2.0,37,GPmodel,8.052037239074707,,0.6100141495346646,2.9560617540207943,1.1053785966401273,,,4.845890470369841,../data/results/vary_B2/B_100_n_8/phi_2.0/results_seed_37.pt,,
vary_B2,100,8,2.0,37,VI_best_tau_by_ELBO,8.307514190673828,,0.22669591009616852,5.2145752014297795,1.6797723772531163,-1587.7037109375,0.2,,../data/results/vary_B2/B_100_n_8/phi_2.0/results_seed_37.pt,8.0,8.0
vary_B2,100,8,2.0,38,GPArealModel,8.00525188446045,,0.4048887117608383,5.342000301296305,0.9597715484469517,,,13.19374965546519,../data/results/vary_B2/B_100_n_8/phi_2.0/results_seed_38.pt,,
vary_B2,100,8,2.0,38,GPmodel,7.983608722686768,,0.44607958967293815,3.2893349169078756,1.0529029018276335,,,7.373874512661717,../data/results/vary_B2/B_100_n_8/phi_2.0/results_seed_38.pt,,
vary_B2,100,8,2.0,38,VI_best_tau_by_ELBO,8.208548545837402,,0.22566741704940796,4.429982108180907,1.6411896248982083,-1572.6390869140625,0.2,,../data/results/vary_B2/B_100_n_8/phi_2.0/results_seed_38.pt,8.0,8.0
vary_B2,100,8,2.0,39,GPArealModel,7.741514205932617,,0.3850487458106761,6.117346946891525,1.1005468358821828,,,15.887201330865654,../data/results/vary_B2/B_100_n_8/phi_2.0/results_seed_39.pt,,
vary_B2,100,8,2.0,39,GPmodel,7.885561466217041,,0.46194129220694014,3.2688441140174307,0.9799293177070326,,,7.076319370369376,../data/results/vary_B2/B_100_n_8/phi_2.0/results_seed_39.pt,,
vary_B2,100,8,2.0,39,VI_best_tau_by_ELBO,8.127187728881836,,0.22531193494796753,4.496360096349599,1.591505692495615,-1563.0815673828124,0.2,,../data/results/vary_B2/B_100_n_8/phi_2.0/results_seed_39.pt,8.0,8.0
vary_B2,100,8,2.0,40,GPArealModel,8.212950706481934,,0.6098303608811793,3.785845577638707,2.1289070744936973,,,6.208030659818773,../data/results/vary_B2/B_100_n_8/phi_2.0/results_seed_40.pt,,
vary_B2,100,8,2.0,40,GPmodel,7.95123815536499,,0.6420582846635593,2.683091753615692,1.0472781075226856,,,4.178891259103746,../data/results/vary_B2/B_100_n_8/phi_2.0/results_seed_40.pt,,
vary_B2,100,8,2.0,40,VI_best_tau_by_ELBO,8.419589042663574,,0.2267187386751175,3.7354959302962913,1.8503747384251283,-1585.5590087890625,0.2,,../data/results/vary_B2/B_100_n_8/phi_2.0/results_seed_40.pt,8.0,8.0
vary_B2,100,8,2.0,41,GPArealModel,8.291108131408691,,0.40912115993543574,4.789924317742297,1.2123388575892533,,,11.707838134058393,../data/results/vary_B2/B_100_n_8/phi_2.0/results_seed_41.pt,,
vary_B2,100,8,2.0,41,GPmodel,7.954734802246094,,0.4963731317217827,2.8902877587159326,1.021821931666692,,,5.822812666532361,../data/results/vary_B2/B_100_n_8/phi_2.0/results_seed_41.pt,,
vary_B2,100,8,2.0,41,VI_best_tau_by_ELBO,8.30475902557373,,0.2246299684047699,3.7543689610216737,1.7256028823642258,-1563.480810546875,0.2,,../data/results/vary_B2/B_100_n_8/phi_2.0/results_seed_41.pt,8.0,8.0
vary_B2,100,8,2.0,42,GPArealModel,7.826301097869873,,0.4310023553217624,5.18146748809596,2.6871119116881084,,,12.021900632602724,../data/results/vary_B2/B_100_n_8/phi_2.0/results_seed_42.pt,,
vary_B2,100,8,2.0,42,GPmodel,7.990606784820557,,0.4840639495693286,3.3820749392425715,1.1071158096358371,,,6.9868349879217435,../data/results/vary_B2/B_100_n_8/phi_2.0/results_seed_42.pt,,
vary_B2,100,8,2.0,42,VI_best_tau_by_ELBO,8.180204391479492,,0.22587263584136963,4.6120094064183474,1.7516988908638185,-1596.0186767578125,0.2,,../data/results/vary_B2/B_100_n_8/phi_2.0/results_seed_42.pt,8.0,8.0
vary_B2,100,8,2.0,43,GPArealModel,8.17875862121582,,0.966193990155674,2.78563787261711,1.6853356264934654,,,2.883104118840861,../data/results/vary_B2/B_100_n_8/phi_2.0/results_seed_43.pt,,
vary_B2,100,8,2.0,43,GPmodel,7.969090938568115,,1.0235875878879996,1.8397200597005257,1.1466533856186938,,,1.7973254868168906,../data/results/vary_B2/B_100_n_8/phi_2.0/results_seed_43.pt,,
vary_B2,100,8,2.0,43,VI_best_tau_by_ELBO,8.251761436462402,,0.22528767585754395,2.96244216723957,1.9791015686172795,-1573.5438720703125,0.2,,../data/results/vary_B2/B_100_n_8/phi_2.0/results_seed_43.pt,8.0,8.0
vary_B2,100,8,2.0,44,GPArealModel,8.081548690795898,,0.6065201034074985,3.8793332634827498,1.4118927993488257,,,6.396050587092195,../data/results/vary_B2/B_100_n_8/phi_2.0/results_seed_44.pt,,
vary_B2,100,8,2.0,44,GPmodel,7.965302467346191,,0.6778724397635275,2.3580125866656156,1.0717467122034743,,,3.4785491315861683,../data/results/vary_B2/B_100_n_8/phi_2.0/results_seed_44.pt,,
vary_B2,100,8,2.0,44,VI_best_tau_by_ELBO,8.198856353759766,,0.22616565227508545,4.096284205380074,1.697163344086695,-1564.8306640625,0.2,,../data/results/vary_B2/B_100_n_8/phi_2.0/results_seed_44.pt,8.0,8.0
vary_B2,100,8,2.0,45,GPArealModel,8.157567024230957,,0.5027184498053728,4.858763989471244,1.0546822644627083,,,9.664980450493337,../data/results/vary_B2/B_100_n_8/phi_2.0/results_seed_45.pt,,
vary_B2,100,8,2.0,45,GPmodel,7.989634037017822,,0.631753574803424,2.7444769395614483,1.0316174142211245,,,4.344220672459856,../data/results/vary_B2/B_100_n_8/phi_2.0/results_seed_45.pt,,
vary_B2,100,8,2.0,45,VI_best_tau_by_ELBO,8.262826919555664,,0.2271350622177124,4.975314024426052,1.5648189077279346,-1561.5461181640626,0.2,,../data/results/vary_B2/B_100_n_8/phi_2.0/results_seed_45.pt,8.0,8.0
vary_B2,100,8,2.0,46,GPArealModel,8.484818458557129,,0.3179848698926384,5.4550649624679,1.6331827679209467,,,17.15510855692505,../data/results/vary_B2/B_100_n_8/phi_2.0/results_seed_46.pt,,
vary_B2,100,8,2.0,46,GPmodel,7.971034049987793,,0.43943906947872,3.4882037071611998,1.0084031954299126,,,7.937855210050041,../data/results/vary_B2/B_100_n_8/phi_2.0/results_seed_46.pt,,
vary_B2,100,8,2.0,46,VI_best_tau_by_ELBO,8.343695640563965,,0.22577685117721558,4.667682155455243,1.5386583619295757,-1562.9767333984375,0.2,,../data/results/vary_B2/B_100_n_8/phi_2.0/results_seed_46.pt,8.0,8.0
vary_B2,100,8,2.0,47,GPArealModel,8.282604217529297,,0.38942682796339706,4.750045634907877,1.6116921309378645,,,12.197530559847156,../data/results/vary_B2/B_100_n_8/phi_2.0/results_seed_47.pt,,
vary_B2,100,8,2.0,47,GPmodel,7.894509315490723,,0.4613694655581101,2.8306553867394197,1.0188348361633799,,,6.135333172331265,../data/results/vary_B2/B_100_n_8/phi_2.0/results_seed_47.pt,,
vary_B2,100,8,2.0,47,VI_best_tau_by_ELBO,8.273282051086426,,0.22501301765441895,3.6547882148897517,1.614365813069641,-1545.6175048828125,0.2,,../data/results/vary_B2/B_100_n_8/phi_2.0/results_seed_47.pt,8.0,8.0
vary_B2,100,8,2.0,48,GPArealModel,7.63498592376709,,0.3857432856784569,4.441061231343221,1.0715509265869325,,,11.512996845900116,../data/results/vary_B2/B_100_n_8/phi_2.0/results_seed_48.pt,,
vary_B2,100,8,2.0,48,GPmodel,7.905115127563477,,0.5192227639373953,2.5669396537477827,1.107046432367689,,,4.943811851163923,../data/results/vary_B2/B_100_n_8/phi_2.0/results_seed_48.pt,,
vary_B2,100,8,2.0,48,VI_best_tau_by_ELBO,8.082501411437988,,0.2262750118970871,3.8377627738583686,1.5632698596255636,-1542.9171142578125,0.2,,../data/results/vary_B2/B_100_n_8/phi_2.0/results_seed_48.pt,8.0,8.0
vary_B2,100,8,2.0,49,GPArealModel,8.179343223571777,,0.6113388234649917,3.799575282478265,2.0235210951797495,,,6.215170927543501,../data/results/vary_B2/B_100_n_8/phi_2.0/results_seed_49.pt,,
vary_B2,100,8,2.0,49,GPmodel,7.9697980880737305,,0.7236631288802952,2.579050203879447,1.0391768391156329,,,3.5638822830036174,../data/results/vary_B2/B_100_n_8/phi_2.0/results_seed_49.pt,,
vary_B2,100,8,2.0,49,VI_best_tau_by_ELBO,8.265616416931152,,0.2264966517686844,4.100521339028439,1.8181068537020795,-1584.917578125,0.2,,../data/results/vary_B2/B_100_n_8/phi_2.0/results_seed_49.pt,8.0,8.0
vary_B2,100,8,2.0,50,GPArealModel,7.498154640197754,,0.6265901818745474,2.681376309874632,1.4260720466844505,,,4.279314275006439,../data/results/vary_B2/B_100_n_8/phi_2.0/results_seed_50.pt,,
vary_B2,100,8,2.0,50,GPmodel,7.957171440124512,,0.8529347575189272,1.6245202874372269,1.0270567875422099,,,1.9046243257371038,../data/results/vary_B2/B_100_n_8/phi_2.0/results_seed_50.pt,,
vary_B2,100,8,2.0,50,VI_best_tau_by_ELBO,8.158123016357422,,0.22421981394290924,2.014491559867123,1.8164392833093208,-1520.01826171875,0.2,,../data/results/vary_B2/B_100_n_8/phi_2.0/results_seed_50.pt,8.0,8.0
vary_B2,100,8,2.0,51,GPArealModel,8.283703804016113,,0.37346771383299865,5.8525155159221995,1.2112813634406643,,,15.670740198279187,../data/results/vary_B2/B_100_n_8/phi_2.0/results_seed_51.pt,,
vary_B2,100,8,2.0,51,GPmodel,8.071202278137207,,0.4336442860710842,3.7090446114415756,1.0544309053663408,,,8.553196088541517,../data/results/vary_B2/B_100_n_8/phi_2.0/results_seed_51.pt,,
vary_B2,100,8,2.0,51,VI_best_tau_by_ELBO,8.427523612976074,,0.22551408410072327,4.6946838271853855,1.7107846903579929,-1590.1591796875,0.2,,../data/results/vary_B2/B_100_n_8/phi_2.0/results_seed_51.pt,8.0,8.0
vary_B2,100,8,2.0,52,GPArealModel,8.025941848754883,,0.49933081886927966,3.8763700748357404,1.002214061468509,,,7.763130029934201,../data/results/vary_B2/B_100_n_8/phi_2.0/results_seed_52.pt,,
vary_B2,100,8,2.0,52,GPmodel,8.015022277832031,,0.5930317325554203,2.3241934142022393,1.101777882600788,,,3.9191720891344337,../data/results/vary_B2/B_100_n_8/phi_2.0/results_seed_52.pt,,
vary_B2,100,8,2.0,52,VI_best_tau_by_ELBO,8.335305213928223,,0.225527822971344,3.251201923076923,1.759621838345261,-1558.2752197265625,0.2,,../data/results/vary_B2/B_100_n_8/phi_2.0/results_seed_52.pt,8.0,8.0
vary_B2,100,8,2.0,53,GPArealModel,7.951775074005127,,0.5959108912010234,3.232232483842764,1.3269649910037336,,,5.424019818346313,../data/results/vary_B2/B_100_n_8/phi_2.0/results_seed_53.pt,,
vary_B2,100,8,2.0,53,GPmodel,7.9974284172058105,,0.6832129833502452,2.058948809067761,1.0218601618982144,,,3.013626583867556,../data/results/vary_B2/B_100_n_8/phi_2.0/results_seed_53.pt,,
vary_B2,100,8,2.0,53,VI_best_tau_by_ELBO,8.145524978637695,,0.22523470222949982,2.7193139519974627,1.7776399792599755,-1542.839501953125,0.2,,../data/results/vary_B2/B_100_n_8/phi_2.0/results_seed_53.pt,8.0,8.0
vary_B2,100,8,2.0,54,GPArealModel,7.981549263000488,,0.6862974183686501,4.047625033622731,1.8909626420468097,,,5.897771032337641,../data/results/vary_B2/B_100_n_8/phi_2.0/results_seed_54.pt,,
vary_B2,100,8,2.0,54,GPmodel,7.9793381690979,,0.6851043953770825,2.6232205877141994,1.0131429111255368,,,3.82893556867399,../data/results/vary_B2/B_100_n_8/phi_2.0/results_seed_54.pt,,
vary_B2,100,8,2.0,54,VI_best_tau_by_ELBO,8.260519027709961,,0.22697873413562775,4.361285671080243,1.7655656929752097,-1583.129345703125,0.2,,../data/results/vary_B2/B_100_n_8/phi_2.0/results_seed_54.pt,8.0,8.0
vary_B2,100,8,2.0,55,GPArealModel,8.178443908691406,,0.46529191939110015,5.533766663118703,1.809512682504206,,,11.89310717100012,../data/results/vary_B2/B_100_n_8/phi_2.0/results_seed_55.pt,,
vary_B2,100,8,2.0,55,GPmodel,7.964365005493164,,0.5207320012773142,3.1760255514883995,1.3121074025912072,,,6.099155695632036,../data/results/vary_B2/B_100_n_8/phi_2.0/results_seed_55.pt,,
vary_B2,100,8,2.0,55,VI_best_tau_by_ELBO,8.340299606323242,,0.22578781843185425,4.695033735573007,1.7688382845778,-1597.969873046875,0.2,,../data/results/vary_B2/B_100_n_8/phi_2.0/results_seed_55.pt,8.0,8.0
vary_B2,100,8,2.0,56,GPArealModel,7.92332124710083,,0.2938910045262418,7.467168877186094,0.9481895863240332,,,25.40795316012928,../data/results/vary_B2/B_100_n_8/phi_2.0/results_seed_56.pt,,
vary_B2,100,8,2.0,56,GPmodel,7.997359275817871,,0.4177816477783789,3.9761982604436574,1.0187462218238077,,,9.517407673572382,../data/results/vary_B2/B_100_n_8/phi_2.0/results_seed_56.pt,,
vary_B2,100,8,2.0,56,VI_best_tau_by_ELBO,8.191049575805664,,0.22484809160232544,5.695012263921949,1.556772238268526,-1588.4093994140626,0.2,,../data/results/vary_B2/B_100_n_8/phi_2.0/results_seed_56.pt,8.0,8.0
vary_B2,100,8,2.0,57,GPArealModel,7.5907697677612305,,0.692996663792545,3.1243438428320682,0.9979594621954505,,,4.508454378024783,../data/results/vary_B2/B_100_n_8/phi_2.0/results_seed_57.pt,,
vary_B2,100,8,2.0,57,GPmodel,7.908668518066406,,0.8754754491065214,1.9812683459379208,1.0250974442055212,,,2.2630769920046663,../data/results/vary_B2/B_100_n_8/phi_2.0/results_seed_57.pt,,
vary_B2,100,8,2.0,57,VI_best_tau_by_ELBO,8.061667442321777,,0.22582164406776428,3.3227135322052743,1.8496614636349755,-1565.0820556640624,0.2,,../data/results/vary_B2/B_100_n_8/phi_2.0/results_seed_57.pt,8.0,8.0
vary_B2,100,8,2.0,58,GPArealModel,8.086180686950684,,0.5983055897081498,5.285465118779708,2.0840065539025705,,,8.834056057136168,../data/results/vary_B2/B_100_n_8/phi_2.0/results_seed_58.pt,,
vary_B2,100,8,2.0,58,GPmodel,7.926811695098877,,0.6466215290597699,3.143008130216599,1.170903130397216,,,4.860661127053315,../data/results/vary_B2/B_100_n_8/phi_2.0/results_seed_58.pt,,
vary_B2,100,8,2.0,58,VI_best_tau_by_ELBO,8.210393905639648,,0.22590601444244385,5.265410405835003,1.9340936846674548,-1628.4490234375,0.2,,../data/results/vary_B2/B_100_n_8/phi_2.0/results_seed_58.pt,8.0,8.0
vary_B2,100,8,2.0,59,GPArealModel,7.734348773956299,,0.6268738083470007,2.759160737227644,1.0639959948794822,,,4.401461188023242,../data/results/vary_B2/B_100_n_8/phi_2.0/results_seed_59.pt,,
vary_B2,100,8,2.0,59,GPmodel,7.886105537414551,,0.8113905151455054,1.866571689088902,1.1499811984538955,,,2.3004603261281313,../data/results/vary_B2/B_100_n_8/phi_2.0/results_seed_59.pt,,
vary_B2,100,8,2.0,59,VI_best_tau_by_ELBO,8.177016258239746,,0.22626401484012604,3.069907474924048,1.6840530965179465,-1534.18125,0.2,,../data/results/vary_B2/B_100_n_8/phi_2.0/results_seed_59.pt,8.0,8.0
vary_B2,100,8,2.0,60,GPArealModel,7.634895324707031,,0.39283208575489215,4.956484319835586,1.0032492604761651,,,12.61731029508671,../data/results/vary_B2/B_100_n_8/phi_2.0/results_seed_60.pt,,
vary_B2,100,8,2.0,60,GPmodel,7.991675853729248,,0.43529559561475584,3.628475680397871,0.9505216995771799,,,8.335659071563716,../data/results/vary_B2/B_100_n_8/phi_2.0/results_seed_60.pt,,
vary_B2,100,8,2.0,60,VI_best_tau_by_ELBO,8.210772514343262,,0.22606992721557617,5.100906054736438,1.5070511433929465,-1563.9579345703125,0.2,,../data/results/vary_B2/B_100_n_8/phi_2.0/results_seed_60.pt,8.0,8.0
vary_B2,100,8,2.0,61,GPArealModel,7.915468692779541,,0.4587383667518584,4.6110880121960465,1.6099479226521987,,,10.051672906378647,../data/results/vary_B2/B_100_n_8/phi_2.0/results_seed_61.pt,,
vary_B2,100,8,2.0,61,GPmodel,7.909904479980469,,0.5775037647641015,2.7061176030170624,1.026936837227138,,,4.685887379664886,../data/results/vary_B2/B_100_n_8/phi_2.0/results_seed_61.pt,,
vary_B2,100,8,2.0,61,VI_best_tau_by_ELBO,8.087128639221191,,0.226026713848114,4.032111190608557,1.680553247981787,-1564.7910400390624,0.2,,../data/results/vary_B2/B_100_n_8/phi_2.0/results_seed_61.pt,8.0,8.0
vary_B2,100,8,2.0,62,GPArealModel,7.292790412902832,,0.6450277374180852,3.393113696655339,1.8072240381742999,,,5.26041517258976,../data/results/vary_B2/B_100_n_8/phi_2.0/results_seed_62.pt,,
vary_B2,100,8,2.0,62,GPmodel,7.906545162200928,,0.7755435348167349,2.2471391792762456,1.1428138525277571,,,2.897502304377093,../data/results/vary_B2/B_100_n_8/phi_2.0/results_seed_62.pt,,
vary_B2,100,8,2.0,62,VI_best_tau_by_ELBO,8.023852348327637,,0.2267785668373108,4.082455483333594,1.7970725881279754,-1580.40107421875,0.2,,../data/results/vary_B2/B_100_n_8/phi_2.0/results_seed_62.pt,8.0,8.0
vary_B2,100,8,2.0,63,GPArealModel,7.896183967590332,,0.25617563771176693,5.596661357140407,2.194444817090211,,,21.846969552340592,../data/results/vary_B2/B_100_n_8/phi_2.0/results_seed_63.pt,,
vary_B2,100,8,2.0,63,GPmodel,7.936505317687988,,0.4040097689434065,3.29613854695817,0.9777811773647246,,,8.15856150107076,../data/results/vary_B2/B_100_n_8/phi_2.0/results_seed_63.pt,,
vary_B2,100,8,2.0,63,VI_best_tau_by_ELBO,8.180058479309082,,0.22506183385849,4.113365179074793,1.5143131188239944,-1545.0882080078125,0.2,,../data/results/vary_B2/B_100_n_8/phi_2.0/results_seed_63.pt,8.0,8.0
vary_B2,100,8,2.0,64,GPArealModel,7.999103546142578,,0.5541459697323255,2.8150447299446397,1.704890540927764,,,5.079969689763183,../data/results/vary_B2/B_100_n_8/phi_2.0/results_seed_64.pt,,
vary_B2,100,8,2.0,64,GPmodel,7.951886177062988,,0.6406015787437521,2.084930805116408,1.1241393952100875,,,3.2546451246733565,../data/results/vary_B2/B_100_n_8/phi_2.0/results_seed_64.pt,,
vary_B2,100,8,2.0,64,VI_best_tau_by_ELBO,8.190529823303223,,0.22431878745555878,2.390250041352809,1.9103353945302712,-1552.979248046875,0.2,,../data/results/vary_B2/B_100_n_8/phi_2.0/results_seed_64.pt,8.0,8.0
vary_B2,100,8,2.0,65,GPArealModel,7.746093273162842,,0.28908169422308605,6.700501274058668,1.5242795501228439,,,23.178573420452736,../data/results/vary_B2/B_100_n_8/phi_2.0/results_seed_65.pt,,
vary_B2,100,8,2.0,65,GPmodel,7.9193267822265625,,0.3722326382646539,3.9396977296303297,1.0498060479521594,,,10.583966381876598,../data/results/vary_B2/B_100_n_8/phi_2.0/results_seed_65.pt,,
vary_B2,100,8,2.0,65,VI_best_tau_by_ELBO,8.104805946350098,,0.22526246309280396,4.725565995168817,1.6186788009838542,-1578.4095703125,0.2,,../data/results/vary_B2/B_100_n_8/phi_2.0/results_seed_65.pt,8.0,8.0
vary_B2,100,8,2.0,66,GPArealModel,7.689080238342285,,0.28208450583725037,7.253324068755903,1.5571612434528805,,,25.713301931374897,../data/results/vary_B2/B_100_n_8/phi_2.0/results_seed_66.pt,,
vary_B2,100,8,2.0,66,GPmodel,7.989425182342529,,0.44309066104687606,3.836830719174196,1.00154600466647,,,8.659245288783653,../data/results/vary_B2/B_100_n_8/phi_2.0/results_seed_66.pt,,
vary_B2,100,8,2.0,66,VI_best_tau_by_ELBO,8.167892456054688,,0.22561846673488617,5.680122805609496,1.5498756173558474,-1583.2287109375,0.2,,../data/results/vary_B2/B_100_n_8/phi_2.0/results_seed_66.pt,8.0,8.0
vary_B2,100,8,2.0,67,GPArealModel,7.937953472137451,,0.8779801538983528,2.4501448173197447,1.073516464005844,,,2.7906608212506447,../data/results/vary_B2/B_100_n_8/phi_2.0/results_seed_67.pt,,
vary_B2,100,8,2.0,67,GPmodel,7.969758987426758,,0.9926813554560536,1.634305739574434,1.2241749177585424,,,1.6463548253342664,../data/results/vary_B2/B_100_n_8/phi_2.0/results_seed_67.pt,,
vary_B2,100,8,2.0,67,VI_best_tau_by_ELBO,8.250321388244629,,0.22435440123081207,2.1008412421600946,1.9191104790466047,-1537.64189453125,0.2,,../data/results/vary_B2/B_100_n_8/phi_2.0/results_seed_67.pt,8.0,8.0
vary_B2,100,8,2.0,68,GPArealModel,7.7211198806762695,,0.3857709921437124,4.818020399484927,1.4999628340562534,,,12.489327859286153,../data/results/vary_B2/B_100_n_8/phi_2.0/results_seed_68.pt,,
vary_B2,100,8,2.0,68,GPmodel,7.9927191734313965,,0.48293376408239,2.9854723843049387,1.0621035256779534,,,6.181950002973094,../data/results/vary_B2/B_100_n_8/phi_2.0/results_seed_68.pt,,
vary_B2,100,8,2.0,68,VI_best_tau_by_ELBO,8.168550491333008,,0.22591078281402588,4.607821822733964,1.5552430713245426,-1562.6628173828126,0.2,,../data/results/vary_B2/B_100_n_8/phi_2.0/results_seed_68.pt,8.0,8.0
vary_B2,100,8,2.0,69,GPArealModel,7.857637882232666,,0.3583444891054256,6.971992749842937,1.448669764674673,,,19.456118237643008,../data/results/vary_B2/B_100_n_8/phi_2.0/results_seed_69.pt,,
vary_B2,100,8,2.0,69,GPmodel,7.8906073570251465,,0.40949606391233473,3.950842726084742,1.0285772501138364,,,9.648060321601875,../data/results/vary_B2/B_100_n_8/phi_2.0/results_seed_69.pt,,
vary_B2,100,8,2.0,69,VI_best_tau_by_ELBO,8.169073104858398,,0.22545866668224335,6.480598191634302,1.3565058123942932,-1561.135546875,0.2,,../data/results/vary_B2/B_100_n_8/phi_2.0/results_seed_69.pt,8.0,8.0
vary_B2,100,8,2.0,70,GPArealModel,8.033940315246582,,0.3271031216151824,4.816007139355267,1.7276832705968292,,,14.723207518089712,../data/results/vary_B2/B_100_n_8/phi_2.0/results_seed_70.pt,,
vary_B2,100,8,2.0,70,GPmodel,8.004392623901367,,0.41542880963715795,3.237309872529721,1.0303064644184843,,,7.792694674587539,../data/results/vary_B2/B_100_n_8/phi_2.0/results_seed_70.pt,,
vary_B2,100,8,2.0,70,VI_best_tau_by_ELBO,8.231651306152344,,0.22535818815231323,3.571430799866105,1.7101327412948666,-1574.3235107421874,0.2,,../data/results/vary_B2/B_100_n_8/phi_2.0/results_seed_70.pt,8.0,8.0
vary_B2,100,8,2.0,71,GPArealModel,7.8951191902160645,,0.542889779900591,4.32501680994637,0.8382729675457607,,,7.96665726648663,../data/results/vary_B2/B_100_n_8/phi_2.0/results_seed_71.pt,,
vary_B2,100,8,2.0,71,GPmodel,7.9648237228393555,,0.607197868959999,2.8968747638428476,1.1005912300231981,,,4.770890861004797,../data/results/vary_B2/B_100_n_8/phi_2.0/results_seed_71.pt,,
vary_B2,100,8,2.0,71,VI_best_tau_by_ELBO,8.133708000183105,,0.22750844061374664,5.4819027626613,1.6059634238070815,-1582.9296142578125,0.2,,../data/results/vary_B2/B_100_n_8/phi_2.0/results_seed_71.pt,8.0,8.0
vary_B2,100,8,2.0,72,GPArealModel,7.724972248077393,,0.3270313420337105,6.524892110342639,1.2227288830508272,,,19.95188617019482,../data/results/vary_B2/B_100_n_8/phi_2.0/results_seed_72.pt,,
vary_B2,100,8,2.0,72,GPmodel,7.984690189361572,,0.3817052698658103,4.32934522449238,1.0369601449143144,,,11.34211541280102,../data/results/vary_B2/B_100_n_8/phi_2.0/results_seed_72.pt,,
vary_B2,100,8,2.0,72,VI_best_tau_by_ELBO,8.216126441955566,,0.22647185623645782,5.461149280216424,1.5644982093499435,-1588.4310302734375,0.2,,../data/results/vary_B2/B_100_n_8/phi_2.0/results_seed_72.pt,8.0,8.0
vary_B2,100,8,2.0,73,GPArealModel,8.238566398620605,,0.7666502343943181,3.507203219573537,1.4163871437552709,,,4.574710946699646,../data/results/vary_B2/B_100_n_8/phi_2.0/results_seed_73.pt,,
vary_B2,100,8,2.0,73,GPmodel,7.92333984375,,0.9078621559545539,2.1201959930330574,1.2579603457965096,,,2.3353721477726084,../data/results/vary_B2/B_100_n_8/phi_2.0/results_seed_73.pt,,
vary_B2,100,8,2.0,73,VI_best_tau_by_ELBO,8.203080177307129,,0.22638121247291565,3.5735424847508455,1.934876237647989,-1585.757568359375,0.2,,../data/results/vary_B2/B_100_n_8/phi_2.0/results_seed_73.pt,8.0,8.0
vary_B2,100,8,2.0,74,GPArealModel,7.958580493927002,,0.38844250749108233,5.931222832388984,1.2999623085748782,,,15.269242469621197,../data/results/vary_B2/B_100_n_8/phi_2.0/results_seed_74.pt,,
vary_B2,100,8,2.0,74,GPmodel,7.909127712249756,,0.4880971522839138,3.4596083394479824,1.131481866797998,,,7.08795026412204,../data/results/vary_B2/B_100_n_8/phi_2.0/results_seed_74.pt,,
vary_B2,100,8,2.0,74,VI_best_tau_by_ELBO,8.188961029052734,,0.22667355835437775,5.372456068145515,1.6059937043406256,-1587.72119140625,0.2,,../data/results/vary_B2/B_100_n_8/phi_2.0/results_seed_74.pt,8.0,8.0
vary_B2,100,8,2.0,75,GPArealModel,8.204530715942383,,0.511535631799387,3.8496047692301762,1.5377535494172156,,,7.525584788079644,../data/results/vary_B2/B_100_n_8/phi_2.0/results_seed_75.pt,,
vary_B2,100,8,2.0,75,GPmodel,7.9287567138671875,,0.7106544261936198,2.434381073432773,1.1004006365130408,,,3.425548316741953,../data/results/vary_B2/B_100_n_8/phi_2.0/results_seed_75.pt,,
vary_B2,100,8,2.0,75,VI_best_tau_by_ELBO,8.343210220336914,,0.22674867510795593,3.8403240787866446,1.7477113422192119,-1570.3387451171875,0.2,,../data/results/vary_B2/B_100_n_8/phi_2.0/results_seed_75.pt,8.0,8.0
vary_B2,100,8,2.0,76,GPArealModel,7.715956687927246,,0.5021378364452744,4.3487536342354645,1.3623537556975482,,,8.660477897903665,../data/results/vary_B2/B_100_n_8/phi_2.0/results_seed_76.pt,,
vary_B2,100,8,2.0,76,GPmodel,7.914453983306885,,0.6321903217859313,2.459690723130088,1.213044655757661,,,3.8907440344570388,../data/results/vary_B2/B_100_n_8/phi_2.0/results_seed_76.pt,,
vary_B2,100,8,2.0,76,VI_best_tau_by_ELBO,8.082237243652344,,0.22623322904109955,4.450190235158011,1.6525703646192214,-1567.4529296875,0.2,,../data/results/vary_B2/B_100_n_8/phi_2.0/results_seed_76.pt,8.0,8.0
vary_B2,100,8,2.0,77,GPArealModel,7.912631034851074,,0.24164868468757172,5.960793299054634,2.817194937304201,,,24.667187023017984,../data/results/vary_B2/B_100_n_8/phi_2.0/results_seed_77.pt,,
vary_B2,100,8,2.0,77,GPmodel,7.934360504150391,,0.3401926325062068,4.061838753463205,1.2238932447111028,,,11.939819870699573,../data/results/vary_B2/B_100_n_8/phi_2.0/results_seed_77.pt,,
vary_B2,100,8,2.0,77,VI_best_tau_by_ELBO,8.235828399658203,,0.22538864612579346,4.80337259077064,1.598499731084393,-1587.1044677734376,0.2,,../data/results/vary_B2/B_100_n_8/phi_2.0/results_seed_77.pt,8.0,8.0
vary_B2,100,8,2.0,78,GPArealModel,8.085341453552246,,0.34498880331032694,7.4934997157518755,0.8992954720544403,,,21.720993968060075,../data/results/vary_B2/B_100_n_8/phi_2.0/results_seed_78.pt,,
vary_B2,100,8,2.0,78,GPmodel,7.998042106628418,,0.3534286569197891,4.354100188936228,1.097489530735825,,,12.319601434935127,../data/results/vary_B2/B_100_n_8/phi_2.0/results_seed_78.pt,,
vary_B2,100,8,2.0,78,VI_best_tau_by_ELBO,8.406577110290527,,0.22482816874980927,5.2711893997823225,1.5924301663606395,-1589.4914306640626,0.2,,../data/results/vary_B2/B_100_n_8/phi_2.0/results_seed_78.pt,8.0,8.0
vary_B2,100,8,2.0,79,GPArealModel,8.3402099609375,,0.8878355672035835,3.788818155655216,1.3754880112256875,,,4.267477329826805,../data/results/vary_B2/B_100_n_8/phi_2.0/results_seed_79.pt,,
vary_B2,100,8,2.0,79,GPmodel,7.954813003540039,,0.6712468402100361,2.4404554329593764,1.0354865167622032,,,3.635704910276743,../data/results/vary_B2/B_100_n_8/phi_2.0/results_seed_79.pt,,
vary_B2,100,8,2.0,79,VI_best_tau_by_ELBO,8.420916557312012,,0.22596515715122223,3.8668070052148584,1.7599511009145576,-1563.354150390625,0.2,,../data/results/vary_B2/B_100_n_8/phi_2.0/results_seed_79.pt,8.0,8.0
vary_B2,100,8,2.0,80,GPArealModel,7.892968654632568,,0.6822631771235914,2.4511502169416977,1.3063522047591711,,,3.592675523359916,../data/results/vary_B2/B_100_n_8/phi_2.0/results_seed_80.pt,,
vary_B2,100,8,2.0,80,GPmodel,7.997280597686768,,0.7888248135874566,1.8513520176669493,0.9354277493767312,,,2.346974874240174,../data/results/vary_B2/B_100_n_8/phi_2.0/results_seed_80.pt,,
vary_B2,100,8,2.0,80,VI_best_tau_by_ELBO,8.225485801696777,,0.22396424412727356,2.4180070441696944,1.825181181584346,-1534.85478515625,0.2,,../data/results/vary_B2/B_100_n_8/phi_2.0/results_seed_80.pt,8.0,8.0
vary_B2,100,8,2.0,81,GPArealModel,8.113947868347168,,0.5155334588655109,5.269067661919547,1.127643455318599,,,10.220612399270301,../data/results/vary_B2/B_100_n_8/phi_2.0/results_seed_81.pt,,
vary_B2,100,8,2.0,81,GPmodel,7.912573337554932,,0.6245895299474397,2.923051604034089,1.0321744971514142,,,4.679956137401261,../data/results/vary_B2/B_100_n_8/phi_2.0/results_seed_81.pt,,
vary_B2,100,8,2.0,81,VI_best_tau_by_ELBO,8.19880199432373,,0.22558903694152832,4.582679498109027,1.7796859033900494,-1589.82724609375,0.2,,../data/results/vary_B2/B_100_n_8/phi_2.0/results_seed_81.pt,8.0,8.0
vary_B2,100,8,2.0,82,GPArealModel,8.323227882385254,,0.3896161881860521,5.015431118042782,1.1927359516315084,,,12.872748284390536,../data/results/vary_B2/B_100_n_8/phi_2.0/results_seed_82.pt,,
vary_B2,100,8,2.0,82,GPmodel,7.991974830627441,,0.5332135099438733,3.020264873266058,1.1222593145507829,,,5.664269222255781,../data/results/vary_B2/B_100_n_8/phi_2.0/results_seed_82.pt,,
vary_B2,100,8,2.0,82,VI_best_tau_by_ELBO,8.282571792602539,,0.2261078655719757,4.325814014149023,1.6941891227919066,-1577.8262939453125,0.2,,../data/results/vary_B2/B_100_n_8/phi_2.0/results_seed_82.pt,8.0,8.0
vary_B2,100,8,2.0,83,GPArealModel,7.8549113273620605,,0.6044728772352029,3.8094405198927253,1.3449135510953802,,,6.3020867657730415,../data/results/vary_B2/B_100_n_8/phi_2.0/results_seed_83.pt,,
vary_B2,100,8,2.0,83,GPmodel,7.901706218719482,,0.6874382050008998,2.2930985010311993,1.0274887955089378,,,3.3357158277640355,../data/results/vary_B2/B_100_n_8/phi_2.0/results_seed_83.pt,,
vary_B2,100,8,2.0,83,VI_best_tau_by_ELBO,8.071776390075684,,0.22540709376335144,3.176753408058757,1.904328378989445,-1574.832470703125,0.2,,../data/results/vary_B2/B_100_n_8/phi_2.0/results_seed_83.pt,8.0,8.0
vary_B2,100,8,2.0,84,GPArealModel,7.583357810974121,,0.8528780613499818,3.3007173981301396,1.4744724574361632,,,3.8700929801214308,../data/results/vary_B2/B_100_n_8/phi_2.0/results_seed_84.pt,,
vary_B2,100,8,2.0,84,GPmodel,7.90171480178833,,0.8448565119452153,2.1190284968131765,0.9923240171094302,,,2.508151936870654,../data/results/vary_B2/B_100_n_8/phi_2.0/results_seed_84.pt,,
vary_B2,100,8,2.0,84,VI_best_tau_by_ELBO,8.141463279724121,,0.2263088971376419,3.496467515777687,1.8634713750469807,-1573.1320068359375,0.2,,../data/results/vary_B2/B_100_n_8/phi_2.0/results_seed_84.pt,8.0,8.0
vary_B2,100,8,2.0,85,GPArealModel,7.980362892150879,,1.0752518371312982,2.0284302498760116,1.4878536907316966,,,1.8864699225139026,../data/results/vary_B2/B_100_n_8/phi_2.0/results_seed_85.pt,,
vary_B2,100,8,2.0,85,GPmodel,7.905789852142334,,1.0948618999330417,1.514963378930353,1.0410813020477756,,,1.3837027108377808,../data/results/vary_B2/B_100_n_8/phi_2.0/results_seed_85.pt,,
vary_B2,100,8,2.0,85,VI_best_tau_by_ELBO,8.211610794067383,,0.2239840179681778,2.0685932385954335,1.9695656474626502,-1541.8005615234374,0.2,,../data/results/vary_B2/B_100_n_8/phi_2.0/results_seed_85.pt,8.0,8.0
vary_B2,100,8,2.0,86,GPArealModel,8.351653099060059,,0.3969401341567692,4.724215863908674,1.4232370835243966,,,11.901582776315767,../data/results/vary_B2/B_100_n_8/phi_2.0/results_seed_86.pt,,
vary_B2,100,8,2.0,86,GPmodel,7.926373481750488,,0.5690394469061136,2.787713110963292,1.1918075238559676,,,4.8989804241519295,../data/results/vary_B2/B_100_n_8/phi_2.0/results_seed_86.pt,,
vary_B2,100,8,2.0,86,VI_best_tau_by_ELBO,8.243204116821289,,0.22480109333992004,3.8238667617373463,1.8554598799447193,-1590.894482421875,0.2,,../data/results/vary_B2/B_100_n_8/phi_2.0/results_seed_86.pt,8.0,8.0
vary_B2,100,8,2.0,87,GPArealModel,7.905624866485596,,0.6642689494181072,4.059846722421638,1.830236655878823,,,6.111751461479605,../data/results/vary_B2/B_100_n_8/phi_2.0/results_seed_87.pt,,
vary_B2,100,8,2.0,87,GPmodel,7.946396827697754,,0.7214839384862652,2.361951371268118,1.2520301001342595,,,3.2737407519059856,../data/results/vary_B2/B_100_n_8/phi_2.0/results_seed_87.pt,,
vary_B2,100,8,2.0,87,VI_best_tau_by_ELBO,8.157737731933594,,0.2256348580121994,3.5938659224465983,1.9060828147511588,-1587.5235107421875,0.2,,../data/results/vary_B2/B_100_n_8/phi_2.0/results_seed_87.pt,8.0,8.0
vary_B2,100,8,2.0,88,GPArealModel,8.445161819458008,,0.4844389170285102,4.447905492598945,1.0016842724507278,,,9.18156105186978,../data/results/vary_B2/B_100_n_8/phi_2.0/results_seed_88.pt,,
vary_B2,100,8,2.0,88,GPmodel,7.988583087921143,,0.6261008196105047,2.2897921539671877,1.1326740943678755,,,3.657225932704672,../data/results/vary_B2/B_100_n_8/phi_2.0/results_seed_88.pt,,
vary_B2,100,8,2.0,88,VI_best_tau_by_ELBO,8.248921394348145,,0.22444379329681396,3.2121785736657475,1.7826497253096811,-1558.49970703125,0.2,,../data/results/vary_B2/B_100_n_8/phi_2.0/results_seed_88.pt,8.0,8.0
vary_B2,100,8,2.0,89,GPArealModel,7.969772815704346,,0.3333871341893191,5.242008174009683,1.8766491368719858,,,15.723486710896669,../data/results/vary_B2/B_100_n_8/phi_2.0/results_seed_89.pt,,
vary_B2,100,8,2.0,89,GPmodel,7.9936957359313965,,0.47563313278129293,3.262260542313048,1.2408704390609304,,,6.858774794003072,../data/results/vary_B2/B_100_n_8/phi_2.0/results_seed_89.pt,,
vary_B2,100,8,2.0,89,VI_best_tau_by_ELBO,8.195854187011719,,0.225929856300354,4.975267227237848,1.6279637607468365,-1581.785400390625,0.2,,../data/results/vary_B2/B_100_n_8/phi_2.0/results_seed_89.pt,8.0,8.0
vary_B2,100,8,2.0,90,GPArealModel,7.931975841522217,,0.9656410322565102,3.504444485102319,1.1423020167348819,,,3.6291379177551435,../data/results/vary_B2/B_100_n_8/phi_2.0/results_seed_90.pt,,
vary_B2,100,8,2.0,90,GPmodel,7.964941501617432,,0.9235330344151427,1.7334862247298028,1.0098109702136029,,,1.8770159378517406,../data/results/vary_B2/B_100_n_8/phi_2.0/results_seed_90.pt,,
vary_B2,100,8,2.0,90,VI_best_tau_by_ELBO,8.085057258605957,,0.22596874833106995,3.5414013806455147,1.6279371505809948,-1530.1570556640625,0.2,,../data/results/vary_B2/B_100_n_8/phi_2.0/results_seed_90.pt,8.0,8.0
vary_B2,100,8,2.0,91,GPArealModel,7.669763565063477,,0.46551961214114956,5.205882385095562,1.6509905428429268,,,11.182949653079477,../data/results/vary_B2/B_100_n_8/phi_2.0/results_seed_91.pt,,
vary_B2,100,8,2.0,91,GPmodel,8.073080062866211,,0.635922283515733,2.7729038066258807,1.098816017180524,,,4.360444473333631,../data/results/vary_B2/B_100_n_8/phi_2.0/results_seed_91.pt,,
vary_B2,100,8,2.0,91,VI_best_tau_by_ELBO,8.27178955078125,,0.22529946267604828,4.207592388048891,1.9148533113078645,-1603.0291259765625,0.2,,../data/results/vary_B2/B_100_n_8/phi_2.0/results_seed_91.pt,8.0,8.0
vary_B2,100,8,2.0,92,GPArealModel,8.038877487182617,,0.39203462175814996,6.4446172583051125,1.3617173571119658,,,16.438898251902,../data/results/vary_B2/B_100_n_8/phi_2.0/results_seed_92.pt,,
vary_B2,100,8,2.0,92,GPmodel,8.000624656677246,,0.45146281102461894,3.434512234942182,1.059704102166495,,,7.607519713854998,../data/results/vary_B2/B_100_n_8/phi_2.0/results_seed_92.pt,,
vary_B2,100,8,2.0,92,VI_best_tau_by_ELBO,8.298558235168457,,0.22528839111328125,4.754120232437046,1.65968781932199,-1583.1224853515625,0.2,,../data/results/vary_B2/B_100_n_8/phi_2.0/results_seed_92.pt,8.0,8.0
vary_B2,100,8,2.0,93,GPArealModel,8.03012752532959,,0.7361331467487183,3.126560711264683,1.2915981480156824,,,4.247276087313517,../data/results/vary_B2/B_100_n_8/phi_2.0/results_seed_93.pt,,
vary_B2,100,8,2.0,93,GPmodel,7.903858661651611,,0.7768542930679527,2.018367196620976,1.215038912344314,,,2.598128393742977,../data/results/vary_B2/B_100_n_8/phi_2.0/results_seed_93.pt,,
vary_B2,100,8,2.0,93,VI_best_tau_by_ELBO,8.192815780639648,,0.22603411972522736,3.0425240849528623,1.8633988852848595,-1562.6307861328125,0.2,,../data/results/vary_B2/B_100_n_8/phi_2.0/results_seed_93.pt,8.0,8.0
vary_B2,100,8,2.0,94,GPArealModel,8.230305671691895,,0.6499331342435176,3.229578003184503,1.0134824204003232,,,4.969092715889203,../data/results/vary_B2/B_100_n_8/phi_2.0/results_seed_94.pt,,
vary_B2,100,8,2.0,94,GPmodel,7.972415924072266,,0.6854599189491796,2.17538743242135,1.096522470374216,,,3.1736172638018747,../data/results/vary_B2/B_100_n_8/phi_2.0/results_seed_94.pt,,
vary_B2,100,8,2.0,94,VI_best_tau_by_ELBO,8.200815200805664,,0.22505879402160645,2.7937352451218365,1.8887455270452267,-1561.73046875,0.2,,../data/results/vary_B2/B_100_n_8/phi_2.0/results_seed_94.pt,8.0,8.0
vary_B2,100,8,2.0,95,GPArealModel,7.851269245147705,,0.4940272450758771,4.4643470055495,2.356148807186575,,,9.03664129872802,../data/results/vary_B2/B_100_n_8/phi_2.0/results_seed_95.pt,,
vary_B2,100,8,2.0,95,GPmodel,7.918052673339844,,0.6226937254134876,2.902284983394767,0.9056665772864697,,,4.660854710664639,../data/results/vary_B2/B_100_n_8/phi_2.0/results_seed_95.pt,,
vary_B2,100,8,2.0,95,VI_best_tau_by_ELBO,8.185050010681152,,0.22487732768058777,3.9515010458101036,1.8035445169110969,-1577.08681640625,0.2,,../data/results/vary_B2/B_100_n_8/phi_2.0/results_seed_95.pt,8.0,8.0
vary_B2,100,8,2.0,96,GPArealModel,7.868847846984863,,0.3036297075504846,6.071992093780806,1.6074749578748573,,,19.998017133324197,../data/results/vary_B2/B_100_n_8/phi_2.0/results_seed_96.pt,,
vary_B2,100,8,2.0,96,GPmodel,7.954407691955566,,0.42574587360863053,3.0122882173198104,1.23836718397659,,,7.07531981881021,../data/results/vary_B2/B_100_n_8/phi_2.0/results_seed_96.pt,,
vary_B2,100,8,2.0,96,VI_best_tau_by_ELBO,8.213133811950684,,0.2241099625825882,3.6841239346146013,1.679696217123293,-1564.316455078125,0.2,,../data/results/vary_B2/B_100_n_8/phi_2.0/results_seed_96.pt,8.0,8.0
vary_B2,100,8,2.0,97,GPArealModel,8.209320068359375,,0.6255412733793205,4.1349251937793605,1.1811858211117403,,,6.610155667972995,../data/results/vary_B2/B_100_n_8/phi_2.0/results_seed_97.pt,,
vary_B2,100,8,2.0,97,GPmodel,7.90858793258667,,0.6262389133500492,2.8548552030162724,1.167915868364826,,,4.5587317270724945,../data/results/vary_B2/B_100_n_8/phi_2.0/results_seed_97.pt,,
vary_B2,100,8,2.0,97,VI_best_tau_by_ELBO,8.256502151489258,,0.22604557871818542,4.060562045853169,1.9450888828477355,-1603.95078125,0.2,,../data/results/vary_B2/B_100_n_8/phi_2.0/results_seed_97.pt,8.0,8.0
vary_B2,100,8,2.0,98,GPArealModel,8.236017227172852,,0.4489671445247763,2.9614691852404973,2.2737695018919992,,,6.596182418593591,../data/results/vary_B2/B_100_n_8/phi_2.0/results_seed_98.pt,,
vary_B2,100,8,2.0,98,GPmodel,7.973990440368652,,0.7420902507814597,2.340822659308695,1.299294376235226,,,3.154363848391333,../data/results/vary_B2/B_100_n_8/phi_2.0/results_seed_98.pt,,
vary_B2,100,8,2.0,98,VI_best_tau_by_ELBO,8.377052307128906,,0.22388090193271637,2.762218103525902,2.0201749713221937,-1584.1924072265624,0.2,,../data/results/vary_B2/B_100_n_8/phi_2.0/results_seed_98.pt,8.0,8.0
vary_B2,100,8,2.0,99,GPArealModel,7.747004985809326,,0.5093934882752347,4.2734620693177385,1.4240776729034017,,,8.389314287835397,../data/results/vary_B2/B_100_n_8/phi_2.0/results_seed_99.pt,,
vary_B2,100,8,2.0,99,GPmodel,7.918593406677246,,0.5804126263698566,3.0490818347373754,0.8537686173470779,,,5.253300318098883,../data/results/vary_B2/B_100_n_8/phi_2.0/results_seed_99.pt,,
vary_B2,100,8,2.0,99,VI_best_tau_by_ELBO,8.072633743286133,,0.22608640789985657,4.076291712505481,1.7095915149907603,-1566.730419921875,0.2,,../data/results/vary_B2/B_100_n_8/phi_2.0/results_seed_99.pt,8.0,8.0
vary_B2,100,8,2.0,100,GPArealModel,7.793555736541748,,0.24122085126314577,5.1489343605717774,0.8320584046112834,,,21.34531212210527,../data/results/vary_B2/B_100_n_8/phi_2.0/results_seed_100.pt,,
vary_B2,100,8,2.0,100,GPmodel,7.945513725280762,,0.46129772425450616,2.8899325503708075,0.9788467553785775,,,6.26478822335655,../data/results/vary_B2/B_100_n_8/phi_2.0/results_seed_100.pt,,
vary_B2,100,8,2.0,100,VI_best_tau_by_ELBO,8.169750213623047,,0.2258979082107544,4.147748266118297,1.4219807371762245,-1521.60830078125,0.2,,../data/results/vary_B2/B_100_n_8/phi_2.0/results_seed_100.pt,8.0,8.0
vary_B2,121,8,2.0,1,GPArealModel,7.693434238433838,,0.48268687987573716,5.907087193116136,1.6526466721118613,,,12.23792781489494,../data/results/vary_B2/B_121_n_8/phi_2.0/results_seed_1.pt,,
vary_B2,121,8,2.0,1,GPmodel,7.944660186767578,,0.5630150701966429,3.232161587186905,1.2208235466134603,,,5.740808298538112,../data/results/vary_B2/B_121_n_8/phi_2.0/results_seed_1.pt,,
vary_B2,121,8,2.0,1,VI_best_tau_by_ELBO,8.19832992553711,,0.22020632028579712,5.544459872600134,1.7507122831792719,-1857.6769287109375,0.2,,../data/results/vary_B2/B_121_n_8/phi_2.0/results_seed_1.pt,8.0,8.0
vary_B2,121,8,2.0,2,GPArealModel,7.671957015991211,,0.5159942187378189,4.169525849938344,0.6466931434044556,,,8.080566988012933,../data/results/vary_B2/B_121_n_8/phi_2.0/results_seed_2.pt,,
vary_B2,121,8,2.0,2,GPmodel,7.972716808319092,,0.6785981870091826,2.223482608844521,1.0528123970537564,,,3.2765820059793844,../data/results/vary_B2/B_121_n_8/phi_2.0/results_seed_2.pt,,
vary_B2,121,8,2.0,2,VI_best_tau_by_ELBO,8.167939186096191,,0.2202192097902298,4.421969907077986,1.520644740470076,-1771.3797119140625,0.2,,../data/results/vary_B2/B_121_n_8/phi_2.0/results_seed_2.pt,8.0,8.0
vary_B2,121,8,2.0,3,GPArealModel,8.133182525634766,,0.46489865740007125,4.675486053821347,2.4813492129034116,,,10.057000551407983,../data/results/vary_B2/B_121_n_8/phi_2.0/results_seed_3.pt,,
vary_B2,121,8,2.0,3,GPmodel,7.947742462158203,,0.4992007442061915,3.484734116011878,0.9916840008354771,,,6.980626844924197,../data/results/vary_B2/B_121_n_8/phi_2.0/results_seed_3.pt,,
vary_B2,121,8,2.0,3,VI_best_tau_by_ELBO,8.247516632080078,,0.22088736295700073,5.60246891818464,1.5179018854872826,-1811.3420654296874,0.2,,../data/results/vary_B2/B_121_n_8/phi_2.0/results_seed_3.pt,8.0,8.0
vary_B2,121,8,2.0,4,GPArealModel,7.686628818511963,,0.23122482645812498,6.44717529754447,1.4462213387117786,,,27.88271223424211,../data/results/vary_B2/B_121_n_8/phi_2.0/results_seed_4.pt,,
vary_B2,121,8,2.0,4,GPmodel,7.920297622680664,,0.34015122926731345,4.248787705817737,1.0979991865149383,,,12.490878586473539,../data/results/vary_B2/B_121_n_8/phi_2.0/results_seed_4.pt,,
vary_B2,121,8,2.0,4,VI_best_tau_by_ELBO,8.13212776184082,,0.22042647004127502,5.511447572481111,1.4647991517591465,-1813.747705078125,0.2,,../data/results/vary_B2/B_121_n_8/phi_2.0/results_seed_4.pt,8.0,8.0
vary_B2,121,8,2.0,5,GPArealModel,8.074947357177734,,0.4301760414936849,3.6832814011285495,2.0234337745144733,,,8.562265318959241,../data/results/vary_B2/B_121_n_8/phi_2.0/results_seed_5.pt,,
vary_B2,121,8,2.0,5,GPmodel,7.978391170501709,,0.6387858333084911,2.3712892113589996,1.3646618628672254,,,3.7121819046569624,../data/results/vary_B2/B_121_n_8/phi_2.0/results_seed_5.pt,,
vary_B2,121,8,2.0,5,VI_best_tau_by_ELBO,8.167952537536621,,0.2198084443807602,3.63341994572811,1.5470818954085592,-1765.3532958984374,0.2,,../data/results/vary_B2/B_121_n_8/phi_2.0/results_seed_5.pt,8.0,8.0
vary_B2,121,8,2.0,6,GPArealModel,7.76457405090332,,0.30160278776363003,4.3128224692754,2.6851086823991186,,,14.299677072797529,../data/results/vary_B2/B_121_n_8/phi_2.0/results_seed_6.pt,,
vary_B2,121,8,2.0,6,GPmodel,7.9410719871521,,0.5135647543195083,2.7473519534350723,1.0172648556016355,,,5.349572629989789,../data/results/vary_B2/B_121_n_8/phi_2.0/results_seed_6.pt,,
vary_B2,121,8,2.0,6,VI_best_tau_by_ELBO,8.136237144470215,,0.2185404896736145,3.7155335192797816,1.6608406371691289,-1793.896923828125,0.2,,../data/results/vary_B2/B_121_n_8/phi_2.0/results_seed_6.pt,8.0,8.0
vary_B2,121,8,2.0,7,GPArealModel,7.925242900848389,,0.5976199925870043,2.3601912510240357,1.3896277948367048,,,3.9493177609522965,../data/results/vary_B2/B_121_n_8/phi_2.0/results_seed_7.pt,,
vary_B2,121,8,2.0,7,GPmodel,7.932744979858398,,1.059122113660366,1.759656694478872,1.3284741969286287,,,1.6614294723744671,../data/results/vary_B2/B_121_n_8/phi_2.0/results_seed_7.pt,,
vary_B2,121,8,2.0,7,VI_best_tau_by_ELBO,8.084394454956055,,0.21796441078186035,2.5909003113841593,1.809220121553832,-1778.605419921875,0.2,,../data/results/vary_B2/B_121_n_8/phi_2.0/results_seed_7.pt,8.0,8.0
vary_B2,121,8,2.0,8,GPArealModel,7.897402763366699,,0.5319724708498179,3.2510002152089346,1.0608897634911658,,,6.111218894495633,../data/results/vary_B2/B_121_n_8/phi_2.0/results_seed_8.pt,,
vary_B2,121,8,2.0,8,GPmodel,7.925607204437256,,0.6958115326986583,2.1895718214386295,1.0823794373767461,,,3.1467886324713854,../data/results/vary_B2/B_121_n_8/phi_2.0/results_seed_8.pt,,
vary_B2,121,8,2.0,8,VI_best_tau_by_ELBO,8.14002799987793,,0.2187787890434265,3.341874801897899,1.7766824831653643,-1800.2677490234375,0.2,,../data/results/vary_B2/B_121_n_8/phi_2.0/results_seed_8.pt,8.0,8.0
vary_B2,121,8,2.0,9,GPArealModel,8.083937644958496,,0.5173969496389931,4.268928963215759,1.3666746038046476,,,8.250781080550144,../data/results/vary_B2/B_121_n_8/phi_2.0/results_seed_9.pt,,
vary_B2,121,8,2.0,9,GPmodel,7.901937961578369,,0.5846085609552517,2.560052976427159,1.1674189009994145,,,4.379089098941737,../data/results/vary_B2/B_121_n_8/phi_2.0/results_seed_9.pt,,
vary_B2,121,8,2.0,9,VI_best_tau_by_ELBO,8.163495063781738,,0.2207966446876526,4.705013337527168,1.5353125080857999,-1790.02353515625,0.2,,../data/results/vary_B2/B_121_n_8/phi_2.0/results_seed_9.pt,8.0,8.0
vary_B2,121,8,2.0,10,GPArealModel,7.826568126678467,,0.5570457075664639,4.375004047508363,1.567364345711973,,,7.853940867117013,../data/results/vary_B2/B_121_n_8/phi_2.0/results_seed_10.pt,,
vary_B2,121,8,2.0,10,GPmodel,7.965483665466309,,0.5729666989515615,2.5903239414732155,1.034762557469264,,,4.520897891994594,../data/results/vary_B2/B_121_n_8/phi_2.0/results_seed_10.pt,,
vary_B2,121,8,2.0,10,VI_best_tau_by_ELBO,8.14367961883545,,0.2202482968568802,4.592048646598789,1.5460284672719158,-1786.85458984375,0.2,,../data/results/vary_B2/B_121_n_8/phi_2.0/results_seed_10.pt,8.0,8.0
vary_B2,121,8,2.0,11,GPArealModel,8.059784889221191,,0.3035822589817528,4.556605594040353,1.2875146599656004,,,15.009459410848622,../data/results/vary_B2/B_121_n_8/phi_2.0/results_seed_11.pt,,
vary_B2,121,8,2.0,11,GPmodel,7.949400424957275,,0.5259652831303344,2.3390246080705657,1.0680972093048693,,,4.4471083607450845,../data/results/vary_B2/B_121_n_8/phi_2.0/results_seed_11.pt,,
vary_B2,121,8,2.0,11,VI_best_tau_by_ELBO,8.165933609008789,,0.2187371850013733,3.553550181687927,1.4803687387607378,-1746.1782958984375,0.2,,../data/results/vary_B2/B_121_n_8/phi_2.0/results_seed_11.pt,8.0,8.0
vary_B2,121,8,2.0,12,GPArealModel,7.919527053833008,,0.341761913887611,3.842004952141437,1.0347171683017335,,,11.24175865133084,../data/results/vary_B2/B_121_n_8/phi_2.0/results_seed_12.pt,,
vary_B2,121,8,2.0,12,GPmodel,7.981994152069092,,0.6196118325071208,2.1132587187269367,1.1697198071636636,,,3.410617111968484,../data/results/vary_B2/B_121_n_8/phi_2.0/results_seed_12.pt,,
vary_B2,121,8,2.0,12,VI_best_tau_by_ELBO,8.234882354736328,,0.21868401765823364,3.245765466518319,1.5403642380022897,-1750.9823974609376,0.2,,../data/results/vary_B2/B_121_n_8/phi_2.0/results_seed_12.pt,8.0,8.0
vary_B2,121,8,2.0,13,GPArealModel,7.992488861083984,,0.40730290673989,2.880642385997079,3.3022680583958506,,,7.072481777884051,../data/results/vary_B2/B_121_n_8/phi_2.0/results_seed_13.pt,,
vary_B2,121,8,2.0,13,GPmodel,8.002840042114258,,0.6232845678430998,2.4708668236116322,1.2057887752611836,,,3.964267609195206,../data/results/vary_B2/B_121_n_8/phi_2.0/results_seed_13.pt,,
vary_B2,121,8,2.0,13,VI_best_tau_by_ELBO,8.314209938049316,,0.22124147415161133,3.9705381746791555,1.6254412572691341,-1788.6932373046875,0.2,,../data/results/vary_B2/B_121_n_8/phi_2.0/results_seed_13.pt,8.0,8.0
vary_B2,121,8,2.0,14,GPArealModel,7.861249923706055,,0.9520554920210825,2.619479466755956,1.7449161241901279,,,2.751393683150929,../data/results/vary_B2/B_121_n_8/phi_2.0/results_seed_14.pt,,
vary_B2,121,8,2.0,14,GPmodel,7.9858717918396,,1.0646727332874724,1.7729249617692342,1.21243337869703,,,1.6652299869602527,../data/results/vary_B2/B_121_n_8/phi_2.0/results_seed_14.pt,,
vary_B2,121,8,2.0,14,VI_best_tau_by_ELBO,8.268516540527344,,0.21627956628799438,3.1454841109986287,1.9793770659219105,-1821.5837646484374,0.2,,../data/results/vary_B2/B_121_n_8/phi_2.0/results_seed_14.pt,8.0,8.0
vary_B2,121,8,2.0,15,GPArealModel,8.102910995483398,,0.27981788057934076,6.178720444643858,2.636301482372524,,,22.081220942176056,../data/results/vary_B2/B_121_n_8/phi_2.0/results_seed_15.pt,,
vary_B2,121,8,2.0,15,GPmodel,7.944429874420166,,0.4012385795531572,3.7078907727357655,1.1209323379203049,,,9.241112299981447,../data/results/vary_B2/B_121_n_8/phi_2.0/results_seed_15.pt,,
vary_B2,121,8,2.0,15,VI_best_tau_by_ELBO,8.19854736328125,,0.21888725459575653,5.89657422845296,1.427081421378532,-1799.4365234375,0.2,,../data/results/vary_B2/B_121_n_8/phi_2.0/results_seed_15.pt,8.0,8.0
vary_B2,121,8,2.0,16,GPArealModel,7.853609561920166,,0.5383414695054193,4.695162625735634,1.619633577780775,,,8.721532506216056,../data/results/vary_B2/B_121_n_8/phi_2.0/results_seed_16.pt,,
vary_B2,121,8,2.0,16,GPmodel,7.931695938110352,,0.5345807099011681,3.037968053702935,0.9359586119048783,,,5.682898760534376,../data/results/vary_B2/B_121_n_8/phi_2.0/results_seed_16.pt,,
vary_B2,121,8,2.0,16,VI_best_tau_by_ELBO,8.167729377746582,,0.21964897215366364,4.601912817286793,1.596560169268138,-1800.6066650390626,0.2,,../data/results/vary_B2/B_121_n_8/phi_2.0/results_seed_16.pt,8.0,8.0
vary_B2,121,8,2.0,17,GPArealModel,7.579074859619141,,0.3905764302932261,4.147689339465376,1.473321959233108,,,10.619405109395593,../data/results/vary_B2/B_121_n_8/phi_2.0/results_seed_17.pt,,
vary_B2,121,8,2.0,17,GPmodel,7.98075532913208,,0.5842698226007026,2.5000425390866337,1.1070177869527058,,,4.278917791712125,../data/results/vary_B2/B_121_n_8/phi_2.0/results_seed_17.pt,,
vary_B2,121,8,2.0,17,VI_best_tau_by_ELBO,8.11589527130127,,0.22002464532852173,3.846264734349125,1.6789360259586523,-1800.5431640625,0.2,,../data/results/vary_B2/B_121_n_8/phi_2.0/results_seed_17.pt,8.0,8.0
vary_B2,121,8,2.0,18,GPArealModel,8.175453186035156,,0.46345545917300995,4.183085401188794,1.0440812264883328,,,9.025862827580223,../data/results/vary_B2/B_121_n_8/phi_2.0/results_seed_18.pt,,
vary_B2,121,8,2.0,18,GPmodel,7.955743789672852,,0.5774681391895063,2.7215436710655014,1.239513172189579,,,4.712889744679713,../data/results/vary_B2/B_121_n_8/phi_2.0/results_seed_18.pt,,
vary_B2,121,8,2.0,18,VI_best_tau_by_ELBO,8.307282447814941,,0.21947994828224182,4.089575048757374,1.7180023161774218,-1815.7337890625,0.2,,../data/results/vary_B2/B_121_n_8/phi_2.0/results_seed_18.pt,8.0,8.0
vary_B2,121,8,2.0,19,GPArealModel,8.218934059143066,,0.5056410357232404,5.2284517410956575,1.2981797774452288,,,10.340244109375291,../data/results/vary_B2/B_121_n_8/phi_2.0/results_seed_19.pt,,
vary_B2,121,8,2.0,19,GPmodel,7.982662200927734,,0.6076163542751705,2.9657613103883578,1.1161649570995569,,,4.880976770163196,../data/results/vary_B2/B_121_n_8/phi_2.0/results_seed_19.pt,,
vary_B2,121,8,2.0,19,VI_best_tau_by_ELBO,8.240463256835938,,0.22065341472625732,6.305708635472728,1.465842598986364,-1810.0193359375,0.2,,../data/results/vary_B2/B_121_n_8/phi_2.0/results_seed_19.pt,8.0,8.0
vary_B2,121,8,2.0,20,GPArealModel,7.8282389640808105,,0.5638932371241953,3.7732902951336427,1.4384005088836427,,,6.691497692678642,../data/results/vary_B2/B_121_n_8/phi_2.0/results_seed_20.pt,,
vary_B2,121,8,2.0,20,GPmodel,7.934424877166748,,0.6928039576350423,2.30559182475641,1.125789269952346,,,3.327913761674782,../data/results/vary_B2/B_121_n_8/phi_2.0/results_seed_20.pt,,
vary_B2,121,8,2.0,20,VI_best_tau_by_ELBO,8.129678726196289,,0.2193666696548462,4.367511033074156,1.6079010091887032,-1792.328759765625,0.2,,../data/results/vary_B2/B_121_n_8/phi_2.0/results_seed_20.pt,8.0,8.0
vary_B2,121,8,2.0,21,GPArealModel,8.139586448669434,,0.4727289933536572,3.2540772627366445,1.7146431018796247,,,6.883599924031336,../data/results/vary_B2/B_121_n_8/phi_2.0/results_seed_21.pt,,
vary_B2,121,8,2.0,21,GPmodel,7.982146263122559,,0.6967790372638888,1.9920803208788467,1.143221810004192,,,2.8589842896269464,../data/results/vary_B2/B_121_n_8/phi_2.0/results_seed_21.pt,,
vary_B2,121,8,2.0,21,VI_best_tau_by_ELBO,8.26766586303711,,0.22103774547576904,3.490104698981836,1.5287364785208808,-1754.0803955078125,0.2,,../data/results/vary_B2/B_121_n_8/phi_2.0/results_seed_21.pt,8.0,8.0
vary_B2,121,8,2.0,22,GPArealModel,7.566856861114502,,0.6519758703275303,4.493942458314861,1.9570318798468185,,,6.892804876440072,../data/results/vary_B2/B_121_n_8/phi_2.0/results_seed_22.pt,,
vary_B2,121,8,2.0,22,GPmodel,7.884032726287842,,0.6390235011064178,2.897026714956196,0.9243753049141504,,,4.533521396224438,../data/results/vary_B2/B_121_n_8/phi_2.0/results_seed_22.pt,,
vary_B2,121,8,2.0,22,VI_best_tau_by_ELBO,8.032916069030762,,0.22138440608978271,5.922702985924239,1.4878688236616384,-1805.82548828125,0.2,,../data/results/vary_B2/B_121_n_8/phi_2.0/results_seed_22.pt,8.0,8.0
vary_B2,121,8,2.0,23,GPArealModel,8.106371879577637,,0.7214485687328165,2.4759903812676844,1.8611606958102456,,,3.431970744105323,../data/results/vary_B2/B_121_n_8/phi_2.0/results_seed_23.pt,,
vary_B2,121,8,2.0,23,GPmodel,7.930215835571289,,0.9156613834820777,1.761516635672312,1.1467476726195305,,,1.923764251118263,../data/results/vary_B2/B_121_n_8/phi_2.0/results_seed_23.pt,,
vary_B2,121,8,2.0,23,VI_best_tau_by_ELBO,8.159704208374023,,0.22004517912864685,3.0085826724539433,1.7461686952591335,-1778.6801513671876,0.2,,../data/results/vary_B2/B_121_n_8/phi_2.0/results_seed_23.pt,8.0,8.0
vary_B2,121,8,2.0,24,GPArealModel,7.765176773071289,,0.666725506962802,3.6977000017347557,1.45891028777463,,,5.5460605048384,../data/results/vary_B2/B_121_n_8/phi_2.0/results_seed_24.pt,,
vary_B2,121,8,2.0,24,GPmodel,7.933790683746338,,0.7134079111952185,2.3338963563834616,1.1272027851892503,,,3.2714752945104486,../data/results/vary_B2/B_121_n_8/phi_2.0/results_seed_24.pt,,
vary_B2,121,8,2.0,24,VI_best_tau_by_ELBO,8.17293930053711,,0.2204914093017578,4.418206472521217,1.6559830927942583,-1804.377880859375,0.2,,../data/results/vary_B2/B_121_n_8/phi_2.0/results_seed_24.pt,8.0,8.0
vary_B2,121,8,2.0,25,GPArealModel,8.16952896118164,,0.550360447327445,3.372794115260917,3.0326237452249205,,,6.1283366776068915,../data/results/vary_B2/B_121_n_8/phi_2.0/results_seed_25.pt,,
vary_B2,121,8,2.0,25,GPmodel,7.949477672576904,,0.6755916418849702,2.369159187650004,1.074378156833797,,,3.5067917374463162,../data/results/vary_B2/B_121_n_8/phi_2.0/results_seed_25.pt,,
vary_B2,121,8,2.0,25,VI_best_tau_by_ELBO,8.2000093460083,,0.220750629901886,3.9649104578503414,1.677237123565579,-1798.9988037109374,0.2,,../data/results/vary_B2/B_121_n_8/phi_2.0/results_seed_25.pt,8.0,8.0
vary_B2,121,8,2.0,26,GPArealModel,7.715697765350342,,0.4921345077748388,3.973988613715641,1.428462605172585,,,8.075005005610821,../data/results/vary_B2/B_121_n_8/phi_2.0/results_seed_26.pt,,
vary_B2,121,8,2.0,26,GPmodel,7.924206256866455,,0.7307791886731431,2.2495751247844127,1.2238638463261848,,,3.078324013124824,../data/results/vary_B2/B_121_n_8/phi_2.0/results_seed_26.pt,,
vary_B2,121,8,2.0,26,VI_best_tau_by_ELBO,8.118770599365234,,0.218862384557724,3.375586776401754,1.814807030360562,-1811.8643798828125,0.2,,../data/results/vary_B2/B_121_n_8/phi_2.0/results_seed_26.pt,8.0,8.0
vary_B2,121,8,2.0,27,GPArealModel,8.000514030456543,,0.4472983895734668,3.897660406050241,2.2186047707752325,,,8.71378144188482,../data/results/vary_B2/B_121_n_8/phi_2.0/results_seed_27.pt,,
vary_B2,121,8,2.0,27,GPmodel,7.917669773101807,,0.645747879616634,2.307644340446913,1.2665016293697462,,,3.5735995630630786,../data/results/vary_B2/B_121_n_8/phi_2.0/results_seed_27.pt,,
vary_B2,121,8,2.0,27,VI_best_tau_by_ELBO,8.166275978088379,,0.22054624557495117,4.004942243130304,1.575579918632594,-1782.5653564453125,0.2,,../data/results/vary_B2/B_121_n_8/phi_2.0/results_seed_27.pt,8.0,8.0
vary_B2,121,8,2.0,28,GPArealModel,7.8298211097717285,,0.5331097835801225,3.9190844897908663,0.80852486562869,,,7.351364785452032,../data/results/vary_B2/B_121_n_8/phi_2.0/results_seed_28.pt,,
vary_B2,121,8,2.0,28,GPmodel,7.881784915924072,,0.6398686970498726,2.223461139105824,1.098731900852587,,,3.4748709373612683,../data/results/vary_B2/B_121_n_8/phi_2.0/results_seed_28.pt,,
vary_B2,121,8,2.0,28,VI_best_tau_by_ELBO,8.070276260375977,,0.22037601470947266,4.049617804446543,1.5418147547253416,-1771.886181640625,0.2,,../data/results/vary_B2/B_121_n_8/phi_2.0/results_seed_28.pt,8.0,8.0
vary_B2,121,8,2.0,29,GPArealModel,7.768313884735107,,0.7368443406207673,4.00034096833695,1.319075964633202,,,5.429017701305534,../data/results/vary_B2/B_121_n_8/phi_2.0/results_seed_29.pt,,
vary_B2,121,8,2.0,29,GPmodel,7.917344570159912,,0.6992519506205686,2.61967198599569,0.8824337048489304,,,3.746392103262346,../data/results/vary_B2/B_121_n_8/phi_2.0/results_seed_29.pt,,
vary_B2,121,8,2.0,29,VI_best_tau_by_ELBO,8.150361061096191,,0.22062380611896515,5.167379598394484,1.5137987209881494,-1788.296533203125,0.2,,../data/results/vary_B2/B_121_n_8/phi_2.0/results_seed_29.pt,8.0,8.0
vary_B2,121,8,2.0,30,GPArealModel,8.146904945373535,,0.3285885188077956,4.34715514600141,3.055385613680849,,,13.2297840526322,../data/results/vary_B2/B_121_n_8/phi_2.0/results_seed_30.pt,,
vary_B2,121,8,2.0,30,GPmodel,7.978073596954346,,0.6394791099012256,2.4932376980055286,1.193750518871114,,,3.898857147015539,../data/results/vary_B2/B_121_n_8/phi_2.0/results_seed_30.pt,,
vary_B2,121,8,2.0,30,VI_best_tau_by_ELBO,8.215008735656738,,0.218862384557724,4.3051083658921545,1.664699079876384,-1805.6914306640624,0.2,,../data/results/vary_B2/B_121_n_8/phi_2.0/results_seed_30.pt,8.0,8.0
vary_B2,121,8,2.0,31,GPArealModel,8.100178718566895,,0.49502270772376317,4.211985033744014,1.4005888479072564,,,8.508670345875167,../data/results/vary_B2/B_121_n_8/phi_2.0/results_seed_31.pt,,
vary_B2,121,8,2.0,31,GPmodel,7.93939208984375,,0.5929196210560378,2.549454030344743,1.15970266207012,,,4.299830769310618,../data/results/vary_B2/B_121_n_8/phi_2.0/results_seed_31.pt,,
vary_B2,121,8,2.0,31,VI_best_tau_by_ELBO,8.144001007080078,,0.22144976258277893,4.96005463170798,1.4690133696682235,-1779.44921875,0.2,,../data/results/vary_B2/B_121_n_8/phi_2.0/results_seed_31.pt,8.0,8.0
vary_B2,121,8,2.0,32,GPArealModel,7.933923721313477,,0.531414448733356,4.512064259360181,1.4509063340108075,,,8.490669138023696,../data/results/vary_B2/B_121_n_8/phi_2.0/results_seed_32.pt,,
vary_B2,121,8,2.0,32,GPmodel,7.949652194976807,,0.6046934533733286,2.7674068290237157,1.0145462496113598,,,4.576545047057357,../data/results/vary_B2/B_121_n_8/phi_2.0/results_seed_32.pt,,
vary_B2,121,8,2.0,32,VI_best_tau_by_ELBO,8.166712760925293,,0.2210133969783783,5.3389062014852,1.473570097013429,-1788.90634765625,0.2,,../data/results/vary_B2/B_121_n_8/phi_2.0/results_seed_32.pt,8.0,8.0
vary_B2,121,8,2.0,33,GPArealModel,7.7330427169799805,,0.23103675012009536,5.50635398625693,1.952735201450264,,,23.83323857955355,../data/results/vary_B2/B_121_n_8/phi_2.0/results_seed_33.pt,,
vary_B2,121,8,2.0,33,GPmodel,7.97853422164917,,0.316384695996774,3.586818751192315,1.1243082410400749,,,11.33689080596012,../data/results/vary_B2/B_121_n_8/phi_2.0/results_seed_33.pt,,
vary_B2,121,8,2.0,33,VI_best_tau_by_ELBO,8.124669075012207,,0.2195318639278412,4.082957832148494,1.478952965709739,-1780.82275390625,0.2,,../data/results/vary_B2/B_121_n_8/phi_2.0/results_seed_33.pt,8.0,8.0
vary_B2,121,8,2.0,34,GPArealModel,7.816434383392334,,0.49452678924277443,3.7683155162782516,0.6995965513422653,,,7.620043237795759,../data/results/vary_B2/B_121_n_8/phi_2.0/results_seed_34.pt,,
vary_B2,121,8,2.0,34,GPmodel,7.939896583557129,,0.6094118036562621,2.3062965051778685,0.9874949873376379,,,3.784463135339485,../data/results/vary_B2/B_121_n_8/phi_2.0/results_seed_34.pt,,
vary_B2,121,8,2.0,34,VI_best_tau_by_ELBO,8.136773109436035,,0.21914631128311157,3.5893720446400845,1.6285455727819032,-1776.4609619140624,0.2,,../data/results/vary_B2/B_121_n_8/phi_2.0/results_seed_34.pt,8.0,8.0
vary_B2,121,8,2.0,35,GPArealModel,8.026985168457031,,0.355994876310319,5.227675815055037,1.3301350732108073,,,14.684693974353994,../data/results/vary_B2/B_121_n_8/phi_2.0/results_seed_35.pt,,
vary_B2,121,8,2.0,35,GPmodel,7.957690715789795,,0.46352085002570664,2.9507261044322597,1.092842591607977,,,6.365897249861821,../data/results/vary_B2/B_121_n_8/phi_2.0/results_seed_35.pt,,
vary_B2,121,8,2.0,35,VI_best_tau_by_ELBO,8.168142318725586,,0.21833018958568573,4.394842553301594,1.5226438281896864,-1783.431884765625,0.2,,../data/results/vary_B2/B_121_n_8/phi_2.0/results_seed_35.pt,8.0,8.0
vary_B2,121,8,2.0,36,GPArealModel,8.339278221130371,,0.8772685612903548,2.38106742005655,1.3872335550591985,,,2.7141830052068556,../data/results/vary_B2/B_121_n_8/phi_2.0/results_seed_36.pt,,
vary_B2,121,8,2.0,36,GPmodel,7.9258317947387695,,0.8503166166371197,1.7954248431871038,0.951988862817525,,,2.1114780166095684,../data/results/vary_B2/B_121_n_8/phi_2.0/results_seed_36.pt,,
vary_B2,121,8,2.0,36,VI_best_tau_by_ELBO,8.245348930358887,,0.21925386786460876,3.1847075689557025,1.5987106130572732,-1747.5376220703124,0.2,,../data/results/vary_B2/B_121_n_8/phi_2.0/results_seed_36.pt,8.0,8.0
vary_B2,121,8,2.0,37,GPArealModel,7.744112491607666,,0.5364154604531783,5.77905419961757,1.0420109919434106,,,10.773466884670453,../data/results/vary_B2/B_121_n_8/phi_2.0/results_seed_37.pt,,
vary_B2,121,8,2.0,37,GPmodel,7.926506519317627,,0.5273488497992243,3.15652393691209,1.0620192208544892,,,5.98564676516098,../data/results/vary_B2/B_121_n_8/phi_2.0/results_seed_37.pt,,
vary_B2,121,8,2.0,37,VI_best_tau_by_ELBO,8.061670303344727,,0.22038602828979492,6.207737039271113,1.4680626564602308,-1811.2302734375,0.2,,../data/results/vary_B2/B_121_n_8/phi_2.0/results_seed_37.pt,8.0,8.0
vary_B2,121,8,2.0,38,GPArealModel,8.055134773254395,,0.5230903820680366,3.7760594492199417,1.0185912065406355,,,7.218751440795565,../data/results/vary_B2/B_121_n_8/phi_2.0/results_seed_38.pt,,
vary_B2,121,8,2.0,38,GPmodel,7.952566623687744,,0.6735438418639896,2.2975392695387957,1.1189310628919285,,,3.4111205933982,../data/results/vary_B2/B_121_n_8/phi_2.0/results_seed_38.pt,,
vary_B2,121,8,2.0,38,VI_best_tau_by_ELBO,8.210590362548828,,0.22034981846809387,3.9601428680009314,1.6659106864763376,-1795.991845703125,0.2,,../data/results/vary_B2/B_121_n_8/phi_2.0/results_seed_38.pt,8.0,8.0
vary_B2,121,8,2.0,39,GPArealModel,7.9584126472473145,,0.5055255579714432,4.094797728747722,1.5663670542178292,,,8.100080528429059,../data/results/vary_B2/B_121_n_8/phi_2.0/results_seed_39.pt,,
vary_B2,121,8,2.0,39,GPmodel,7.954798221588135,,0.6062515217250838,2.42712527910556,1.0317949199577603,,,4.003495565997418,../data/results/vary_B2/B_121_n_8/phi_2.0/results_seed_39.pt,,
vary_B2,121,8,2.0,39,VI_best_tau_by_ELBO,8.111207962036133,,0.21941067278385162,4.264443866758953,1.5492176836851195,-1779.17890625,0.2,,../data/results/vary_B2/B_121_n_8/phi_2.0/results_seed_39.pt,8.0,8.0
vary_B2,121,8,2.0,40,GPArealModel,7.486293315887451,,0.45609549416683964,4.103724259942604,1.1006178394865553,,,8.997511074822112,../data/results/vary_B2/B_121_n_8/phi_2.0/results_seed_40.pt,,
vary_B2,121,8,2.0,40,GPmodel,7.920504570007324,,0.6088525108834064,2.5439074797129364,0.9867911533658686,,,4.178199866535637,../data/results/vary_B2/B_121_n_8/phi_2.0/results_seed_40.pt,,
vary_B2,121,8,2.0,40,VI_best_tau_by_ELBO,8.092315673828125,,0.21800410747528076,3.551149709800636,1.8006141771566444,-1812.5044921875,0.2,,../data/results/vary_B2/B_121_n_8/phi_2.0/results_seed_40.pt,8.0,8.0
vary_B2,121,8,2.0,41,GPArealModel,7.753571510314941,,0.36621398308427217,5.658208532462858,1.0654151739835231,,,15.450552938501001,../data/results/vary_B2/B_121_n_8/phi_2.0/results_seed_41.pt,,
vary_B2,121,8,2.0,41,GPmodel,7.896851062774658,,0.4909281231865054,2.955079453886139,1.1373288057226836,,,6.019372927151483,../data/results/vary_B2/B_121_n_8/phi_2.0/results_seed_41.pt,,
vary_B2,121,8,2.0,41,VI_best_tau_by_ELBO,8.091158866882324,,0.21905651688575745,4.8342699048139615,1.540467584634069,-1796.6466552734375,0.2,,../data/results/vary_B2/B_121_n_8/phi_2.0/results_seed_41.pt,8.0,8.0
vary_B2,121,8,2.0,42,GPArealModel,8.381401062011719,,0.3848901203478327,4.6645406037507415,2.6445047660247147,,,12.119148705441711,../data/results/vary_B2/B_121_n_8/phi_2.0/results_seed_42.pt,,
vary_B2,121,8,2.0,42,GPmodel,7.936986923217773,,0.48443888815370156,3.4429551283672892,0.9969913296656904,,,7.107098981027545,../data/results/vary_B2/B_121_n_8/phi_2.0/results_seed_42.pt,,
vary_B2,121,8,2.0,42,VI_best_tau_by_ELBO,8.283343315124512,,0.22004732489585876,5.037423609404109,1.5703006492493143,-1811.4715087890625,0.2,,../data/results/vary_B2/B_121_n_8/phi_2.0/results_seed_42.pt,8.0,8.0
vary_B2,121,8,2.0,43,GPArealModel,8.240926742553711,,0.8141664444066401,2.9626157105887194,1.8892786009531537,,,3.638832981808599,../data/results/vary_B2/B_121_n_8/phi_2.0/results_seed_43.pt,,
vary_B2,121,8,2.0,43,GPmodel,7.888941764831543,,0.8874521649674159,2.095724542567771,1.1369136842110001,,,2.3615070482640816,../data/results/vary_B2/B_121_n_8/phi_2.0/results_seed_43.pt,,
vary_B2,121,8,2.0,43,VI_best_tau_by_ELBO,8.180938720703125,,0.21904046833515167,3.5857415204214966,1.8457844883629164,-1814.9718994140626,0.2,,../data/results/vary_B2/B_121_n_8/phi_2.0/results_seed_43.pt,8.0,8.0
vary_B2,121,8,2.0,44,GPArealModel,7.869672775268555,,0.4607477302154934,4.935433710705038,1.1249674414482012,,,10.71179169650324,../data/results/vary_B2/B_121_n_8/phi_2.0/results_seed_44.pt,,
vary_B2,121,8,2.0,44,GPmodel,7.979262828826904,,0.6219034087252839,2.5859062934781947,1.1609041521871346,,,4.1580513262960395,../data/results/vary_B2/B_121_n_8/phi_2.0/results_seed_44.pt,,
vary_B2,121,8,2.0,44,VI_best_tau_by_ELBO,8.132889747619629,,0.22008457779884338,4.980009375485148,1.5601853133975236,-1799.6686279296875,0.2,,../data/results/vary_B2/B_121_n_8/phi_2.0/results_seed_44.pt,8.0,8.0
vary_B2,121,8,2.0,45,GPArealModel,7.959460735321045,,0.7597471908932308,3.635843387344739,0.9109923511964512,,,4.785596354848113,../data/results/vary_B2/B_121_n_8/phi_2.0/results_seed_45.pt,,
vary_B2,121,8,2.0,45,GPmodel,8.001497268676758,,0.8043351293214517,2.151392501936907,1.1336760703785544,,,2.6747464129185206,../data/results/vary_B2/B_121_n_8/phi_2.0/results_seed_45.pt,,
vary_B2,121,8,2.0,45,VI_best_tau_by_ELBO,8.183652877807617,,0.22050824761390686,4.199046421386617,1.7328386221877587,-1809.7794189453125,0.2,,../data/results/vary_B2/B_121_n_8/phi_2.0/results_seed_45.pt,8.0,8.0
vary_B2,121,8,2.0,46,GPArealModel,8.012673377990723,,0.2660736207467387,6.887175338193873,1.8183424874904959,,,25.884472571406874,../data/results/vary_B2/B_121_n_8/phi_2.0/results_seed_46.pt,,
vary_B2,121,8,2.0,46,GPmodel,7.951883792877197,,0.43407700324926796,3.7178215388298974,0.9896116096493569,,,8.564889434363664,../data/results/vary_B2/B_121_n_8/phi_2.0/results_seed_46.pt,,
vary_B2,121,8,2.0,46,VI_best_tau_by_ELBO,8.208697319030762,,0.21929016709327698,5.326808833898261,1.5146894223989598,-1805.5171630859375,0.2,,../data/results/vary_B2/B_121_n_8/phi_2.0/results_seed_46.pt,8.0,8.0
vary_B2,121,8,2.0,47,GPArealModel,8.528515815734863,,0.44670948813526273,3.998801426229777,2.1492128766401337,,,8.951682318014583,../data/results/vary_B2/B_121_n_8/phi_2.0/results_seed_47.pt,,
vary_B2,121,8,2.0,47,GPmodel,7.999639987945557,,0.5547374833375605,2.6037454407087073,1.0566195207052578,,,4.693653338590635,../data/results/vary_B2/B_121_n_8/phi_2.0/results_seed_47.pt,,
vary_B2,121,8,2.0,47,VI_best_tau_by_ELBO,8.283019065856934,,0.2199307680130005,3.8480984421897637,1.6256335477013686,-1787.6470703125,0.2,,../data/results/vary_B2/B_121_n_8/phi_2.0/results_seed_47.pt,8.0,8.0
vary_B2,121,8,2.0,48,GPArealModel,7.717610836029053,,0.2946922485832982,4.421139661429764,2.7243745250230593,,,15.002565159701094,../data/results/vary_B2/B_121_n_8/phi_2.0/results_seed_48.pt,,
vary_B2,121,8,2.0,48,GPmodel,7.963985919952393,,0.49767179541781165,2.8541797372951634,1.0570750073745698,,,5.73506428046417,../data/results/vary_B2/B_121_n_8/phi_2.0/results_seed_48.pt,,
vary_B2,121,8,2.0,48,VI_best_tau_by_ELBO,8.111857414245605,,0.2200876772403717,4.635899961673307,1.4854342398054232,-1781.2658935546874,0.2,,../data/results/vary_B2/B_121_n_8/phi_2.0/results_seed_48.pt,8.0,8.0
vary_B2,121,8,2.0,49,GPArealModel,7.943765640258789,,0.6952510355069801,3.0307726207462453,1.7292188389102277,,,4.359249344427359,../data/results/vary_B2/B_121_n_8/phi_2.0/results_seed_49.pt,,
vary_B2,121,8,2.0,49,GPmodel,7.904576778411865,,0.800924241411713,2.215286201202143,1.1324314461885119,,,2.7659122881553295,../data/results/vary_B2/B_121_n_8/phi_2.0/results_seed_49.pt,,
vary_B2,121,8,2.0,49,VI_best_tau_by_ELBO,8.178653717041016,,0.2203681766986847,3.731981299970244,1.8408920739753674,-1821.888916015625,0.2,,../data/results/vary_B2/B_121_n_8/phi_2.0/results_seed_49.pt,8.0,8.0
vary_B2,121,8,2.0,50,GPArealModel,8.254554748535156,,0.5235873869239067,3.2272011448179656,1.1208475640677247,,,6.163634238360629,../data/results/vary_B2/B_121_n_8/phi_2.0/results_seed_50.pt,,
vary_B2,121,8,2.0,50,GPmodel,7.995691776275635,,0.721433475299036,1.78771544688242,1.09430349184609,,,2.4780045674223907,../data/results/vary_B2/B_121_n_8/phi_2.0/results_seed_50.pt,,
vary_B2,121,8,2.0,50,VI_best_tau_by_ELBO,8.195053100585938,,0.21823084354400635,2.7627579269140705,1.5831906779215612,-1737.5117919921875,0.2,,../data/results/vary_B2/B_121_n_8/phi_2.0/results_seed_50.pt,8.0,8.0
vary_B2,121,8,2.0,51,GPArealModel,8.162116050720215,,0.4606633725097911,4.694904607898013,1.9856697041867297,,,10.191616890049634,../data/results/vary_B2/B_121_n_8/phi_2.0/results_seed_51.pt,,
vary_B2,121,8,2.0,51,GPmodel,8.017626762390137,,0.5209435685275244,3.2263006588479253,1.0992640993459077,,,6.193186467331272,../data/results/vary_B2/B_121_n_8/phi_2.0/results_seed_51.pt,,
vary_B2,121,8,2.0,51,VI_best_tau_by_ELBO,8.393295288085938,,0.22062119841575623,5.070247914672169,1.6478909757215767,-1825.7461181640624,0.2,,../data/results/vary_B2/B_121_n_8/phi_2.0/results_seed_51.pt,8.0,8.0
vary_B2,121,8,2.0,52,GPArealModel,7.6676859855651855,,0.49180704954324317,3.4427470455124762,1.5884613963466248,,,7.000198652520059,../data/results/vary_B2/B_121_n_8/phi_2.0/results_seed_52.pt,,
vary_B2,121,8,2.0,52,GPmodel,7.942341327667236,,0.5849449156501572,2.32538066570603,1.003550416115801,,,3.9753840122217414,../data/results/vary_B2/B_121_n_8/phi_2.0/results_seed_52.pt,,
vary_B2,121,8,2.0,52,VI_best_tau_by_ELBO,8.162586212158203,,0.2191908061504364,3.6408192108097444,1.6148924467307493,-1774.7625732421875,0.2,,../data/results/vary_B2/B_121_n_8/phi_2.0/results_seed_52.pt,8.0,8.0
vary_B2,121,8,2.0,53,GPArealModel,7.91979455947876,,0.5449408860311492,3.4124303184177696,2.07883130040315,,,6.262019249960834,../data/results/vary_B2/B_121_n_8/phi_2.0/results_seed_53.pt,,
vary_B2,121,8,2.0,53,GPmodel,7.969186782836914,,0.689140197476705,2.2464415944665133,1.037491537014241,,,3.259774430067911,../data/results/vary_B2/B_121_n_8/phi_2.0/results_seed_53.pt,,
vary_B2,121,8,2.0,53,VI_best_tau_by_ELBO,8.185467720031738,,0.2208678126335144,3.8165183394030735,1.6139702865041528,-1779.439208984375,0.2,,../data/results/vary_B2/B_121_n_8/phi_2.0/results_seed_53.pt,8.0,8.0
vary_B2,121,8,2.0,54,GPArealModel,7.657122611999512,,0.6881719786060106,3.672147791018375,1.6575136880053865,,,5.336090258218342,../data/results/vary_B2/B_121_n_8/phi_2.0/results_seed_54.pt,,
vary_B2,121,8,2.0,54,GPmodel,7.989037990570068,,0.7511857695268463,2.22374238260476,1.056829432316471,,,2.960309517052541,../data/results/vary_B2/B_121_n_8/phi_2.0/results_seed_54.pt,,
vary_B2,121,8,2.0,54,VI_best_tau_by_ELBO,8.136332511901855,,0.22227130830287933,4.557516216071983,1.6164341813855179,-1800.1168212890625,0.2,,../data/results/vary_B2/B_121_n_8/phi_2.0/results_seed_54.pt,8.0,8.0
vary_B2,121,8,2.0,55,GPArealModel,7.8912529945373535,,0.4831158641348095,4.585036476857301,1.7982245201120604,,,9.490552509734774,../data/results/vary_B2/B_121_n_8/phi_2.0/results_seed_55.pt,,
vary_B2,121,8,2.0,55,GPmodel,7.945050239562988,,0.5515960185551672,2.898070558211842,1.0657022255246877,,,5.2539729452778765,../data/results/vary_B2/B_121_n_8/phi_2.0/results_seed_55.pt,,
vary_B2,121,8,2.0,55,VI_best_tau_by_ELBO,8.121814727783203,,0.22088900208473206,5.457895318806924,1.517366580256417,-1803.9204833984375,0.2,,../data/results/vary_B2/B_121_n_8/phi_2.0/results_seed_55.pt,8.0,8.0
vary_B2,121,8,2.0,56,GPArealModel,7.9911651611328125,,0.23964525748576979,9.246270452348208,0.9687641407922412,,,38.58315640941592,../data/results/vary_B2/B_121_n_8/phi_2.0/results_seed_56.pt,,
vary_B2,121,8,2.0,56,GPmodel,7.92741060256958,,0.322870407794352,4.816602531118451,1.0001172272043493,,,14.918067481075322,../data/results/vary_B2/B_121_n_8/phi_2.0/results_seed_56.pt,,
vary_B2,121,8,2.0,56,VI_best_tau_by_ELBO,8.15485668182373,,0.21719487011432648,6.14032622968847,1.4285827270330935,-1812.9508544921875,0.2,,../data/results/vary_B2/B_121_n_8/phi_2.0/results_seed_56.pt,8.0,8.0
vary_B2,121,8,2.0,57,GPArealModel,8.254335403442383,,0.5316774143613756,3.102787353306711,2.3224016303239985,,,5.835845701728038,../data/results/vary_B2/B_121_n_8/phi_2.0/results_seed_57.pt,,
vary_B2,121,8,2.0,57,GPmodel,7.932408332824707,,0.66917457639168,2.471235775378942,1.1269312499796518,,,3.6929612429454926,../data/results/vary_B2/B_121_n_8/phi_2.0/results_seed_57.pt,,
vary_B2,121,8,2.0,57,VI_best_tau_by_ELBO,8.285916328430176,,0.22022637724876404,3.988937159992108,1.6933441635886721,-1800.2116943359374,0.2,,../data/results/vary_B2/B_121_n_8/phi_2.0/results_seed_57.pt,8.0,8.0
vary_B2,121,8,2.0,58,GPArealModel,8.306757926940918,,0.6500679988100799,4.287491491511304,1.5935215465737687,,,6.595450782624837,../data/results/vary_B2/B_121_n_8/phi_2.0/results_seed_58.pt,,
vary_B2,121,8,2.0,58,GPmodel,7.990850925445557,,0.6428088465498181,2.7794873581327293,1.1924494473120728,,,4.323971851120622,../data/results/vary_B2/B_121_n_8/phi_2.0/results_seed_58.pt,,
vary_B2,121,8,2.0,58,VI_best_tau_by_ELBO,8.331538200378418,,0.22098739445209503,4.768741570553456,1.770464250252277,-1839.2792236328125,0.2,,../data/results/vary_B2/B_121_n_8/phi_2.0/results_seed_58.pt,8.0,8.0
vary_B2,121,8,2.0,59,GPArealModel,8.006988525390625,,0.6174948917966879,2.540784330883073,1.4716224989148616,,,4.1146645334835155,../data/results/vary_B2/B_121_n_8/phi_2.0/results_seed_59.pt,,
vary_B2,121,8,2.0,59,GPmodel,7.951615333557129,,0.9230723864885326,1.7749627978819755,1.1938485718360738,,,1.9228858146587249,../data/results/vary_B2/B_121_n_8/phi_2.0/results_seed_59.pt,,
vary_B2,121,8,2.0,59,VI_best_tau_by_ELBO,8.1307373046875,,0.2180624008178711,3.022719935782576,1.745449059055449,-1778.5185302734376,0.2,,../data/results/vary_B2/B_121_n_8/phi_2.0/results_seed_59.pt,8.0,8.0
vary_B2,121,8,2.0,60,GPArealModel,7.741865158081055,,0.4282835893719863,4.951564907503905,1.4447290559080443,,,11.561416384794555,../data/results/vary_B2/B_121_n_8/phi_2.0/results_seed_60.pt,,
vary_B2,121,8,2.0,60,GPmodel,7.956581115722656,,0.4878165450874409,2.982542307403872,1.0660712738120273,,,6.11406549744895,../data/results/vary_B2/B_121_n_8/phi_2.0/results_seed_60.pt,,
vary_B2,121,8,2.0,60,VI_best_tau_by_ELBO,8.187049865722656,,0.22063353657722473,4.779390063845477,1.4774645467989933,-1784.697705078125,0.2,,../data/results/vary_B2/B_121_n_8/phi_2.0/results_seed_60.pt,8.0,8.0
vary_B2,121,8,2.0,61,GPArealModel,8.568024635314941,,0.5345491341118622,3.584272121428295,1.3540632465083937,,,6.70522481976041,../data/results/vary_B2/B_121_n_8/phi_2.0/results_seed_61.pt,,
vary_B2,121,8,2.0,61,GPmodel,7.9584784507751465,,0.556590952478737,2.6947560366748755,1.0548648175596416,,,4.841537622331044,../data/results/vary_B2/B_121_n_8/phi_2.0/results_seed_61.pt,,
vary_B2,121,8,2.0,61,VI_best_tau_by_ELBO,8.39232349395752,,0.22065816819667816,4.409256502600393,1.519717400277828,-1775.7374755859375,0.2,,../data/results/vary_B2/B_121_n_8/phi_2.0/results_seed_61.pt,8.0,8.0
vary_B2,121,8,2.0,62,GPArealModel,7.786248207092285,,0.3750001394055234,4.8480609930634655,2.6941423776282245,,,12.928157842151613,../data/results/vary_B2/B_121_n_8/phi_2.0/results_seed_62.pt,,
vary_B2,121,8,2.0,62,GPmodel,7.95803689956665,,0.6737273356344429,2.619675577324369,1.3662221268368258,,,3.8883320280561935,../data/results/vary_B2/B_121_n_8/phi_2.0/results_seed_62.pt,,
vary_B2,121,8,2.0,62,VI_best_tau_by_ELBO,8.140618324279785,,0.21921049058437347,4.564836391921962,1.7521918582462221,-1832.3146240234375,0.2,,../data/results/vary_B2/B_121_n_8/phi_2.0/results_seed_62.pt,8.0,8.0
vary_B2,121,8,2.0,63,GPArealModel,8.177724838256836,,0.2628800212771404,6.007956183621177,1.6904376487765176,,,22.85436586026182,../data/results/vary_B2/B_121_n_8/phi_2.0/results_seed_63.pt,,
vary_B2,121,8,2.0,63,GPmodel,7.979129791259766,,0.3992434876183338,3.3968074921322877,1.2147733700277583,,,8.508109956647672,../data/results/vary_B2/B_121_n_8/phi_2.0/results_seed_63.pt,,
vary_B2,121,8,2.0,63,VI_best_tau_by_ELBO,8.150956153869629,,0.21969670057296753,5.474411576116487,1.378048245543107,-1782.7286865234375,0.2,,../data/results/vary_B2/B_121_n_8/phi_2.0/results_seed_63.pt,8.0,8.0
vary_B2,121,8,2.0,64,GPArealModel,7.622823715209961,,0.47629198778649523,4.138154597084323,1.2376022068237151,,,8.68827253701213,../data/results/vary_B2/B_121_n_8/phi_2.0/results_seed_64.pt,,
vary_B2,121,8,2.0,64,GPmodel,7.961934566497803,,0.6329485506744136,2.2511185715736106,1.1537396088005065,,,3.556558537301364,../data/results/vary_B2/B_121_n_8/phi_2.0/results_seed_64.pt,,
vary_B2,121,8,2.0,64,VI_best_tau_by_ELBO,8.095904350280762,,0.21838778257369995,3.5212817751727123,1.7516430345684122,-1802.42080078125,0.2,,../data/results/vary_B2/B_121_n_8/phi_2.0/results_seed_64.pt,8.0,8.0
vary_B2,121,8,2.0,65,GPArealModel,7.926684379577637,,0.5242483886335818,5.28584191798199,0.9449252581818053,,,10.082705130976525,../data/results/vary_B2/B_121_n_8/phi_2.0/results_seed_65.pt,,
vary_B2,121,8,2.0,65,GPmodel,7.959710121154785,,0.5826803726052324,2.9402354442335135,0.9923077028041811,,,5.046051973721674,../data/results/vary_B2/B_121_n_8/phi_2.0/results_seed_65.pt,,
vary_B2,121,8,2.0,65,VI_best_tau_by_ELBO,8.137598991394043,,0.2212405502796173,6.095607712559511,1.400854497241125,-1790.8763916015625,0.2,,../data/results/vary_B2/B_121_n_8/phi_2.0/results_seed_65.pt,8.0,8.0
vary_B2,121,8,2.0,66,GPArealModel,8.108352661132812,,0.30903583188346573,6.828174379451395,1.6239857827300233,,,22.09508954944173,../data/results/vary_B2/B_121_n_8/phi_2.0/results_seed_66.pt,,
vary_B2,121,8,2.0,66,GPmodel,7.972241401672363,,0.39272736613372605,4.1223045077042215,1.1077312891166053,,,10.496606203654654,../data/results/vary_B2/B_121_n_8/phi_2.0/results_seed_66.pt,,
vary_B2,121,8,2.0,66,VI_best_tau_by_ELBO,8.192761421203613,,0.21960219740867615,6.271727050073742,1.5025695661806562,-1829.0522216796876,0.2,,../data/results/vary_B2/B_121_n_8/phi_2.0/results_seed_66.pt,8.0,8.0
vary_B2,121,8,2.0,67,GPArealModel,7.681654453277588,,0.5877741975219709,2.7670449517256688,1.199997486609103,,,4.707666589298073,../data/results/vary_B2/B_121_n_8/phi_2.0/results_seed_67.pt,,
vary_B2,121,8,2.0,67,GPmodel,7.939013957977295,,0.8569729242205896,1.6669389998605608,1.0534281242389127,,,1.9451478019292492,../data/results/vary_B2/B_121_n_8/phi_2.0/results_seed_67.pt,,
vary_B2,121,8,2.0,67,VI_best_tau_by_ELBO,8.082568168640137,,0.21743281185626984,2.6866063674866747,1.7147395695200915,-1760.6505615234375,0.2,,../data/results/vary_B2/B_121_n_8/phi_2.0/results_seed_67.pt,8.0,8.0
vary_B2,121,8,2.0,68,GPArealModel,7.8523430824279785,,0.30950032704174374,5.374482665436605,0.7265608993153103,,,17.36503065055477,../data/results/vary_B2/B_121_n_8/phi_2.0/results_seed_68.pt,,
vary_B2,121,8,2.0,68,GPmodel,7.938275337219238,,0.41790228915780675,3.2085329369114475,1.023861903396645,,,7.677710843311157,../data/results/vary_B2/B_121_n_8/phi_2.0/results_seed_68.pt,,
vary_B2,121,8,2.0,68,VI_best_tau_by_ELBO,8.176735877990723,,0.22023016214370728,4.507056275551128,1.4681671401576406,-1780.301123046875,0.2,,../data/results/vary_B2/B_121_n_8/phi_2.0/results_seed_68.pt,8.0,8.0
vary_B2,121,8,2.0,69,GPArealModel,7.362303256988525,,0.3357676844554089,7.645767825770997,0.5765016497136982,,,22.771005608153995,../data/results/vary_B2/B_121_n_8/phi_2.0/results_seed_69.pt,,
vary_B2,121,8,2.0,69,GPmodel,7.8828229904174805,,0.45760307330225625,3.4396453529907816,1.0358672976659342,,,7.516657019300273,../data/results/vary_B2/B_121_n_8/phi_2.0/results_seed_69.pt,,
vary_B2,121,8,2.0,69,VI_best_tau_by_ELBO,7.978166103363037,,0.21898791193962097,6.071369010847909,1.4185538081692455,-1798.55537109375,0.2,,../data/results/vary_B2/B_121_n_8/phi_2.0/results_seed_69.pt,8.0,8.0
vary_B2,121,8,2.0,70,GPArealModel,8.106595993041992,,0.34764248726377256,4.474430101875349,1.318536484960617,,,12.870780372942132,../data/results/vary_B2/B_121_n_8/phi_2.0/results_seed_70.pt,,
vary_B2,121,8,2.0,70,GPmodel,7.937528610229492,,0.40398889137831034,3.135112405832482,1.032153798918433,,,7.760392606678497,../data/results/vary_B2/B_121_n_8/phi_2.0/results_seed_70.pt,,
vary_B2,121,8,2.0,70,VI_best_tau_by_ELBO,8.221699714660645,,0.2203417271375656,3.705968017830806,1.5591040903232378,-1780.4839599609375,0.2,,../data/results/vary_B2/B_121_n_8/phi_2.0/results_seed_70.pt,8.0,8.0
vary_B2,121,8,2.0,71,GPArealModel,7.7521443367004395,,0.5272611920078533,3.9281051063155834,2.187778193044595,,,7.450017497697947,../data/results/vary_B2/B_121_n_8/phi_2.0/results_seed_71.pt,,
vary_B2,121,8,2.0,71,GPmodel,7.942195415496826,,0.6021372562091831,2.6238717354469783,1.1491008451761575,,,4.3575973889505395,../data/results/vary_B2/B_121_n_8/phi_2.0/results_seed_71.pt,,
vary_B2,121,8,2.0,71,VI_best_tau_by_ELBO,8.141891479492188,,0.2209848165512085,4.390717279192972,1.6937193952468432,-1815.6275390625,0.2,,../data/results/vary_B2/B_121_n_8/phi_2.0/results_seed_71.pt,8.0,8.0
vary_B2,121,8,2.0,72,GPArealModel,7.641807556152344,,0.4062434728472963,5.8840948187793725,0.986523124249383,,,14.484158422383214,../data/results/vary_B2/B_121_n_8/phi_2.0/results_seed_72.pt,,
vary_B2,121,8,2.0,72,GPmodel,7.903263568878174,,0.48601457355306277,3.3784789208711192,1.1062577954380652,,,6.951394268226113,../data/results/vary_B2/B_121_n_8/phi_2.0/results_seed_72.pt,,
vary_B2,121,8,2.0,72,VI_best_tau_by_ELBO,8.069965362548828,,0.21982993185520172,5.293788953341699,1.6510311719720294,-1833.777685546875,0.2,,../data/results/vary_B2/B_121_n_8/phi_2.0/results_seed_72.pt,8.0,8.0
vary_B2,121,8,2.0,73,GPArealModel,7.723082542419434,,0.8552229906720096,3.645095354386756,1.2454335514266186,,,4.262157816317058,../data/results/vary_B2/B_121_n_8/phi_2.0/results_seed_73.pt,,
vary_B2,121,8,2.0,73,GPmodel,7.965636253356934,,0.8049819725239982,2.3521664223063232,1.0551253755746066,,,2.922011302850885,../data/results/vary_B2/B_121_n_8/phi_2.0/results_seed_73.pt,,
vary_B2,121,8,2.0,73,VI_best_tau_by_ELBO,8.127058982849121,,0.22221970558166504,5.350924732521734,1.5920581474138376,-1810.7739501953124,0.2,,../data/results/vary_B2/B_121_n_8/phi_2.0/results_seed_73.pt,8.0,8.0
vary_B2,121,8,2.0,74,GPArealModel,7.89512300491333,,0.2609413819896961,7.682343885801602,0.7923349193297866,,,29.440879891197014,../data/results/vary_B2/B_121_n_8/phi_2.0/results_seed_74.pt,,
vary_B2,121,8,2.0,74,GPmodel,7.952679634094238,,0.3921870515083729,3.6324949782133755,1.2437064798928306,,,9.262149181729995,../data/results/vary_B2/B_121_n_8/phi_2.0/results_seed_74.pt,,
vary_B2,121,8,2.0,74,VI_best_tau_by_ELBO,8.097992897033691,,0.21831029653549194,5.50568745067662,1.4577271088979378,-1804.6435302734376,0.2,,../data/results/vary_B2/B_121_n_8/phi_2.0/results_seed_74.pt,8.0,8.0
vary_B2,121,8,2.0,75,GPArealModel,7.966476917266846,,0.3510612206430412,5.652385105071331,2.5892182437189235,,,16.100852992870642,../data/results/vary_B2/B_121_n_8/phi_2.0/results_seed_75.pt,,
vary_B2,121,8,2.0,75,GPmodel,7.963745594024658,,0.5762890214271345,2.986495760784628,1.2226254338119689,,,5.182288139706021,../data/results/vary_B2/B_121_n_8/phi_2.0/results_seed_75.pt,,
vary_B2,121,8,2.0,75,VI_best_tau_by_ELBO,8.211493492126465,,0.21818622946739197,4.779631627121714,1.764554667487645,-1840.3021240234375,0.2,,../data/results/vary_B2/B_121_n_8/phi_2.0/results_seed_75.pt,8.0,8.0
vary_B2,121,8,2.0,76,GPArealModel,8.067171096801758,,0.5609202066997938,3.4928786453933123,1.3291178353376458,,,6.227050841943926,../data/results/vary_B2/B_121_n_8/phi_2.0/results_seed_76.pt,,
vary_B2,121,8,2.0,76,GPmodel,7.922316074371338,,0.6808313861827744,2.2691828784171584,1.0651697207987558,,,3.3329586803273177,../data/results/vary_B2/B_121_n_8/phi_2.0/results_seed_76.pt,,
vary_B2,121,8,2.0,76,VI_best_tau_by_ELBO,8.180606842041016,,0.22074896097183228,4.052383400741953,1.5728697858718432,-1776.00595703125,0.2,,../data/results/vary_B2/B_121_n_8/phi_2.0/results_seed_76.pt,8.0,8.0
vary_B2,121,8,2.0,77,GPArealModel,8.179511070251465,,0.2520970237217362,6.1016133440530815,2.0552268005791468,,,24.203432686250277,../data/results/vary_B2/B_121_n_8/phi_2.0/results_seed_77.pt,,
vary_B2,121,8,2.0,77,GPmodel,8.055258750915527,,0.31765407823119324,4.556185184595923,0.9461816000777855,,,14.34322899289165,../data/results/vary_B2/B_121_n_8/phi_2.0/results_seed_77.pt,,
vary_B2,121,8,2.0,77,VI_best_tau_by_ELBO,8.257061004638672,,0.2193044275045395,5.324858134638274,1.4363116148070405,-1797.0236083984375,0.2,,../data/results/vary_B2/B_121_n_8/phi_2.0/results_seed_77.pt,8.0,8.0
vary_B2,121,8,2.0,78,GPArealModel,7.749273300170898,,0.3647128532386583,7.052604042741612,1.358131685551549,,,19.337415668557686,../data/results/vary_B2/B_121_n_8/phi_2.0/results_seed_78.pt,,
vary_B2,121,8,2.0,78,GPmodel,7.8780317306518555,,0.40791381323911907,3.7594319325804846,1.220679076772544,,,9.216240810106388,../data/results/vary_B2/B_121_n_8/phi_2.0/results_seed_78.pt,,
vary_B2,121,8,2.0,78,VI_best_tau_by_ELBO,8.10742473602295,,0.21894577145576477,5.545858210644794,1.599953552132387,-1834.2411865234376,0.2,,../data/results/vary_B2/B_121_n_8/phi_2.0/results_seed_78.pt,8.0,8.0
vary_B2,121,8,2.0,79,GPArealModel,7.4349284172058105,,0.46441378936448047,4.725202078233901,1.703052526214649,,,10.174551631423405,../data/results/vary_B2/B_121_n_8/phi_2.0/results_seed_79.pt,,
vary_B2,121,8,2.0,79,GPmodel,7.9354987144470215,,0.6150925300839065,2.5329720866419705,1.3215265207173246,,,4.118034218845806,../data/results/vary_B2/B_121_n_8/phi_2.0/results_seed_79.pt,,
vary_B2,121,8,2.0,79,VI_best_tau_by_ELBO,8.081404685974121,,0.2194204181432724,4.327192201892724,1.6374774759932595,-1803.3217529296876,0.2,,../data/results/vary_B2/B_121_n_8/phi_2.0/results_seed_79.pt,8.0,8.0
vary_B2,121,8,2.0,80,GPArealModel,8.045248985290527,,0.6042867780537331,2.676582250272511,1.3256490177375522,,,4.429324531794587,../data/results/vary_B2/B_121_n_8/phi_2.0/results_seed_80.pt,,
vary_B2,121,8,2.0,80,GPmodel,8.001114845275879,,0.7599345105142332,1.8780914157519426,1.1179680650755914,,,2.471385875713256,../data/results/vary_B2/B_121_n_8/phi_2.0/results_seed_80.pt,,
vary_B2,121,8,2.0,80,VI_best_tau_by_ELBO,8.23827838897705,,0.21711747348308563,2.8074423320741047,1.6674587381623887,-1752.01064453125,0.2,,../data/results/vary_B2/B_121_n_8/phi_2.0/results_seed_80.pt,8.0,8.0
vary_B2,121,8,2.0,81,GPArealModel,7.764616966247559,,0.6250799278102425,4.6665439496005385,1.2586546297658452,,,7.465515595658635,../data/results/vary_B2/B_121_n_8/phi_2.0/results_seed_81.pt,,
vary_B2,121,8,2.0,81,GPmodel,7.943511962890625,,0.7146773556619094,2.63417158159349,1.0584480398721308,,,3.6858192871576456,../data/results/vary_B2/B_121_n_8/phi_2.0/results_seed_81.pt,,
vary_B2,121,8,2.0,81,VI_best_tau_by_ELBO,8.22669506072998,,0.2185831069946289,4.404160932486803,1.8636600444638143,-1842.178515625,0.2,,../data/results/vary_B2/B_121_n_8/phi_2.0/results_seed_81.pt,8.0,8.0
vary_B2,121,8,2.0,82,GPArealModel,8.044721603393555,,0.4035005872695112,4.656308230625555,1.8856124351718964,,,11.539780554310457,../data/results/vary_B2/B_121_n_8/phi_2.0/results_seed_82.pt,,
vary_B2,121,8,2.0,82,GPmodel,7.913873195648193,,0.5526948316937627,2.8907133082412413,1.1090261700863675,,,5.230215921112374,../data/results/vary_B2/B_121_n_8/phi_2.0/results_seed_82.pt,,
vary_B2,121,8,2.0,82,VI_best_tau_by_ELBO,8.095398902893066,,0.21954545378684998,5.281550589616539,1.5706487176729713,-1810.81396484375,0.2,,../data/results/vary_B2/B_121_n_8/phi_2.0/results_seed_82.pt,8.0,8.0
vary_B2,121,8,2.0,83,GPArealModel,7.772085666656494,,0.800721842522313,3.547434345869905,0.8994798422734962,,,4.430295462773081,../data/results/vary_B2/B_121_n_8/phi_2.0/results_seed_83.pt,,
vary_B2,121,8,2.0,83,GPmodel,7.906131744384766,,0.9190505485362689,1.8831689479002178,1.1562616169596944,,,2.0490374015873853,../data/results/vary_B2/B_121_n_8/phi_2.0/results_seed_83.pt,,
vary_B2,121,8,2.0,83,VI_best_tau_by_ELBO,8.178838729858398,,0.22003179788589478,3.9884333135770285,1.6805008809479145,-1792.996435546875,0.2,,../data/results/vary_B2/B_121_n_8/phi_2.0/results_seed_83.pt,8.0,8.0
vary_B2,121,8,2.0,84,GPArealModel,7.605215072631836,,0.4956628333031746,4.52348820697995,2.2166965874849467,,,9.12613959137246,../data/results/vary_B2/B_121_n_8/phi_2.0/results_seed_84.pt,,
vary_B2,121,8,2.0,84,GPmodel,7.96821928024292,,0.6263919717181128,2.6513820346291683,1.0639792840769868,,,4.23278418999651,../data/results/vary_B2/B_121_n_8/phi_2.0/results_seed_84.pt,,
vary_B2,121,8,2.0,84,VI_best_tau_by_ELBO,8.094456672668457,,0.2201227992773056,5.021001349520026,1.5988418809673204,-1809.2155029296875,0.2,,../data/results/vary_B2/B_121_n_8/phi_2.0/results_seed_84.pt,8.0,8.0
vary_B2,121,8,2.0,85,GPArealModel,8.204512596130371,,0.5662127942900846,3.785232299797322,0.820118887505827,,,6.685176205781841,../data/results/vary_B2/B_121_n_8/phi_2.0/results_seed_85.pt,,
vary_B2,121,8,2.0,85,GPmodel,7.917039394378662,,0.7521066664192644,2.137530103563524,1.0808144478814468,,,2.842057116366458,../data/results/vary_B2/B_121_n_8/phi_2.0/results_seed_85.pt,,
vary_B2,121,8,2.0,85,VI_best_tau_by_ELBO,8.19063949584961,,0.21932080388069153,3.783683421522459,1.6928413278985974,-1792.271240234375,0.2,,../data/results/vary_B2/B_121_n_8/phi_2.0/results_seed_85.pt,8.0,8.0
vary_B2,121,8,2.0,86,GPArealModel,7.876752853393555,,0.43999310401746905,5.482158911284457,1.7046180194933502,,,12.45964734726115,../data/results/vary_B2/B_121_n_8/phi_2.0/results_seed_86.pt,,
vary_B2,121,8,2.0,86,GPmodel,7.9398322105407715,,0.5037639430261922,3.5706716505865934,1.0799593967927557,,,7.087985752090525,../data/results/vary_B2/B_121_n_8/phi_2.0/results_seed_86.pt,,
vary_B2,121,8,2.0,86,VI_best_tau_by_ELBO,8.20453929901123,,0.22103987634181976,5.659735080890344,1.635435179779678,-1840.0562744140625,0.2,,../data/results/vary_B2/B_121_n_8/phi_2.0/results_seed_86.pt,8.0,8.0
vary_B2,121,8,2.0,87,GPArealModel,7.937717437744141,,0.5263814932256453,4.252790393775423,1.334713316824043,,,8.07929315241402,../data/results/vary_B2/B_121_n_8/phi_2.0/results_seed_87.pt,,
vary_B2,121,8,2.0,87,GPmodel,7.9922261238098145,,0.6053294698712947,2.629411297095482,1.0848532834220979,,,4.34376885310829,../data/results/vary_B2/B_121_n_8/phi_2.0/results_seed_87.pt,,
vary_B2,121,8,2.0,87,VI_best_tau_by_ELBO,8.187932968139648,,0.22046905755996704,4.745076960644794,1.6065260441597882,-1806.2141357421874,0.2,,../data/results/vary_B2/B_121_n_8/phi_2.0/results_seed_87.pt,8.0,8.0
vary_B2,121,8,2.0,88,GPArealModel,8.202885627746582,,0.2922290932503248,5.326132170999225,1.265891576814307,,,18.225879263967858,../data/results/vary_B2/B_121_n_8/phi_2.0/results_seed_88.pt,,
vary_B2,121,8,2.0,88,GPmodel,7.967163562774658,,0.44370298309947176,2.835769861884666,1.097156076964849,,,6.391144459015114,../data/results/vary_B2/B_121_n_8/phi_2.0/results_seed_88.pt,,
vary_B2,121,8,2.0,88,VI_best_tau_by_ELBO,8.155472755432129,,0.21768254041671753,3.7085297003564217,1.5930443623376371,-1782.71181640625,0.2,,../data/results/vary_B2/B_121_n_8/phi_2.0/results_seed_88.pt,8.0,8.0
vary_B2,121,8,2.0,89,GPArealModel,7.8860321044921875,,0.49211262546846335,5.224493542178115,1.491918830985514,,,10.616459061997633,../data/results/vary_B2/B_121_n_8/phi_2.0/results_seed_89.pt,,
vary_B2,121,8,2.0,89,GPmodel,7.941196441650391,,0.5327963119931834,3.4526228634222385,0.9349644216289273,,,6.480192872405639,../data/results/vary_B2/B_121_n_8/phi_2.0/results_seed_89.pt,,
vary_B2,121,8,2.0,89,VI_best_tau_by_ELBO,8.129157066345215,,0.22192296385765076,6.190589584195818,1.4538301322998601,-1808.724072265625,0.2,,../data/results/vary_B2/B_121_n_8/phi_2.0/results_seed_89.pt,8.0,8.0
vary_B2,121,8,2.0,90,GPArealModel,7.996644496917725,,0.6746674101788569,3.4337069888780345,1.069291855038493,,,5.089481034763107,../data/results/vary_B2/B_121_n_8/phi_2.0/results_seed_90.pt,,
vary_B2,121,8,2.0,90,GPmodel,7.9922895431518555,,0.6623982806376313,1.9956923725543334,0.9720416943073943,,,3.012828431005678,../data/results/vary_B2/B_121_n_8/phi_2.0/results_seed_90.pt,,
vary_B2,121,8,2.0,90,VI_best_tau_by_ELBO,8.204803466796875,,0.2195637971162796,3.4885575316801645,1.5066948402892775,-1742.6782958984375,0.2,,../data/results/vary_B2/B_121_n_8/phi_2.0/results_seed_90.pt,8.0,8.0
vary_B2,121,8,2.0,91,GPArealModel,7.850810527801514,,0.3295045490650504,5.7843150958081,2.3218120107469287,,,17.55458342599746,../data/results/vary_B2/B_121_n_8/phi_2.0/results_seed_91.pt,,
vary_B2,121,8,2.0,91,GPmodel,8.033076286315918,,0.46114352784507706,3.4546332166588343,1.119408681840644,,,7.491448991602093,../data/results/vary_B2/B_121_n_8/phi_2.0/results_seed_91.pt,,
vary_B2,121,8,2.0,91,VI_best_tau_by_ELBO,8.321370124816895,,0.2195058912038803,4.797633144826381,1.6877725419976453,-1830.1996826171876,0.2,,../data/results/vary_B2/B_121_n_8/phi_2.0/results_seed_91.pt,8.0,8.0
vary_B2,121,8,2.0,92,GPArealModel,7.545837879180908,,0.39263028019585705,5.516184592301537,1.2084036360220116,,,14.049310179413265,../data/results/vary_B2/B_121_n_8/phi_2.0/results_seed_92.pt,,
vary_B2,121,8,2.0,92,GPmodel,7.963864803314209,,0.5147985961040609,2.9499934918905852,1.084283588504108,,,5.730383715526443,../data/results/vary_B2/B_121_n_8/phi_2.0/results_seed_92.pt,,
vary_B2,121,8,2.0,92,VI_best_tau_by_ELBO,8.056914329528809,,0.2182442545890808,4.234652999912673,1.741232819696362,-1823.2020751953125,0.2,,../data/results/vary_B2/B_121_n_8/phi_2.0/results_seed_92.pt,8.0,8.0
vary_B2,121,8,2.0,93,GPArealModel,8.052448272705078,,0.7373134606604306,3.0725382019736958,0.9682882257361215,,,4.167207525577445,../data/results/vary_B2/B_121_n_8/phi_2.0/results_seed_93.pt,,
vary_B2,121,8,2.0,93,GPmodel,7.968318462371826,,0.8659019078405192,1.9255964566639072,1.1128722245707967,,,2.223804381568081,../data/results/vary_B2/B_121_n_8/phi_2.0/results_seed_93.pt,,
vary_B2,121,8,2.0,93,VI_best_tau_by_ELBO,8.176773071289062,,0.2188415229320526,3.4533095078496947,1.8256121860283843,-1807.981591796875,0.2,,../data/results/vary_B2/B_121_n_8/phi_2.0/results_seed_93.pt,8.0,8.0
vary_B2,121,8,2.0,94,GPArealModel,8.12752914428711,,0.3761659375097612,5.300256030077654,0.774763239869308,,,14.09020727704809,../data/results/vary_B2/B_121_n_8/phi_2.0/results_seed_94.pt,,
vary_B2,121,8,2.0,94,GPmodel,7.87186861038208,,0.5023866142524694,3.0301024902975957,1.0228218561785245,,,6.031415655463399,../data/results/vary_B2/B_121_n_8/phi_2.0/results_seed_94.pt,,
vary_B2,121,8,2.0,94,VI_best_tau_by_ELBO,8.112907409667969,,0.2197086364030838,4.963990900240633,1.4732557615368194,-1783.73935546875,0.2,,../data/results/vary_B2/B_121_n_8/phi_2.0/results_seed_94.pt,8.0,8.0
vary_B2,121,8,2.0,95,GPArealModel,7.77686882019043,,0.645224056654954,3.6563687967191254,1.7380706583935128,,,5.6668203223464735,../data/results/vary_B2/B_121_n_8/phi_2.0/results_seed_95.pt,,
vary_B2,121,8,2.0,95,GPmodel,7.933604717254639,,0.7608399655340783,2.4005466452536517,1.004842372483495,,,3.155126904471385,../data/results/vary_B2/B_121_n_8/phi_2.0/results_seed_95.pt,,
vary_B2,121,8,2.0,95,VI_best_tau_by_ELBO,8.09228801727295,,0.22037509083747864,4.0979890817442035,1.7647683094856137,-1815.44150390625,0.2,,../data/results/vary_B2/B_121_n_8/phi_2.0/results_seed_95.pt,8.0,8.0
vary_B2,121,8,2.0,96,GPArealModel,7.743329048156738,,0.29649994211624814,4.9280519196824235,1.8925586147246398,,,16.62075170911936,../data/results/vary_B2/B_121_n_8/phi_2.0/results_seed_96.pt,,
vary_B2,121,8,2.0,96,GPmodel,7.927767276763916,,0.45595431500246014,2.7276898518279875,1.1117626315386828,,,5.982375343488679,../data/results/vary_B2/B_121_n_8/phi_2.0/results_seed_96.pt,,
vary_B2,121,8,2.0,96,VI_best_tau_by_ELBO,8.052254676818848,,0.21820464730262756,3.820919541438108,1.6057150636837612,-1785.921875,0.2,,../data/results/vary_B2/B_121_n_8/phi_2.0/results_seed_96.pt,8.0,8.0
vary_B2,121,8,2.0,97,GPArealModel,8.164811134338379,,0.42987648543278256,4.626465184868355,1.3843800796974122,,,10.762312761096048,../data/results/vary_B2/B_121_n_8/phi_2.0/results_seed_97.pt,,
vary_B2,121,8,2.0,97,GPmodel,7.931971073150635,,0.5636936587643305,2.8745020915013613,1.0839035274010513,,,5.099404697584394,../data/results/vary_B2/B_121_n_8/phi_2.0/results_seed_97.pt,,
vary_B2,121,8,2.0,97,VI_best_tau_by_ELBO,8.265097618103027,,0.2210947871208191,4.689194985833678,1.6028145356001604,-1804.2607421875,0.2,,../data/results/vary_B2/B_121_n_8/phi_2.0/results_seed_97.pt,8.0,8.0
vary_B2,121,8,2.0,98,GPArealModel,8.052989959716797,,0.43747861696217144,4.286754024922705,1.4666812009999175,,,9.798773834226916,../data/results/vary_B2/B_121_n_8/phi_2.0/results_seed_98.pt,,
vary_B2,121,8,2.0,98,GPmodel,7.986711025238037,,0.5958251898796989,2.6083263309183433,1.0760935319526004,,,4.377670456405144,../data/results/vary_B2/B_121_n_8/phi_2.0/results_seed_98.pt,,
vary_B2,121,8,2.0,98,VI_best_tau_by_ELBO,8.185949325561523,,0.21985623240470886,4.202420979497645,1.620989645324467,-1794.446044921875,0.2,,../data/results/vary_B2/B_121_n_8/phi_2.0/results_seed_98.pt,8.0,8.0
vary_B2,121,8,2.0,99,GPArealModel,7.8736443519592285,,0.4888042130506012,4.905019532472224,0.9872401732978847,,,10.034732519714298,../data/results/vary_B2/B_121_n_8/phi_2.0/results_seed_99.pt,,
vary_B2,121,8,2.0,99,GPmodel,7.986145496368408,,0.5813604107955943,2.6706144220869463,1.0951935222283624,,,4.593732859160807,../data/results/vary_B2/B_121_n_8/phi_2.0/results_seed_99.pt,,
vary_B2,121,8,2.0,99,VI_best_tau_by_ELBO,8.212136268615723,,0.21996372938156128,5.06983402278255,1.526551417400318,-1797.2466552734375,0.2,,../data/results/vary_B2/B_121_n_8/phi_2.0/results_seed_99.pt,8.0,8.0
vary_B2,121,8,2.0,100,GPArealModel,7.711916923522949,,0.3510187875523876,3.8861442249641502,0.8560591130720941,,,11.071043382212599,../data/results/vary_B2/B_121_n_8/phi_2.0/results_seed_100.pt,,
vary_B2,121,8,2.0,100,GPmodel,7.957766056060791,,0.6503797162240925,2.1318525144189144,0.9864700500991912,,,3.2778582437899573,../data/results/vary_B2/B_121_n_8/phi_2.0/results_seed_100.pt,,
vary_B2,121,8,2.0,100,VI_best_tau_by_ELBO,8.071210861206055,,0.21995466947555542,3.5796837401029804,1.5196505660868609,-1753.751513671875,0.2,,../data/results/vary_B2/B_121_n_8/phi_2.0/results_seed_100.pt,8.0,8.0
vary_B2,49,10,2.0,1,GPArealModel,7.767644882202148,,0.4285652523840186,6.0853296805892585,1.1629819369633012,,,14.199307215734,../data/results/vary_B2/B_49_n_10/phi_2.0/results_seed_1.pt,,
vary_B2,49,10,2.0,1,GPmodel,8.016044616699219,,0.520060088990816,3.355914241791308,1.0663113019834105,,,6.452935560395544,../data/results/vary_B2/B_49_n_10/phi_2.0/results_seed_1.pt,,
vary_B2,49,10,2.0,1,VI_best_tau_by_ELBO,8.231416702270508,,0.24614079296588898,2.971089889357589,3.4466025146584394,-1378.5520263671874,0.3,,../data/results/vary_B2/B_49_n_10/phi_2.0/results_seed_1.pt,10.0,10.0
vary_B2,49,10,2.0,2,GPArealModel,7.841784954071045,,0.9461210565057749,2.7059895360878516,0.6638904443115773,,,2.8600880590076314,../data/results/vary_B2/B_49_n_10/phi_2.0/results_seed_2.pt,,
vary_B2,49,10,2.0,2,GPmodel,8.017541885375977,,0.8815403871438589,1.789999763906779,0.9608738166592561,,,2.0305363089560506,../data/results/vary_B2/B_49_n_10/phi_2.0/results_seed_2.pt,,
vary_B2,49,10,2.0,2,VI_best_tau_by_ELBO,8.303791999816895,,0.2461477369070053,1.213090233214807,2.7848111425741244,-1293.1963134765624,0.3,,../data/results/vary_B2/B_49_n_10/phi_2.0/results_seed_2.pt,10.0,10.0
vary_B2,49,10,2.0,3,GPArealModel,7.491332530975342,,0.818332272369102,2.661428796374804,1.1377344660959852,,,3.252259364854168,../data/results/vary_B2/B_49_n_10/phi_2.0/results_seed_3.pt,,
vary_B2,49,10,2.0,3,GPmodel,7.898290157318115,,0.9203197860559589,1.6663673959420846,0.9323349189328946,,,1.810639542026279,../data/results/vary_B2/B_49_n_10/phi_2.0/results_seed_3.pt,,
vary_B2,49,10,2.0,3,VI_best_tau_by_ELBO,7.9041428565979,,0.24614658951759338,0.8539609115956895,3.3453904229663816,-1288.2119873046875,0.4,,../data/results/vary_B2/B_49_n_10/phi_2.0/results_seed_3.pt,10.0,10.0
vary_B2,49,10,2.0,4,GPArealModel,7.779489994049072,,0.6383784698194983,2.79007093016664,2.0590180259537667,,,4.370559256103254,../data/results/vary_B2/B_49_n_10/phi_2.0/results_seed_4.pt,,
vary_B2,49,10,2.0,4,GPmodel,7.905656814575195,,0.8365074686797337,1.9218866209880603,1.141774859486784,,,2.297512805260889,../data/results/vary_B2/B_49_n_10/phi_2.0/results_seed_4.pt,,
vary_B2,49,10,2.0,4,VI_best_tau_by_ELBO,7.976871490478516,,0.24613630771636963,0.8681822155206627,3.629973027511778,-1309.5455078125,0.4,,../data/results/vary_B2/B_49_n_10/phi_2.0/results_seed_4.pt,7.0,10.0
vary_B2,49,10,2.0,5,GPArealModel,7.795029640197754,,1.460420047641647,2.189268148868801,1.7595342994435976,,,1.4990674446054966,../data/results/vary_B2/B_49_n_10/phi_2.0/results_seed_5.pt,,
vary_B2,49,10,2.0,5,GPmodel,7.945880889892578,,1.4155915936807864,1.3329066507331335,1.1887017260976558,,,0.9415898319001333,../data/results/vary_B2/B_49_n_10/phi_2.0/results_seed_5.pt,,
vary_B2,49,10,2.0,5,VI_best_tau_by_ELBO,7.991321563720703,,0.24615398049354553,0.6629490647243701,3.3024635299313805,-1280.2530517578125,0.4,,../data/results/vary_B2/B_49_n_10/phi_2.0/results_seed_5.pt,8.0,10.0
vary_B2,49,10,2.0,6,GPArealModel,8.388790130615234,,0.5890577739930133,4.078374159247841,2.39532262737766,,,6.92355544618653,../data/results/vary_B2/B_49_n_10/phi_2.0/results_seed_6.pt,,
vary_B2,49,10,2.0,6,GPmodel,8.016581535339355,,0.6767613832841824,2.697543591565372,0.9890885470035433,,,3.985959687112691,../data/results/vary_B2/B_49_n_10/phi_2.0/results_seed_6.pt,,
vary_B2,49,10,2.0,6,VI_best_tau_by_ELBO,7.982567310333252,,0.2461417317390442,1.868137733118791,3.8909997123521354,-1351.11328125,0.4,,../data/results/vary_B2/B_49_n_10/phi_2.0/results_seed_6.pt,10.0,10.0
vary_B2,49,10,2.0,7,GPArealModel,8.176142692565918,,0.3451681587103332,3.7693937942369926,1.0786588645265336,,,10.920456302576525,../data/results/vary_B2/B_49_n_10/phi_2.0/results_seed_7.pt,,
vary_B2,49,10,2.0,7,GPmodel,7.887792587280273,,0.6983862376086738,1.851857596278326,0.9469167995483833,,,2.651623838721713,../data/results/vary_B2/B_49_n_10/phi_2.0/results_seed_7.pt,,
vary_B2,49,10,2.0,7,VI_best_tau_by_ELBO,7.983636379241943,,0.24611839652061462,1.2513838552735175,2.828933734573433,-1300.0541748046876,0.3,,../data/results/vary_B2/B_49_n_10/phi_2.0/results_seed_7.pt,10.0,10.0
vary_B2,49,10,2.0,8,GPArealModel,8.491451263427734,,0.5472828476760264,3.270751747634304,1.4229201881728937,,,5.976346164553073,../data/results/vary_B2/B_49_n_10/phi_2.0/results_seed_8.pt,,
vary_B2,49,10,2.0,8,GPmodel,7.923341274261475,,1.0461211114442628,1.7123841163293978,1.1884186700620785,,,1.6368889773816915,../data/results/vary_B2/B_49_n_10/phi_2.0/results_seed_8.pt,,
vary_B2,49,10,2.0,8,VI_best_tau_by_ELBO,8.301806449890137,,0.24613380432128906,1.1185586281557252,2.755498014869674,-1290.0385498046876,0.3,,../data/results/vary_B2/B_49_n_10/phi_2.0/results_seed_8.pt,10.0,10.0
vary_B2,49,10,2.0,9,GPArealModel,7.757855415344238,,0.22466706343932594,7.974752341824774,1.441074032423509,,,35.49586761736641,../data/results/vary_B2/B_49_n_10/phi_2.0/results_seed_9.pt,,
vary_B2,49,10,2.0,9,GPmodel,7.941200256347656,,0.49059447884504936,2.9848193864919685,1.286758821165906,,,6.084086786950372,../data/results/vary_B2/B_49_n_10/phi_2.0/results_seed_9.pt,,
vary_B2,49,10,2.0,9,VI_best_tau_by_ELBO,8.085142135620117,,0.24605852365493774,2.035306925072332,3.3639165057065497,-1361.13408203125,0.3,,../data/results/vary_B2/B_49_n_10/phi_2.0/results_seed_9.pt,7.0,10.0
vary_B2,49,10,2.0,10,GPArealModel,8.372903823852539,,0.3256952111341998,5.313849773324602,2.2282279946270886,,,16.31540652630314,../data/results/vary_B2/B_49_n_10/phi_2.0/results_seed_10.pt,,
vary_B2,49,10,2.0,10,GPmodel,7.9450531005859375,,0.39355959512216904,3.7294750645489527,0.9818414255275442,,,9.4762651216552,../data/results/vary_B2/B_49_n_10/phi_2.0/results_seed_10.pt,,
vary_B2,49,10,2.0,10,VI_best_tau_by_ELBO,8.165907859802246,,0.24618667364120483,2.905814277495775,2.778744883148556,-1376.16025390625,0.3,,../data/results/vary_B2/B_49_n_10/phi_2.0/results_seed_10.pt,10.0,10.0
vary_B2,49,10,2.0,11,GPArealModel,7.842467784881592,,1.1626894643670127,2.8628599641223715,2.0768271877886795,,,2.462273936300747,../data/results/vary_B2/B_49_n_10/phi_2.0/results_seed_11.pt,,
vary_B2,49,10,2.0,11,GPmodel,7.956055641174316,,1.0425873685926843,1.9179001799438875,1.1147308071137423,,,1.8395582353282551,../data/results/vary_B2/B_49_n_10/phi_2.0/results_seed_11.pt,,
vary_B2,49,10,2.0,11,VI_best_tau_by_ELBO,8.081804275512695,,0.24612577259540558,0.8095262676709405,3.7616801935842124,-1313.0781982421875,0.4,,../data/results/vary_B2/B_49_n_10/phi_2.0/results_seed_11.pt,10.0,10.0
vary_B2,49,10,2.0,12,GPArealModel,7.743492603302002,,0.36671820869732735,4.764650667198011,1.4794984698410725,,,12.992675449968013,../data/results/vary_B2/B_49_n_10/phi_2.0/results_seed_12.pt,,
vary_B2,49,10,2.0,12,GPmodel,7.939035415649414,,0.4517155868162838,3.4354663294684826,0.9007541844095033,,,7.605374775047808,../data/results/vary_B2/B_49_n_10/phi_2.0/results_seed_12.pt,,
vary_B2,49,10,2.0,12,VI_best_tau_by_ELBO,8.135812759399414,,0.24611547589302063,2.1180856994603903,3.0720901958085824,-1350.9166015625,0.3,,../data/results/vary_B2/B_49_n_10/phi_2.0/results_seed_12.pt,10.0,10.0
vary_B2,49,10,2.0,13,GPArealModel,8.482769012451172,,0.49344564010717346,3.564190098581437,1.9038336785261312,,,7.223065336654543,../data/results/vary_B2/B_49_n_10/phi_2.0/results_seed_13.pt,,
vary_B2,49,10,2.0,13,GPmodel,7.97329044342041,,0.8368384407051069,2.1950614906968084,1.108203491638951,,,2.6230409406710384,../data/results/vary_B2/B_49_n_10/phi_2.0/results_seed_13.pt,,
vary_B2,49,10,2.0,13,VI_best_tau_by_ELBO,8.18275260925293,,0.24611607193946838,1.2567947556473398,3.4042364649477674,-1336.00498046875,0.3,,../data/results/vary_B2/B_49_n_10/phi_2.0/results_seed_13.pt,8.0,10.0
vary_B2,49,10,2.0,14,GPArealModel,7.727241516113281,,1.0230792615548097,3.582526259397131,1.688535704407985,,,3.501709392440073,../data/results/vary_B2/B_49_n_10/phi_2.0/results_seed_14.pt,,
vary_B2,49,10,2.0,14,GPmodel,7.929126262664795,,0.9170628087292257,2.1536658624893605,1.181570043895299,,,2.3484387786630405,../data/results/vary_B2/B_49_n_10/phi_2.0/results_seed_14.pt,,
vary_B2,49,10,2.0,14,VI_best_tau_by_ELBO,8.096114158630371,,0.2461504340171814,1.1094427362713155,4.006523435499667,-1335.4093017578125,0.4,,../data/results/vary_B2/B_49_n_10/phi_2.0/results_seed_14.pt,10.0,10.0
vary_B2,49,10,2.0,15,GPArealModel,7.529222011566162,,0.1939855255841539,4.240115750606072,2.4525230640695614,,,21.85789758198554,../data/results/vary_B2/B_49_n_10/phi_2.0/results_seed_15.pt,,
vary_B2,49,10,2.0,15,GPmodel,7.927103519439697,,0.5543610346306931,2.3109396875847095,1.1790922571988658,,,4.168654618960048,../data/results/vary_B2/B_49_n_10/phi_2.0/results_seed_15.pt,,
vary_B2,49,10,2.0,15,VI_best_tau_by_ELBO,7.930234432220459,,0.24607086181640625,1.5676174765480977,3.0283666702139236,-1337.7303955078125,0.3,,../data/results/vary_B2/B_49_n_10/phi_2.0/results_seed_15.pt,10.0,10.0
vary_B2,49,10,2.0,16,GPArealModel,7.512340545654297,,0.8632688800586723,4.110242667568503,2.3043688009684526,,,4.761254300385703,../data/results/vary_B2/B_49_n_10/phi_2.0/results_seed_16.pt,,
vary_B2,49,10,2.0,16,GPmodel,7.899271488189697,,0.7248043529932429,2.522906880685172,1.0124567148350578,,,3.480810884021681,../data/results/vary_B2/B_49_n_10/phi_2.0/results_seed_16.pt,,
vary_B2,49,10,2.0,16,VI_best_tau_by_ELBO,7.889999866485596,,0.24613545835018158,1.5258489012571692,3.9648287475035846,-1342.917919921875,0.4,,../data/results/vary_B2/B_49_n_10/phi_2.0/results_seed_16.pt,10.0,10.0
vary_B2,49,10,2.0,17,GPArealModel,8.041444778442383,,0.7031777232379824,3.25102850644013,3.0819625997109976,,,4.623338309794346,../data/results/vary_B2/B_49_n_10/phi_2.0/results_seed_17.pt,,
vary_B2,49,10,2.0,17,GPmodel,7.982667922973633,,0.6016215200134958,2.470453309626304,1.0774300001095836,,,4.1063247032301735,../data/results/vary_B2/B_49_n_10/phi_2.0/results_seed_17.pt,,
vary_B2,49,10,2.0,17,VI_best_tau_by_ELBO,8.403663635253906,,0.24614176154136658,1.3274158820027653,3.1310182514370393,-1323.32666015625,0.3,,../data/results/vary_B2/B_49_n_10/phi_2.0/results_seed_17.pt,10.0,10.0
vary_B2,49,10,2.0,18,GPArealModel,8.620528221130371,,0.5490924595478629,4.165465469559055,1.8189520196924547,,,7.586091189431026,../data/results/vary_B2/B_49_n_10/phi_2.0/results_seed_18.pt,,
vary_B2,49,10,2.0,18,GPmodel,7.969435214996338,,0.641481514006803,2.8172036690487148,1.3657126944024347,,,4.391714503902038,../data/results/vary_B2/B_49_n_10/phi_2.0/results_seed_18.pt,,
vary_B2,49,10,2.0,18,VI_best_tau_by_ELBO,8.495616912841797,,0.24613776803016663,1.6945460974706192,3.4418397221297625,-1354.5584716796875,0.3,,../data/results/vary_B2/B_49_n_10/phi_2.0/results_seed_18.pt,5.0,10.0
vary_B2,49,10,2.0,19,GPArealModel,7.893678188323975,,0.41263037460798707,6.624431746485395,1.7379310151340652,,,16.05415440581375,../data/results/vary_B2/B_49_n_10/phi_2.0/results_seed_19.pt,,
vary_B2,49,10,2.0,19,GPmodel,7.9615983963012695,,0.46486136107557385,3.422087401526406,0.9143228016644035,,,7.361522570102502,../data/results/vary_B2/B_49_n_10/phi_2.0/results_seed_19.pt,,
vary_B2,49,10,2.0,19,VI_best_tau_by_ELBO,8.147830963134766,,0.24613860249519348,2.966340349034079,3.0903349817409618,-1369.216162109375,0.3,,../data/results/vary_B2/B_49_n_10/phi_2.0/results_seed_19.pt,10.0,10.0
vary_B2,49,10,2.0,20,GPArealModel,8.010764122009277,,0.5176617724479509,3.760592395843981,0.9165964964482969,,,7.26457427609665,../data/results/vary_B2/B_49_n_10/phi_2.0/results_seed_20.pt,,
vary_B2,49,10,2.0,20,GPmodel,8.001764297485352,,0.6059424982428154,2.1961224333281537,1.16741978819051,,,3.6243083125820226,../data/results/vary_B2/B_49_n_10/phi_2.0/results_seed_20.pt,,
vary_B2,49,10,2.0,20,VI_best_tau_by_ELBO,8.23892879486084,,0.24613797664642334,1.6398937533205526,2.9594166969383706,-1321.0171630859375,0.3,,../data/results/vary_B2/B_49_n_10/phi_2.0/results_seed_20.pt,8.0,10.0
vary_B2,49,10,2.0,21,GPArealModel,7.754062175750732,,0.5202515988701467,3.9744367935821536,0.6428887945019872,,,7.639451377398191,../data/results/vary_B2/B_49_n_10/phi_2.0/results_seed_21.pt,,
vary_B2,49,10,2.0,21,GPmodel,7.985077857971191,,0.5890363218196474,2.6316540492349128,1.1518200291538478,,,4.467727968124653,../data/results/vary_B2/B_49_n_10/phi_2.0/results_seed_21.pt,,
vary_B2,49,10,2.0,21,VI_best_tau_by_ELBO,8.218402862548828,,0.24612870812416077,1.842025263003764,3.2643519381625103,-1349.8376953125,0.3,,../data/results/vary_B2/B_49_n_10/phi_2.0/results_seed_21.pt,10.0,10.0
vary_B2,49,10,2.0,22,GPArealModel,7.928145885467529,,0.7337482691318653,4.698880551489223,1.6406070321995223,,,6.403940900669799,../data/results/vary_B2/B_49_n_10/phi_2.0/results_seed_22.pt,,
vary_B2,49,10,2.0,22,GPmodel,7.979460716247559,,0.8398849486605342,2.447784925665867,1.2884785913399637,,,2.9144288507249057,../data/results/vary_B2/B_49_n_10/phi_2.0/results_seed_22.pt,,
vary_B2,49,10,2.0,22,VI_best_tau_by_ELBO,8.267853736877441,,0.24613961577415466,2.142782308976214,3.44903816995148,-1357.532080078125,0.3,,../data/results/vary_B2/B_49_n_10/phi_2.0/results_seed_22.pt,10.0,10.0
vary_B2,49,10,2.0,23,GPArealModel,7.9960618019104,,0.5121820598947492,3.7861949061167017,1.7507969963139884,,,7.392283335528671,../data/results/vary_B2/B_49_n_10/phi_2.0/results_seed_23.pt,,
vary_B2,49,10,2.0,23,GPmodel,7.874547004699707,,0.7130263957404989,2.249823330044792,0.9969116425757976,,,3.1553156285445567,../data/results/vary_B2/B_49_n_10/phi_2.0/results_seed_23.pt,,
vary_B2,49,10,2.0,23,VI_best_tau_by_ELBO,7.894050121307373,,0.2461407631635666,1.6588651601626512,3.2023953785909978,-1332.6330322265626,0.3,,../data/results/vary_B2/B_49_n_10/phi_2.0/results_seed_23.pt,10.0,10.0
vary_B2,49,10,2.0,24,GPArealModel,7.814836025238037,,0.29328640563595065,5.066749557738427,3.2610349857449905,,,17.27577364778257,../data/results/vary_B2/B_49_n_10/phi_2.0/results_seed_24.pt,,
vary_B2,49,10,2.0,24,GPmodel,7.989299774169922,,0.508173933901922,2.762986396136889,1.0111943589143295,,,5.437087996469625,../data/results/vary_B2/B_49_n_10/phi_2.0/results_seed_24.pt,,
vary_B2,49,10,2.0,24,VI_best_tau_by_ELBO,8.223653793334961,,0.2460799664258957,1.86736410438697,3.104153031064369,-1341.3239990234374,0.3,,../data/results/vary_B2/B_49_n_10/phi_2.0/results_seed_24.pt,10.0,10.0
vary_B2,49,10,2.0,25,GPArealModel,7.5799174308776855,,0.2642653711462382,3.587803180288455,2.2763750136516996,,,13.57651653232708,../data/results/vary_B2/B_49_n_10/phi_2.0/results_seed_25.pt,,
vary_B2,49,10,2.0,25,GPmodel,7.850419998168945,,0.6992007502562692,1.9699901129337876,0.9166095675844977,,,2.8174885570585446,../data/results/vary_B2/B_49_n_10/phi_2.0/results_seed_25.pt,,
vary_B2,49,10,2.0,25,VI_best_tau_by_ELBO,7.931480407714844,,0.24607910215854645,1.0542671800587617,2.811291548913739,-1293.642333984375,0.3,,../data/results/vary_B2/B_49_n_10/phi_2.0/results_seed_25.pt,7.0,10.0
vary_B2,49,10,2.0,26,GPArealModel,8.546477317810059,,0.5729108298599419,4.505487557691086,0.6493986392635969,,,7.864203856632508,../data/results/vary_B2/B_49_n_10/phi_2.0/results_seed_26.pt,,
vary_B2,49,10,2.0,26,GPmodel,7.904379844665527,,0.5617450808928541,2.924738612406777,0.9624918488806784,,,5.206522872898347,../data/results/vary_B2/B_49_n_10/phi_2.0/results_seed_26.pt,,
vary_B2,49,10,2.0,26,VI_best_tau_by_ELBO,8.25422191619873,,0.24612726271152496,1.8555538891671575,3.271755920185119,-1344.1331298828125,0.3,,../data/results/vary_B2/B_49_n_10/phi_2.0/results_seed_26.pt,8.0,10.0
vary_B2,49,10,2.0,27,GPArealModel,7.5277252197265625,,0.399813541193094,3.5691234453210834,4.328180547614538,,,8.926969893691867,../data/results/vary_B2/B_49_n_10/phi_2.0/results_seed_27.pt,,
vary_B2,49,10,2.0,27,GPmodel,7.966224670410156,,0.6904272189972318,2.2201278949308434,0.8269992224715015,,,3.2155857038129674,../data/results/vary_B2/B_49_n_10/phi_2.0/results_seed_27.pt,,
vary_B2,49,10,2.0,27,VI_best_tau_by_ELBO,8.022692680358887,,0.24610209465026855,1.5246280731113657,2.9149460470222244,-1307.0906494140625,0.3,,../data/results/vary_B2/B_49_n_10/phi_2.0/results_seed_27.pt,10.0,10.0
vary_B2,49,10,2.0,28,GPArealModel,8.24881649017334,,0.6197016016111354,2.749794952597332,1.8316756900340616,,,4.4372887619594,../data/results/vary_B2/B_49_n_10/phi_2.0/results_seed_28.pt,,
vary_B2,49,10,2.0,28,GPmodel,7.951266765594482,,0.8718713959576684,2.0737970761805413,1.2545136776750498,,,2.3785584500139163,../data/results/vary_B2/B_49_n_10/phi_2.0/results_seed_28.pt,,
vary_B2,49,10,2.0,28,VI_best_tau_by_ELBO,8.310603141784668,,0.2461613416671753,1.1413824260356924,3.0728120659277702,-1316.00849609375,0.3,,../data/results/vary_B2/B_49_n_10/phi_2.0/results_seed_28.pt,7.0,10.0
vary_B2,49,10,2.0,29,GPArealModel,6.659056186676025,,0.48957474127475953,5.073272764319572,0.5582613475383544,,,10.36261133715709,../data/results/vary_B2/B_49_n_10/phi_2.0/results_seed_29.pt,,
vary_B2,49,10,2.0,29,GPmodel,7.890894889831543,,0.554233571350402,3.2603590271027625,0.9468481807997732,,,5.882644422204212,../data/results/vary_B2/B_49_n_10/phi_2.0/results_seed_29.pt,,
vary_B2,49,10,2.0,29,VI_best_tau_by_ELBO,7.90155553817749,,0.2461702823638916,2.661932195517334,3.901546967415378,-1376.81015625,0.4,,../data/results/vary_B2/B_49_n_10/phi_2.0/results_seed_29.pt,10.0,10.0
vary_B2,49,10,2.0,30,GPArealModel,8.197853088378906,,0.23402362389621434,5.702200297945453,1.6527269559773836,,,24.36591743607169,../data/results/vary_B2/B_49_n_10/phi_2.0/results_seed_30.pt,,
vary_B2,49,10,2.0,30,GPmodel,8.037729263305664,,0.39770739442899766,3.258268290928444,1.0869581081569115,,,8.192626882400447,../data/results/vary_B2/B_49_n_10/phi_2.0/results_seed_30.pt,,
vary_B2,49,10,2.0,30,VI_best_tau_by_ELBO,8.266197204589844,,0.24609318375587463,2.05030704609247,2.9556148143051004,-1352.672998046875,0.3,,../data/results/vary_B2/B_49_n_10/phi_2.0/results_seed_30.pt,10.0,10.0
vary_B2,49,10,2.0,31,GPArealModel,7.489347457885742,,0.386695319519502,5.8157281428941126,0.8775526164978429,,,15.03956176692439,../data/results/vary_B2/B_49_n_10/phi_2.0/results_seed_31.pt,,
vary_B2,49,10,2.0,31,GPmodel,7.890933990478516,,0.5713880059882325,2.962236428877791,1.4558606077242275,,,5.184281780214332,../data/results/vary_B2/B_49_n_10/phi_2.0/results_seed_31.pt,,
vary_B2,49,10,2.0,31,VI_best_tau_by_ELBO,7.985746383666992,,0.24614685773849487,2.621094150066571,3.254426536575686,-1377.811669921875,0.3,,../data/results/vary_B2/B_49_n_10/phi_2.0/results_seed_31.pt,10.0,10.0
vary_B2,49,10,2.0,32,GPArealModel,7.808698654174805,,0.5289550684137752,4.5455320262143175,1.6822562183313838,,,8.593418038029979,../data/results/vary_B2/B_49_n_10/phi_2.0/results_seed_32.pt,,
vary_B2,49,10,2.0,32,GPmodel,7.937255859375,,0.6549109870519086,2.732209171387284,0.8468113771983001,,,4.171878660467072,../data/results/vary_B2/B_49_n_10/phi_2.0/results_seed_32.pt,,
vary_B2,49,10,2.0,32,VI_best_tau_by_ELBO,7.976600170135498,,0.2461438775062561,1.8949759489979132,3.712135199297163,-1339.6264892578124,0.4,,../data/results/vary_B2/B_49_n_10/phi_2.0/results_seed_32.pt,8.0,10.0
vary_B2,49,10,2.0,33,GPArealModel,7.834134101867676,,0.45264063013852274,2.7252431004414777,2.832655089781248,,,6.020765523429624,../data/results/vary_B2/B_49_n_10/phi_2.0/results_seed_33.pt,,
vary_B2,49,10,2.0,33,GPmodel,7.941068172454834,,0.8217300595814463,2.1134896160846983,1.0948642410969542,,,2.5719998817631406,../data/results/vary_B2/B_49_n_10/phi_2.0/results_seed_33.pt,,
vary_B2,49,10,2.0,33,VI_best_tau_by_ELBO,8.16175651550293,,0.24612590670585632,1.2038958282658234,3.154794457797778,-1318.4648193359376,0.3,,../data/results/vary_B2/B_49_n_10/phi_2.0/results_seed_33.pt,6.0,10.0
vary_B2,49,10,2.0,34,GPArealModel,8.307425498962402,,0.28718667257812414,4.157307007969021,0.4803115631218541,,,14.475974705400365,../data/results/vary_B2/B_49_n_10/phi_2.0/results_seed_34.pt,,
vary_B2,49,10,2.0,34,GPmodel,7.975481033325195,,0.6115478712000949,2.2581838639393106,1.2161073160644615,,,3.6925708849380423,../data/results/vary_B2/B_49_n_10/phi_2.0/results_seed_34.pt,,
vary_B2,49,10,2.0,34,VI_best_tau_by_ELBO,8.394335746765137,,0.2461147904396057,1.326577992577965,2.912418126376229,-1315.7916015625,0.3,,../data/results/vary_B2/B_49_n_10/phi_2.0/results_seed_34.pt,10.0,10.0
vary_B2,49,10,2.0,35,GPArealModel,7.5650739669799805,,0.44462741268191575,4.214082357680232,1.9012853230236848,,,9.477783504758772,../data/results/vary_B2/B_49_n_10/phi_2.0/results_seed_35.pt,,
vary_B2,49,10,2.0,35,GPmodel,7.895545482635498,,0.550439412313579,2.446569885734885,0.9639010981040448,,,4.444757826209404,../data/results/vary_B2/B_49_n_10/phi_2.0/results_seed_35.pt,,
vary_B2,49,10,2.0,35,VI_best_tau_by_ELBO,7.980496883392334,,0.24612081050872803,1.8194718851216842,3.0274412662267003,-1331.23603515625,0.3,,../data/results/vary_B2/B_49_n_10/phi_2.0/results_seed_35.pt,10.0,10.0
vary_B2,49,10,2.0,36,GPArealModel,7.697360038757324,,0.4685578612783558,3.5042389520597634,1.3406436825156454,,,7.47877528401557,../data/results/vary_B2/B_49_n_10/phi_2.0/results_seed_36.pt,,
vary_B2,49,10,2.0,36,GPmodel,7.906811714172363,,0.7625524539517851,2.066962091766602,0.9774047390760571,,,2.7105834897716985,../data/results/vary_B2/B_49_n_10/phi_2.0/results_seed_36.pt,,
vary_B2,49,10,2.0,36,VI_best_tau_by_ELBO,8.061959266662598,,0.246128112077713,1.3281081221915327,3.0582301394952123,-1312.9561279296875,0.3,,../data/results/vary_B2/B_49_n_10/phi_2.0/results_seed_36.pt,10.0,10.0
vary_B2,49,10,2.0,37,GPArealModel,8.256784439086914,,0.7096432275815587,2.7786664171044393,2.2648429510681516,,,3.915582237815536,../data/results/vary_B2/B_49_n_10/phi_2.0/results_seed_37.pt,,
vary_B2,49,10,2.0,37,GPmodel,7.983964920043945,,0.7335398149327396,2.2954754921247953,0.910449254682507,,,3.1293127453964775,../data/results/vary_B2/B_49_n_10/phi_2.0/results_seed_37.pt,,
vary_B2,49,10,2.0,37,VI_best_tau_by_ELBO,8.23815631866455,,0.24615156650543213,1.0618526922879967,3.59428558912203,-1313.311572265625,0.4,,../data/results/vary_B2/B_49_n_10/phi_2.0/results_seed_37.pt,8.0,10.0
vary_B2,49,10,2.0,38,GPArealModel,8.62160873413086,,0.3705472957605148,6.14653509618631,1.5946479951582413,,,16.587720829458767,../data/results/vary_B2/B_49_n_10/phi_2.0/results_seed_38.pt,,
vary_B2,49,10,2.0,38,GPmodel,7.8874993324279785,,0.505164317966964,3.1548179366615385,1.0085550775357284,,,6.245132176710574,../data/results/vary_B2/B_49_n_10/phi_2.0/results_seed_38.pt,,
vary_B2,49,10,2.0,38,VI_best_tau_by_ELBO,8.15549087524414,,0.2461138814687729,2.545488819339538,3.230565816151808,-1358.085888671875,0.3,,../data/results/vary_B2/B_49_n_10/phi_2.0/results_seed_38.pt,10.0,10.0
vary_B2,49,10,2.0,39,GPArealModel,7.958313941955566,,0.613732688278732,4.512186897661057,0.44361037621603416,,,7.352039387564459,../data/results/vary_B2/B_49_n_10/phi_2.0/results_seed_39.pt,,
vary_B2,49,10,2.0,39,GPmodel,7.858166694641113,,0.6488727057169655,2.3797171249509765,0.9051242752521769,,,3.6674637474873157,../data/results/vary_B2/B_49_n_10/phi_2.0/results_seed_39.pt,,
vary_B2,49,10,2.0,39,VI_best_tau_by_ELBO,7.919649124145508,,0.24615444242954254,2.217639765256939,3.1048628991864247,-1335.8825439453126,0.3,,../data/results/vary_B2/B_49_n_10/phi_2.0/results_seed_39.pt,10.0,10.0
vary_B2,49,10,2.0,40,GPArealModel,7.751411437988281,,0.4305317451514884,3.709221918861238,1.2087760882623169,,,8.615443485023615,../data/results/vary_B2/B_49_n_10/phi_2.0/results_seed_40.pt,,
vary_B2,49,10,2.0,40,GPmodel,7.94392204284668,,0.614898818289687,2.056196135009865,1.08229377312119,,,3.343958508050285,../data/results/vary_B2/B_49_n_10/phi_2.0/results_seed_40.pt,,
vary_B2,49,10,2.0,40,VI_best_tau_by_ELBO,8.128296852111816,,0.24611517786979675,1.498677879999232,2.9238827840952735,-1315.664111328125,0.3,,../data/results/vary_B2/B_49_n_10/phi_2.0/results_seed_40.pt,10.0,10.0
vary_B2,49,10,2.0,41,GPArealModel,7.8676276206970215,,0.669821679033369,3.4787121028243413,1.526588492611258,,,5.193489867100943,../data/results/vary_B2/B_49_n_10/phi_2.0/results_seed_41.pt,,
vary_B2,49,10,2.0,41,GPmodel,7.938662052154541,,0.6574799969191248,2.218316243714486,1.0643515738478828,,,3.373967655456074,../data/results/vary_B2/B_49_n_10/phi_2.0/results_seed_41.pt,,
vary_B2,49,10,2.0,41,VI_best_tau_by_ELBO,8.12804889678955,,0.2461300492286682,1.4913429094601343,3.025574955672624,-1323.1712158203125,0.3,,../data/results/vary_B2/B_49_n_10/phi_2.0/results_seed_41.pt,8.0,10.0
vary_B2,49,10,2.0,42,GPArealModel,7.657034873962402,,0.867948367989193,3.64449705674741,2.7034861906851027,,,4.1989790996332506,../data/results/vary_B2/B_49_n_10/phi_2.0/results_seed_42.pt,,
vary_B2,49,10,2.0,42,GPmodel,7.945273399353027,,0.7929336275631835,2.2651962609556153,1.043557270450787,,,2.856728712486238,../data/results/vary_B2/B_49_n_10/phi_2.0/results_seed_42.pt,,
vary_B2,49,10,2.0,42,VI_best_tau_by_ELBO,7.989679336547852,,0.24613969027996063,1.7653648817163177,3.280501625470478,-1336.530517578125,0.3,,../data/results/vary_B2/B_49_n_10/phi_2.0/results_seed_42.pt,10.0,10.0
vary_B2,49,10,2.0,43,GPArealModel,8.596575736999512,,0.9254257620666407,2.140177086920596,1.1898733296192943,,,2.3126404890017316,../data/results/vary_B2/B_49_n_10/phi_2.0/results_seed_43.pt,,
vary_B2,49,10,2.0,43,GPmodel,8.045733451843262,,0.9890786022048658,1.6014868575139671,1.0973246470677513,,,1.6191704622301135,../data/results/vary_B2/B_49_n_10/phi_2.0/results_seed_43.pt,,
vary_B2,49,10,2.0,43,VI_best_tau_by_ELBO,8.398223876953125,,0.24613916873931885,1.0031770536617293,2.753012601296856,-1284.51650390625,0.3,,../data/results/vary_B2/B_49_n_10/phi_2.0/results_seed_43.pt,10.0,10.0
vary_B2,49,10,2.0,44,GPArealModel,7.710263729095459,,0.31621524570954906,7.283003677996836,0.5812708428427018,,,23.03179172039808,../data/results/vary_B2/B_49_n_10/phi_2.0/results_seed_44.pt,,
vary_B2,49,10,2.0,44,GPmodel,7.91642951965332,,0.44295231928814044,3.42599406760443,1.0393739462718457,,,7.734453390175887,../data/results/vary_B2/B_49_n_10/phi_2.0/results_seed_44.pt,,
vary_B2,49,10,2.0,44,VI_best_tau_by_ELBO,8.041014671325684,,0.24616819620132446,3.1254098181937473,3.5082900294609023,-1369.2593017578124,0.4,,../data/results/vary_B2/B_49_n_10/phi_2.0/results_seed_44.pt,10.0,10.0
vary_B2,49,10,2.0,45,GPArealModel,8.079026222229004,,0.5811225749834422,3.570096633972896,2.1922091612105956,,,6.143448538502601,../data/results/vary_B2/B_49_n_10/phi_2.0/results_seed_45.pt,,
vary_B2,49,10,2.0,45,GPmodel,7.888711929321289,,0.6582552762307339,2.456639045686292,0.8751012377731405,,,3.732046114014258,../data/results/vary_B2/B_49_n_10/phi_2.0/results_seed_45.pt,,
vary_B2,49,10,2.0,45,VI_best_tau_by_ELBO,8.034374237060547,,0.24613675475120544,1.7181989082983409,3.033780821128636,-1325.1429443359375,0.3,,../data/results/vary_B2/B_49_n_10/phi_2.0/results_seed_45.pt,10.0,10.0
vary_B2,49,10,2.0,46,GPArealModel,8.456364631652832,,0.22948267052407556,5.316755616290596,5.7139122566132245,,,23.168440580496046,../data/results/vary_B2/B_49_n_10/phi_2.0/results_seed_46.pt,,
vary_B2,49,10,2.0,46,GPmodel,7.980352878570557,,0.4380874136710129,3.391082143930244,1.092282413897754,,,7.740651838212404,../data/results/vary_B2/B_49_n_10/phi_2.0/results_seed_46.pt,,
vary_B2,49,10,2.0,46,VI_best_tau_by_ELBO,8.324045181274414,,0.2461170256137848,2.379597465018179,3.08782056334174,-1363.26513671875,0.3,,../data/results/vary_B2/B_49_n_10/phi_2.0/results_seed_46.pt,10.0,10.0
vary_B2,49,10,2.0,47,GPArealModel,7.613347053527832,,0.5802315828718798,2.159519575974595,1.0838890558242822,,,3.7218235610098387,../data/results/vary_B2/B_49_n_10/phi_2.0/results_seed_47.pt,,
vary_B2,49,10,2.0,47,GPmodel,8.090271949768066,,1.1125588566195752,1.4430473099143977,1.1567761223204713,,,1.2970525571105391,../data/results/vary_B2/B_49_n_10/phi_2.0/results_seed_47.pt,,
vary_B2,49,10,2.0,47,VI_best_tau_by_ELBO,8.227131843566895,,0.2461286187171936,0.8801606462315329,2.758726302056662,-1284.07265625,0.3,,../data/results/vary_B2/B_49_n_10/phi_2.0/results_seed_47.pt,8.0,10.0
vary_B2,49,10,2.0,48,GPArealModel,7.399202823638916,,0.3508021407337413,6.10425062643679,2.253032347845962,,,17.4008363052434,../data/results/vary_B2/B_49_n_10/phi_2.0/results_seed_48.pt,,
vary_B2,49,10,2.0,48,GPmodel,7.922488212585449,,0.5004256678947867,3.299644169639895,0.9624247725326515,,,6.593674907845928,../data/results/vary_B2/B_49_n_10/phi_2.0/results_seed_48.pt,,
vary_B2,49,10,2.0,48,VI_best_tau_by_ELBO,7.946518421173096,,0.2461758553981781,2.913426794218558,3.4621125955358973,-1366.8196533203125,0.4,,../data/results/vary_B2/B_49_n_10/phi_2.0/results_seed_48.pt,10.0,10.0
vary_B2,49,10,2.0,49,GPArealModel,7.520775318145752,,1.246784834849116,3.441964077184151,1.3178931789602366,,,2.7606720750663385,../data/results/vary_B2/B_49_n_10/phi_2.0/results_seed_49.pt,,
vary_B2,49,10,2.0,49,GPmodel,7.93835973739624,,0.9825245324459714,1.8824387072957813,1.1082425633133386,,,1.915920310518349,../data/results/vary_B2/B_49_n_10/phi_2.0/results_seed_49.pt,,
vary_B2,49,10,2.0,49,VI_best_tau_by_ELBO,7.956559658050537,,0.24616023898124695,1.2174635859407006,3.6892116348160333,-1317.864794921875,0.4,,../data/results/vary_B2/B_49_n_10/phi_2.0/results_seed_49.pt,8.0,10.0
vary_B2,49,10,2.0,50,GPArealModel,7.818074703216553,,0.4934376107914785,3.8780413861789835,1.7115840034400354,,,7.859233470181913,../data/results/vary_B2/B_49_n_10/phi_2.0/results_seed_50.pt,,
vary_B2,49,10,2.0,50,GPmodel,7.8560791015625,,0.8490790960005208,2.2075303648701126,1.443610671545779,,,2.599911333665384,../data/results/vary_B2/B_49_n_10/phi_2.0/results_seed_50.pt,,
vary_B2,49,10,2.0,50,VI_best_tau_by_ELBO,8.043281555175781,,0.24612580239772797,1.5985503737821973,3.148016579958905,-1327.428173828125,0.3,,../data/results/vary_B2/B_49_n_10/phi_2.0/results_seed_50.pt,10.0,10.0
vary_B2,49,10,2.0,51,GPArealModel,7.038776874542236,,0.48807178397154827,4.218092074342882,0.696344236787642,,,8.64236002339519,../data/results/vary_B2/B_49_n_10/phi_2.0/results_seed_51.pt,,
vary_B2,49,10,2.0,51,GPmodel,7.834413528442383,,0.5656331498781562,2.638084791057109,1.0118561572150573,,,4.663950109051038,../data/results/vary_B2/B_49_n_10/phi_2.0/results_seed_51.pt,,
vary_B2,49,10,2.0,51,VI_best_tau_by_ELBO,7.913195610046387,,0.24613595008850098,1.9630275227797906,3.304684899567288,-1347.72861328125,0.3,,../data/results/vary_B2/B_49_n_10/phi_2.0/results_seed_51.pt,10.0,10.0
vary_B2,49,10,2.0,52,GPArealModel,8.017997741699219,,0.5081650591480608,3.189886016550493,2.1630175981972664,,,6.277263576323685,../data/results/vary_B2/B_49_n_10/phi_2.0/results_seed_52.pt,,
vary_B2,49,10,2.0,52,GPmodel,7.91880989074707,,0.6605088838230398,2.123158107455127,1.0028343992223192,,,3.2144277835693016,../data/results/vary_B2/B_49_n_10/phi_2.0/results_seed_52.pt,,
vary_B2,49,10,2.0,52,VI_best_tau_by_ELBO,8.334381103515625,,0.24611589312553406,1.152293366616205,2.91431169146546,-1301.4267578125,0.3,,../data/results/vary_B2/B_49_n_10/phi_2.0/results_seed_52.pt,8.0,10.0
vary_B2,49,10,2.0,53,GPArealModel,7.378862380981445,,0.2291643801263443,4.3935946520769775,2.774537895147911,,,19.172240684414717,../data/results/vary_B2/B_49_n_10/phi_2.0/results_seed_53.pt,,
vary_B2,49,10,2.0,53,GPmodel,7.901385307312012,,0.35825325509059663,3.2262583525742716,1.0113921623178885,,,9.005524183606934,../data/results/vary_B2/B_49_n_10/phi_2.0/results_seed_53.pt,,
vary_B2,49,10,2.0,53,VI_best_tau_by_ELBO,7.869009971618652,,0.2461286038160324,2.085086833449086,2.810171862597936,-1356.984033203125,0.3,,../data/results/vary_B2/B_49_n_10/phi_2.0/results_seed_53.pt,10.0,10.0
vary_B2,49,10,2.0,54,GPArealModel,6.981899261474609,,0.5567670090215651,3.2013758036578905,0.6368152250246583,,,5.749938038325638,../data/results/vary_B2/B_49_n_10/phi_2.0/results_seed_54.pt,,
vary_B2,49,10,2.0,54,GPmodel,7.937157154083252,,0.8010072515601463,2.028445846534493,1.1242848701528103,,,2.532368892520794,../data/results/vary_B2/B_49_n_10/phi_2.0/results_seed_54.pt,,
vary_B2,49,10,2.0,54,VI_best_tau_by_ELBO,7.99159049987793,,0.24614691734313965,1.1994863445277295,3.810835623047675,-1327.2063720703125,0.4,,../data/results/vary_B2/B_49_n_10/phi_2.0/results_seed_54.pt,10.0,10.0
vary_B2,49,10,2.0,55,GPArealModel,8.449200630187988,,0.16114721551171937,6.969695064311731,0.5583121940068717,,,43.25048398869084,../data/results/vary_B2/B_49_n_10/phi_2.0/results_seed_55.pt,,
vary_B2,49,10,2.0,55,GPmodel,7.921300888061523,,0.287481281566921,3.6016728409181873,1.1751811049086622,,,12.528373399781774,../data/results/vary_B2/B_49_n_10/phi_2.0/results_seed_55.pt,,
vary_B2,49,10,2.0,55,VI_best_tau_by_ELBO,8.410703659057617,,0.24605146050453186,2.12129273311079,2.897038817259192,-1359.22802734375,0.3,,../data/results/vary_B2/B_49_n_10/phi_2.0/results_seed_55.pt,10.0,10.0
vary_B2,49,10,2.0,56,GPArealModel,7.818200588226318,,0.45776885513245613,3.9955478820146357,2.4279655112375793,,,8.728308702562384,../data/results/vary_B2/B_49_n_10/phi_2.0/results_seed_56.pt,,
vary_B2,49,10,2.0,56,GPmodel,7.955626010894775,,0.6514213684822446,2.316526111862149,1.2306630310259266,,,3.556110106211981,../data/results/vary_B2/B_49_n_10/phi_2.0/results_seed_56.pt,,
vary_B2,49,10,2.0,56,VI_best_tau_by_ELBO,8.364051818847656,,0.246098592877388,1.515453921532543,3.106203622282748,-1329.0774169921874,0.3,,../data/results/vary_B2/B_49_n_10/phi_2.0/results_seed_56.pt,8.0,10.0
vary_B2,49,10,2.0,57,GPArealModel,7.896793842315674,,0.7810213285522195,2.0170373126447547,1.0957918417667294,,,2.582563675160754,../data/results/vary_B2/B_49_n_10/phi_2.0/results_seed_57.pt,,
vary_B2,49,10,2.0,57,GPmodel,8.001235008239746,,1.055731573074349,1.6167330004130378,0.946440278289292,,,1.5313864259122434,../data/results/vary_B2/B_49_n_10/phi_2.0/results_seed_57.pt,,
vary_B2,49,10,2.0,57,VI_best_tau_by_ELBO,8.220672607421875,,0.24613222479820251,0.5037115363496486,3.2268291943779444,-1271.5435546875,0.4,,../data/results/vary_B2/B_49_n_10/phi_2.0/results_seed_57.pt,3.0,10.0
vary_B2,49,10,2.0,58,GPArealModel,8.037054061889648,,0.6907216879702345,4.893865761093664,1.3856193564868855,,,7.085148542931747,../data/results/vary_B2/B_49_n_10/phi_2.0/results_seed_58.pt,,
vary_B2,49,10,2.0,58,GPmodel,7.9868597984313965,,0.5638159043077623,3.3229972973502067,1.1304497314592545,,,5.893762967595055,../data/results/vary_B2/B_49_n_10/phi_2.0/results_seed_58.pt,,
vary_B2,49,10,2.0,58,VI_best_tau_by_ELBO,8.403464317321777,,0.2461400330066681,2.2513951321499897,3.615377098749232,-1369.6767822265624,0.3,,../data/results/vary_B2/B_49_n_10/phi_2.0/results_seed_58.pt,10.0,10.0
vary_B2,49,10,2.0,59,GPArealModel,8.550275802612305,,0.28243575757468187,5.295549019698744,3.1309129499423176,,,18.749570044432108,../data/results/vary_B2/B_49_n_10/phi_2.0/results_seed_59.pt,,
vary_B2,49,10,2.0,59,GPmodel,7.966017246246338,,0.4812607141923696,3.4464472138539826,0.9098061940363495,,,7.161289322436504,../data/results/vary_B2/B_49_n_10/phi_2.0/results_seed_59.pt,,
vary_B2,49,10,2.0,59,VI_best_tau_by_ELBO,8.466154098510742,,0.24609649181365967,2.0108632326419116,3.0570644455237352,-1349.1299072265624,0.3,,../data/results/vary_B2/B_49_n_10/phi_2.0/results_seed_59.pt,10.0,10.0
vary_B2,49,10,2.0,60,GPArealModel,8.104045867919922,,0.4744982514744118,4.624473532014322,1.3986525379192634,,,9.74602860525758,../data/results/vary_B2/B_49_n_10/phi_2.0/results_seed_60.pt,,
vary_B2,49,10,2.0,60,GPmodel,7.983218669891357,,0.4985086544030566,3.121325842694284,0.9401760093209627,,,6.26132729116196,../data/results/vary_B2/B_49_n_10/phi_2.0/results_seed_60.pt,,
vary_B2,49,10,2.0,60,VI_best_tau_by_ELBO,8.217427253723145,,0.2461298108100891,1.966748766994828,3.2406557451159874,-1349.8693115234375,0.3,,../data/results/vary_B2/B_49_n_10/phi_2.0/results_seed_60.pt,10.0,10.0
vary_B2,49,10,2.0,61,GPArealModel,7.651453971862793,,0.5355485144698514,3.6504161336352268,0.7172224908249063,,,6.816219324684032,../data/results/vary_B2/B_49_n_10/phi_2.0/results_seed_61.pt,,
vary_B2,49,10,2.0,61,GPmodel,8.013715744018555,,0.6979163221572405,2.381245255812497,0.9521532578131214,,,3.4119351850836956,../data/results/vary_B2/B_49_n_10/phi_2.0/results_seed_61.pt,,
vary_B2,49,10,2.0,61,VI_best_tau_by_ELBO,8.20782470703125,,0.24614059925079346,1.4941397498543758,3.2137282643831933,-1331.07216796875,0.3,,../data/results/vary_B2/B_49_n_10/phi_2.0/results_seed_61.pt,7.0,10.0
vary_B2,49,10,2.0,62,GPArealModel,7.490144729614258,,0.30525047202749267,3.9750158068737855,0.5804156015722859,,,13.022144668512658,../data/results/vary_B2/B_49_n_10/phi_2.0/results_seed_62.pt,,
vary_B2,49,10,2.0,62,GPmodel,7.862064838409424,,0.9364673924938314,2.095016144912493,1.4322270888291908,,,2.23714799010078,../data/results/vary_B2/B_49_n_10/phi_2.0/results_seed_62.pt,,
vary_B2,49,10,2.0,62,VI_best_tau_by_ELBO,8.041558265686035,,0.2461065649986267,1.339440882962925,3.3255441205416583,-1336.057763671875,0.3,,../data/results/vary_B2/B_49_n_10/phi_2.0/results_seed_62.pt,10.0,10.0
vary_B2,49,10,2.0,63,GPArealModel,8.3236722946167,,0.20656038165871105,5.922449095964227,2.788324649220748,,,28.671757131769738,../data/results/vary_B2/B_49_n_10/phi_2.0/results_seed_63.pt,,
vary_B2,49,10,2.0,63,GPmodel,8.025264739990234,,0.5120158900847293,2.5041067726000206,0.9670083520562244,,,4.890681756352595,../data/results/vary_B2/B_49_n_10/phi_2.0/results_seed_63.pt,,
vary_B2,49,10,2.0,63,VI_best_tau_by_ELBO,8.253743171691895,,0.24606508016586304,1.6323911298840128,2.8995644875307254,-1325.7813232421875,0.3,,../data/results/vary_B2/B_49_n_10/phi_2.0/results_seed_63.pt,10.0,10.0
vary_B2,49,10,2.0,64,GPArealModel,7.781254768371582,,0.8577076865808454,1.955210799579489,2.4303417854953455,,,2.279577098549409,../data/results/vary_B2/B_49_n_10/phi_2.0/results_seed_64.pt,,
vary_B2,49,10,2.0,64,GPmodel,7.90894079208374,,1.182168878446103,1.7454335222797268,1.1310350450208968,,,1.47646715634572,../data/results/vary_B2/B_49_n_10/phi_2.0/results_seed_64.pt,,
vary_B2,49,10,2.0,64,VI_best_tau_by_ELBO,8.068984985351562,,0.24614766240119934,0.6671328234018141,3.5213226980969634,-1295.648828125,0.4,,../data/results/vary_B2/B_49_n_10/phi_2.0/results_seed_64.pt,3.0,10.0
vary_B2,49,10,2.0,65,GPArealModel,8.198347091674805,,0.5920819657514877,3.8662927955677002,1.8264148441607326,,,6.529995877615506,../data/results/vary_B2/B_49_n_10/phi_2.0/results_seed_65.pt,,
vary_B2,49,10,2.0,65,GPmodel,7.883064270019531,,0.5926245637806484,2.333064342341203,1.020814576601448,,,3.9368336800915222,../data/results/vary_B2/B_49_n_10/phi_2.0/results_seed_65.pt,,
vary_B2,49,10,2.0,65,VI_best_tau_by_ELBO,8.181180953979492,,0.24616047739982605,1.7296113073215384,3.0195577044020125,-1327.5362060546875,0.3,,../data/results/vary_B2/B_49_n_10/phi_2.0/results_seed_65.pt,10.0,10.0
vary_B2,49,10,2.0,66,GPArealModel,8.886425018310547,,0.6508704806173105,3.363967818970322,2.636576955844815,,,5.168413561757796,../data/results/vary_B2/B_49_n_10/phi_2.0/results_seed_66.pt,,
vary_B2,49,10,2.0,66,GPmodel,7.998716354370117,,0.8322393575860503,2.170625455050508,0.992057191809208,,,2.608174481613691,../data/results/vary_B2/B_49_n_10/phi_2.0/results_seed_66.pt,,
vary_B2,49,10,2.0,66,VI_best_tau_by_ELBO,8.348337173461914,,0.2461244761943817,1.3333791242862814,3.106295387552489,-1317.0265625,0.3,,../data/results/vary_B2/B_49_n_10/phi_2.0/results_seed_66.pt,10.0,10.0
vary_B2,49,10,2.0,67,GPArealModel,7.427191734313965,,0.7084826947472926,3.5081591063057407,1.4219878514211521,,,4.951651088043949,../data/results/vary_B2/B_49_n_10/phi_2.0/results_seed_67.pt,,
vary_B2,49,10,2.0,67,GPmodel,7.9448370933532715,,0.9905314301423691,1.9558489582580243,1.3579300921571218,,,1.9745450762495342,../data/results/vary_B2/B_49_n_10/phi_2.0/results_seed_67.pt,,
vary_B2,49,10,2.0,67,VI_best_tau_by_ELBO,8.010147094726562,,0.24612313508987427,1.6840350984403805,3.1844441415051463,-1331.74111328125,0.3,,../data/results/vary_B2/B_49_n_10/phi_2.0/results_seed_67.pt,10.0,10.0
vary_B2,49,10,2.0,68,GPArealModel,8.156106948852539,,0.48807123123630036,3.406538939609625,1.149378373000416,,,6.979593800234344,../data/results/vary_B2/B_49_n_10/phi_2.0/results_seed_68.pt,,
vary_B2,49,10,2.0,68,GPmodel,7.916959762573242,,0.5858302605028747,2.2716134734421725,1.0902823710514213,,,3.877596680465477,../data/results/vary_B2/B_49_n_10/phi_2.0/results_seed_68.pt,,
vary_B2,49,10,2.0,68,VI_best_tau_by_ELBO,8.180976867675781,,0.24612313508987427,1.3808213936799083,3.104825642986993,-1324.19072265625,0.3,,../data/results/vary_B2/B_49_n_10/phi_2.0/results_seed_68.pt,10.0,10.0
vary_B2,49,10,2.0,69,GPArealModel,7.169610500335693,,0.5202413968737133,3.6456185651235087,1.4065089416856027,,,7.007551853872308,../data/results/vary_B2/B_49_n_10/phi_2.0/results_seed_69.pt,,
vary_B2,49,10,2.0,69,GPmodel,7.922643661499023,,0.665267118648507,2.044065398439775,0.8937680991954224,,,3.072548366124427,../data/results/vary_B2/B_49_n_10/phi_2.0/results_seed_69.pt,,
vary_B2,49,10,2.0,69,VI_best_tau_by_ELBO,7.918487071990967,,0.24611283838748932,1.5294840061386215,2.8568953873924623,-1306.8974609375,0.3,,../data/results/vary_B2/B_49_n_10/phi_2.0/results_seed_69.pt,8.0,10.0
vary_B2,49,10,2.0,70,GPArealModel,8.3435640335083,,0.17105290980698465,7.469455147458571,1.1034190418798748,,,43.667512910988016,../data/results/vary_B2/B_49_n_10/phi_2.0/results_seed_70.pt,,
vary_B2,49,10,2.0,70,GPmodel,8.006489753723145,,0.2269511902301674,4.691439252785962,1.052934904922381,,,20.671578095836548,../data/results/vary_B2/B_49_n_10/phi_2.0/results_seed_70.pt,,
vary_B2,49,10,2.0,70,VI_best_tau_by_ELBO,8.3493013381958,,0.24604949355125427,2.730707139668041,2.5809729739028575,-1381.834228515625,0.3,,../data/results/vary_B2/B_49_n_10/phi_2.0/results_seed_70.pt,10.0,10.0
vary_B2,49,10,2.0,71,GPArealModel,7.801857948303223,,0.5168660159603201,5.483806039834807,0.6613655658183555,,,10.609724513704146,../data/results/vary_B2/B_49_n_10/phi_2.0/results_seed_71.pt,,
vary_B2,49,10,2.0,71,GPmodel,7.949129581451416,,0.5596903367587864,2.9131687449452457,1.1882139029317178,,,5.204965234553896,../data/results/vary_B2/B_49_n_10/phi_2.0/results_seed_71.pt,,
vary_B2,49,10,2.0,71,VI_best_tau_by_ELBO,7.940195560455322,,0.2461995631456375,3.105633027335749,3.673253979462183,-1374.7119873046875,0.4,,../data/results/vary_B2/B_49_n_10/phi_2.0/results_seed_71.pt,10.0,10.0
vary_B2,49,10,2.0,72,GPArealModel,7.533743858337402,,0.35849155460352905,7.960746156272718,1.1952803644537595,,,22.206230674183786,../data/results/vary_B2/B_49_n_10/phi_2.0/results_seed_72.pt,,
vary_B2,49,10,2.0,72,GPmodel,7.973625659942627,,0.34705938757047133,4.450319762068047,1.038862557820417,,,12.8229344067646,../data/results/vary_B2/B_49_n_10/phi_2.0/results_seed_72.pt,,
vary_B2,49,10,2.0,72,VI_best_tau_by_ELBO,8.163460731506348,,0.24616390466690063,3.896025048568082,2.8351075118899787,-1385.6417236328125,0.3,,../data/results/vary_B2/B_49_n_10/phi_2.0/results_seed_72.pt,10.0,10.0
vary_B2,49,10,2.0,73,GPArealModel,7.191863536834717,,0.8872285741527975,4.003359312338435,0.9065592978702647,,,4.512207371320505,../data/results/vary_B2/B_49_n_10/phi_2.0/results_seed_73.pt,,
vary_B2,49,10,2.0,73,GPmodel,7.923155784606934,,0.790617478391875,2.3234635998931794,0.9324206280052532,,,2.938796147814909,../data/results/vary_B2/B_49_n_10/phi_2.0/results_seed_73.pt,,
vary_B2,49,10,2.0,73,VI_best_tau_by_ELBO,7.8376665115356445,,0.24616190791130066,1.9337382740488018,3.9929614287817494,-1348.32939453125,0.4,,../data/results/vary_B2/B_49_n_10/phi_2.0/results_seed_73.pt,10.0,10.0
vary_B2,49,10,2.0,74,GPArealModel,7.9476704597473145,,0.5343418508071804,4.170608557142959,1.3794210146173638,,,7.805131772558727,../data/results/vary_B2/B_49_n_10/phi_2.0/results_seed_74.pt,,
vary_B2,49,10,2.0,74,GPmodel,7.8857011795043945,,1.057657068777572,2.16244833636453,1.578414792396651,,,2.0445647272644463,../data/results/vary_B2/B_49_n_10/phi_2.0/results_seed_74.pt,,
vary_B2,49,10,2.0,74,VI_best_tau_by_ELBO,8.131621360778809,,0.2461216151714325,1.4793511640336952,3.2465019679274634,-1334.6259765625,0.3,,../data/results/vary_B2/B_49_n_10/phi_2.0/results_seed_74.pt,10.0,10.0
vary_B2,49,10,2.0,75,GPArealModel,7.60958194732666,,0.49901136182621975,4.015949986062856,4.646195766134242,,,8.047812721870264,../data/results/vary_B2/B_49_n_10/phi_2.0/results_seed_75.pt,,
vary_B2,49,10,2.0,75,GPmodel,8.017966270446777,,0.6747645122061233,3.227744789161768,1.0124207438742379,,,4.783512960112186,../data/results/vary_B2/B_49_n_10/phi_2.0/results_seed_75.pt,,
vary_B2,49,10,2.0,75,VI_best_tau_by_ELBO,8.108553886413574,,0.24613916873931885,2.057768787726278,4.219497624404701,-1371.809130859375,0.4,,../data/results/vary_B2/B_49_n_10/phi_2.0/results_seed_75.pt,10.0,10.0
vary_B2,49,10,2.0,76,GPArealModel,8.03268051147461,,0.3592648319856771,4.216634102670483,0.5752867168450275,,,11.736840701509545,../data/results/vary_B2/B_49_n_10/phi_2.0/results_seed_76.pt,,
vary_B2,49,10,2.0,76,GPmodel,7.997231483459473,,0.6350122556535546,2.574652089515715,1.2563129465034022,,,4.054491967034373,../data/results/vary_B2/B_49_n_10/phi_2.0/results_seed_76.pt,,
vary_B2,49,10,2.0,76,VI_best_tau_by_ELBO,8.336474418640137,,0.24610424041748047,1.4016127283579989,3.4009624201467124,-1342.5254638671875,0.3,,../data/results/vary_B2/B_49_n_10/phi_2.0/results_seed_76.pt,10.0,10.0
vary_B2,49,10,2.0,77,GPArealModel,7.591015338897705,,0.2855271359853627,7.27242018283375,3.748505586216196,,,25.470154203509974,../data/results/vary_B2/B_49_n_10/phi_2.0/results_seed_77.pt,,
vary_B2,49,10,2.0,77,GPmodel,8.01070499420166,,0.31129986823699174,4.62038649383441,1.07012288871359,,,14.842237229335806,../data/results/vary_B2/B_49_n_10/phi_2.0/results_seed_77.pt,,
vary_B2,49,10,2.0,77,VI_best_tau_by_ELBO,8.056391716003418,,0.24616387486457825,3.878579145569823,2.682811419820258,-1396.8558837890625,0.3,,../data/results/vary_B2/B_49_n_10/phi_2.0/results_seed_77.pt,10.0,10.0
vary_B2,49,10,2.0,78,GPArealModel,8.244061470031738,,0.1926286542968139,8.081206630351506,0.6933090474831867,,,41.95225606414451,../data/results/vary_B2/B_49_n_10/phi_2.0/results_seed_78.pt,,
vary_B2,49,10,2.0,78,GPmodel,7.978296279907227,,0.3694410333478678,3.402005515299792,1.024335902411965,,,9.208521003936355,../data/results/vary_B2/B_49_n_10/phi_2.0/results_seed_78.pt,,
vary_B2,49,10,2.0,78,VI_best_tau_by_ELBO,8.385465621948242,,0.24605202674865723,2.281317861292119,2.7795390152921446,-1344.159814453125,0.3,,../data/results/vary_B2/B_49_n_10/phi_2.0/results_seed_78.pt,10.0,10.0
vary_B2,49,10,2.0,79,GPArealModel,8.698014259338379,,0.37790715247573403,4.018145123269454,1.517795899397029,,,10.632625228037897,../data/results/vary_B2/B_49_n_10/phi_2.0/results_seed_79.pt,,
vary_B2,49,10,2.0,79,GPmodel,7.93420934677124,,0.610606536137879,2.3799025199197454,1.1152016561290758,,,3.897604069181382,../data/results/vary_B2/B_49_n_10/phi_2.0/results_seed_79.pt,,
vary_B2,49,10,2.0,79,VI_best_tau_by_ELBO,8.382381439208984,,0.24610769748687744,1.6054535224661384,3.1342725429511473,-1330.5507568359376,0.3,,../data/results/vary_B2/B_49_n_10/phi_2.0/results_seed_79.pt,10.0,10.0
vary_B2,49,10,2.0,80,GPArealModel,8.153148651123047,,0.23454044233196325,3.595486033779024,0.4528539532115808,,,15.329919215766015,../data/results/vary_B2/B_49_n_10/phi_2.0/results_seed_80.pt,,
vary_B2,49,10,2.0,80,GPmodel,7.9194464683532715,,0.8450251756184032,1.4817798528230637,1.0872472052491902,,,1.7535333805157616,../data/results/vary_B2/B_49_n_10/phi_2.0/results_seed_80.pt,,
vary_B2,49,10,2.0,80,VI_best_tau_by_ELBO,8.078841209411621,,0.24608567357063293,0.9010428085233383,2.599742097084955,-1277.3963134765625,0.3,,../data/results/vary_B2/B_49_n_10/phi_2.0/results_seed_80.pt,4.0,10.0
vary_B2,49,10,2.0,81,GPArealModel,8.080050468444824,,0.4693889874423704,6.343097206084937,1.4025794607488313,,,13.513519438637696,../data/results/vary_B2/B_49_n_10/phi_2.0/results_seed_81.pt,,
vary_B2,49,10,2.0,81,GPmodel,7.896368980407715,,0.607875087532583,2.85284560933247,1.0696934434926233,,,4.693144476297613,../data/results/vary_B2/B_49_n_10/phi_2.0/results_seed_81.pt,,
vary_B2,49,10,2.0,81,VI_best_tau_by_ELBO,8.039741516113281,,0.24611946940422058,2.453864072981744,3.303703236218507,-1354.402734375,0.3,,../data/results/vary_B2/B_49_n_10/phi_2.0/results_seed_81.pt,8.0,10.0
vary_B2,49,10,2.0,82,GPArealModel,7.910876750946045,,0.5270005048616471,3.3980156161212935,1.1980022467669669,,,6.4478412919421615,../data/results/vary_B2/B_49_n_10/phi_2.0/results_seed_82.pt,,
vary_B2,49,10,2.0,82,GPmodel,7.841485977172852,,1.2585004321855264,2.0422885869327514,1.588383476883403,,,1.6227953004244022,../data/results/vary_B2/B_49_n_10/phi_2.0/results_seed_82.pt,,
vary_B2,49,10,2.0,82,VI_best_tau_by_ELBO,8.287739753723145,,0.2461233288049698,1.2949871108552464,3.140601346063985,-1323.414794921875,0.3,,../data/results/vary_B2/B_49_n_10/phi_2.0/results_seed_82.pt,5.0,10.0
vary_B2,49,10,2.0,83,GPArealModel,7.573227882385254,,0.6067697622233298,5.379454782791581,1.7026431862281417,,,8.865726536998395,../data/results/vary_B2/B_49_n_10/phi_2.0/results_seed_83.pt,,
vary_B2,49,10,2.0,83,GPmodel,7.978618144989014,,0.6100993462060276,2.877721196435836,1.332735809989832,,,4.716807540167472,../data/results/vary_B2/B_49_n_10/phi_2.0/results_seed_83.pt,,
vary_B2,49,10,2.0,83,VI_best_tau_by_ELBO,8.2427396774292,,0.2461639791727066,2.5466930197184814,3.393456671190086,-1365.297509765625,0.3,,../data/results/vary_B2/B_49_n_10/phi_2.0/results_seed_83.pt,10.0,10.0
vary_B2,49,10,2.0,84,GPArealModel,8.337300300598145,,0.7564922530105047,2.8109469341019357,0.9526467267159799,,,3.715764335874703,../data/results/vary_B2/B_49_n_10/phi_2.0/results_seed_84.pt,,
vary_B2,49,10,2.0,84,GPmodel,7.924431324005127,,0.8370621675054286,1.994457313849733,0.9136396671294206,,,2.382687202067101,../data/results/vary_B2/B_49_n_10/phi_2.0/results_seed_84.pt,,
vary_B2,49,10,2.0,84,VI_best_tau_by_ELBO,8.075316429138184,,0.2461334466934204,0.817135346321628,3.286907441398249,-1284.984375,0.4,,../data/results/vary_B2/B_49_n_10/phi_2.0/results_seed_84.pt,4.0,10.0
vary_B2,49,10,2.0,85,GPArealModel,7.902044773101807,,0.7363336478551881,2.338725160102312,1.3504580055766038,,,3.1761758639098074,../data/results/vary_B2/B_49_n_10/phi_2.0/results_seed_85.pt,,
vary_B2,49,10,2.0,85,GPmodel,8.006958961486816,,0.9130574537265944,1.6336611926818736,1.0603588102005175,,,1.7892205862995523,../data/results/vary_B2/B_49_n_10/phi_2.0/results_seed_85.pt,,
vary_B2,49,10,2.0,85,VI_best_tau_by_ELBO,8.075620651245117,,0.24614378809928894,0.8253190830954271,3.3477343129896817,-1289.6973876953125,0.4,,../data/results/vary_B2/B_49_n_10/phi_2.0/results_seed_85.pt,4.0,10.0
vary_B2,49,10,2.0,86,GPArealModel,7.5333356857299805,,0.41346763901549605,3.6096577672586787,2.6011669064969096,,,8.730206252304535,../data/results/vary_B2/B_49_n_10/phi_2.0/results_seed_86.pt,,
vary_B2,49,10,2.0,86,GPmodel,8.004528999328613,,0.7759214550522462,2.343862485324476,1.3951943722599391,,,3.020747100190255,../data/results/vary_B2/B_49_n_10/phi_2.0/results_seed_86.pt,,
vary_B2,49,10,2.0,86,VI_best_tau_by_ELBO,8.077909469604492,,0.24610868096351624,1.6535867818404983,3.7013196495896916,-1360.0050048828125,0.3,,../data/results/vary_B2/B_49_n_10/phi_2.0/results_seed_86.pt,10.0,10.0
vary_B2,49,10,2.0,87,GPArealModel,7.9618611335754395,,0.17044145676203798,6.431508757087451,2.4095050509001483,,,37.73441555399758,../data/results/vary_B2/B_49_n_10/phi_2.0/results_seed_87.pt,,
vary_B2,49,10,2.0,87,GPmodel,7.866961479187012,,0.40673468417668956,3.513568993110222,1.1017665543978437,,,8.638478914632943,../data/results/vary_B2/B_49_n_10/phi_2.0/results_seed_87.pt,,
vary_B2,49,10,2.0,87,VI_best_tau_by_ELBO,8.07137680053711,,0.24606291949748993,2.1113050711638417,3.155190523703144,-1370.5732666015624,0.3,,../data/results/vary_B2/B_49_n_10/phi_2.0/results_seed_87.pt,8.0,10.0
vary_B2,49,10,2.0,88,GPArealModel,6.827569961547852,,0.344931725324828,6.152938041029848,0.48747685066331176,,,17.838133141378986,../data/results/vary_B2/B_49_n_10/phi_2.0/results_seed_88.pt,,
vary_B2,49,10,2.0,88,GPmodel,8.032522201538086,,0.5331700974966902,2.8443137395851994,0.9705297103495618,,,5.3347210448216416,../data/results/vary_B2/B_49_n_10/phi_2.0/results_seed_88.pt,,
vary_B2,49,10,2.0,88,VI_best_tau_by_ELBO,8.044878959655762,,0.24614691734313965,2.447395746652243,3.4933167879135087,-1352.704345703125,0.4,,../data/results/vary_B2/B_49_n_10/phi_2.0/results_seed_88.pt,10.0,10.0
vary_B2,49,10,2.0,89,GPArealModel,6.768459796905518,,0.4267241661158392,6.293169902803175,2.1874918495594833,,,14.74762950522662,../data/results/vary_B2/B_49_n_10/phi_2.0/results_seed_89.pt,,
vary_B2,49,10,2.0,89,GPmodel,7.948281764984131,,0.48702254129267536,4.069379551014483,0.9194267017003598,,,8.355628756347432,../data/results/vary_B2/B_49_n_10/phi_2.0/results_seed_89.pt,,
vary_B2,49,10,2.0,89,VI_best_tau_by_ELBO,7.929298400878906,,0.24619647860527039,3.260636069842022,3.5198574542803924,-1377.6341064453125,0.4,,../data/results/vary_B2/B_49_n_10/phi_2.0/results_seed_89.pt,10.0,10.0
vary_B2,49,10,2.0,90,GPArealModel,7.261382579803467,,0.8792891725701052,2.0285905747359476,1.0139348772930814,,,2.3070801256502556,../data/results/vary_B2/B_49_n_10/phi_2.0/results_seed_90.pt,,
vary_B2,49,10,2.0,90,GPmodel,8.017773628234863,,1.1602200125383282,1.5487074289424858,1.2203867513737097,,,1.334839437525496,../data/results/vary_B2/B_49_n_10/phi_2.0/results_seed_90.pt,,
vary_B2,49,10,2.0,90,VI_best_tau_by_ELBO,8.090641975402832,,0.24615706503391266,0.9977477127193966,2.736016273107845,-1286.6869140625,0.3,,../data/results/vary_B2/B_49_n_10/phi_2.0/results_seed_90.pt,10.0,10.0
vary_B2,49,10,2.0,91,GPArealModel,7.284852504730225,,0.6412734331453506,3.5833621336876966,1.6650033525824421,,,5.587884899756161,../data/results/vary_B2/B_49_n_10/phi_2.0/results_seed_91.pt,,
vary_B2,49,10,2.0,91,GPmodel,7.899391174316406,,0.654460357469219,2.3351447946287744,0.9094436865754271,,,3.5680462047521377,../data/results/vary_B2/B_49_n_10/phi_2.0/results_seed_91.pt,,
vary_B2,49,10,2.0,91,VI_best_tau_by_ELBO,7.982372760772705,,0.24612051248550415,1.7172496253376561,2.995618220871953,-1319.115625,0.3,,../data/results/vary_B2/B_49_n_10/phi_2.0/results_seed_91.pt,10.0,10.0
vary_B2,49,10,2.0,92,GPArealModel,8.142399787902832,,0.5815046147370122,4.136150285142243,1.1157209918565878,,,7.112841721837123,../data/results/vary_B2/B_49_n_10/phi_2.0/results_seed_92.pt,,
vary_B2,49,10,2.0,92,GPmodel,7.923406600952148,,0.666699398335403,2.173125208765866,1.0487614176630333,,,3.259527778473576,../data/results/vary_B2/B_49_n_10/phi_2.0/results_seed_92.pt,,
vary_B2,49,10,2.0,92,VI_best_tau_by_ELBO,8.145171165466309,,0.24613171815872192,1.7943603315591714,3.098692122369162,-1327.30068359375,0.3,,../data/results/vary_B2/B_49_n_10/phi_2.0/results_seed_92.pt,10.0,10.0
vary_B2,49,10,2.0,93,GPArealModel,8.307768821716309,,0.7360154562266714,5.212344246970086,1.6370608309453722,,,7.081840745155269,../data/results/vary_B2/B_49_n_10/phi_2.0/results_seed_93.pt,,
vary_B2,49,10,2.0,93,GPmodel,7.895967483520508,,0.74975382564107,2.6524107238598313,1.2720734349717193,,,3.53770882274847,../data/results/vary_B2/B_49_n_10/phi_2.0/results_seed_93.pt,,
vary_B2,49,10,2.0,93,VI_best_tau_by_ELBO,7.998038291931152,,0.24614226818084717,2.0177620055977314,4.24418323208982,-1365.44541015625,0.4,,../data/results/vary_B2/B_49_n_10/phi_2.0/results_seed_93.pt,10.0,10.0
vary_B2,49,10,2.0,94,GPArealModel,8.21156120300293,,0.4974985311232794,4.291407349944862,0.7495184866192733,,,8.625969890314023,../data/results/vary_B2/B_49_n_10/phi_2.0/results_seed_94.pt,,
vary_B2,49,10,2.0,94,GPmodel,8.00100326538086,,0.6144113357403734,2.604676158164286,1.3363420073397827,,,4.239303552278407,../data/results/vary_B2/B_49_n_10/phi_2.0/results_seed_94.pt,,
vary_B2,49,10,2.0,94,VI_best_tau_by_ELBO,8.22472095489502,,0.2461414933204651,2.199618766562756,3.6097294089736534,-1369.655712890625,0.3,,../data/results/vary_B2/B_49_n_10/phi_2.0/results_seed_94.pt,10.0,10.0
vary_B2,49,10,2.0,95,GPArealModel,7.65371561050415,,0.6427446156792842,4.598353497874799,1.7343667673316678,,,7.154246625644669,../data/results/vary_B2/B_49_n_10/phi_2.0/results_seed_95.pt,,
vary_B2,49,10,2.0,95,GPmodel,7.910567760467529,,0.6937624627971044,2.3486993094064967,1.1640662466520382,,,3.385451700481221,../data/results/vary_B2/B_49_n_10/phi_2.0/results_seed_95.pt,,
vary_B2,49,10,2.0,95,VI_best_tau_by_ELBO,7.982529640197754,,0.24613237380981445,2.138823150172189,3.2913786854132527,-1345.397802734375,0.3,,../data/results/vary_B2/B_49_n_10/phi_2.0/results_seed_95.pt,10.0,10.0
vary_B2,49,10,2.0,96,GPArealModel,8.130160331726074,,0.1282166948625121,8.771667357320352,1.8747251765766697,,,68.41283318624215,../data/results/vary_B2/B_49_n_10/phi_2.0/results_seed_96.pt,,
vary_B2,49,10,2.0,96,GPmodel,7.879850387573242,,0.41005888081898634,3.3578406648184314,1.2507326954320368,,,8.188679289452322,../data/results/vary_B2/B_49_n_10/phi_2.0/results_seed_96.pt,,
vary_B2,49,10,2.0,96,VI_best_tau_by_ELBO,8.054092407226562,,0.2460384964942932,2.2921191586279956,3.1828373741390568,-1377.046728515625,0.3,,../data/results/vary_B2/B_49_n_10/phi_2.0/results_seed_96.pt,10.0,10.0
vary_B2,49,10,2.0,97,GPArealModel,8.16354751586914,,0.35038207093977836,5.977594482744716,0.6267355372485887,,,17.060217912154844,../data/results/vary_B2/B_49_n_10/phi_2.0/results_seed_97.pt,,
vary_B2,49,10,2.0,97,GPmodel,7.997814655303955,,0.5651304899213354,2.840143543070856,1.075193556863592,,,5.025642030862989,../data/results/vary_B2/B_49_n_10/phi_2.0/results_seed_97.pt,,
vary_B2,49,10,2.0,97,VI_best_tau_by_ELBO,8.309514045715332,,0.24611833691596985,2.0823506281445234,3.224124744357461,-1345.125146484375,0.3,,../data/results/vary_B2/B_49_n_10/phi_2.0/results_seed_97.pt,8.0,10.0
vary_B2,49,10,2.0,98,GPArealModel,8.200004577636719,,0.49058518006950974,5.31015481795831,1.0834903881973756,,,10.824123992506108,../data/results/vary_B2/B_49_n_10/phi_2.0/results_seed_98.pt,,
vary_B2,49,10,2.0,98,GPmodel,8.074211120605469,,0.490970788447901,3.0384265752827786,1.0692255809076125,,,6.188609682641433,../data/results/vary_B2/B_49_n_10/phi_2.0/results_seed_98.pt,,
vary_B2,49,10,2.0,98,VI_best_tau_by_ELBO,8.45376205444336,,0.24618183076381683,2.6646461471188805,3.043042612290685,-1361.178271484375,0.3,,../data/results/vary_B2/B_49_n_10/phi_2.0/results_seed_98.pt,10.0,10.0
vary_B2,49,10,2.0,99,GPArealModel,7.51377010345459,,0.40166828732287085,5.7902723746547275,0.6875794586472117,,,14.415557706203389,../data/results/vary_B2/B_49_n_10/phi_2.0/results_seed_99.pt,,
vary_B2,49,10,2.0,99,GPmodel,7.967416286468506,,0.7119110360308355,2.502064733396307,1.2380828911103798,,,3.514575005531918,../data/results/vary_B2/B_49_n_10/phi_2.0/results_seed_99.pt,,
vary_B2,49,10,2.0,99,VI_best_tau_by_ELBO,7.936620712280273,,0.24611985683441162,2.137246137757323,3.9340636281877304,-1360.4708251953125,0.4,,../data/results/vary_B2/B_49_n_10/phi_2.0/results_seed_99.pt,10.0,10.0
vary_B2,49,10,2.0,100,GPArealModel,7.694334030151367,,0.5069440039907157,3.2011147768251536,0.5347510792787986,,,6.314533265263316,../data/results/vary_B2/B_49_n_10/phi_2.0/results_seed_100.pt,,
vary_B2,49,10,2.0,100,GPmodel,7.877139568328857,,1.0494154089502254,2.0219585768828283,1.5223758465506623,,,1.9267475583434388,../data/results/vary_B2/B_49_n_10/phi_2.0/results_seed_100.pt,,
vary_B2,49,10,2.0,100,VI_best_tau_by_ELBO,8.195277214050293,,0.2461547553539276,1.41115881682712,2.9896514780059404,-1322.454736328125,0.3,,../data/results/vary_B2/B_49_n_10/phi_2.0/results_seed_100.pt,10.0,10.0
vary_B2,81,10,2.0,1,GPArealModel,7.9631171226501465,,0.2727875765878865,7.837982120227016,1.3922967623181695,,,28.732914520034164,../data/results/vary_B2/B_81_n_10/phi_2.0/results_seed_1.pt,,
vary_B2,81,10,2.0,1,GPmodel,7.974369049072266,,0.4451941713241629,3.551131035483386,1.3092049279532327,,,7.976589237278382,../data/results/vary_B2/B_81_n_10/phi_2.0/results_seed_1.pt,,
vary_B2,81,10,2.0,1,VI_best_tau_by_ELBO,8.315424919128418,,0.22337943315505981,3.964469775620205,2.083269594565856,-1868.852978515625,0.2,,../data/results/vary_B2/B_81_n_10/phi_2.0/results_seed_1.pt,10.0,10.0
vary_B2,81,10,2.0,2,GPArealModel,8.250359535217285,,0.41836757256470586,3.7731463582773253,1.3210200929586544,,,9.01873521206943,../data/results/vary_B2/B_81_n_10/phi_2.0/results_seed_2.pt,,
vary_B2,81,10,2.0,2,GPmodel,8.02670669555664,,0.5826895415179211,2.297929045255832,1.2131814066952349,,,3.943659327177331,../data/results/vary_B2/B_81_n_10/phi_2.0/results_seed_2.pt,,
vary_B2,81,10,2.0,2,VI_best_tau_by_ELBO,8.429098129272461,,0.2233661711215973,2.362468807274267,2.036666586917687,-1804.7687255859375,0.2,,../data/results/vary_B2/B_81_n_10/phi_2.0/results_seed_2.pt,10.0,10.0
vary_B2,81,10,2.0,3,GPArealModel,7.666037559509277,,0.5106780607728502,3.8973505052731925,0.7583169385153895,,,7.631717131875646,../data/results/vary_B2/B_81_n_10/phi_2.0/results_seed_3.pt,,
vary_B2,81,10,2.0,3,GPmodel,7.926821231842041,,0.642609278705257,2.301252491031937,1.0911626921164967,,,3.581106851847129,../data/results/vary_B2/B_81_n_10/phi_2.0/results_seed_3.pt,,
vary_B2,81,10,2.0,3,VI_best_tau_by_ELBO,8.16753101348877,,0.22332201898097992,2.3714914678258783,2.2954414516827515,-1829.9553466796874,0.2,,../data/results/vary_B2/B_81_n_10/phi_2.0/results_seed_3.pt,8.0,10.0
vary_B2,81,10,2.0,4,GPArealModel,7.71439790725708,,0.555755029790231,3.5316312588935985,0.9576643948111148,,,6.35465460425362,../data/results/vary_B2/B_81_n_10/phi_2.0/results_seed_4.pt,,
vary_B2,81,10,2.0,4,GPmodel,7.972575664520264,,0.7933469988127121,1.9390030065571284,1.1964255051504749,,,2.4440793366067486,../data/results/vary_B2/B_81_n_10/phi_2.0/results_seed_4.pt,,
vary_B2,81,10,2.0,4,VI_best_tau_by_ELBO,8.192112922668457,,0.22336328029632568,2.0269095711824887,2.230925282698048,-1808.7656494140624,0.2,,../data/results/vary_B2/B_81_n_10/phi_2.0/results_seed_4.pt,10.0,10.0
vary_B2,81,10,2.0,5,GPArealModel,7.945413112640381,,0.9414471216029188,1.9698394681143485,1.9356130795449031,,,2.09235274389121,../data/results/vary_B2/B_81_n_10/phi_2.0/results_seed_5.pt,,
vary_B2,81,10,2.0,5,GPmodel,7.965404033660889,,1.1822334417093199,1.3513454166478318,1.11914289312359,,,1.143044485946873,../data/results/vary_B2/B_81_n_10/phi_2.0/results_seed_5.pt,,
vary_B2,81,10,2.0,5,VI_best_tau_by_ELBO,8.382407188415527,,0.22338032722473145,1.4211479551395074,2.0832200535333145,-1757.9109375,0.2,,../data/results/vary_B2/B_81_n_10/phi_2.0/results_seed_5.pt,10.0,10.0
vary_B2,81,10,2.0,6,GPArealModel,7.844902515411377,,0.5275272590734678,3.3739671526957524,2.4163199946838714,,,6.395815751060299,../data/results/vary_B2/B_81_n_10/phi_2.0/results_seed_6.pt,,
vary_B2,81,10,2.0,6,GPmodel,7.876886367797852,,0.7070520549482258,2.3836383170694697,0.8740160683133308,,,3.3712345511024826,../data/results/vary_B2/B_81_n_10/phi_2.0/results_seed_6.pt,,
vary_B2,81,10,2.0,6,VI_best_tau_by_ELBO,8.255582809448242,,0.22333568334579468,2.3082301369459137,2.2325315902623113,-1812.3141357421875,0.2,,../data/results/vary_B2/B_81_n_10/phi_2.0/results_seed_6.pt,10.0,10.0
vary_B2,81,10,2.0,7,GPArealModel,8.044708251953125,,0.4977503506988977,3.047282055234638,1.5733504709474904,,,6.122109308322756,../data/results/vary_B2/B_81_n_10/phi_2.0/results_seed_7.pt,,
vary_B2,81,10,2.0,7,GPmodel,7.98182487487793,,0.7326199049627982,2.0541314430639104,1.186995822066505,,,2.8038160431475276,../data/results/vary_B2/B_81_n_10/phi_2.0/results_seed_7.pt,,
vary_B2,81,10,2.0,7,VI_best_tau_by_ELBO,8.284079551696777,,0.22326934337615967,2.1016032505200597,2.1985449315415426,-1808.040380859375,0.2,,../data/results/vary_B2/B_81_n_10/phi_2.0/results_seed_7.pt,10.0,10.0
vary_B2,81,10,2.0,8,GPArealModel,7.6490349769592285,,0.3973851579200501,4.3769571332954795,1.5188840274731665,,,11.014395092672483,../data/results/vary_B2/B_81_n_10/phi_2.0/results_seed_8.pt,,
vary_B2,81,10,2.0,8,GPmodel,7.898229122161865,,0.591845740745807,2.4778090934123793,1.2025068582221878,,,4.186579243250106,../data/results/vary_B2/B_81_n_10/phi_2.0/results_seed_8.pt,,
vary_B2,81,10,2.0,8,VI_best_tau_by_ELBO,8.134200096130371,,0.22340649366378784,2.9471310788055245,2.0551082362812423,-1823.39638671875,0.2,,../data/results/vary_B2/B_81_n_10/phi_2.0/results_seed_8.pt,10.0,10.0
vary_B2,81,10,2.0,9,GPArealModel,8.10885238647461,,0.3804708223362618,5.008399531660042,1.717162358260113,,,13.16368887607785,../data/results/vary_B2/B_81_n_10/phi_2.0/results_seed_9.pt,,
vary_B2,81,10,2.0,9,GPmodel,7.9304327964782715,,0.4576055826338505,3.087078825353495,1.1041590173723599,,,6.746156389931101,../data/results/vary_B2/B_81_n_10/phi_2.0/results_seed_9.pt,,
vary_B2,81,10,2.0,9,VI_best_tau_by_ELBO,8.207572937011719,,0.22346161305904388,3.2598482739420933,1.9963708474948185,-1833.8203125,0.2,,../data/results/vary_B2/B_81_n_10/phi_2.0/results_seed_9.pt,10.0,10.0
vary_B2,81,10,2.0,10,GPArealModel,8.692635536193848,,0.3942554806898081,4.912157768326541,1.6064846527085468,,,12.459326525358625,../data/results/vary_B2/B_81_n_10/phi_2.0/results_seed_10.pt,,
vary_B2,81,10,2.0,10,GPmodel,7.92697286605835,,0.43268491809818416,3.1784897549958013,0.9312013527838197,,,7.345968445044215,../data/results/vary_B2/B_81_n_10/phi_2.0/results_seed_10.pt,,
vary_B2,81,10,2.0,10,VI_best_tau_by_ELBO,8.378573417663574,,0.22343407571315765,3.392818217760146,1.787446495684855,-1810.24384765625,0.2,,../data/results/vary_B2/B_81_n_10/phi_2.0/results_seed_10.pt,10.0,10.0
vary_B2,81,10,2.0,11,GPArealModel,7.638110160827637,,0.6295879272409951,2.693514890788043,0.535547046097632,,,4.27821877492421,../data/results/vary_B2/B_81_n_10/phi_2.0/results_seed_11.pt,,
vary_B2,81,10,2.0,11,GPmodel,7.898101806640625,,0.86830875545237,1.7241616206054864,1.0302388415562254,,,1.9856549986153667,../data/results/vary_B2/B_81_n_10/phi_2.0/results_seed_11.pt,,
vary_B2,81,10,2.0,11,VI_best_tau_by_ELBO,8.158114433288574,,0.2233487069606781,1.7170967190786623,2.2105610485685783,-1787.9654296875,0.2,,../data/results/vary_B2/B_81_n_10/phi_2.0/results_seed_11.pt,10.0,10.0
vary_B2,81,10,2.0,12,GPArealModel,8.336542129516602,,0.3818833411492961,4.5797912284193165,1.4135025144639575,,,11.992644703055694,../data/results/vary_B2/B_81_n_10/phi_2.0/results_seed_12.pt,,
vary_B2,81,10,2.0,12,GPmodel,7.926113605499268,,0.42596350673882816,2.9680793582554164,1.0137081704401358,,,6.9679193435583215,../data/results/vary_B2/B_81_n_10/phi_2.0/results_seed_12.pt,,
vary_B2,81,10,2.0,12,VI_best_tau_by_ELBO,8.313616752624512,,0.2234153300523758,3.0790812023439433,1.8750386661717395,-1814.196533203125,0.2,,../data/results/vary_B2/B_81_n_10/phi_2.0/results_seed_12.pt,10.0,10.0
vary_B2,81,10,2.0,13,GPArealModel,7.7881035804748535,,0.5412125362317312,3.925517849138677,2.6024255287671667,,,7.253190911782366,../data/results/vary_B2/B_81_n_10/phi_2.0/results_seed_13.pt,,
vary_B2,81,10,2.0,13,GPmodel,7.9240217208862305,,0.6725332542076515,2.6372221446890096,1.0293941429997506,,,3.9213260135308348,../data/results/vary_B2/B_81_n_10/phi_2.0/results_seed_13.pt,,
vary_B2,81,10,2.0,13,VI_best_tau_by_ELBO,8.060450553894043,,0.22342123091220856,2.854111144460684,2.568820348266209,-1844.3050537109375,0.3,,../data/results/vary_B2/B_81_n_10/phi_2.0/results_seed_13.pt,10.0,10.0
vary_B2,81,10,2.0,14,GPArealModel,7.730319023132324,,0.8693800763529601,3.623979104505545,1.461332288902627,,,4.1684634868883785,../data/results/vary_B2/B_81_n_10/phi_2.0/results_seed_14.pt,,
vary_B2,81,10,2.0,14,GPmodel,7.938329696655273,,0.9528983936864872,2.250244577326098,1.4323877592627852,,,2.361473785909697,../data/results/vary_B2/B_81_n_10/phi_2.0/results_seed_14.pt,,
vary_B2,81,10,2.0,14,VI_best_tau_by_ELBO,8.277582168579102,,0.2233618199825287,2.6758887902901507,2.4587241637473705,-1854.1013671875,0.2,,../data/results/vary_B2/B_81_n_10/phi_2.0/results_seed_14.pt,10.0,10.0
vary_B2,81,10,2.0,15,GPArealModel,8.150721549987793,,0.21036451457313193,6.033825868005695,3.3617176678588945,,,28.682717141003707,../data/results/vary_B2/B_81_n_10/phi_2.0/results_seed_15.pt,,
vary_B2,81,10,2.0,15,GPmodel,7.936051368713379,,0.3334727910188503,3.7714136995697167,1.0781070175134129,,,11.309509504649599,../data/results/vary_B2/B_81_n_10/phi_2.0/results_seed_15.pt,,
vary_B2,81,10,2.0,15,VI_best_tau_by_ELBO,8.357080459594727,,0.2233646661043167,3.210885421499938,1.8814244750583857,-1838.184716796875,0.2,,../data/results/vary_B2/B_81_n_10/phi_2.0/results_seed_15.pt,10.0,10.0
vary_B2,81,10,2.0,16,GPArealModel,7.894381999969482,,0.4837076086525318,3.755487513282126,1.0477456208634213,,,7.763962042573235,../data/results/vary_B2/B_81_n_10/phi_2.0/results_seed_16.pt,,
vary_B2,81,10,2.0,16,GPmodel,7.948586940765381,,0.633138193340033,2.214434566213402,1.0277312185695076,,,3.4975532822170448,../data/results/vary_B2/B_81_n_10/phi_2.0/results_seed_16.pt,,
vary_B2,81,10,2.0,16,VI_best_tau_by_ELBO,8.287184715270996,,0.22336967289447784,2.322537526727991,2.0837020213224604,-1801.2378173828124,0.2,,../data/results/vary_B2/B_81_n_10/phi_2.0/results_seed_16.pt,10.0,10.0
vary_B2,81,10,2.0,17,GPArealModel,7.490835666656494,,0.4810839586999106,4.180352625641803,1.8330468032161769,,,8.689445054328685,../data/results/vary_B2/B_81_n_10/phi_2.0/results_seed_17.pt,,
vary_B2,81,10,2.0,17,GPmodel,7.9238080978393555,,0.6837809747460464,2.2085948328935254,1.197960599650722,,,3.229974091797142,../data/results/vary_B2/B_81_n_10/phi_2.0/results_seed_17.pt,,
vary_B2,81,10,2.0,17,VI_best_tau_by_ELBO,8.133350372314453,,0.2233843207359314,2.4552366563041326,2.2362483760207867,-1826.8531005859375,0.2,,../data/results/vary_B2/B_81_n_10/phi_2.0/results_seed_17.pt,10.0,10.0
vary_B2,81,10,2.0,18,GPArealModel,7.84839391708374,,0.6795366129770687,3.544423399376507,2.1692882139372136,,,5.215941763385332,../data/results/vary_B2/B_81_n_10/phi_2.0/results_seed_18.pt,,
vary_B2,81,10,2.0,18,GPmodel,7.931199073791504,,0.755601790169731,2.232515191702067,1.202948672354766,,,2.954618716825137,../data/results/vary_B2/B_81_n_10/phi_2.0/results_seed_18.pt,,
vary_B2,81,10,2.0,18,VI_best_tau_by_ELBO,8.288464546203613,,0.22337186336517334,2.595769159571424,2.3638420605299584,-1839.5471435546874,0.2,,../data/results/vary_B2/B_81_n_10/phi_2.0/results_seed_18.pt,10.0,10.0
vary_B2,81,10,2.0,19,GPArealModel,7.926840305328369,,0.4755612711026551,5.907859024451921,1.526658466882062,,,12.422918735063782,../data/results/vary_B2/B_81_n_10/phi_2.0/results_seed_19.pt,,
vary_B2,81,10,2.0,19,GPmodel,8.017187118530273,,0.5405496697009448,3.3083466547754616,1.1171790724569441,,,6.120337945272968,../data/results/vary_B2/B_81_n_10/phi_2.0/results_seed_19.pt,,
vary_B2,81,10,2.0,19,VI_best_tau_by_ELBO,8.091729164123535,,0.22347110509872437,4.84479126792177,2.398235318212927,-1875.5127197265624,0.3,,../data/results/vary_B2/B_81_n_10/phi_2.0/results_seed_19.pt,10.0,10.0
vary_B2,81,10,2.0,20,GPArealModel,7.601661205291748,,0.42390388667432355,3.876130714776971,1.1144804525869407,,,9.143890482313319,../data/results/vary_B2/B_81_n_10/phi_2.0/results_seed_20.pt,,
vary_B2,81,10,2.0,20,GPmodel,7.991370677947998,,0.8489310521094571,1.834025361380488,1.3165688988137831,,,2.160393776176793,../data/results/vary_B2/B_81_n_10/phi_2.0/results_seed_20.pt,,
vary_B2,81,10,2.0,20,VI_best_tau_by_ELBO,8.176783561706543,,0.22333692014217377,2.3015854459562917,2.0905960789118563,-1795.5895751953126,0.2,,../data/results/vary_B2/B_81_n_10/phi_2.0/results_seed_20.pt,10.0,10.0
vary_B2,81,10,2.0,21,GPArealModel,7.657776832580566,,0.691580208472618,2.8938011928432377,1.9960291555944807,,,4.184331994164944,../data/results/vary_B2/B_81_n_10/phi_2.0/results_seed_21.pt,,
vary_B2,81,10,2.0,21,GPmodel,7.960381507873535,,0.9135814542716343,1.7452530292479418,1.1121388719333762,,,1.9103420073685378,../data/results/vary_B2/B_81_n_10/phi_2.0/results_seed_21.pt,,
vary_B2,81,10,2.0,21,VI_best_tau_by_ELBO,8.135457992553711,,0.22330184280872345,2.2682153314270908,2.1900018221433433,-1799.88720703125,0.2,,../data/results/vary_B2/B_81_n_10/phi_2.0/results_seed_21.pt,10.0,10.0
vary_B2,81,10,2.0,22,GPArealModel,7.928494930267334,,0.753052279177011,4.638581872260823,1.4893384078579406,,,6.1597076332206235,../data/results/vary_B2/B_81_n_10/phi_2.0/results_seed_22.pt,,
vary_B2,81,10,2.0,22,GPmodel,7.930334568023682,,0.7059035435091805,2.4709328037549687,1.1696182981803125,,,3.500383057253818,../data/results/vary_B2/B_81_n_10/phi_2.0/results_seed_22.pt,,
vary_B2,81,10,2.0,22,VI_best_tau_by_ELBO,8.068795204162598,,0.2235168218612671,4.514654962416481,2.2832175039826157,-1844.4995361328124,0.3,,../data/results/vary_B2/B_81_n_10/phi_2.0/results_seed_22.pt,10.0,10.0
vary_B2,81,10,2.0,23,GPArealModel,7.958546161651611,,1.1745159763883426,2.922218567081801,1.7867040890335255,,,2.488019427430587,../data/results/vary_B2/B_81_n_10/phi_2.0/results_seed_23.pt,,
vary_B2,81,10,2.0,23,GPmodel,7.9218926429748535,,1.020029392650968,1.8244870310654848,1.1399996969124189,,,1.7886612329119274,../data/results/vary_B2/B_81_n_10/phi_2.0/results_seed_23.pt,,
vary_B2,81,10,2.0,23,VI_best_tau_by_ELBO,8.058565139770508,,0.2233838140964508,2.543238446547884,2.646683143289099,-1827.7665283203125,0.3,,../data/results/vary_B2/B_81_n_10/phi_2.0/results_seed_23.pt,10.0,10.0
vary_B2,81,10,2.0,24,GPArealModel,8.095413208007812,,0.34795929148349014,4.57194386990303,1.1796618157840444,,,13.139306757439922,../data/results/vary_B2/B_81_n_10/phi_2.0/results_seed_24.pt,,
vary_B2,81,10,2.0,24,GPmodel,7.960783004760742,,0.5695164913990719,2.217191848849832,1.1315772837888562,,,3.8931126356026797,../data/results/vary_B2/B_81_n_10/phi_2.0/results_seed_24.pt,,
vary_B2,81,10,2.0,24,VI_best_tau_by_ELBO,8.207056999206543,,0.2233663946390152,2.453040689620839,1.951019355077255,-1799.0666748046874,0.2,,../data/results/vary_B2/B_81_n_10/phi_2.0/results_seed_24.pt,10.0,10.0
vary_B2,81,10,2.0,25,GPArealModel,8.260939598083496,,0.5835411770400877,3.2886542682719684,1.1334961563560473,,,5.63568501704216,../data/results/vary_B2/B_81_n_10/phi_2.0/results_seed_25.pt,,
vary_B2,81,10,2.0,25,GPmodel,7.956663608551025,,0.645745801183038,2.2635937804869264,1.1097969604674425,,,3.505394500962935,../data/results/vary_B2/B_81_n_10/phi_2.0/results_seed_25.pt,,
vary_B2,81,10,2.0,25,VI_best_tau_by_ELBO,8.429737091064453,,0.2232629954814911,2.1060139128135824,2.3209136985546586,-1820.9929443359374,0.2,,../data/results/vary_B2/B_81_n_10/phi_2.0/results_seed_25.pt,10.0,10.0
vary_B2,81,10,2.0,26,GPArealModel,8.291292190551758,,0.5434435910046754,4.018179611433694,2.1017910549489542,,,7.393922162197556,../data/results/vary_B2/B_81_n_10/phi_2.0/results_seed_26.pt,,
vary_B2,81,10,2.0,26,GPmodel,7.954819202423096,,0.7115035605434271,2.3796694664510607,1.2117004189290226,,,3.3445643822689144,../data/results/vary_B2/B_81_n_10/phi_2.0/results_seed_26.pt,,
vary_B2,81,10,2.0,26,VI_best_tau_by_ELBO,8.417228698730469,,0.22336137294769287,2.5579633101529633,2.2542147033434636,-1831.4445068359375,0.2,,../data/results/vary_B2/B_81_n_10/phi_2.0/results_seed_26.pt,10.0,10.0
vary_B2,81,10,2.0,27,GPArealModel,7.8881306648254395,,0.3552984734726658,4.946185726512517,1.0245257691730125,,,13.921212996410585,../data/results/vary_B2/B_81_n_10/phi_2.0/results_seed_27.pt,,
vary_B2,81,10,2.0,27,GPmodel,7.951335430145264,,0.5495103645736646,2.511631024190766,1.0779509006639219,,,4.570670884687324,../data/results/vary_B2/B_81_n_10/phi_2.0/results_seed_27.pt,,
vary_B2,81,10,2.0,27,VI_best_tau_by_ELBO,8.25781536102295,,0.22336772084236145,2.5982779295425016,2.0557105827378743,-1815.8205078125,0.2,,../data/results/vary_B2/B_81_n_10/phi_2.0/results_seed_27.pt,10.0,10.0
vary_B2,81,10,2.0,28,GPArealModel,7.908490180969238,,0.48936488784483423,3.9974959737408815,1.4346551149984093,,,8.168742942195703,../data/results/vary_B2/B_81_n_10/phi_2.0/results_seed_28.pt,,
vary_B2,81,10,2.0,28,GPmodel,7.9782490730285645,,0.8024051896142088,2.0575482808464742,1.2345625656645398,,,2.56422603876195,../data/results/vary_B2/B_81_n_10/phi_2.0/results_seed_28.pt,,
vary_B2,81,10,2.0,28,VI_best_tau_by_ELBO,8.2191162109375,,0.2233370840549469,2.3493851414118563,2.149804258547157,-1809.32861328125,0.2,,../data/results/vary_B2/B_81_n_10/phi_2.0/results_seed_28.pt,10.0,10.0
vary_B2,81,10,2.0,29,GPArealModel,7.83761739730835,,0.7391311167672677,4.136476215625238,0.8213707552714579,,,5.596403833892034,../data/results/vary_B2/B_81_n_10/phi_2.0/results_seed_29.pt,,
vary_B2,81,10,2.0,29,GPmodel,7.915247917175293,,0.743396110463739,2.3374470823042066,0.9616487902620703,,,3.1442820986056548,../data/results/vary_B2/B_81_n_10/phi_2.0/results_seed_29.pt,,
vary_B2,81,10,2.0,29,VI_best_tau_by_ELBO,8.04281997680664,,0.22353202104568481,4.385562812712664,2.1833257148891825,-1826.810205078125,0.3,,../data/results/vary_B2/B_81_n_10/phi_2.0/results_seed_29.pt,10.0,10.0
vary_B2,81,10,2.0,30,GPArealModel,7.892697334289551,,0.44221280957793685,5.362412858129139,1.4478346371106425,,,12.126317334061875,../data/results/vary_B2/B_81_n_10/phi_2.0/results_seed_30.pt,,
vary_B2,81,10,2.0,30,GPmodel,7.966159343719482,,0.48088210152257516,3.3446240885976333,1.1126633884608899,,,6.955185227330859,../data/results/vary_B2/B_81_n_10/phi_2.0/results_seed_30.pt,,
vary_B2,81,10,2.0,30,VI_best_tau_by_ELBO,8.357815742492676,,0.2235029637813568,3.7833305421190606,2.041799370176395,-1851.603271484375,0.2,,../data/results/vary_B2/B_81_n_10/phi_2.0/results_seed_30.pt,10.0,10.0
vary_B2,81,10,2.0,31,GPArealModel,8.061739921569824,,0.46802635370560985,3.20475084205416,2.1149738564000624,,,6.847372624811548,../data/results/vary_B2/B_81_n_10/phi_2.0/results_seed_31.pt,,
vary_B2,81,10,2.0,31,GPmodel,7.975485324859619,,0.8144176282042066,2.0161688755256524,1.3930612026417397,,,2.4755958192743335,../data/results/vary_B2/B_81_n_10/phi_2.0/results_seed_31.pt,,
vary_B2,81,10,2.0,31,VI_best_tau_by_ELBO,8.283561706542969,,0.2233332246541977,1.9136790101170038,2.14249589896916,-1794.3165283203125,0.2,,../data/results/vary_B2/B_81_n_10/phi_2.0/results_seed_31.pt,10.0,10.0
vary_B2,81,10,2.0,32,GPArealModel,8.169532775878906,,0.8082102582510975,3.922526396890419,1.0722340280021374,,,4.853348935929684,../data/results/vary_B2/B_81_n_10/phi_2.0/results_seed_32.pt,,
vary_B2,81,10,2.0,32,GPmodel,8.012683868408203,,0.6665559582134374,2.7042973316474583,0.9809457242745657,,,4.057119733646605,../data/results/vary_B2/B_81_n_10/phi_2.0/results_seed_32.pt,,
vary_B2,81,10,2.0,32,VI_best_tau_by_ELBO,8.257774353027344,,0.22346247732639313,3.707191412533253,2.414456683496118,-1837.7375732421874,0.3,,../data/results/vary_B2/B_81_n_10/phi_2.0/results_seed_32.pt,10.0,10.0
vary_B2,81,10,2.0,33,GPArealModel,7.841104984283447,,0.9846967203746312,2.726825372532964,1.7707557343954037,,,2.7692032644279894,../data/results/vary_B2/B_81_n_10/phi_2.0/results_seed_33.pt,,
vary_B2,81,10,2.0,33,GPmodel,7.949374675750732,,0.936580863013515,1.9859619445239516,1.0441705450271626,,,2.1204383123246604,../data/results/vary_B2/B_81_n_10/phi_2.0/results_seed_33.pt,,
vary_B2,81,10,2.0,33,VI_best_tau_by_ELBO,8.09142017364502,,0.22333583235740662,2.306899476895029,2.706598793035449,-1828.45966796875,0.3,,../data/results/vary_B2/B_81_n_10/phi_2.0/results_seed_33.pt,10.0,10.0
vary_B2,81,10,2.0,34,GPArealModel,7.895566940307617,,0.40418118877133863,3.9889750262454435,0.8583905062382673,,,9.869274318212186,../data/results/vary_B2/B_81_n_10/phi_2.0/results_seed_34.pt,,
vary_B2,81,10,2.0,34,GPmodel,7.945326328277588,,0.5578420075734937,2.2587733465898476,1.2136037597999738,,,4.049127380017652,../data/results/vary_B2/B_81_n_10/phi_2.0/results_seed_34.pt,,
vary_B2,81,10,2.0,34,VI_best_tau_by_ELBO,8.281506538391113,,0.22336480021476746,2.3281575641665118,2.0708589617552895,-1809.3837646484376,0.2,,../data/results/vary_B2/B_81_n_10/phi_2.0/results_seed_34.pt,10.0,10.0
vary_B2,81,10,2.0,35,GPArealModel,7.9245076179504395,,0.3057137601840271,6.440079986556563,1.3267642279090295,,,21.065718411496757,../data/results/vary_B2/B_81_n_10/phi_2.0/results_seed_35.pt,,
vary_B2,81,10,2.0,35,GPmodel,7.965576171875,,0.47576560216301084,2.8520975188977897,1.1726240855301788,,,5.994753521337131,../data/results/vary_B2/B_81_n_10/phi_2.0/results_seed_35.pt,,
vary_B2,81,10,2.0,35,VI_best_tau_by_ELBO,8.27205753326416,,0.22341212630271912,3.486971856343572,1.8039197952432875,-1813.9046875,0.2,,../data/results/vary_B2/B_81_n_10/phi_2.0/results_seed_35.pt,10.0,10.0
vary_B2,81,10,2.0,36,GPArealModel,8.34913444519043,,0.777475896667266,2.9026129903342515,0.900438842807825,,,3.733380035029528,../data/results/vary_B2/B_81_n_10/phi_2.0/results_seed_36.pt,,
vary_B2,81,10,2.0,36,GPmodel,7.964811325073242,,0.7529541884946702,1.8767984719152695,0.9827460629109164,,,2.4925798947575077,../data/results/vary_B2/B_81_n_10/phi_2.0/results_seed_36.pt,,
vary_B2,81,10,2.0,36,VI_best_tau_by_ELBO,8.382054328918457,,0.22341853380203247,2.281039359987859,1.9917407244687266,-1779.3918212890626,0.2,,../data/results/vary_B2/B_81_n_10/phi_2.0/results_seed_36.pt,10.0,10.0
vary_B2,81,10,2.0,37,GPArealModel,7.681147575378418,,0.5999185317608997,5.186186232752153,0.6558150731198432,,,8.64481751802115,../data/results/vary_B2/B_81_n_10/phi_2.0/results_seed_37.pt,,
vary_B2,81,10,2.0,37,GPmodel,7.982240676879883,,0.6484866038248935,2.57953263293367,1.1861183632236134,,,3.977773199506529,../data/results/vary_B2/B_81_n_10/phi_2.0/results_seed_37.pt,,
vary_B2,81,10,2.0,37,VI_best_tau_by_ELBO,8.087479591369629,,0.22347460687160492,4.104521066297018,2.4529825393234965,-1856.251171875,0.3,,../data/results/vary_B2/B_81_n_10/phi_2.0/results_seed_37.pt,10.0,10.0
vary_B2,81,10,2.0,38,GPArealModel,8.354732513427734,,0.4417612125618034,4.280977252332923,1.3397673318748236,,,9.690704232513406,../data/results/vary_B2/B_81_n_10/phi_2.0/results_seed_38.pt,,
vary_B2,81,10,2.0,38,GPmodel,7.897733688354492,,0.6589328613091093,2.2757186762379393,1.2015878165315246,,,3.453642715157267,../data/results/vary_B2/B_81_n_10/phi_2.0/results_seed_38.pt,,
vary_B2,81,10,2.0,38,VI_best_tau_by_ELBO,8.322746276855469,,0.22340860962867737,2.61104531820326,2.1228169321099357,-1820.6931884765625,0.2,,../data/results/vary_B2/B_81_n_10/phi_2.0/results_seed_38.pt,10.0,10.0
vary_B2,81,10,2.0,39,GPArealModel,8.491202354431152,,0.41966176248245207,5.271482087052826,1.1074694364726079,,,12.561263756483534,../data/results/vary_B2/B_81_n_10/phi_2.0/results_seed_39.pt,,
vary_B2,81,10,2.0,39,GPmodel,7.910600185394287,,0.5783405818440692,2.6512887958048714,1.055336838127232,,,4.584303573079894,../data/results/vary_B2/B_81_n_10/phi_2.0/results_seed_39.pt,,
vary_B2,81,10,2.0,39,VI_best_tau_by_ELBO,8.253262519836426,,0.22336742281913757,2.9937241178312917,2.1027612721557163,-1823.9261962890625,0.2,,../data/results/vary_B2/B_81_n_10/phi_2.0/results_seed_39.pt,10.0,10.0
vary_B2,81,10,2.0,40,GPArealModel,8.022789001464844,,0.4240709320732568,4.3782085260836645,1.2876112048374198,,,10.324236336310229,../data/results/vary_B2/B_81_n_10/phi_2.0/results_seed_40.pt,,
vary_B2,81,10,2.0,40,GPmodel,7.974849224090576,,0.5831844252313777,2.409798192441258,1.0815937383656116,,,4.1321374305995455,../data/results/vary_B2/B_81_n_10/phi_2.0/results_seed_40.pt,,
vary_B2,81,10,2.0,40,VI_best_tau_by_ELBO,8.101433753967285,,0.22346030175685883,3.211388987970954,2.3131353033264506,-1829.4023193359376,0.3,,../data/results/vary_B2/B_81_n_10/phi_2.0/results_seed_40.pt,10.0,10.0
vary_B2,81,10,2.0,41,GPArealModel,7.987228870391846,,0.51804757336136,4.697945193743176,2.321190442576866,,,9.068559405192236,../data/results/vary_B2/B_81_n_10/phi_2.0/results_seed_41.pt,,
vary_B2,81,10,2.0,41,GPmodel,7.8959197998046875,,0.6562443981178141,2.791950766570624,1.1217114701318134,,,4.254437484842942,../data/results/vary_B2/B_81_n_10/phi_2.0/results_seed_41.pt,,
vary_B2,81,10,2.0,41,VI_best_tau_by_ELBO,8.05712890625,,0.22351406514644623,4.311980785812608,2.3199693981417036,-1856.01982421875,0.3,,../data/results/vary_B2/B_81_n_10/phi_2.0/results_seed_41.pt,10.0,10.0
vary_B2,81,10,2.0,42,GPArealModel,8.200181007385254,,1.0044521677922427,3.8584392453109735,2.967714943317745,,,3.8413369685803094,../data/results/vary_B2/B_81_n_10/phi_2.0/results_seed_42.pt,,
vary_B2,81,10,2.0,42,GPmodel,7.984814167022705,,0.8052866834101434,2.5956667363778085,0.9938338611405021,,,3.223282825671414,../data/results/vary_B2/B_81_n_10/phi_2.0/results_seed_42.pt,,
vary_B2,81,10,2.0,42,VI_best_tau_by_ELBO,8.12242317199707,,0.22350823879241943,3.792490195708828,2.59255171117143,-1860.8529296875,0.3,,../data/results/vary_B2/B_81_n_10/phi_2.0/results_seed_42.pt,10.0,10.0
vary_B2,81,10,2.0,43,GPArealModel,8.248661994934082,,0.8724945539879546,2.9490149659904774,1.8411804875335456,,,3.3799809437334214,../data/results/vary_B2/B_81_n_10/phi_2.0/results_seed_43.pt,,
vary_B2,81,10,2.0,43,GPmodel,7.96650505065918,,0.8425011249971143,2.0100352195688576,1.1284542488679914,,,2.3857952944285294,../data/results/vary_B2/B_81_n_10/phi_2.0/results_seed_43.pt,,
vary_B2,81,10,2.0,43,VI_best_tau_by_ELBO,8.278098106384277,,0.22333881258964539,2.3661355988810007,2.3372345990221324,-1825.23291015625,0.2,,../data/results/vary_B2/B_81_n_10/phi_2.0/results_seed_43.pt,10.0,10.0
vary_B2,81,10,2.0,44,GPArealModel,7.787326812744141,,0.5007546262972491,5.125903429646202,2.2616229078313665,,,10.236357610011284,../data/results/vary_B2/B_81_n_10/phi_2.0/results_seed_44.pt,,
vary_B2,81,10,2.0,44,GPmodel,7.965184688568115,,0.6497288373264194,2.652995111039638,1.143881625447255,,,4.083234356591735,../data/results/vary_B2/B_81_n_10/phi_2.0/results_seed_44.pt,,
vary_B2,81,10,2.0,44,VI_best_tau_by_ELBO,8.085970878601074,,0.22342175245285034,3.73626776952255,2.1200566809828167,-1845.3385498046875,0.2,,../data/results/vary_B2/B_81_n_10/phi_2.0/results_seed_44.pt,10.0,10.0
vary_B2,81,10,2.0,45,GPArealModel,7.938327789306641,,0.5802778933618876,3.7686075194312636,1.3074862504149825,,,6.494487490463451,../data/results/vary_B2/B_81_n_10/phi_2.0/results_seed_45.pt,,
vary_B2,81,10,2.0,45,GPmodel,7.981427192687988,,0.6500539725212844,2.382998066921488,1.06933796813249,,,3.665846479914347,../data/results/vary_B2/B_81_n_10/phi_2.0/results_seed_45.pt,,
vary_B2,81,10,2.0,45,VI_best_tau_by_ELBO,8.15643310546875,,0.22346378862857819,2.943115838533933,2.3530321468135207,-1821.1611572265624,0.3,,../data/results/vary_B2/B_81_n_10/phi_2.0/results_seed_45.pt,10.0,10.0
vary_B2,81,10,2.0,46,GPArealModel,7.880072593688965,,0.2762436967183917,6.188519310180257,2.147469204844655,,,22.402391018134093,../data/results/vary_B2/B_81_n_10/phi_2.0/results_seed_46.pt,,
vary_B2,81,10,2.0,46,GPmodel,7.97086763381958,,0.35908953813877686,3.7342164956629023,1.0930542959332976,,,10.399123614177098,../data/results/vary_B2/B_81_n_10/phi_2.0/results_seed_46.pt,,
vary_B2,81,10,2.0,46,VI_best_tau_by_ELBO,8.16965103149414,,0.22345232963562012,3.9257595002783963,1.7822054169373298,-1831.7890869140624,0.2,,../data/results/vary_B2/B_81_n_10/phi_2.0/results_seed_46.pt,10.0,10.0
vary_B2,81,10,2.0,47,GPArealModel,8.088550567626953,,0.41972385130248085,2.5773969779544363,2.0604493977844833,,,6.140696960528443,../data/results/vary_B2/B_81_n_10/phi_2.0/results_seed_47.pt,,
vary_B2,81,10,2.0,47,GPmodel,7.951534748077393,,0.840670122432289,1.7286019750880948,1.1242948048146997,,,2.0562191149208155,../data/results/vary_B2/B_81_n_10/phi_2.0/results_seed_47.pt,,
vary_B2,81,10,2.0,47,VI_best_tau_by_ELBO,8.30286979675293,,0.22325502336025238,1.599210962391348,2.087204028580101,-1769.0623291015625,0.2,,../data/results/vary_B2/B_81_n_10/phi_2.0/results_seed_47.pt,10.0,10.0
vary_B2,81,10,2.0,48,GPArealModel,7.890279769897461,,0.676179856711711,4.591987665928423,1.1314855423697914,,,6.791074327856258,../data/results/vary_B2/B_81_n_10/phi_2.0/results_seed_48.pt,,
vary_B2,81,10,2.0,48,GPmodel,8.003755569458008,,0.6908032715805358,2.3027910400436524,1.0857528176896158,,,3.3334975886476914,../data/results/vary_B2/B_81_n_10/phi_2.0/results_seed_48.pt,,
vary_B2,81,10,2.0,48,VI_best_tau_by_ELBO,8.106952667236328,,0.2234635055065155,3.3894687606331972,2.115203170191088,-1836.2703369140625,0.2,,../data/results/vary_B2/B_81_n_10/phi_2.0/results_seed_48.pt,10.0,10.0
vary_B2,81,10,2.0,49,GPArealModel,7.7186760902404785,,0.49306802141138695,3.832071371835496,2.730817138467807,,,7.77189192044203,../data/results/vary_B2/B_81_n_10/phi_2.0/results_seed_49.pt,,
vary_B2,81,10,2.0,49,GPmodel,7.947445392608643,,0.7949359589760635,2.1181546537695413,1.2265831900365096,,,2.664560119406199,../data/results/vary_B2/B_81_n_10/phi_2.0/results_seed_49.pt,,
vary_B2,81,10,2.0,49,VI_best_tau_by_ELBO,8.128756523132324,,0.22329291701316833,2.50744837341082,2.3923784504725005,-1838.8161376953126,0.2,,../data/results/vary_B2/B_81_n_10/phi_2.0/results_seed_49.pt,10.0,10.0
vary_B2,81,10,2.0,50,GPArealModel,8.001777648925781,,0.7682080121289189,3.674494464895045,0.9347495582965707,,,4.783202474954661,../data/results/vary_B2/B_81_n_10/phi_2.0/results_seed_50.pt,,
vary_B2,81,10,2.0,50,GPmodel,7.98411226272583,,0.9176048048364424,1.8167443439879332,1.1067467685659822,,,1.9798766684877562,../data/results/vary_B2/B_81_n_10/phi_2.0/results_seed_50.pt,,
vary_B2,81,10,2.0,50,VI_best_tau_by_ELBO,8.186524391174316,,0.2233552634716034,2.891696475868442,2.122034697330874,-1807.29716796875,0.2,,../data/results/vary_B2/B_81_n_10/phi_2.0/results_seed_50.pt,10.0,10.0
vary_B2,81,10,2.0,51,GPArealModel,8.2460298538208,,0.4649623673294334,3.854601394147567,1.5559605072967664,,,8.290136288420348,../data/results/vary_B2/B_81_n_10/phi_2.0/results_seed_51.pt,,
vary_B2,81,10,2.0,51,GPmodel,7.984343528747559,,0.6447913530737406,2.2148707060524635,1.1469442854389102,,,3.4350192438129104,../data/results/vary_B2/B_81_n_10/phi_2.0/results_seed_51.pt,,
vary_B2,81,10,2.0,51,VI_best_tau_by_ELBO,8.38152027130127,,0.22335702180862427,2.2527475033736235,2.2083306448260793,-1815.835986328125,0.2,,../data/results/vary_B2/B_81_n_10/phi_2.0/results_seed_51.pt,10.0,10.0
vary_B2,81,10,2.0,52,GPArealModel,7.96818733215332,,0.637842166656168,3.4186994679472433,1.7436928291195308,,,5.359789061719575,../data/results/vary_B2/B_81_n_10/phi_2.0/results_seed_52.pt,,
vary_B2,81,10,2.0,52,GPmodel,8.02376937866211,,0.7047739106263463,2.202056762482485,1.008934940678153,,,3.1244867740996174,../data/results/vary_B2/B_81_n_10/phi_2.0/results_seed_52.pt,,
vary_B2,81,10,2.0,52,VI_best_tau_by_ELBO,8.239904403686523,,0.22333437204360962,2.3401460409223427,2.262270860641317,-1817.610791015625,0.2,,../data/results/vary_B2/B_81_n_10/phi_2.0/results_seed_52.pt,10.0,10.0
vary_B2,81,10,2.0,53,GPArealModel,8.07031536102295,,0.24120273581063484,5.816205145163004,3.148284992364649,,,24.11334649922558,../data/results/vary_B2/B_81_n_10/phi_2.0/results_seed_53.pt,,
vary_B2,81,10,2.0,53,GPmodel,7.870824337005615,,0.38986277763647653,3.654100345199438,0.9580384106386057,,,9.372785900085763,../data/results/vary_B2/B_81_n_10/phi_2.0/results_seed_53.pt,,
vary_B2,81,10,2.0,53,VI_best_tau_by_ELBO,8.271100997924805,,0.22342108190059662,3.489215098463406,1.8334834064123977,-1823.404052734375,0.2,,../data/results/vary_B2/B_81_n_10/phi_2.0/results_seed_53.pt,10.0,10.0
vary_B2,81,10,2.0,54,GPArealModel,7.4766035079956055,,0.7366687061352071,2.742514965474957,1.4426645628419874,,,3.7228606870828584,../data/results/vary_B2/B_81_n_10/phi_2.0/results_seed_54.pt,,
vary_B2,81,10,2.0,54,GPmodel,7.996435165405273,,0.9412341416094112,1.678052433784996,1.0610135037533606,,,1.7828214676910286,../data/results/vary_B2/B_81_n_10/phi_2.0/results_seed_54.pt,,
vary_B2,81,10,2.0,54,VI_best_tau_by_ELBO,8.02294921875,,0.22342291474342346,2.3210398167320125,2.5021813158291573,-1810.2677490234375,0.3,,../data/results/vary_B2/B_81_n_10/phi_2.0/results_seed_54.pt,10.0,10.0
vary_B2,81,10,2.0,55,GPArealModel,7.8291826248168945,,0.3225487603161392,6.156299064323478,0.9538693244540346,,,19.08641365816912,../data/results/vary_B2/B_81_n_10/phi_2.0/results_seed_55.pt,,
vary_B2,81,10,2.0,55,GPmodel,7.949811935424805,,0.4877749098434704,3.004227693617857,1.3312171208910488,,,6.1590451517523315,../data/results/vary_B2/B_81_n_10/phi_2.0/results_seed_55.pt,,
vary_B2,81,10,2.0,55,VI_best_tau_by_ELBO,8.218652725219727,,0.22336851060390472,3.391076729634527,2.1114514942542066,-1856.9485107421874,0.2,,../data/results/vary_B2/B_81_n_10/phi_2.0/results_seed_55.pt,10.0,10.0
vary_B2,81,10,2.0,56,GPArealModel,7.835512161254883,,0.45153719440292656,5.615894932064256,2.05075829404904,,,12.43728091877398,../data/results/vary_B2/B_81_n_10/phi_2.0/results_seed_56.pt,,
vary_B2,81,10,2.0,56,GPmodel,7.943980693817139,,0.5773540144667556,2.7955592712738655,1.1752366003623376,,,4.842019283187708,../data/results/vary_B2/B_81_n_10/phi_2.0/results_seed_56.pt,,
vary_B2,81,10,2.0,56,VI_best_tau_by_ELBO,8.158673286437988,,0.22344481945037842,3.6261909180895815,2.155665204360384,-1859.847607421875,0.2,,../data/results/vary_B2/B_81_n_10/phi_2.0/results_seed_56.pt,10.0,10.0
vary_B2,81,10,2.0,57,GPArealModel,7.709094524383545,,0.5142569029649486,4.802473111217251,0.9832570646473092,,,9.33866533152708,../data/results/vary_B2/B_81_n_10/phi_2.0/results_seed_57.pt,,
vary_B2,81,10,2.0,57,GPmodel,7.902970314025879,,0.6362443399031509,2.45056734750168,1.1313114463438338,,,3.851613592153457,../data/results/vary_B2/B_81_n_10/phi_2.0/results_seed_57.pt,,
vary_B2,81,10,2.0,57,VI_best_tau_by_ELBO,8.236872673034668,,0.22344934940338135,3.113880152750711,2.112883501966175,-1834.5974365234374,0.2,,../data/results/vary_B2/B_81_n_10/phi_2.0/results_seed_57.pt,10.0,10.0
vary_B2,81,10,2.0,58,GPArealModel,7.5094380378723145,,0.5537637831144588,4.538426089091726,0.7468510668974842,,,8.195599328592545,../data/results/vary_B2/B_81_n_10/phi_2.0/results_seed_58.pt,,
vary_B2,81,10,2.0,58,GPmodel,7.948276519775391,,0.7148082715814588,2.3721057308851177,1.2469997327815099,,,3.318520259477433,../data/results/vary_B2/B_81_n_10/phi_2.0/results_seed_58.pt,,
vary_B2,81,10,2.0,58,VI_best_tau_by_ELBO,8.152450561523438,,0.22342152893543243,2.9016953062167468,2.6721375674724697,-1856.0,0.3,,../data/results/vary_B2/B_81_n_10/phi_2.0/results_seed_58.pt,10.0,10.0
vary_B2,81,10,2.0,59,GPArealModel,7.8557515144348145,,0.32746721359195513,6.5460810218332215,2.3774726802761696,,,19.990034880224844,../data/results/vary_B2/B_81_n_10/phi_2.0/results_seed_59.pt,,
vary_B2,81,10,2.0,59,GPmodel,7.8880205154418945,,0.48389804750933574,3.130687524777314,1.030639095404339,,,6.469725473973759,../data/results/vary_B2/B_81_n_10/phi_2.0/results_seed_59.pt,,
vary_B2,81,10,2.0,59,VI_best_tau_by_ELBO,8.216991424560547,,0.22346293926239014,4.029165228768405,1.8015746013034366,-1827.112353515625,0.2,,../data/results/vary_B2/B_81_n_10/phi_2.0/results_seed_59.pt,10.0,10.0
vary_B2,81,10,2.0,60,GPArealModel,7.5897393226623535,,0.36018736684906844,5.757657567914074,1.4859603616770487,,,15.985173545319652,../data/results/vary_B2/B_81_n_10/phi_2.0/results_seed_60.pt,,
vary_B2,81,10,2.0,60,GPmodel,7.9265971183776855,,0.4762804335162441,3.028392252416689,1.0756133174331755,,,6.35842255802726,../data/results/vary_B2/B_81_n_10/phi_2.0/results_seed_60.pt,,
vary_B2,81,10,2.0,60,VI_best_tau_by_ELBO,8.216727256774902,,0.22339126467704773,3.1684752768497897,2.0081294417764783,-1827.1005126953125,0.2,,../data/results/vary_B2/B_81_n_10/phi_2.0/results_seed_60.pt,10.0,10.0
vary_B2,81,10,2.0,61,GPArealModel,7.933078289031982,,0.6153106548690025,3.76975283939417,1.9174554289015475,,,6.126584692730109,../data/results/vary_B2/B_81_n_10/phi_2.0/results_seed_61.pt,,
vary_B2,81,10,2.0,61,GPmodel,7.965671539306641,,0.7612784183391329,2.408327099380263,1.0374064186896506,,,3.163529979786457,../data/results/vary_B2/B_81_n_10/phi_2.0/results_seed_61.pt,,
vary_B2,81,10,2.0,61,VI_best_tau_by_ELBO,8.089807510375977,,0.22349126636981964,3.7760075316869277,2.323624106569769,-1832.6081787109374,0.3,,../data/results/vary_B2/B_81_n_10/phi_2.0/results_seed_61.pt,10.0,10.0
vary_B2,81,10,2.0,62,GPArealModel,7.621437072753906,,0.5476376464136582,4.418590572612711,1.5702352667640063,,,8.068456581736033,../data/results/vary_B2/B_81_n_10/phi_2.0/results_seed_62.pt,,
vary_B2,81,10,2.0,62,GPmodel,7.923758506774902,,0.7225462684708136,2.6563204709110213,1.2812598244999367,,,3.6763326956664235,../data/results/vary_B2/B_81_n_10/phi_2.0/results_seed_62.pt,,
vary_B2,81,10,2.0,62,VI_best_tau_by_ELBO,8.029335021972656,,0.2235218733549118,3.86255118434484,2.5660312485500185,-1873.2528076171875,0.3,,../data/results/vary_B2/B_81_n_10/phi_2.0/results_seed_62.pt,10.0,10.0
vary_B2,81,10,2.0,63,GPArealModel,7.981561183929443,,0.32010013405004123,7.25098985268276,1.3719236866908757,,,22.652254970781154,../data/results/vary_B2/B_81_n_10/phi_2.0/results_seed_63.pt,,
vary_B2,81,10,2.0,63,GPmodel,7.955390930175781,,0.4351660423745752,3.1799610065679262,0.9959918730806573,,,7.307465879496936,../data/results/vary_B2/B_81_n_10/phi_2.0/results_seed_63.pt,,
vary_B2,81,10,2.0,63,VI_best_tau_by_ELBO,8.261451721191406,,0.22341664135456085,4.125984718645601,1.7229418057198866,-1817.9607421875,0.2,,../data/results/vary_B2/B_81_n_10/phi_2.0/results_seed_63.pt,10.0,10.0
vary_B2,81,10,2.0,64,GPArealModel,7.896774768829346,,0.7764178141457817,3.1666792907251384,1.729695704040125,,,4.0785762936275916,../data/results/vary_B2/B_81_n_10/phi_2.0/results_seed_64.pt,,
vary_B2,81,10,2.0,64,GPmodel,7.951052665710449,,0.7085518901121687,2.4350142288855094,1.048614206654988,,,3.4366067790744723,../data/results/vary_B2/B_81_n_10/phi_2.0/results_seed_64.pt,,
vary_B2,81,10,2.0,64,VI_best_tau_by_ELBO,8.203598976135254,,0.2232961803674698,2.5972288075545964,2.357709243196687,-1833.1326416015625,0.2,,../data/results/vary_B2/B_81_n_10/phi_2.0/results_seed_64.pt,10.0,10.0
vary_B2,81,10,2.0,65,GPArealModel,8.28014850616455,,0.34384284664832215,5.8626384436286,0.8987015215384274,,,17.05034291326941,../data/results/vary_B2/B_81_n_10/phi_2.0/results_seed_65.pt,,
vary_B2,81,10,2.0,65,GPmodel,7.965591907501221,,0.4358965218459234,3.08665858828225,0.9816711586606222,,,7.081172786630523,../data/results/vary_B2/B_81_n_10/phi_2.0/results_seed_65.pt,,
vary_B2,81,10,2.0,65,VI_best_tau_by_ELBO,8.26823902130127,,0.22337689995765686,3.240400397874907,1.9757937983810472,-1824.094775390625,0.2,,../data/results/vary_B2/B_81_n_10/phi_2.0/results_seed_65.pt,10.0,10.0
vary_B2,81,10,2.0,66,GPArealModel,8.274918556213379,,0.2732971665136729,6.3579511100577095,2.8542892982037915,,,23.263874964981113,../data/results/vary_B2/B_81_n_10/phi_2.0/results_seed_66.pt,,
vary_B2,81,10,2.0,66,GPmodel,7.953423500061035,,0.4915130302593928,3.3435186477641214,1.1318233412872396,,,6.802502562342246,../data/results/vary_B2/B_81_n_10/phi_2.0/results_seed_66.pt,,
vary_B2,81,10,2.0,66,VI_best_tau_by_ELBO,8.401761054992676,,0.22332355380058289,3.1149026917455456,2.2351068177160665,-1857.119921875,0.2,,../data/results/vary_B2/B_81_n_10/phi_2.0/results_seed_66.pt,10.0,10.0
vary_B2,81,10,2.0,67,GPArealModel,8.030527114868164,,0.5376485658237387,2.1987456458873056,2.945967899846742,,,4.089559213309864,../data/results/vary_B2/B_81_n_10/phi_2.0/results_seed_67.pt,,
vary_B2,81,10,2.0,67,GPmodel,7.962631702423096,,0.8492299117333723,1.8158418927634097,1.0717376970236836,,,2.1382217791376137,../data/results/vary_B2/B_81_n_10/phi_2.0/results_seed_67.pt,,
vary_B2,81,10,2.0,67,VI_best_tau_by_ELBO,8.397517204284668,,0.22331199049949646,1.5535395678185318,2.203008910860941,-1784.8496826171875,0.2,,../data/results/vary_B2/B_81_n_10/phi_2.0/results_seed_67.pt,10.0,10.0
vary_B2,81,10,2.0,68,GPArealModel,8.16381549835205,,0.5992705549090093,3.1848325119244434,0.6219242414766578,,,5.314515264992479,../data/results/vary_B2/B_81_n_10/phi_2.0/results_seed_68.pt,,
vary_B2,81,10,2.0,68,GPmodel,7.937742233276367,,0.699052400816197,1.9384208342478733,1.010292091396162,,,2.772926367157339,../data/results/vary_B2/B_81_n_10/phi_2.0/results_seed_68.pt,,
vary_B2,81,10,2.0,68,VI_best_tau_by_ELBO,8.36957836151123,,0.2233889400959015,2.2748325331852417,2.057119481370638,-1790.05341796875,0.2,,../data/results/vary_B2/B_81_n_10/phi_2.0/results_seed_68.pt,10.0,10.0
vary_B2,81,10,2.0,69,GPArealModel,7.887305736541748,,0.5772892528690373,4.834577508253921,1.054731385934673,,,8.374618935354896,../data/results/vary_B2/B_81_n_10/phi_2.0/results_seed_69.pt,,
vary_B2,81,10,2.0,69,GPmodel,7.936267375946045,,0.7111536246291189,2.3611268068205318,1.0126175253422054,,,3.3201360789687424,../data/results/vary_B2/B_81_n_10/phi_2.0/results_seed_69.pt,,
vary_B2,81,10,2.0,69,VI_best_tau_by_ELBO,8.2116060256958,,0.22337135672569275,3.0039549452100345,2.2393168992436894,-1835.350439453125,0.2,,../data/results/vary_B2/B_81_n_10/phi_2.0/results_seed_69.pt,10.0,10.0
vary_B2,81,10,2.0,70,GPArealModel,7.418901443481445,,0.28486933757125443,6.6620160419778545,0.5843071564027191,,,23.386216638045443,../data/results/vary_B2/B_81_n_10/phi_2.0/results_seed_70.pt,,
vary_B2,81,10,2.0,70,GPmodel,8.011434555053711,,0.3511669909136978,3.9914266242228806,1.0837085811291884,,,11.366178278424258,../data/results/vary_B2/B_81_n_10/phi_2.0/results_seed_70.pt,,
vary_B2,81,10,2.0,70,VI_best_tau_by_ELBO,8.259282112121582,,0.22342437505722046,3.816806686541079,1.9256741326211024,-1864.1135498046874,0.2,,../data/results/vary_B2/B_81_n_10/phi_2.0/results_seed_70.pt,10.0,10.0
vary_B2,81,10,2.0,71,GPArealModel,7.213015079498291,,0.5581518170856813,4.569038211669916,0.7311366245281894,,,8.186013324343488,../data/results/vary_B2/B_81_n_10/phi_2.0/results_seed_71.pt,,
vary_B2,81,10,2.0,71,GPmodel,7.937664985656738,,0.685028404904685,2.7369731686143584,1.1793289291745128,,,3.995415590095394,../data/results/vary_B2/B_81_n_10/phi_2.0/results_seed_71.pt,,
vary_B2,81,10,2.0,71,VI_best_tau_by_ELBO,8.01925277709961,,0.2234860062599182,3.2187464354622928,2.7096195877026106,-1869.0154296875,0.3,,../data/results/vary_B2/B_81_n_10/phi_2.0/results_seed_71.pt,10.0,10.0
vary_B2,81,10,2.0,72,GPArealModel,7.753765106201172,,0.23344237113671534,6.2463424425812715,4.056066730369649,,,26.757535113122653,../data/results/vary_B2/B_81_n_10/phi_2.0/results_seed_72.pt,,
vary_B2,81,10,2.0,72,GPmodel,8.01819896697998,,0.44152787604460997,3.26860252346311,1.1549816811653593,,,7.402935807235115,../data/results/vary_B2/B_81_n_10/phi_2.0/results_seed_72.pt,,
vary_B2,81,10,2.0,72,VI_best_tau_by_ELBO,8.312787055969238,,0.22338105738162994,3.488420327386476,2.01725420518784,-1841.43525390625,0.2,,../data/results/vary_B2/B_81_n_10/phi_2.0/results_seed_72.pt,10.0,10.0
vary_B2,81,10,2.0,73,GPArealModel,7.924337387084961,,0.4928705952866635,4.44608133963694,0.6141215061942695,,,9.020788381686696,../data/results/vary_B2/B_81_n_10/phi_2.0/results_seed_73.pt,,
vary_B2,81,10,2.0,73,GPmodel,7.979791641235352,,0.7694653692493836,2.22392676086439,1.1430267209891112,,,2.8902233287429673,../data/results/vary_B2/B_81_n_10/phi_2.0/results_seed_73.pt,,
vary_B2,81,10,2.0,73,VI_best_tau_by_ELBO,8.355611801147461,,0.22332863509655,2.6854278556901137,2.4455385460649435,-1852.547900390625,0.2,,../data/results/vary_B2/B_81_n_10/phi_2.0/results_seed_73.pt,10.0,10.0
vary_B2,81,10,2.0,74,GPArealModel,7.617367744445801,,0.4923469868557963,5.161898167364143,1.3833643568426335,,,10.484268829040307,../data/results/vary_B2/B_81_n_10/phi_2.0/results_seed_74.pt,,
vary_B2,81,10,2.0,74,GPmodel,7.917024612426758,,0.6342044332306939,2.640622011080644,1.3007452855396493,,,4.163676367932466,../data/results/vary_B2/B_81_n_10/phi_2.0/results_seed_74.pt,,
vary_B2,81,10,2.0,74,VI_best_tau_by_ELBO,8.197952270507812,,0.22347265481948853,3.44293380544729,2.1062812531416264,-1843.6353515625,0.2,,../data/results/vary_B2/B_81_n_10/phi_2.0/results_seed_74.pt,10.0,10.0
vary_B2,81,10,2.0,75,GPArealModel,7.770904541015625,,0.4435722760270309,4.954549043751255,1.2972356119605246,,,11.169654443077341,../data/results/vary_B2/B_81_n_10/phi_2.0/results_seed_75.pt,,
vary_B2,81,10,2.0,75,GPmodel,7.9115166664123535,,0.5529337213547428,3.036095208514573,1.0551252262099808,,,5.490884515192592,../data/results/vary_B2/B_81_n_10/phi_2.0/results_seed_75.pt,,
vary_B2,81,10,2.0,75,VI_best_tau_by_ELBO,8.227773666381836,,0.22351200878620148,4.096792363141085,1.9127106943864451,-1836.7181884765625,0.2,,../data/results/vary_B2/B_81_n_10/phi_2.0/results_seed_75.pt,10.0,10.0
vary_B2,81,10,2.0,76,GPArealModel,7.602088928222656,,0.479965193703834,3.7168625801835806,0.4765173946936075,,,7.744025252125048,../data/results/vary_B2/B_81_n_10/phi_2.0/results_seed_76.pt,,
vary_B2,81,10,2.0,76,GPmodel,7.90618371963501,,0.7751345195247558,2.1549871793994844,1.2260652233023197,,,2.780146058674735,../data/results/vary_B2/B_81_n_10/phi_2.0/results_seed_76.pt,,
vary_B2,81,10,2.0,76,VI_best_tau_by_ELBO,8.042987823486328,,0.22347748279571533,3.001288489757331,2.4265720336279695,-1832.285888671875,0.3,,../data/results/vary_B2/B_81_n_10/phi_2.0/results_seed_76.pt,10.0,10.0
vary_B2,81,10,2.0,77,GPArealModel,8.1338472366333,,0.3171085761825627,6.479689608727552,3.1092214385670838,,,20.43366245950134,../data/results/vary_B2/B_81_n_10/phi_2.0/results_seed_77.pt,,
vary_B2,81,10,2.0,77,GPmodel,7.886745452880859,,0.3716453959845315,4.54274658629614,0.9350437959185068,,,12.223336103120234,../data/results/vary_B2/B_81_n_10/phi_2.0/results_seed_77.pt,,
vary_B2,81,10,2.0,77,VI_best_tau_by_ELBO,8.250073432922363,,0.22341254353523254,4.166999256159521,1.9898187438617452,-1869.2168212890624,0.2,,../data/results/vary_B2/B_81_n_10/phi_2.0/results_seed_77.pt,10.0,10.0
vary_B2,81,10,2.0,78,GPArealModel,8.138054847717285,,0.33954345400110114,6.367284243334802,2.9909247018063443,,,18.752487106743494,../data/results/vary_B2/B_81_n_10/phi_2.0/results_seed_78.pt,,
vary_B2,81,10,2.0,78,GPmodel,7.917272090911865,,0.4704530669771206,3.4677846764995133,1.1861623736469915,,,7.371159675462719,../data/results/vary_B2/B_81_n_10/phi_2.0/results_seed_78.pt,,
vary_B2,81,10,2.0,78,VI_best_tau_by_ELBO,8.2116117477417,,0.22343501448631287,4.099883240244525,2.0161306206113894,-1862.2331787109374,0.2,,../data/results/vary_B2/B_81_n_10/phi_2.0/results_seed_78.pt,10.0,10.0
vary_B2,81,10,2.0,79,GPArealModel,8.298293113708496,,0.5754668691580779,3.10493303523031,0.9218479241382255,,,5.395502680758847,../data/results/vary_B2/B_81_n_10/phi_2.0/results_seed_79.pt,,
vary_B2,81,10,2.0,79,GPmodel,7.939756870269775,,0.7875587410348057,1.9015360154147358,1.2489594710265455,,,2.414468808912247,../data/results/vary_B2/B_81_n_10/phi_2.0/results_seed_79.pt,,
vary_B2,81,10,2.0,79,VI_best_tau_by_ELBO,8.386215209960938,,0.22332289814949036,1.886539737708024,2.2306703276281397,-1803.508642578125,0.2,,../data/results/vary_B2/B_81_n_10/phi_2.0/results_seed_79.pt,10.0,10.0
vary_B2,81,10,2.0,80,GPArealModel,7.859783172607422,,0.44680223598222146,3.597481791857666,0.8098056614563274,,,8.05161993862719,../data/results/vary_B2/B_81_n_10/phi_2.0/results_seed_80.pt,,
vary_B2,81,10,2.0,80,GPmodel,7.890770435333252,,0.6780936694478509,2.1180392627166182,1.237076987752221,,,3.1235201833417308,../data/results/vary_B2/B_81_n_10/phi_2.0/results_seed_80.pt,,
vary_B2,81,10,2.0,80,VI_best_tau_by_ELBO,8.084940910339355,,0.2233942449092865,2.5723933441985274,1.9846466902723645,-1800.0059326171875,0.2,,../data/results/vary_B2/B_81_n_10/phi_2.0/results_seed_80.pt,10.0,10.0
vary_B2,81,10,2.0,81,GPArealModel,7.430023193359375,,0.5253261010131953,4.39345900103118,0.6403471025601815,,,8.363298516021809,../data/results/vary_B2/B_81_n_10/phi_2.0/results_seed_81.pt,,
vary_B2,81,10,2.0,81,GPmodel,7.9752888679504395,,0.6757839508595879,2.290173517122298,1.054306770227087,,,3.3889137411582935,../data/results/vary_B2/B_81_n_10/phi_2.0/results_seed_81.pt,,
vary_B2,81,10,2.0,81,VI_best_tau_by_ELBO,8.101926803588867,,0.22344395518302917,3.2388069286879793,2.3405352703152067,-1821.53681640625,0.3,,../data/results/vary_B2/B_81_n_10/phi_2.0/results_seed_81.pt,10.0,10.0
vary_B2,81,10,2.0,82,GPArealModel,7.947103977203369,,0.8249511617633967,3.147391518401418,1.9023859181119744,,,3.8152458767057507,../data/results/vary_B2/B_81_n_10/phi_2.0/results_seed_82.pt,,
vary_B2,81,10,2.0,82,GPmodel,7.94744348526001,,0.8415479437155012,2.0868919865146673,1.063057192191631,,,2.479825424206817,../data/results/vary_B2/B_81_n_10/phi_2.0/results_seed_82.pt,,
vary_B2,81,10,2.0,82,VI_best_tau_by_ELBO,8.141267776489258,,0.2234131395816803,2.7304355816745542,2.581658121442712,-1829.154931640625,0.3,,../data/results/vary_B2/B_81_n_10/phi_2.0/results_seed_82.pt,10.0,10.0
vary_B2,81,10,2.0,83,GPArealModel,8.325303077697754,,0.7387725247261002,4.389644679906848,1.4613709192353572,,,5.941808246772994,../data/results/vary_B2/B_81_n_10/phi_2.0/results_seed_83.pt,,
vary_B2,81,10,2.0,83,GPmodel,7.9139275550842285,,0.6876561419838902,2.6188532915730898,1.2807913097718477,,,3.808376209681905,../data/results/vary_B2/B_81_n_10/phi_2.0/results_seed_83.pt,,
vary_B2,81,10,2.0,83,VI_best_tau_by_ELBO,8.44344711303711,,0.22345739603042603,3.373267936753743,2.260702917169327,-1855.975732421875,0.2,,../data/results/vary_B2/B_81_n_10/phi_2.0/results_seed_83.pt,10.0,10.0
vary_B2,81,10,2.0,84,GPArealModel,7.772177219390869,,0.4824874272803079,2.827443764952178,3.434911038787891,,,5.860139777921166,../data/results/vary_B2/B_81_n_10/phi_2.0/results_seed_84.pt,,
vary_B2,81,10,2.0,84,GPmodel,7.962064743041992,,0.7478409522632616,2.1243258530020643,1.1013773125983215,,,2.840611826048061,../data/results/vary_B2/B_81_n_10/phi_2.0/results_seed_84.pt,,
vary_B2,81,10,2.0,84,VI_best_tau_by_ELBO,8.301980972290039,,0.22334381937980652,2.011858914872556,2.3057132108292344,-1817.3051025390625,0.2,,../data/results/vary_B2/B_81_n_10/phi_2.0/results_seed_84.pt,10.0,10.0
vary_B2,81,10,2.0,85,GPArealModel,7.151995658874512,,0.7534949345184097,3.3472989086172014,0.6378197362206708,,,4.442364182257709,../data/results/vary_B2/B_81_n_10/phi_2.0/results_seed_85.pt,,
vary_B2,81,10,2.0,85,GPmodel,7.904727458953857,,0.8187463424361372,2.120451788485038,1.0447251109091857,,,2.5898763494634296,../data/results/vary_B2/B_81_n_10/phi_2.0/results_seed_85.pt,,
vary_B2,81,10,2.0,85,VI_best_tau_by_ELBO,7.934305191040039,,0.22340001165866852,3.168811793375711,2.5362543692774064,-1835.02841796875,0.3,,../data/results/vary_B2/B_81_n_10/phi_2.0/results_seed_85.pt,10.0,10.0
vary_B2,81,10,2.0,86,GPArealModel,8.041425704956055,,0.40636872694976667,4.263947744342463,1.029001868685969,,,10.492804838472601,../data/results/vary_B2/B_81_n_10/phi_2.0/results_seed_86.pt,,
vary_B2,81,10,2.0,86,GPmodel,7.958226680755615,,0.5175117152570281,2.864451792828337,1.191076703533478,,,5.535047243144388,../data/results/vary_B2/B_81_n_10/phi_2.0/results_seed_86.pt,,
vary_B2,81,10,2.0,86,VI_best_tau_by_ELBO,8.342757225036621,,0.22333873808383942,2.5683131568415924,2.333358466344964,-1848.1021484375,0.2,,../data/results/vary_B2/B_81_n_10/phi_2.0/results_seed_86.pt,10.0,10.0
vary_B2,81,10,2.0,87,GPArealModel,8.45837116241455,,0.3992046293901854,5.0696115308572525,2.661936313382826,,,12.699280413159183,../data/results/vary_B2/B_81_n_10/phi_2.0/results_seed_87.pt,,
vary_B2,81,10,2.0,87,GPmodel,7.943859577178955,,0.4982887046948636,3.1166904291342186,1.0244813862428257,,,6.254788438447109,../data/results/vary_B2/B_81_n_10/phi_2.0/results_seed_87.pt,,
vary_B2,81,10,2.0,87,VI_best_tau_by_ELBO,8.366116523742676,,0.2234964668750763,3.660381178370917,1.9213583232801286,-1838.74453125,0.2,,../data/results/vary_B2/B_81_n_10/phi_2.0/results_seed_87.pt,10.0,10.0
vary_B2,81,10,2.0,88,GPArealModel,8.123921394348145,,0.3768139081765641,5.122112012229538,1.555481241650063,,,13.593213788248665,../data/results/vary_B2/B_81_n_10/phi_2.0/results_seed_88.pt,,
vary_B2,81,10,2.0,88,GPmodel,7.978921890258789,,0.5513008559460498,2.6574931562144135,1.0118710372596293,,,4.820404553252635,../data/results/vary_B2/B_81_n_10/phi_2.0/results_seed_88.pt,,
vary_B2,81,10,2.0,88,VI_best_tau_by_ELBO,8.336750030517578,,0.22334681451320648,2.7079841294698093,2.1505177702475406,-1825.772119140625,0.2,,../data/results/vary_B2/B_81_n_10/phi_2.0/results_seed_88.pt,10.0,10.0
vary_B2,81,10,2.0,89,GPArealModel,8.245641708374023,,0.4316247786700892,5.7894834677879725,1.4892238082777975,,,13.41323240437302,../data/results/vary_B2/B_81_n_10/phi_2.0/results_seed_89.pt,,
vary_B2,81,10,2.0,89,GPmodel,7.926376819610596,,0.5112623019199442,3.379324390648517,1.0307868395737796,,,6.609766411405916,../data/results/vary_B2/B_81_n_10/phi_2.0/results_seed_89.pt,,
vary_B2,81,10,2.0,89,VI_best_tau_by_ELBO,8.051507949829102,,0.22348514199256897,4.6971308975578445,2.2761795055273293,-1864.725634765625,0.3,,../data/results/vary_B2/B_81_n_10/phi_2.0/results_seed_89.pt,10.0,10.0
vary_B2,81,10,2.0,90,GPArealModel,7.5167155265808105,,0.9230241013490385,2.30134837160004,1.2952427195488454,,,2.4932700763030162,../data/results/vary_B2/B_81_n_10/phi_2.0/results_seed_90.pt,,
vary_B2,81,10,2.0,90,GPmodel,7.913623809814453,,1.1562031065802052,1.2976969926733946,1.1130172282502153,,,1.122378053897206,../data/results/vary_B2/B_81_n_10/phi_2.0/results_seed_90.pt,,
vary_B2,81,10,2.0,90,VI_best_tau_by_ELBO,8.201632499694824,,0.22334885597229004,1.7350891762752103,1.9067621455278705,-1739.7100341796875,0.2,,../data/results/vary_B2/B_81_n_10/phi_2.0/results_seed_90.pt,10.0,10.0
vary_B2,81,10,2.0,91,GPArealModel,8.10649585723877,,1.0418794307425447,3.3149453830616613,1.4533197684566648,,,3.181697694808226,../data/results/vary_B2/B_81_n_10/phi_2.0/results_seed_91.pt,,
vary_B2,81,10,2.0,91,GPmodel,7.9949140548706055,,0.7932444277589897,2.2783658035590184,1.0532398244589745,,,2.8722115451799315,../data/results/vary_B2/B_81_n_10/phi_2.0/results_seed_91.pt,,
vary_B2,81,10,2.0,91,VI_best_tau_by_ELBO,8.231103897094727,,0.22340400516986847,2.581404978849604,2.73205593593402,-1841.9393798828125,0.3,,../data/results/vary_B2/B_81_n_10/phi_2.0/results_seed_91.pt,10.0,10.0
vary_B2,81,10,2.0,92,GPArealModel,7.76842737197876,,0.4848434486701466,4.3598103567511215,1.0087914963836235,,,8.992202263863588,../data/results/vary_B2/B_81_n_10/phi_2.0/results_seed_92.pt,,
vary_B2,81,10,2.0,92,GPmodel,7.974349021911621,,0.6513716708718197,2.429835988206794,1.0550579631787742,,,3.730337220460651,../data/results/vary_B2/B_81_n_10/phi_2.0/results_seed_92.pt,,
vary_B2,81,10,2.0,92,VI_best_tau_by_ELBO,8.22551155090332,,0.22341269254684448,2.6963323202796334,2.219640802139399,-1835.372607421875,0.2,,../data/results/vary_B2/B_81_n_10/phi_2.0/results_seed_92.pt,10.0,10.0
vary_B2,81,10,2.0,93,GPArealModel,7.873723030090332,,0.8702932063370786,3.3167375784900135,1.0755639446591503,,,3.8110576462496106,../data/results/vary_B2/B_81_n_10/phi_2.0/results_seed_93.pt,,
vary_B2,81,10,2.0,93,GPmodel,7.864926815032959,,1.0642467082374374,1.718873800360222,1.307189089540199,,,1.615108402079957,../data/results/vary_B2/B_81_n_10/phi_2.0/results_seed_93.pt,,
vary_B2,81,10,2.0,93,VI_best_tau_by_ELBO,8.135364532470703,,0.22333911061286926,2.0634891290058155,2.243318394899545,-1806.27421875,0.2,,../data/results/vary_B2/B_81_n_10/phi_2.0/results_seed_93.pt,10.0,10.0
vary_B2,81,10,2.0,94,GPArealModel,6.973013401031494,,0.3971255494401485,5.349375897372154,0.3611579473850064,,,13.470238580503034,../data/results/vary_B2/B_81_n_10/phi_2.0/results_seed_94.pt,,
vary_B2,81,10,2.0,94,GPmodel,7.950800895690918,,0.59025981570594,2.682597311911429,1.1179952612603612,,,4.544773742903524,../data/results/vary_B2/B_81_n_10/phi_2.0/results_seed_94.pt,,
vary_B2,81,10,2.0,94,VI_best_tau_by_ELBO,8.03675651550293,,0.2234700322151184,3.899873706616555,2.329881984802261,-1848.500537109375,0.3,,../data/results/vary_B2/B_81_n_10/phi_2.0/results_seed_94.pt,10.0,10.0
vary_B2,81,10,2.0,95,GPArealModel,7.756430149078369,,0.87075650825006,3.2486412829912843,1.4869779379852464,,,3.730826301281407,../data/results/vary_B2/B_81_n_10/phi_2.0/results_seed_95.pt,,
vary_B2,81,10,2.0,95,GPmodel,7.949714660644531,,0.7432334224580802,2.126289365041053,1.0382035169266253,,,2.860863492937146,../data/results/vary_B2/B_81_n_10/phi_2.0/results_seed_95.pt,,
vary_B2,81,10,2.0,95,VI_best_tau_by_ELBO,8.180916786193848,,0.22336247563362122,2.4821537492653425,2.2227701943748452,-1813.901220703125,0.2,,../data/results/vary_B2/B_81_n_10/phi_2.0/results_seed_95.pt,10.0,10.0
vary_B2,81,10,2.0,96,GPArealModel,7.6771674156188965,,0.28604739585835043,6.245027578459854,1.9287176359952505,,,21.83214274585589,../data/results/vary_B2/B_81_n_10/phi_2.0/results_seed_96.pt,,
vary_B2,81,10,2.0,96,GPmodel,7.871853351593018,,0.4649079958040746,3.1134485856310974,1.019342177628464,,,6.696913397340649,../data/results/vary_B2/B_81_n_10/phi_2.0/results_seed_96.pt,,
vary_B2,81,10,2.0,96,VI_best_tau_by_ELBO,8.126988410949707,,0.22335243225097656,3.021522074517446,2.086357299834895,-1834.0152099609375,0.2,,../data/results/vary_B2/B_81_n_10/phi_2.0/results_seed_96.pt,10.0,10.0
vary_B2,81,10,2.0,98,GPArealModel,7.697251319885254,,0.6676854200435787,4.078060585147851,0.8667972411759599,,,6.107757429961079,../data/results/vary_B2/B_81_n_10/phi_2.0/results_seed_98.pt,,
vary_B2,81,10,2.0,98,GPmodel,7.918765068054199,,0.633765350420047,2.428734519845727,1.0058975497857847,,,3.832229891135592,../data/results/vary_B2/B_81_n_10/phi_2.0/results_seed_98.pt,,
vary_B2,81,10,2.0,98,VI_best_tau_by_ELBO,8.049829483032227,,0.22350412607192993,3.2571766831384554,2.3558670115689186,-1830.0298828125,0.3,,../data/results/vary_B2/B_81_n_10/phi_2.0/results_seed_98.pt,10.0,10.0
vary_B2,81,10,2.0,99,GPArealModel,8.21726131439209,,0.5325218105418226,4.711250357512569,1.2706163177649425,,,8.847056147275985,../data/results/vary_B2/B_81_n_10/phi_2.0/results_seed_99.pt,,
vary_B2,81,10,2.0,99,GPmodel,8.000200271606445,,0.5882372149250685,2.8676107582360437,0.8999065770215735,,,4.874922370563258,../data/results/vary_B2/B_81_n_10/phi_2.0/results_seed_99.pt,,
vary_B2,81,10,2.0,99,VI_best_tau_by_ELBO,8.158620834350586,,0.2234881967306137,3.651229378847284,2.2286917071211487,-1828.5830322265624,0.3,,../data/results/vary_B2/B_81_n_10/phi_2.0/results_seed_99.pt,10.0,10.0
vary_B2,81,10,2.0,100,GPArealModel,8.290119171142578,,0.5793850882658107,2.828340143069114,2.0208962477643233,,,4.8816239843776,../data/results/vary_B2/B_81_n_10/phi_2.0/results_seed_100.pt,,
vary_B2,81,10,2.0,100,GPmodel,7.926421165466309,,0.8120927300603604,1.8621567042119203,1.0483552955953972,,,2.2930345701697292,../data/results/vary_B2/B_81_n_10/phi_2.0/results_seed_100.pt,,
vary_B2,81,10,2.0,100,VI_best_tau_by_ELBO,8.332883834838867,,0.22331978380680084,2.000052138915955,2.1430213662015123,-1788.4010498046875,0.2,,../data/results/vary_B2/B_81_n_10/phi_2.0/results_seed_100.pt,10.0,10.0
vary_B2,100,10,2.0,1,GPArealModel,7.641661167144775,,0.4370075514419729,5.361803048851829,1.9514625197025481,,,12.269360177323582,../data/results/vary_B2/B_100_n_10/phi_2.0/results_seed_1.pt,,
vary_B2,100,10,2.0,1,GPmodel,7.924397945404053,,0.5836730496080511,2.8285835862559963,1.2007010738123447,,,4.8461781611391,../data/results/vary_B2/B_100_n_10/phi_2.0/results_seed_1.pt,,
vary_B2,100,10,2.0,1,VI_best_tau_by_ELBO,8.175348281860352,,0.2147369682788849,4.222922060490132,1.9739220782956195,-2134.05302734375,0.2,,../data/results/vary_B2/B_100_n_10/phi_2.0/results_seed_1.pt,10.0,10.0
vary_B2,100,10,2.0,2,GPArealModel,7.812995910644531,,0.26617355261722275,3.27499587447008,3.0283825050951756,,,12.30398678707109,../data/results/vary_B2/B_100_n_10/phi_2.0/results_seed_2.pt,,
vary_B2,100,10,2.0,2,GPmodel,7.936163425445557,,0.6150446692197178,2.1177508125855864,1.0144117619755413,,,3.4432471632870034,../data/results/vary_B2/B_100_n_10/phi_2.0/results_seed_2.pt,,
vary_B2,100,10,2.0,2,VI_best_tau_by_ELBO,8.219491958618164,,0.21462339162826538,2.281298720509417,1.8885108918709927,-2048.76064453125,0.2,,../data/results/vary_B2/B_100_n_10/phi_2.0/results_seed_2.pt,10.0,10.0
vary_B2,100,10,2.0,3,GPArealModel,7.986120223999023,,0.6116854166419481,3.472578374944526,1.7661358280852857,,,5.677065825777584,../data/results/vary_B2/B_100_n_10/phi_2.0/results_seed_3.pt,,
vary_B2,100,10,2.0,3,GPmodel,8.012700080871582,,0.6279909015051889,2.3053110846553024,1.062673763833927,,,3.6709307079606703,../data/results/vary_B2/B_100_n_10/phi_2.0/results_seed_3.pt,,
vary_B2,100,10,2.0,3,VI_best_tau_by_ELBO,8.349145889282227,,0.21470429003238678,3.130979757704493,1.9897341092873422,-2090.481298828125,0.2,,../data/results/vary_B2/B_100_n_10/phi_2.0/results_seed_3.pt,10.0,10.0
vary_B2,100,10,2.0,4,GPArealModel,8.76694107055664,,0.36461786801483287,4.657515120484515,1.0998338968748462,,,12.773688645162734,../data/results/vary_B2/B_100_n_10/phi_2.0/results_seed_4.pt,,
vary_B2,100,10,2.0,4,GPmodel,7.949331760406494,,0.482924351447905,3.0015525660572204,1.0461577409738056,,,6.21536801169367,../data/results/vary_B2/B_100_n_10/phi_2.0/results_seed_4.pt,,
vary_B2,100,10,2.0,4,VI_best_tau_by_ELBO,8.492419242858887,,0.21472163498401642,3.4527677162642756,1.8446190202912116,-2089.50205078125,0.2,,../data/results/vary_B2/B_100_n_10/phi_2.0/results_seed_4.pt,10.0,10.0
vary_B2,100,10,2.0,5,GPArealModel,7.530612468719482,,1.012407113543905,2.172577113893273,0.9367062673478899,,,2.145952043233105,../data/results/vary_B2/B_100_n_10/phi_2.0/results_seed_5.pt,,
vary_B2,100,10,2.0,5,GPmodel,7.886458873748779,,1.5466041407514461,1.358007350573786,1.3098247481388217,,,0.8780574904668063,../data/results/vary_B2/B_100_n_10/phi_2.0/results_seed_5.pt,,
vary_B2,100,10,2.0,5,VI_best_tau_by_ELBO,8.07365608215332,,0.21460014581680298,1.965056877770612,2.0010250628866335,-2035.892529296875,0.2,,../data/results/vary_B2/B_100_n_10/phi_2.0/results_seed_5.pt,10.0,10.0
vary_B2,100,10,2.0,6,GPArealModel,7.761753559112549,,0.5059155518903052,4.373112826735586,1.053678345404246,,,8.643958088253793,../data/results/vary_B2/B_100_n_10/phi_2.0/results_seed_6.pt,,
vary_B2,100,10,2.0,6,GPmodel,7.950941562652588,,0.6407196891224433,2.30922377493202,1.0338629861013298,,,3.604109276078016,../data/results/vary_B2/B_100_n_10/phi_2.0/results_seed_6.pt,,
vary_B2,100,10,2.0,6,VI_best_tau_by_ELBO,8.219582557678223,,0.21475377678871155,3.256004851701813,1.92011648799871,-2090.267822265625,0.2,,../data/results/vary_B2/B_100_n_10/phi_2.0/results_seed_6.pt,10.0,10.0
vary_B2,100,10,2.0,7,GPArealModel,8.205378532409668,,0.5622996591721666,2.8628309555116362,2.2115993770924725,,,5.091290575787253,../data/results/vary_B2/B_100_n_10/phi_2.0/results_seed_7.pt,,
vary_B2,100,10,2.0,7,GPmodel,7.941762447357178,,0.937590743211957,1.952488116680856,1.3247148780294102,,,2.0824524248096865,../data/results/vary_B2/B_100_n_10/phi_2.0/results_seed_7.pt,,
vary_B2,100,10,2.0,7,VI_best_tau_by_ELBO,8.215943336486816,,0.21467185020446777,2.2693511895630887,2.0698575795807455,-2077.07802734375,0.2,,../data/results/vary_B2/B_100_n_10/phi_2.0/results_seed_7.pt,10.0,10.0
vary_B2,100,10,2.0,8,GPArealModel,7.660636901855469,,0.3732466888658345,3.988369256098825,0.7810850964406,,,10.685611889064782,../data/results/vary_B2/B_100_n_10/phi_2.0/results_seed_8.pt,,
vary_B2,100,10,2.0,8,GPmodel,7.948478698730469,,0.7118876132873257,2.13343777244737,1.1375106332488456,,,2.9968744119534088,../data/results/vary_B2/B_100_n_10/phi_2.0/results_seed_8.pt,,
vary_B2,100,10,2.0,8,VI_best_tau_by_ELBO,8.112628936767578,,0.2147342711687088,3.0089074885575284,1.9492450913597599,-2090.558349609375,0.2,,../data/results/vary_B2/B_100_n_10/phi_2.0/results_seed_8.pt,10.0,10.0
vary_B2,100,10,2.0,9,GPArealModel,7.799695014953613,,0.42392106833811477,4.887116464115625,1.5616901345142729,,,11.528364191179369,../data/results/vary_B2/B_100_n_10/phi_2.0/results_seed_9.pt,,
vary_B2,100,10,2.0,9,GPmodel,7.990701675415039,,0.4987228451038983,2.7995809029761625,1.2048744248386702,,,5.613500425056585,../data/results/vary_B2/B_100_n_10/phi_2.0/results_seed_9.pt,,
vary_B2,100,10,2.0,9,VI_best_tau_by_ELBO,8.215921401977539,,0.21483498811721802,4.1866335967241035,1.742150030210629,-2096.6583984375,0.2,,../data/results/vary_B2/B_100_n_10/phi_2.0/results_seed_9.pt,10.0,10.0
vary_B2,100,10,2.0,10,GPArealModel,7.767247676849365,,0.4886763271264141,5.106512916733518,1.72610719158926,,,10.44968342698649,../data/results/vary_B2/B_100_n_10/phi_2.0/results_seed_10.pt,,
vary_B2,100,10,2.0,10,GPmodel,7.878138065338135,,0.5323283539358148,2.9021680447368126,0.9845492784343335,,,5.451838180850949,../data/results/vary_B2/B_100_n_10/phi_2.0/results_seed_10.pt,,
vary_B2,100,10,2.0,10,VI_best_tau_by_ELBO,8.138060569763184,,0.21481561660766602,4.089848543785063,1.7879360583425163,-2093.081884765625,0.2,,../data/results/vary_B2/B_100_n_10/phi_2.0/results_seed_10.pt,10.0,10.0
vary_B2,100,10,2.0,11,GPArealModel,8.145090103149414,,0.6534049659884007,3.2073956223930247,1.102748008610024,,,4.908740810595496,../data/results/vary_B2/B_100_n_10/phi_2.0/results_seed_11.pt,,
vary_B2,100,10,2.0,11,GPmodel,8.030517578125,,0.7263824988354483,2.0926898104664597,1.0887374360252835,,,2.880974987450144,../data/results/vary_B2/B_100_n_10/phi_2.0/results_seed_11.pt,,
vary_B2,100,10,2.0,11,VI_best_tau_by_ELBO,8.362545013427734,,0.21475516259670258,2.8876237481372717,1.9056403577220244,-2067.6537109375,0.2,,../data/results/vary_B2/B_100_n_10/phi_2.0/results_seed_11.pt,10.0,10.0
vary_B2,100,10,2.0,12,GPArealModel,7.605658054351807,,0.347610661100387,5.61179594427258,0.5660209979630417,,,16.143912061005345,../data/results/vary_B2/B_100_n_10/phi_2.0/results_seed_12.pt,,
vary_B2,100,10,2.0,12,GPmodel,7.94224214553833,,0.4882363523590206,2.7757470523264374,1.0090289141411608,,,5.685252724248838,../data/results/vary_B2/B_100_n_10/phi_2.0/results_seed_12.pt,,
vary_B2,100,10,2.0,12,VI_best_tau_by_ELBO,8.118465423583984,,0.2147083580493927,3.612624061200786,1.7760540750695,-2079.652001953125,0.2,,../data/results/vary_B2/B_100_n_10/phi_2.0/results_seed_12.pt,10.0,10.0
vary_B2,100,10,2.0,13,GPArealModel,7.556371212005615,,0.61153768320429,4.443785910879668,1.1861694967726621,,,7.2665774046751235,../data/results/vary_B2/B_100_n_10/phi_2.0/results_seed_13.pt,,
vary_B2,100,10,2.0,13,GPmodel,7.977847576141357,,0.6500562585532349,2.56377004361143,1.1398580994137208,,,3.9439202528675845,../data/results/vary_B2/B_100_n_10/phi_2.0/results_seed_13.pt,,
vary_B2,100,10,2.0,13,VI_best_tau_by_ELBO,8.224431037902832,,0.2147539258003235,3.501531271914446,2.181269791484046,-2139.750927734375,0.2,,../data/results/vary_B2/B_100_n_10/phi_2.0/results_seed_13.pt,10.0,10.0
vary_B2,100,10,2.0,14,GPArealModel,8.34871768951416,,0.6188664262176058,3.5677689974040496,3.0993567548418763,,,5.76500654464256,../data/results/vary_B2/B_100_n_10/phi_2.0/results_seed_14.pt,,
vary_B2,100,10,2.0,14,GPmodel,7.918046951293945,,0.6912625881580732,2.4820460673461158,1.1497299941892751,,,3.5905980012020247,../data/results/vary_B2/B_100_n_10/phi_2.0/results_seed_14.pt,,
vary_B2,100,10,2.0,14,VI_best_tau_by_ELBO,8.380477905273438,,0.21480047702789307,3.4523531516886643,1.9900762779252654,-2103.33779296875,0.2,,../data/results/vary_B2/B_100_n_10/phi_2.0/results_seed_14.pt,10.0,10.0
vary_B2,100,10,2.0,15,GPArealModel,8.256255149841309,,0.2634132402449582,5.546620850931639,2.2015766920371616,,,21.056727618450843,../data/results/vary_B2/B_100_n_10/phi_2.0/results_seed_15.pt,,
vary_B2,100,10,2.0,15,GPmodel,7.959018230438232,,0.36032711316267374,3.3736948687133554,1.1890509013120458,,,9.362867087912596,../data/results/vary_B2/B_100_n_10/phi_2.0/results_seed_15.pt,,
vary_B2,100,10,2.0,15,VI_best_tau_by_ELBO,8.206682205200195,,0.21470308303833008,3.426976174301242,1.7664294509413818,-2092.771435546875,0.2,,../data/results/vary_B2/B_100_n_10/phi_2.0/results_seed_15.pt,10.0,10.0
vary_B2,100,10,2.0,16,GPArealModel,7.875683307647705,,0.6227751620098547,3.760187604945768,1.1102877130087498,,,6.0377931464233106,../data/results/vary_B2/B_100_n_10/phi_2.0/results_seed_16.pt,,
vary_B2,100,10,2.0,16,GPmodel,8.0181884765625,,0.7112851245450575,2.129560037807786,1.1676772934566202,,,2.9939611617350583,../data/results/vary_B2/B_100_n_10/phi_2.0/results_seed_16.pt,,
vary_B2,100,10,2.0,16,VI_best_tau_by_ELBO,8.324596405029297,,0.21472975611686707,3.070452840503531,1.941378269948407,-2081.33134765625,0.2,,../data/results/vary_B2/B_100_n_10/phi_2.0/results_seed_16.pt,10.0,10.0
vary_B2,100,10,2.0,17,GPArealModel,8.143878936767578,,0.6094458399830219,3.1180788059350655,1.842101899993037,,,5.116252505754948,../data/results/vary_B2/B_100_n_10/phi_2.0/results_seed_17.pt,,
vary_B2,100,10,2.0,17,GPmodel,7.98430061340332,,0.7636681533207141,1.954090475443723,1.1739835043554834,,,2.5588214814859156,../data/results/vary_B2/B_100_n_10/phi_2.0/results_seed_17.pt,,
vary_B2,100,10,2.0,17,VI_best_tau_by_ELBO,8.287895202636719,,0.2146167755126953,2.2880029267525295,2.0759283213690893,-2076.578759765625,0.2,,../data/results/vary_B2/B_100_n_10/phi_2.0/results_seed_17.pt,10.0,10.0
vary_B2,100,10,2.0,18,GPArealModel,7.732982158660889,,0.3370552015493297,6.344947789989038,1.4263332346909272,,,18.82465471775377,../data/results/vary_B2/B_100_n_10/phi_2.0/results_seed_18.pt,,
vary_B2,100,10,2.0,18,GPmodel,7.910430908203125,,0.4978044981688174,3.110863472348522,1.2481011500809123,,,6.249167060144872,../data/results/vary_B2/B_100_n_10/phi_2.0/results_seed_18.pt,,
vary_B2,100,10,2.0,18,VI_best_tau_by_ELBO,8.142952919006348,,0.21473288536071777,4.401977270023542,1.8360977004702213,-2112.73310546875,0.2,,../data/results/vary_B2/B_100_n_10/phi_2.0/results_seed_18.pt,10.0,10.0
vary_B2,100,10,2.0,19,GPArealModel,7.618151664733887,,0.4191196888380632,5.8802010182586235,1.2743395184483586,,,14.029884958543615,../data/results/vary_B2/B_100_n_10/phi_2.0/results_seed_19.pt,,
vary_B2,100,10,2.0,19,GPmodel,7.971411228179932,,0.4871643386173292,3.2133968813582996,1.044672606547392,,,6.596125017029303,../data/results/vary_B2/B_100_n_10/phi_2.0/results_seed_19.pt,,
vary_B2,100,10,2.0,19,VI_best_tau_by_ELBO,8.156318664550781,,0.2147713303565979,4.391789498440944,1.8598872257172285,-2120.551318359375,0.2,,../data/results/vary_B2/B_100_n_10/phi_2.0/results_seed_19.pt,10.0,10.0
vary_B2,100,10,2.0,20,GPArealModel,8.15241527557373,,0.6104420711531258,3.6841403444042977,1.3285293096016813,,,6.0352005841356124,../data/results/vary_B2/B_100_n_10/phi_2.0/results_seed_20.pt,,
vary_B2,100,10,2.0,20,GPmodel,7.962377071380615,,0.7048770683246389,2.1272421316441177,1.1690276851238552,,,3.0178909589159635,../data/results/vary_B2/B_100_n_10/phi_2.0/results_seed_20.pt,,
vary_B2,100,10,2.0,20,VI_best_tau_by_ELBO,8.345698356628418,,0.21477657556533813,2.962355922300766,1.8904204570179448,-2069.991552734375,0.2,,../data/results/vary_B2/B_100_n_10/phi_2.0/results_seed_20.pt,10.0,10.0
vary_B2,100,10,2.0,21,GPArealModel,7.997952461242676,,0.819299335591389,2.726883884485497,1.77817343369964,,,3.3283120906196872,../data/results/vary_B2/B_100_n_10/phi_2.0/results_seed_21.pt,,
vary_B2,100,10,2.0,21,GPmodel,7.957340717315674,,0.8549043272259587,1.8566537066183109,1.0510955014651915,,,2.1717678194972816,../data/results/vary_B2/B_100_n_10/phi_2.0/results_seed_21.pt,,
vary_B2,100,10,2.0,21,VI_best_tau_by_ELBO,8.174474716186523,,0.21474353969097137,2.847686871524995,1.9963507555787918,-2078.654638671875,0.2,,../data/results/vary_B2/B_100_n_10/phi_2.0/results_seed_21.pt,10.0,10.0
vary_B2,100,10,2.0,22,GPArealModel,7.727757453918457,,0.6379881358238132,3.9495020816386255,1.3607314821491638,,,6.190557253135692,../data/results/vary_B2/B_100_n_10/phi_2.0/results_seed_22.pt,,
vary_B2,100,10,2.0,22,GPmodel,7.963799953460693,,0.6863266466951597,2.5616503398832693,1.0023725416979754,,,3.7324069409490046,../data/results/vary_B2/B_100_n_10/phi_2.0/results_seed_22.pt,,
vary_B2,100,10,2.0,22,VI_best_tau_by_ELBO,8.209541320800781,,0.2148815542459488,4.635012945176317,1.736999768528664,-2089.766796875,0.2,,../data/results/vary_B2/B_100_n_10/phi_2.0/results_seed_22.pt,10.0,10.0
vary_B2,100,10,2.0,23,GPArealModel,8.03425407409668,,0.802640712739887,3.5526341672361923,1.3797945490768806,,,4.426182363848643,../data/results/vary_B2/B_100_n_10/phi_2.0/results_seed_23.pt,,
vary_B2,100,10,2.0,23,GPmodel,7.934847354888916,,0.7858264062201968,2.204861450868806,1.0909686511511092,,,2.8057869186072892,../data/results/vary_B2/B_100_n_10/phi_2.0/results_seed_23.pt,,
vary_B2,100,10,2.0,23,VI_best_tau_by_ELBO,8.244987487792969,,0.2147960215806961,3.46834531649156,2.0029143278213284,-2101.01123046875,0.2,,../data/results/vary_B2/B_100_n_10/phi_2.0/results_seed_23.pt,10.0,10.0
vary_B2,100,10,2.0,24,GPArealModel,8.10045337677002,,0.31322735829926784,4.84429259553716,1.2098566886092958,,,15.46573907796637,../data/results/vary_B2/B_100_n_10/phi_2.0/results_seed_24.pt,,
vary_B2,100,10,2.0,24,GPmodel,7.909290790557861,,0.5341309548128831,2.409075385077576,1.2334519404117399,,,4.510271055010328,../data/results/vary_B2/B_100_n_10/phi_2.0/results_seed_24.pt,,
vary_B2,100,10,2.0,24,VI_best_tau_by_ELBO,8.187495231628418,,0.21457140147686005,2.838622704461781,1.9497058817199082,-2086.653466796875,0.2,,../data/results/vary_B2/B_100_n_10/phi_2.0/results_seed_24.pt,10.0,10.0
vary_B2,100,10,2.0,25,GPArealModel,7.644186496734619,,0.46150533438994745,3.425064651809239,1.9952096026168717,,,7.421506094478295,../data/results/vary_B2/B_100_n_10/phi_2.0/results_seed_25.pt,,
vary_B2,100,10,2.0,25,GPmodel,7.910094261169434,,0.7074466922252952,2.059275155152175,1.123396433252,,,2.9108555849977362,../data/results/vary_B2/B_100_n_10/phi_2.0/results_seed_25.pt,,
vary_B2,100,10,2.0,25,VI_best_tau_by_ELBO,8.162571907043457,,0.21473565697669983,2.8979413921621417,1.8873011948851681,-2068.633154296875,0.2,,../data/results/vary_B2/B_100_n_10/phi_2.0/results_seed_25.pt,10.0,10.0
vary_B2,100,10,2.0,26,GPArealModel,8.062422752380371,,0.2601093644706083,6.398969983128633,2.700195936333807,,,24.60107499840399,../data/results/vary_B2/B_100_n_10/phi_2.0/results_seed_26.pt,,
vary_B2,100,10,2.0,26,GPmodel,7.941077709197998,,0.5202070402537616,3.0004195863315712,1.2779964047193366,,,5.76774121485926,../data/results/vary_B2/B_100_n_10/phi_2.0/results_seed_26.pt,,
vary_B2,100,10,2.0,26,VI_best_tau_by_ELBO,8.203468322753906,,0.2146865427494049,3.7859220816219192,1.8990399760584677,-2115.25673828125,0.2,,../data/results/vary_B2/B_100_n_10/phi_2.0/results_seed_26.pt,10.0,10.0
vary_B2,100,10,2.0,27,GPArealModel,7.577019214630127,,0.5394138144652977,3.8786461198390447,1.6694722489124472,,,7.190483476371129,../data/results/vary_B2/B_100_n_10/phi_2.0/results_seed_27.pt,,
vary_B2,100,10,2.0,27,GPmodel,7.91497802734375,,0.6350887166099156,2.4412087539203458,1.1321869941900635,,,3.843886200579101,../data/results/vary_B2/B_100_n_10/phi_2.0/results_seed_27.pt,,
vary_B2,100,10,2.0,27,VI_best_tau_by_ELBO,8.094600677490234,,0.21475070714950562,3.443330563373447,1.9568123012046683,-2101.69365234375,0.2,,../data/results/vary_B2/B_100_n_10/phi_2.0/results_seed_27.pt,10.0,10.0
vary_B2,100,10,2.0,28,GPArealModel,7.9477620124816895,,0.577395690090757,3.9164219371706475,1.0103375937826504,,,6.782908158796702,../data/results/vary_B2/B_100_n_10/phi_2.0/results_seed_28.pt,,
vary_B2,100,10,2.0,28,GPmodel,7.946751117706299,,0.7606038441604435,2.166597864818069,1.1966453461800735,,,2.8485234218209423,../data/results/vary_B2/B_100_n_10/phi_2.0/results_seed_28.pt,,
vary_B2,100,10,2.0,28,VI_best_tau_by_ELBO,8.189872741699219,,0.21478967368602753,3.4755274337557602,1.8848445023307578,-2085.875146484375,0.2,,../data/results/vary_B2/B_100_n_10/phi_2.0/results_seed_28.pt,10.0,10.0
vary_B2,100,10,2.0,29,GPArealModel,8.08411693572998,,0.402486787209151,5.725207360281625,0.884416323126825,,,14.224584613026165,../data/results/vary_B2/B_100_n_10/phi_2.0/results_seed_29.pt,,
vary_B2,100,10,2.0,29,GPmodel,7.894132137298584,,0.507874307400831,3.1612393209677716,0.9694628952057129,,,6.224452142787405,../data/results/vary_B2/B_100_n_10/phi_2.0/results_seed_29.pt,,
vary_B2,100,10,2.0,29,VI_best_tau_by_ELBO,8.247154235839844,,0.2147921621799469,4.593395064240633,1.7130716882184807,-2092.898291015625,0.2,,../data/results/vary_B2/B_100_n_10/phi_2.0/results_seed_29.pt,10.0,10.0
vary_B2,100,10,2.0,30,GPArealModel,7.311169147491455,,0.3307003938386049,6.144202545411436,0.8101465668694605,,,18.579362649353403,../data/results/vary_B2/B_100_n_10/phi_2.0/results_seed_30.pt,,
vary_B2,100,10,2.0,30,GPmodel,7.9552483558654785,,0.4969282708838356,3.1407942018718673,1.1170421903796277,,,6.320417625436478,../data/results/vary_B2/B_100_n_10/phi_2.0/results_seed_30.pt,,
vary_B2,100,10,2.0,30,VI_best_tau_by_ELBO,8.109101295471191,,0.21477936208248138,4.476210010049338,1.854234717217554,-2124.40498046875,0.2,,../data/results/vary_B2/B_100_n_10/phi_2.0/results_seed_30.pt,10.0,10.0
vary_B2,100,10,2.0,31,GPArealModel,7.64967155456543,,0.48498706867854013,3.719405425664423,0.9024937658522988,,,7.669081643349392,../data/results/vary_B2/B_100_n_10/phi_2.0/results_seed_31.pt,,
vary_B2,100,10,2.0,31,GPmodel,7.930572032928467,,0.6803450986360928,2.0866643680551658,1.1766953413515617,,,3.067067540044547,../data/results/vary_B2/B_100_n_10/phi_2.0/results_seed_31.pt,,
vary_B2,100,10,2.0,31,VI_best_tau_by_ELBO,8.156856536865234,,0.21467316150665283,2.5004945425202862,1.9524020189466038,-2064.03447265625,0.2,,../data/results/vary_B2/B_100_n_10/phi_2.0/results_seed_31.pt,10.0,10.0
vary_B2,100,10,2.0,32,GPArealModel,7.719635486602783,,0.6987716023640969,3.165299460248668,1.7914562792926196,,,4.529805518054496,../data/results/vary_B2/B_100_n_10/phi_2.0/results_seed_32.pt,,
vary_B2,100,10,2.0,32,GPmodel,7.941111087799072,,0.7709189690364279,2.058377245089653,1.042188214764818,,,2.670030609912765,../data/results/vary_B2/B_100_n_10/phi_2.0/results_seed_32.pt,,
vary_B2,100,10,2.0,32,VI_best_tau_by_ELBO,8.122357368469238,,0.21472129225730896,3.0385462876145812,1.9998642820749222,-2086.483056640625,0.2,,../data/results/vary_B2/B_100_n_10/phi_2.0/results_seed_32.pt,10.0,10.0
vary_B2,100,10,2.0,33,GPArealModel,7.759435176849365,,0.7761262705379924,3.297926471786412,1.8211557566036827,,,4.249213816071922,../data/results/vary_B2/B_100_n_10/phi_2.0/results_seed_33.pt,,
vary_B2,100,10,2.0,33,GPmodel,7.968754768371582,,0.7486019634975818,2.1986088282511282,1.0607450584970604,,,2.9369530611152754,../data/results/vary_B2/B_100_n_10/phi_2.0/results_seed_33.pt,,
vary_B2,100,10,2.0,33,VI_best_tau_by_ELBO,8.132739067077637,,0.21468202769756317,3.166798626199033,2.0965574948970644,-2105.116064453125,0.2,,../data/results/vary_B2/B_100_n_10/phi_2.0/results_seed_33.pt,10.0,10.0
vary_B2,100,10,2.0,34,GPArealModel,7.677475929260254,,0.38612686939628954,4.283203389907812,1.120349314298861,,,11.092735909843862,../data/results/vary_B2/B_100_n_10/phi_2.0/results_seed_34.pt,,
vary_B2,100,10,2.0,34,GPmodel,8.01424503326416,,0.6110072489749672,2.2698215016409655,1.0581550583785855,,,3.714884734099054,../data/results/vary_B2/B_100_n_10/phi_2.0/results_seed_34.pt,,
vary_B2,100,10,2.0,34,VI_best_tau_by_ELBO,8.179034233093262,,0.21465814113616943,2.7623159186535764,1.9215798153473125,-2069.037744140625,0.2,,../data/results/vary_B2/B_100_n_10/phi_2.0/results_seed_34.pt,10.0,10.0
vary_B2,100,10,2.0,35,GPArealModel,7.1598076820373535,,0.4371119630141097,4.293131194351884,0.8971651548446845,,,9.82158247225392,../data/results/vary_B2/B_100_n_10/phi_2.0/results_seed_35.pt,,
vary_B2,100,10,2.0,35,GPmodel,7.9195451736450195,,0.6333493159070117,2.1677584921514885,1.127812827458704,,,3.4226901927683753,../data/results/vary_B2/B_100_n_10/phi_2.0/results_seed_35.pt,,
vary_B2,100,10,2.0,35,VI_best_tau_by_ELBO,8.053321838378906,,0.21477088332176208,3.5426912974604288,1.7267832586937737,-2062.55087890625,0.2,,../data/results/vary_B2/B_100_n_10/phi_2.0/results_seed_35.pt,10.0,10.0
vary_B2,100,10,2.0,36,GPArealModel,7.764462947845459,,0.6412133878197654,2.908263774381625,1.4403238945275008,,,4.5355630896451125,../data/results/vary_B2/B_100_n_10/phi_2.0/results_seed_36.pt,,
vary_B2,100,10,2.0,36,GPmodel,8.011617660522461,,0.7422990774359424,1.930940413120358,0.9471214895374452,,,2.6012970672013145,../data/results/vary_B2/B_100_n_10/phi_2.0/results_seed_36.pt,,
vary_B2,100,10,2.0,36,VI_best_tau_by_ELBO,8.195161819458008,,0.21477438509464264,2.947603048769034,1.738226463884993,-2031.3541015625,0.2,,../data/results/vary_B2/B_100_n_10/phi_2.0/results_seed_36.pt,10.0,10.0
vary_B2,100,10,2.0,37,GPArealModel,7.59757137298584,,0.43375515894174993,5.649724828699839,1.0692759214669125,,,13.025147280054727,../data/results/vary_B2/B_100_n_10/phi_2.0/results_seed_37.pt,,
vary_B2,100,10,2.0,37,GPmodel,7.9861836433410645,,0.5288548498280448,2.9239995550536966,1.1621939416102298,,,5.528926426607271,../data/results/vary_B2/B_100_n_10/phi_2.0/results_seed_37.pt,,
vary_B2,100,10,2.0,37,VI_best_tau_by_ELBO,8.145889282226562,,0.21475815773010254,4.584841092873422,1.8182232412874424,-2111.735791015625,0.2,,../data/results/vary_B2/B_100_n_10/phi_2.0/results_seed_37.pt,10.0,10.0
vary_B2,100,10,2.0,38,GPArealModel,8.004714012145996,,0.2645700220197525,3.5082565494600573,4.407910738177249,,,13.260219440878812,../data/results/vary_B2/B_100_n_10/phi_2.0/results_seed_38.pt,,
vary_B2,100,10,2.0,38,GPmodel,7.947635173797607,,0.676843657884392,2.2844935020526576,1.1987513029413965,,,3.3752159386309257,../data/results/vary_B2/B_100_n_10/phi_2.0/results_seed_38.pt,,
vary_B2,100,10,2.0,38,VI_best_tau_by_ELBO,8.213516235351562,,0.2145945131778717,2.5440573305387195,2.0597077180330845,-2093.33544921875,0.2,,../data/results/vary_B2/B_100_n_10/phi_2.0/results_seed_38.pt,10.0,10.0
vary_B2,100,10,2.0,39,GPArealModel,7.990503787994385,,0.8936213781637374,3.7619841689123246,1.2597242739899923,,,4.209818901873921,../data/results/vary_B2/B_100_n_10/phi_2.0/results_seed_39.pt,,
vary_B2,100,10,2.0,39,GPmodel,8.001733779907227,,0.8268716250754826,2.099095706725461,1.0551724146916224,,,2.5385992735375833,../data/results/vary_B2/B_100_n_10/phi_2.0/results_seed_39.pt,,
vary_B2,100,10,2.0,39,VI_best_tau_by_ELBO,8.191237449645996,,0.21470674872398376,3.5324653712620213,2.0428132943986674,-2101.098974609375,0.2,,../data/results/vary_B2/B_100_n_10/phi_2.0/results_seed_39.pt,10.0,10.0
vary_B2,100,10,2.0,40,GPArealModel,8.243354797363281,,0.6689344065904606,3.644640865151131,1.060843734120808,,,5.44842787161713,../data/results/vary_B2/B_100_n_10/phi_2.0/results_seed_40.pt,,
vary_B2,100,10,2.0,40,GPmodel,7.963555335998535,,0.6657406250623963,2.403566608384342,0.9757913408103409,,,3.610364934780822,../data/results/vary_B2/B_100_n_10/phi_2.0/results_seed_40.pt,,
vary_B2,100,10,2.0,40,VI_best_tau_by_ELBO,8.35222339630127,,0.21473056077957153,3.363356776572831,2.0012998494947154,-2100.150244140625,0.2,,../data/results/vary_B2/B_100_n_10/phi_2.0/results_seed_40.pt,10.0,10.0
vary_B2,100,10,2.0,41,GPArealModel,8.1320219039917,,0.5253615472522312,5.188852775712524,2.109169231513396,,,9.876727375369377,../data/results/vary_B2/B_100_n_10/phi_2.0/results_seed_41.pt,,
vary_B2,100,10,2.0,41,GPmodel,7.924112796783447,,0.6481833467990558,2.876898334516393,1.2138352403363497,,,4.4384021106427225,../data/results/vary_B2/B_100_n_10/phi_2.0/results_seed_41.pt,,
vary_B2,100,10,2.0,41,VI_best_tau_by_ELBO,8.172015190124512,,0.21484193205833435,4.749128998603736,2.00838878144723,-2154.229345703125,0.2,,../data/results/vary_B2/B_100_n_10/phi_2.0/results_seed_41.pt,10.0,10.0
vary_B2,100,10,2.0,42,GPArealModel,7.721994876861572,,0.4378268929588042,5.209127838434555,3.36106331010953,,,11.897688155315507,../data/results/vary_B2/B_100_n_10/phi_2.0/results_seed_42.pt,,
vary_B2,100,10,2.0,42,GPmodel,7.972086429595947,,0.6224301131545458,2.7229413640159263,1.0191787662674587,,,4.374694132672588,../data/results/vary_B2/B_100_n_10/phi_2.0/results_seed_42.pt,,
vary_B2,100,10,2.0,42,VI_best_tau_by_ELBO,8.22534465789795,,0.2147817760705948,4.100196271257013,1.895353408596411,-2109.4947265625,0.2,,../data/results/vary_B2/B_100_n_10/phi_2.0/results_seed_42.pt,10.0,10.0
vary_B2,100,10,2.0,43,GPArealModel,7.596529006958008,,0.7755531267704081,3.3947097876368226,1.587854804824835,,,4.377146671786651,../data/results/vary_B2/B_100_n_10/phi_2.0/results_seed_43.pt,,
vary_B2,100,10,2.0,43,GPmodel,7.890769004821777,,0.8514462374252811,1.9521897479280974,1.1732006067758856,,,2.2927927356064126,../data/results/vary_B2/B_100_n_10/phi_2.0/results_seed_43.pt,,
vary_B2,100,10,2.0,43,VI_best_tau_by_ELBO,8.031556129455566,,0.21454653143882751,2.754149607966214,2.187600522737803,-2104.322802734375,0.2,,../data/results/vary_B2/B_100_n_10/phi_2.0/results_seed_43.pt,10.0,10.0
vary_B2,100,10,2.0,44,GPArealModel,8.143376350402832,,0.3021570937248628,5.8348499107262,1.6613868409741555,,,19.31065009527553,../data/results/vary_B2/B_100_n_10/phi_2.0/results_seed_44.pt,,
vary_B2,100,10,2.0,44,GPmodel,7.914515018463135,,0.47555665078241643,3.070946782685411,1.0739100215253077,,,6.45758350268657,../data/results/vary_B2/B_100_n_10/phi_2.0/results_seed_44.pt,,
vary_B2,100,10,2.0,44,VI_best_tau_by_ELBO,8.20073413848877,,0.21474722027778625,4.243994659136446,1.7392063771429196,-2094.70771484375,0.2,,../data/results/vary_B2/B_100_n_10/phi_2.0/results_seed_44.pt,10.0,10.0
vary_B2,100,10,2.0,45,GPArealModel,8.195206642150879,,0.4640349603881041,3.736848278611254,1.4509998227205654,,,8.052945570061947,../data/results/vary_B2/B_100_n_10/phi_2.0/results_seed_45.pt,,
vary_B2,100,10,2.0,45,GPmodel,7.9491143226623535,,0.7335084447958171,2.1652855614632953,1.1780736464986132,,,2.951957236247,../data/results/vary_B2/B_100_n_10/phi_2.0/results_seed_45.pt,,
vary_B2,100,10,2.0,45,VI_best_tau_by_ELBO,8.310470581054688,,0.21459892392158508,2.7378984320213884,2.037145621885018,-2085.087548828125,0.2,,../data/results/vary_B2/B_100_n_10/phi_2.0/results_seed_45.pt,10.0,10.0
vary_B2,100,10,2.0,46,GPArealModel,7.6122636795043945,,0.3040647628681971,6.648252944210185,2.8265662032733494,,,21.86459516551085,../data/results/vary_B2/B_100_n_10/phi_2.0/results_seed_46.pt,,
vary_B2,100,10,2.0,46,GPmodel,7.910734176635742,,0.3594477099897199,4.332146479023805,0.9565397524433145,,,12.05223001461799,../data/results/vary_B2/B_100_n_10/phi_2.0/results_seed_46.pt,,
vary_B2,100,10,2.0,46,VI_best_tau_by_ELBO,8.121624946594238,,0.21479515731334686,5.305851802776247,1.6356219760021162,-2119.526025390625,0.2,,../data/results/vary_B2/B_100_n_10/phi_2.0/results_seed_46.pt,10.0,10.0
vary_B2,100,10,2.0,47,GPArealModel,7.92936897277832,,0.6511961677024453,2.4767331178594043,1.3325879457623513,,,3.8033594801361175,../data/results/vary_B2/B_100_n_10/phi_2.0/results_seed_47.pt,,
vary_B2,100,10,2.0,47,GPmodel,7.970279216766357,,0.8780751803160252,1.7477773598388862,1.115316432868316,,,1.9904643691327768,../data/results/vary_B2/B_100_n_10/phi_2.0/results_seed_47.pt,,
vary_B2,100,10,2.0,47,VI_best_tau_by_ELBO,8.178376197814941,,0.21463128924369812,1.9494602002354238,2.0647233379458023,-2061.570751953125,0.2,,../data/results/vary_B2/B_100_n_10/phi_2.0/results_seed_47.pt,10.0,10.0
vary_B2,100,10,2.0,48,GPArealModel,7.6513752937316895,,0.561624623357456,4.5188040832692575,1.6617768525996008,,,8.045950792284234,../data/results/vary_B2/B_100_n_10/phi_2.0/results_seed_48.pt,,
vary_B2,100,10,2.0,48,GPmodel,7.936439037322998,,0.6221229661332418,2.4847557620078384,1.0047636800159483,,,3.9939945915381485,../data/results/vary_B2/B_100_n_10/phi_2.0/results_seed_48.pt,,
vary_B2,100,10,2.0,48,VI_best_tau_by_ELBO,8.149096488952637,,0.2148144543170929,3.9903444853079293,1.7774569909430724,-2083.159619140625,0.2,,../data/results/vary_B2/B_100_n_10/phi_2.0/results_seed_48.pt,10.0,10.0
vary_B2,100,10,2.0,49,GPArealModel,8.048421859741211,,0.550599837644425,3.585076349839393,2.2306609903733507,,,6.51121940968428,../data/results/vary_B2/B_100_n_10/phi_2.0/results_seed_49.pt,,
vary_B2,100,10,2.0,49,GPmodel,7.932554244995117,,0.7147565285971323,2.254967643185828,1.165948361202488,,,3.1548751959099977,../data/results/vary_B2/B_100_n_10/phi_2.0/results_seed_49.pt,,
vary_B2,100,10,2.0,49,VI_best_tau_by_ELBO,8.214530944824219,,0.21477234363555908,3.273745035986651,1.9832314376815767,-2098.96572265625,0.2,,../data/results/vary_B2/B_100_n_10/phi_2.0/results_seed_49.pt,10.0,10.0
vary_B2,100,10,2.0,50,GPArealModel,7.7511186599731445,,0.6138417285849377,3.9623909755921973,1.0680072962764118,,,6.455069427630022,../data/results/vary_B2/B_100_n_10/phi_2.0/results_seed_50.pt,,
vary_B2,100,10,2.0,50,GPmodel,7.946002006530762,,0.6646989553272608,2.1052418700671183,1.0067501522188431,,,3.1672110407193497,../data/results/vary_B2/B_100_n_10/phi_2.0/results_seed_50.pt,,
vary_B2,100,10,2.0,50,VI_best_tau_by_ELBO,8.232012748718262,,0.21473026275634766,2.8125396221010317,1.854284734005585,-2056.585302734375,0.2,,../data/results/vary_B2/B_100_n_10/phi_2.0/results_seed_50.pt,10.0,10.0
vary_B2,100,10,2.0,51,GPArealModel,7.983880043029785,,0.5863654517128858,3.3106234374607264,1.25412352584232,,,5.646006987263252,../data/results/vary_B2/B_100_n_10/phi_2.0/results_seed_51.pt,,
vary_B2,100,10,2.0,51,GPmodel,7.960474014282227,,0.6707611215133378,2.2856038004620336,1.0756759722698828,,,3.407478053148591,../data/results/vary_B2/B_100_n_10/phi_2.0/results_seed_51.pt,,
vary_B2,100,10,2.0,51,VI_best_tau_by_ELBO,8.27392578125,,0.2147340476512909,2.8062497358526595,2.0900800151209675,-2101.8365234375,0.2,,../data/results/vary_B2/B_100_n_10/phi_2.0/results_seed_51.pt,10.0,10.0
vary_B2,100,10,2.0,52,GPArealModel,7.730187892913818,,0.6473617207515234,3.499084519845479,1.1058046050442727,,,5.405145852280832,../data/results/vary_B2/B_100_n_10/phi_2.0/results_seed_52.pt,,
vary_B2,100,10,2.0,52,GPmodel,7.937903881072998,,0.6599052922787267,2.2586850288172835,0.9515109198649869,,,3.4227411952066507,../data/results/vary_B2/B_100_n_10/phi_2.0/results_seed_52.pt,,
vary_B2,100,10,2.0,52,VI_best_tau_by_ELBO,8.092657089233398,,0.21483317017555237,3.237309579117411,1.8542382636401773,-2068.334228515625,0.2,,../data/results/vary_B2/B_100_n_10/phi_2.0/results_seed_52.pt,10.0,10.0
vary_B2,100,10,2.0,53,GPArealModel,8.016934394836426,,0.4005738204523296,4.925449529398737,2.2811805265346305,,,12.295984604877322,../data/results/vary_B2/B_100_n_10/phi_2.0/results_seed_53.pt,,
vary_B2,100,10,2.0,53,GPmodel,8.006335258483887,,0.450071650110974,2.9990818116758735,1.0573306402241769,,,6.663565258856876,../data/results/vary_B2/B_100_n_10/phi_2.0/results_seed_53.pt,,
vary_B2,100,10,2.0,53,VI_best_tau_by_ELBO,8.29677963256836,,0.21477249264717102,3.9024196189860496,1.7321840934776347,-2081.89619140625,0.2,,../data/results/vary_B2/B_100_n_10/phi_2.0/results_seed_53.pt,10.0,10.0
vary_B2,100,10,2.0,54,GPArealModel,8.115140914916992,,0.5806575780905542,2.425606307239584,1.608781707001159,,,4.177343754327629,../data/results/vary_B2/B_100_n_10/phi_2.0/results_seed_54.pt,,
vary_B2,100,10,2.0,54,GPmodel,7.972115993499756,,0.9436788879812533,1.612095315350219,1.0820092661412084,,,1.7083091885194788,../data/results/vary_B2/B_100_n_10/phi_2.0/results_seed_54.pt,,
vary_B2,100,10,2.0,54,VI_best_tau_by_ELBO,8.287993431091309,,0.2146572768688202,1.9808095979012221,2.068575486657233,-2058.914697265625,0.2,,../data/results/vary_B2/B_100_n_10/phi_2.0/results_seed_54.pt,10.0,10.0
vary_B2,100,10,2.0,55,GPArealModel,8.251697540283203,,0.32564311095104825,5.393011843764902,1.2067506976910836,,,16.56111142045808,../data/results/vary_B2/B_100_n_10/phi_2.0/results_seed_55.pt,,
vary_B2,100,10,2.0,55,GPmodel,8.003633499145508,,0.4340512603720812,3.11947337925741,1.1209744057023878,,,7.186877827709354,../data/results/vary_B2/B_100_n_10/phi_2.0/results_seed_55.pt,,
vary_B2,100,10,2.0,55,VI_best_tau_by_ELBO,8.320016860961914,,0.2147330343723297,3.5932006713647064,1.8789493696074808,-2110.212109375,0.2,,../data/results/vary_B2/B_100_n_10/phi_2.0/results_seed_55.pt,10.0,10.0
vary_B2,100,10,2.0,56,GPArealModel,7.982913494110107,,0.4706415415036583,5.906944246373238,0.9260175386976529,,,12.550834819002741,../data/results/vary_B2/B_100_n_10/phi_2.0/results_seed_56.pt,,
vary_B2,100,10,2.0,56,GPmodel,7.947212219238281,,0.5329833943555349,3.06136118484443,1.0752708880536932,,,5.743820946891081,../data/results/vary_B2/B_100_n_10/phi_2.0/results_seed_56.pt,,
vary_B2,100,10,2.0,56,VI_best_tau_by_ELBO,8.189615249633789,,0.21475940942764282,4.707086036115006,1.8524196825770762,-2122.17236328125,0.2,,../data/results/vary_B2/B_100_n_10/phi_2.0/results_seed_56.pt,10.0,10.0
vary_B2,100,10,2.0,57,GPArealModel,7.794373989105225,,0.41837849496021995,4.492351116942549,1.1795576687712377,,,10.73752874743165,../data/results/vary_B2/B_100_n_10/phi_2.0/results_seed_57.pt,,
vary_B2,100,10,2.0,57,GPmodel,7.966555595397949,,0.6516490164578923,2.406649470362463,1.3466804230888199,,,3.693168269391493,../data/results/vary_B2/B_100_n_10/phi_2.0/results_seed_57.pt,,
vary_B2,100,10,2.0,57,VI_best_tau_by_ELBO,8.192790031433105,,0.21468539535999298,3.2117523456283807,1.9151928304933254,-2094.23056640625,0.2,,../data/results/vary_B2/B_100_n_10/phi_2.0/results_seed_57.pt,10.0,10.0
vary_B2,100,10,2.0,58,GPArealModel,7.866125583648682,,0.5205697596526582,4.919894027367923,0.9604658614772132,,,9.45097930899913,../data/results/vary_B2/B_100_n_10/phi_2.0/results_seed_58.pt,,
vary_B2,100,10,2.0,58,GPmodel,7.967401027679443,,0.6199905354897554,2.645263207519011,1.177755019755671,,,4.266618691895694,../data/results/vary_B2/B_100_n_10/phi_2.0/results_seed_58.pt,,
vary_B2,100,10,2.0,58,VI_best_tau_by_ELBO,8.250578880310059,,0.21482351422309875,4.4774079671533755,1.8894208549999374,-2123.49970703125,0.2,,../data/results/vary_B2/B_100_n_10/phi_2.0/results_seed_58.pt,10.0,10.0
vary_B2,100,10,2.0,59,GPArealModel,8.019375801086426,,0.31680754832523955,5.932496378501566,2.6424731330745415,,,18.725868148858538,../data/results/vary_B2/B_100_n_10/phi_2.0/results_seed_59.pt,,
vary_B2,100,10,2.0,59,GPmodel,7.9195780754089355,,0.49742671620044493,3.046291957556174,1.0938956552961263,,,6.1241020201428595,../data/results/vary_B2/B_100_n_10/phi_2.0/results_seed_59.pt,,
vary_B2,100,10,2.0,59,VI_best_tau_by_ELBO,8.126859664916992,,0.2147362381219864,4.3085449316582345,1.7543499686153825,-2096.248583984375,0.2,,../data/results/vary_B2/B_100_n_10/phi_2.0/results_seed_59.pt,10.0,10.0
vary_B2,100,10,2.0,60,GPArealModel,8.005126953125,,0.3793269295106989,5.889385342604208,1.5657058120947227,,,15.525882515646963,../data/results/vary_B2/B_100_n_10/phi_2.0/results_seed_60.pt,,
vary_B2,100,10,2.0,60,GPmodel,7.978902339935303,,0.44587647384717927,3.2460302087313173,1.1118619856032974,,,7.280110970474458,../data/results/vary_B2/B_100_n_10/phi_2.0/results_seed_60.pt,,
vary_B2,100,10,2.0,60,VI_best_tau_by_ELBO,8.249547958374023,,0.21475502848625183,4.240539709758815,1.761751108049176,-2102.651953125,0.2,,../data/results/vary_B2/B_100_n_10/phi_2.0/results_seed_60.pt,10.0,10.0
vary_B2,100,10,2.0,61,GPArealModel,8.475913047790527,,0.6824793921212825,3.702110632054754,1.179871702145675,,,5.424501713594389,../data/results/vary_B2/B_100_n_10/phi_2.0/results_seed_61.pt,,
vary_B2,100,10,2.0,61,GPmodel,8.002877235412598,,0.7972290602152259,2.1187250101780912,1.2261318367863363,,,2.657611364049003,../data/results/vary_B2/B_100_n_10/phi_2.0/results_seed_61.pt,,
vary_B2,100,10,2.0,61,VI_best_tau_by_ELBO,8.393558502197266,,0.21467889845371246,3.1854393572492987,2.1513558389476057,-2115.817626953125,0.2,,../data/results/vary_B2/B_100_n_10/phi_2.0/results_seed_61.pt,10.0,10.0
vary_B2,100,10,2.0,62,GPArealModel,7.97107458114624,,0.7274985895103756,3.2912207667926885,1.2672237023235782,,,4.52402357097044,../data/results/vary_B2/B_100_n_10/phi_2.0/results_seed_62.pt,,
vary_B2,100,10,2.0,62,GPmodel,7.928371429443359,,0.9065372450449765,2.0449408541908976,1.3505234081856616,,,2.255771470359655,../data/results/vary_B2/B_100_n_10/phi_2.0/results_seed_62.pt,,
vary_B2,100,10,2.0,62,VI_best_tau_by_ELBO,8.146805763244629,,0.21467670798301697,2.9996026539176768,2.2911223111757413,-2135.971435546875,0.2,,../data/results/vary_B2/B_100_n_10/phi_2.0/results_seed_62.pt,10.0,10.0
vary_B2,100,10,2.0,63,GPArealModel,8.017062187194824,,0.40336794646688945,5.477449678628562,1.0189626846151574,,,13.579288405550537,../data/results/vary_B2/B_100_n_10/phi_2.0/results_seed_63.pt,,
vary_B2,100,10,2.0,63,GPmodel,7.9262614250183105,,0.6107449801583986,2.560571685942726,1.20476259438821,,,4.1925382428499605,../data/results/vary_B2/B_100_n_10/phi_2.0/results_seed_63.pt,,
vary_B2,100,10,2.0,63,VI_best_tau_by_ELBO,8.108674049377441,,0.2147860825061798,4.122098488216289,1.7881017618823256,-2095.41220703125,0.2,,../data/results/vary_B2/B_100_n_10/phi_2.0/results_seed_63.pt,10.0,10.0
vary_B2,100,10,2.0,65,GPArealModel,8.27022933959961,,0.3539067144565599,4.878802997324895,1.0726772324616518,,,13.785562121409654,../data/results/vary_B2/B_100_n_10/phi_2.0/results_seed_65.pt,,
vary_B2,100,10,2.0,65,GPmodel,7.987422943115234,,0.5033062143448532,2.6704375778247713,1.0146079382581588,,,5.305790991078549,../data/results/vary_B2/B_100_n_10/phi_2.0/results_seed_65.pt,,
vary_B2,100,10,2.0,65,VI_best_tau_by_ELBO,8.313918113708496,,0.21471142768859863,3.1053102615958723,1.86023514200561,-2075.07861328125,0.2,,../data/results/vary_B2/B_100_n_10/phi_2.0/results_seed_65.pt,10.0,10.0
vary_B2,100,10,2.0,66,GPArealModel,7.71950101852417,,0.3314074826853967,6.377678654938716,1.3874932533761435,,,19.24422044807302,../data/results/vary_B2/B_100_n_10/phi_2.0/results_seed_66.pt,,
vary_B2,100,10,2.0,66,GPmodel,7.966737270355225,,0.4314354706426706,3.5652728688993176,1.134786811131041,,,8.263745360548244,../data/results/vary_B2/B_100_n_10/phi_2.0/results_seed_66.pt,,
vary_B2,100,10,2.0,66,VI_best_tau_by_ELBO,8.173945426940918,,0.21476034820079803,4.960375453159437,1.725528558827765,-2112.254150390625,0.2,,../data/results/vary_B2/B_100_n_10/phi_2.0/results_seed_66.pt,10.0,10.0
vary_B2,100,10,2.0,67,GPArealModel,7.516701698303223,,0.2381139015949528,4.270947212751756,3.274961128170501,,,17.936572304866576,../data/results/vary_B2/B_100_n_10/phi_2.0/results_seed_67.pt,,
vary_B2,100,10,2.0,67,GPmodel,7.915383815765381,,0.5990486362257014,2.3833158265594374,1.1063216253630879,,,3.978501381082327,../data/results/vary_B2/B_100_n_10/phi_2.0/results_seed_67.pt,,
vary_B2,100,10,2.0,67,VI_best_tau_by_ELBO,8.121929168701172,,0.21472886204719543,3.1490029220565767,1.8510073503399869,-2078.993359375,0.2,,../data/results/vary_B2/B_100_n_10/phi_2.0/results_seed_67.pt,10.0,10.0
vary_B2,100,10,2.0,68,GPArealModel,7.802279949188232,,0.684269249105307,2.9735314590604163,1.7684819561833602,,,4.345557633852985,../data/results/vary_B2/B_100_n_10/phi_2.0/results_seed_68.pt,,
vary_B2,100,10,2.0,68,GPmodel,7.970211029052734,,0.8069046791776012,1.675481797599858,1.0436915629734271,,,2.076430885625192,../data/results/vary_B2/B_100_n_10/phi_2.0/results_seed_68.pt,,
vary_B2,100,10,2.0,68,VI_best_tau_by_ELBO,8.150745391845703,,0.21467357873916626,2.5120101436491935,1.9012432828309707,-2045.6284423828124,0.2,,../data/results/vary_B2/B_100_n_10/phi_2.0/results_seed_68.pt,10.0,10.0
vary_B2,100,10,2.0,69,GPArealModel,8.093687057495117,,0.45962622973902717,5.33832013588604,2.3671604566870528,,,11.614481051086017,../data/results/vary_B2/B_100_n_10/phi_2.0/results_seed_69.pt,,
vary_B2,100,10,2.0,69,GPmodel,7.971717834472656,,0.5770521195160447,2.733329173690846,1.1225063734088248,,,4.736711089430193,../data/results/vary_B2/B_100_n_10/phi_2.0/results_seed_69.pt,,
vary_B2,100,10,2.0,69,VI_best_tau_by_ELBO,8.275975227355957,,0.21479421854019165,4.227747641066419,1.8126891099291222,-2102.173974609375,0.2,,../data/results/vary_B2/B_100_n_10/phi_2.0/results_seed_69.pt,10.0,10.0
vary_B2,100,10,2.0,70,GPArealModel,7.914201259613037,,0.2945288688802418,5.9105407952141995,1.093515874985898,,,20.06778085178971,../data/results/vary_B2/B_100_n_10/phi_2.0/results_seed_70.pt,,
vary_B2,100,10,2.0,70,GPmodel,7.981704235076904,,0.37125668040249415,3.656647766161849,0.973907238211824,,,9.849379039314611,../data/results/vary_B2/B_100_n_10/phi_2.0/results_seed_70.pt,,
vary_B2,100,10,2.0,70,VI_best_tau_by_ELBO,8.18199634552002,,0.21474385261535645,4.367479138230064,1.654575159114531,-2096.55849609375,0.2,,../data/results/vary_B2/B_100_n_10/phi_2.0/results_seed_70.pt,10.0,10.0
vary_B2,100,10,2.0,71,GPArealModel,7.847247123718262,,0.5058353461701428,4.40429755363922,1.3774094107804693,,,8.70697863837651,../data/results/vary_B2/B_100_n_10/phi_2.0/results_seed_71.pt,,
vary_B2,100,10,2.0,71,GPmodel,7.90526008605957,,0.6154172977563952,2.7573378205475993,1.1076272123807742,,,4.480436007567429,../data/results/vary_B2/B_100_n_10/phi_2.0/results_seed_71.pt,,
vary_B2,100,10,2.0,71,VI_best_tau_by_ELBO,8.154565811157227,,0.21484063565731049,4.530799482036415,1.844209347333012,-2113.021923828125,0.2,,../data/results/vary_B2/B_100_n_10/phi_2.0/results_seed_71.pt,10.0,10.0
vary_B2,100,10,2.0,72,GPArealModel,8.163782119750977,,0.20630693555860086,5.570235133401858,4.084176953389603,,,26.99974733432871,../data/results/vary_B2/B_100_n_10/phi_2.0/results_seed_72.pt,,
vary_B2,100,10,2.0,72,GPmodel,8.007296562194824,,0.45971300061131837,3.440283430795638,1.049555334882384,,,7.483546095543978,../data/results/vary_B2/B_100_n_10/phi_2.0/results_seed_72.pt,,
vary_B2,100,10,2.0,72,VI_best_tau_by_ELBO,8.340340614318848,,0.21476012468338013,4.318360940317572,1.7783916567399443,-2109.058154296875,0.2,,../data/results/vary_B2/B_100_n_10/phi_2.0/results_seed_72.pt,10.0,10.0
vary_B2,100,10,2.0,73,GPArealModel,7.723423480987549,,0.59712634804181,3.6854506625012897,0.7855660835920911,,,6.171977965111061,../data/results/vary_B2/B_100_n_10/phi_2.0/results_seed_73.pt,,
vary_B2,100,10,2.0,73,GPmodel,7.924057960510254,,0.8278358023943998,2.03078404098191,1.1428108894415014,,,2.4531242006061467,../data/results/vary_B2/B_100_n_10/phi_2.0/results_seed_73.pt,,
vary_B2,100,10,2.0,73,VI_best_tau_by_ELBO,8.196325302124023,,0.21472850441932678,2.588430414981341,2.254905020443047,-2120.3869140625,0.2,,../data/results/vary_B2/B_100_n_10/phi_2.0/results_seed_73.pt,10.0,10.0
vary_B2,100,10,2.0,74,GPArealModel,7.842404842376709,,0.2749530341914011,7.864589172881273,1.1112995271635426,,,28.60339110644821,../data/results/vary_B2/B_100_n_10/phi_2.0/results_seed_74.pt,,
vary_B2,100,10,2.0,74,GPmodel,7.91459846496582,,0.42715063993261093,3.5728210149321047,1.1115305417767538,,,8.364311511966289,../data/results/vary_B2/B_100_n_10/phi_2.0/results_seed_74.pt,,
vary_B2,100,10,2.0,74,VI_best_tau_by_ELBO,8.106465339660645,,0.21470296382904053,4.748581626615407,1.749009300725681,-2109.6185546875,0.2,,../data/results/vary_B2/B_100_n_10/phi_2.0/results_seed_74.pt,10.0,10.0
vary_B2,100,10,2.0,75,GPArealModel,7.467692852020264,,0.37903989564823887,4.935777907191161,1.4401972284312252,,,13.021789958943321,../data/results/vary_B2/B_100_n_10/phi_2.0/results_seed_75.pt,,
vary_B2,100,10,2.0,75,GPmodel,7.8787922859191895,,0.5686522759570761,2.9088781775996906,1.2024919857528782,,,5.115390020560232,../data/results/vary_B2/B_100_n_10/phi_2.0/results_seed_75.pt,,
vary_B2,100,10,2.0,75,VI_best_tau_by_ELBO,8.021061897277832,,0.21480202674865723,4.222930865401472,1.9764320894798135,-2137.066357421875,0.2,,../data/results/vary_B2/B_100_n_10/phi_2.0/results_seed_75.pt,10.0,10.0
vary_B2,100,10,2.0,76,GPArealModel,7.824844837188721,,0.3485233781857298,4.743794958511864,0.8875376362330023,,,13.611124118003563,../data/results/vary_B2/B_100_n_10/phi_2.0/results_seed_76.pt,,
vary_B2,100,10,2.0,76,GPmodel,7.932796001434326,,0.5611332516560392,2.530715383938083,1.0593487143246685,,,4.510007875080175,../data/results/vary_B2/B_100_n_10/phi_2.0/results_seed_76.pt,,
vary_B2,100,10,2.0,76,VI_best_tau_by_ELBO,8.114740371704102,,0.21479558944702148,3.793022753456221,1.737574778155367,-2077.953759765625,0.2,,../data/results/vary_B2/B_100_n_10/phi_2.0/results_seed_76.pt,10.0,10.0
vary_B2,100,10,2.0,77,GPArealModel,7.343011379241943,,0.2868522856271548,5.314910291606638,4.2824227572722915,,,18.52838745902432,../data/results/vary_B2/B_100_n_10/phi_2.0/results_seed_77.pt,,
vary_B2,100,10,2.0,77,GPmodel,7.943926811218262,,0.38409495071120436,3.976894152994193,1.0071581675188936,,,10.353934998703911,../data/results/vary_B2/B_100_n_10/phi_2.0/results_seed_77.pt,,
vary_B2,100,10,2.0,77,VI_best_tau_by_ELBO,8.168620109558105,,0.2148108035326004,4.851128515703266,1.7003160620757989,-2121.981787109375,0.2,,../data/results/vary_B2/B_100_n_10/phi_2.0/results_seed_77.pt,10.0,10.0
vary_B2,100,10,2.0,78,GPArealModel,8.522991180419922,,0.35350188988561326,5.3034515747989746,2.074944351471206,,,15.002611659346643,../data/results/vary_B2/B_100_n_10/phi_2.0/results_seed_78.pt,,
vary_B2,100,10,2.0,78,GPmodel,7.996493816375732,,0.47638321106825315,3.3471301235529802,1.2250010130964175,,,7.02612948102704,../data/results/vary_B2/B_100_n_10/phi_2.0/results_seed_78.pt,,
vary_B2,100,10,2.0,78,VI_best_tau_by_ELBO,8.36732006072998,,0.21480625867843628,4.402868522715888,1.8212027254526897,-2122.36123046875,0.2,,../data/results/vary_B2/B_100_n_10/phi_2.0/results_seed_78.pt,10.0,10.0
vary_B2,100,10,2.0,79,GPArealModel,8.304086685180664,,0.4570319858037972,4.8056962189701675,1.2897536295222571,,,10.515010695626108,../data/results/vary_B2/B_100_n_10/phi_2.0/results_seed_79.pt,,
vary_B2,100,10,2.0,79,GPmodel,7.916714191436768,,0.6344894830051485,2.5767467660732537,1.2537911869517329,,,4.061133927498598,../data/results/vary_B2/B_100_n_10/phi_2.0/results_seed_79.pt,,
vary_B2,100,10,2.0,79,VI_best_tau_by_ELBO,8.209336280822754,,0.21479308605194092,3.817714170663444,1.8529664431132287,-2097.9423828125,0.2,,../data/results/vary_B2/B_100_n_10/phi_2.0/results_seed_79.pt,10.0,10.0
vary_B2,100,10,2.0,80,GPArealModel,7.961594104766846,,0.5194851152443366,3.953720973435566,1.2739972472202354,,,7.610845541889988,../data/results/vary_B2/B_100_n_10/phi_2.0/results_seed_80.pt,,
vary_B2,100,10,2.0,80,GPmodel,7.9807209968566895,,0.633321097991291,2.263758929451883,1.1571684410011929,,,3.574425258580305,../data/results/vary_B2/B_100_n_10/phi_2.0/results_seed_80.pt,,
vary_B2,100,10,2.0,80,VI_best_tau_by_ELBO,8.273911476135254,,0.21478717029094696,3.2215996606391504,1.8307463933126502,-2072.833447265625,0.2,,../data/results/vary_B2/B_100_n_10/phi_2.0/results_seed_80.pt,10.0,10.0
vary_B2,100,10,2.0,81,GPArealModel,8.097905158996582,,0.3928563908791299,5.112134104649785,1.4319380640239239,,,13.012729901656698,../data/results/vary_B2/B_100_n_10/phi_2.0/results_seed_81.pt,,
vary_B2,100,10,2.0,81,GPmodel,7.961474418640137,,0.5747265236363056,2.4095067743130767,1.136368608903549,,,4.192440535140229,../data/results/vary_B2/B_100_n_10/phi_2.0/results_seed_81.pt,,
vary_B2,100,10,2.0,81,VI_best_tau_by_ELBO,8.303994178771973,,0.21468517184257507,3.2340767091702562,1.9089713045982768,-2086.129931640625,0.2,,../data/results/vary_B2/B_100_n_10/phi_2.0/results_seed_81.pt,10.0,10.0
vary_B2,100,10,2.0,82,GPArealModel,8.06976318359375,,1.0882102771635478,2.8981379269966605,1.5319366442866795,,,2.6632149942111765,../data/results/vary_B2/B_100_n_10/phi_2.0/results_seed_82.pt,,
vary_B2,100,10,2.0,82,GPmodel,8.040824890136719,,0.9323118431565585,1.885820145658616,1.147871425779014,,,2.0227353749725347,../data/results/vary_B2/B_100_n_10/phi_2.0/results_seed_82.pt,,
vary_B2,100,10,2.0,82,VI_best_tau_by_ELBO,8.319665908813477,,0.2146523892879486,2.5812796040685733,2.255339151488304,-2109.3044921875,0.2,,../data/results/vary_B2/B_100_n_10/phi_2.0/results_seed_82.pt,10.0,10.0
vary_B2,100,10,2.0,83,GPArealModel,7.379820346832275,,0.6834196821471288,3.9943811016697395,1.2255974413680462,,,5.8446971985360765,../data/results/vary_B2/B_100_n_10/phi_2.0/results_seed_83.pt,,
vary_B2,100,10,2.0,83,GPmodel,7.926252841949463,,0.7393924129334447,2.2234661751987597,1.0950439872773077,,,3.007153084486548,../data/results/vary_B2/B_100_n_10/phi_2.0/results_seed_83.pt,,
vary_B2,100,10,2.0,83,VI_best_tau_by_ELBO,8.108455657958984,,0.21485190093517303,3.697474545979638,1.8741263571303346,-2090.0896484375,0.2,,../data/results/vary_B2/B_100_n_10/phi_2.0/results_seed_83.pt,10.0,10.0
vary_B2,100,10,2.0,84,GPArealModel,7.898707389831543,,0.5487384844732212,4.424347341450484,1.7633102255215987,,,8.062761163357761,../data/results/vary_B2/B_100_n_10/phi_2.0/results_seed_84.pt,,
vary_B2,100,10,2.0,84,GPmodel,7.919404983520508,,0.6715213009777845,2.4752595228047323,1.017924294106169,,,3.6860476640138917,../data/results/vary_B2/B_100_n_10/phi_2.0/results_seed_84.pt,,
vary_B2,100,10,2.0,84,VI_best_tau_by_ELBO,8.262494087219238,,0.21468356251716614,3.338853442055074,2.0292950651015578,-2100.021630859375,0.2,,../data/results/vary_B2/B_100_n_10/phi_2.0/results_seed_84.pt,10.0,10.0
vary_B2,100,10,2.0,85,GPArealModel,7.8729472160339355,,0.5957934767674321,4.110188770219971,1.2193956616615769,,,6.898680382538634,../data/results/vary_B2/B_100_n_10/phi_2.0/results_seed_85.pt,,
vary_B2,100,10,2.0,85,GPmodel,7.89315938949585,,0.7632841220851247,2.244522981352224,1.0917880443952024,,,2.9406126976946405,../data/results/vary_B2/B_100_n_10/phi_2.0/results_seed_85.pt,,
vary_B2,100,10,2.0,85,VI_best_tau_by_ELBO,8.043160438537598,,0.21471506357192993,3.8952597585810707,2.0347613252682955,-2117.947314453125,0.2,,../data/results/vary_B2/B_100_n_10/phi_2.0/results_seed_85.pt,10.0,10.0
vary_B2,100,10,2.0,86,GPArealModel,7.569962501525879,,0.30818368534176355,3.3885892517272174,4.916706275956907,,,10.995355733933176,../data/results/vary_B2/B_100_n_10/phi_2.0/results_seed_86.pt,,
vary_B2,100,10,2.0,86,GPmodel,7.923290252685547,,0.6738420345842583,2.738732669663768,1.075259568015798,,,4.064354149935881,../data/results/vary_B2/B_100_n_10/phi_2.0/results_seed_86.pt,,
vary_B2,100,10,2.0,86,VI_best_tau_by_ELBO,8.099363327026367,,0.21477627754211426,3.1683923151516478,2.2089411820182576,-2138.24326171875,0.2,,../data/results/vary_B2/B_100_n_10/phi_2.0/results_seed_86.pt,10.0,10.0
vary_B2,100,10,2.0,87,GPArealModel,7.8895368576049805,,0.4163513559627704,4.936109182203013,2.0216363371030845,,,11.85563373701224,../data/results/vary_B2/B_100_n_10/phi_2.0/results_seed_87.pt,,
vary_B2,100,10,2.0,87,GPmodel,7.919469356536865,,0.50935195445446,2.951462417328986,1.0660780649703632,,,5.794544207629754,../data/results/vary_B2/B_100_n_10/phi_2.0/results_seed_87.pt,,
vary_B2,100,10,2.0,87,VI_best_tau_by_ELBO,8.145856857299805,,0.21477752923965454,3.830207116951137,1.8939703037733544,-2117.2998046875,0.2,,../data/results/vary_B2/B_100_n_10/phi_2.0/results_seed_87.pt,10.0,10.0
vary_B2,100,10,2.0,88,GPArealModel,8.054757118225098,,0.2712673465083637,6.778136756626495,0.9859988721455086,,,24.986924684713248,../data/results/vary_B2/B_100_n_10/phi_2.0/results_seed_88.pt,,
vary_B2,100,10,2.0,88,GPmodel,7.94482946395874,,0.4120401557241018,3.185677750834265,1.1443614792671708,,,7.731473999751046,../data/results/vary_B2/B_100_n_10/phi_2.0/results_seed_88.pt,,
vary_B2,100,10,2.0,88,VI_best_tau_by_ELBO,8.260417938232422,,0.21470719575881958,4.221666871462382,1.6449012519409938,-2087.443310546875,0.2,,../data/results/vary_B2/B_100_n_10/phi_2.0/results_seed_88.pt,10.0,10.0
vary_B2,100,10,2.0,89,GPArealModel,7.808434009552002,,0.36408514906359046,5.660224330378114,2.191681204102557,,,15.546430127501601,../data/results/vary_B2/B_100_n_10/phi_2.0/results_seed_89.pt,,
vary_B2,100,10,2.0,89,GPmodel,7.971516132354736,,0.47393085210511543,3.66043251907034,0.9183199001394492,,,7.723558200128475,../data/results/vary_B2/B_100_n_10/phi_2.0/results_seed_89.pt,,
vary_B2,100,10,2.0,89,VI_best_tau_by_ELBO,8.222823143005371,,0.21481452882289886,4.7105365830369665,1.7514551094313513,-2112.14248046875,0.2,,../data/results/vary_B2/B_100_n_10/phi_2.0/results_seed_89.pt,10.0,10.0
vary_B2,100,10,2.0,90,GPArealModel,7.687738418579102,,0.4255519403488656,3.909831494373397,0.6974642868884053,,,9.187671641605332,../data/results/vary_B2/B_100_n_10/phi_2.0/results_seed_90.pt,,
vary_B2,100,10,2.0,90,GPmodel,7.9560699462890625,,0.6118320370245445,1.9985280725732644,0.9696108022818032,,,3.2664652251498407,../data/results/vary_B2/B_100_n_10/phi_2.0/results_seed_90.pt,,
vary_B2,100,10,2.0,90,VI_best_tau_by_ELBO,8.127721786499023,,0.2146604061126709,2.565919191654353,1.7544703024037016,-2029.2885986328124,0.2,,../data/results/vary_B2/B_100_n_10/phi_2.0/results_seed_90.pt,10.0,10.0
vary_B2,100,10,2.0,91,GPArealModel,8.191316604614258,,0.3009927293748084,6.404637931241616,1.9971405500868213,,,21.27838085838379,../data/results/vary_B2/B_100_n_10/phi_2.0/results_seed_91.pt,,
vary_B2,100,10,2.0,91,GPmodel,7.942054748535156,,0.4669395685250068,3.4723809199208344,1.0566487396291087,,,7.436467487408645,../data/results/vary_B2/B_100_n_10/phi_2.0/results_seed_91.pt,,
vary_B2,100,10,2.0,91,VI_best_tau_by_ELBO,8.314491271972656,,0.2146834284067154,3.9256036842879682,2.0361658309175263,-2142.591845703125,0.2,,../data/results/vary_B2/B_100_n_10/phi_2.0/results_seed_91.pt,10.0,10.0
vary_B2,100,10,2.0,92,GPArealModel,7.676050662994385,,0.4649857861788285,4.477494964100994,1.2835447399877673,,,9.629315770910463,../data/results/vary_B2/B_100_n_10/phi_2.0/results_seed_92.pt,,
vary_B2,100,10,2.0,92,GPmodel,7.950337886810303,,0.5579879608026609,2.7009278488782074,1.072575370397441,,,4.840476925331768,../data/results/vary_B2/B_100_n_10/phi_2.0/results_seed_92.pt,,
vary_B2,100,10,2.0,92,VI_best_tau_by_ELBO,8.231653213500977,,0.21476130187511444,3.6123589355370918,1.9195584767425113,-2104.540673828125,0.2,,../data/results/vary_B2/B_100_n_10/phi_2.0/results_seed_92.pt,10.0,10.0
vary_B2,100,10,2.0,93,GPArealModel,7.883383750915527,,0.5783524402596607,4.124492876805154,0.9028790584598037,,,7.131452363118579,../data/results/vary_B2/B_100_n_10/phi_2.0/results_seed_93.pt,,
vary_B2,100,10,2.0,93,GPmodel,7.94675350189209,,0.6916427235399263,2.1970609185269816,1.133875223612506,,,3.1765835795714152,../data/results/vary_B2/B_100_n_10/phi_2.0/results_seed_93.pt,,
vary_B2,100,10,2.0,93,VI_best_tau_by_ELBO,8.145540237426758,,0.21474049985408783,3.058209366703817,2.0170607630844897,-2095.592333984375,0.2,,../data/results/vary_B2/B_100_n_10/phi_2.0/results_seed_93.pt,10.0,10.0
vary_B2,100,10,2.0,94,GPArealModel,7.552141189575195,,0.5933001510912177,4.526007706897072,0.9816474523792593,,,7.628529503275342,../data/results/vary_B2/B_100_n_10/phi_2.0/results_seed_94.pt,,
vary_B2,100,10,2.0,94,GPmodel,7.951913356781006,,0.6159448235810411,2.6825619752917405,1.0194033850811968,,,4.355198505761597,../data/results/vary_B2/B_100_n_10/phi_2.0/results_seed_94.pt,,
vary_B2,100,10,2.0,94,VI_best_tau_by_ELBO,8.11678409576416,,0.21482813358306885,4.175859809375626,1.8579497783510317,-2101.64365234375,0.2,,../data/results/vary_B2/B_100_n_10/phi_2.0/results_seed_94.pt,10.0,10.0
vary_B2,100,10,2.0,95,GPArealModel,7.829178810119629,,0.711871425736502,4.080455054519661,2.1382313377551987,,,5.732011297262035,../data/results/vary_B2/B_100_n_10/phi_2.0/results_seed_95.pt,,
vary_B2,100,10,2.0,95,GPmodel,8.002001762390137,,0.6719414229426737,2.5620589608982165,1.0309338598599584,,,3.8129201049669432,../data/results/vary_B2/B_100_n_10/phi_2.0/results_seed_95.pt,,
vary_B2,100,10,2.0,95,VI_best_tau_by_ELBO,8.209897994995117,,0.21475093066692352,3.712712178796834,1.9995797122320176,-2105.834228515625,0.2,,../data/results/vary_B2/B_100_n_10/phi_2.0/results_seed_95.pt,10.0,10.0
vary_B2,100,10,2.0,96,GPArealModel,7.680239677429199,,0.2379212711483188,7.9561638302711275,1.7740130037701882,,,33.4403216319036,../data/results/vary_B2/B_100_n_10/phi_2.0/results_seed_96.pt,,
vary_B2,100,10,2.0,96,GPmodel,7.950474262237549,,0.38512793384567107,3.5642198406253938,1.0849324410412398,,,9.254638595115908,../data/results/vary_B2/B_100_n_10/phi_2.0/results_seed_96.pt,,
vary_B2,100,10,2.0,96,VI_best_tau_by_ELBO,8.194783210754395,,0.21468502283096313,3.940647609055675,1.8376725566958023,-2109.5162109375,0.2,,../data/results/vary_B2/B_100_n_10/phi_2.0/results_seed_96.pt,10.0,10.0
vary_B2,100,10,2.0,97,GPArealModel,7.7440056800842285,,0.650843654494183,3.802425826140151,1.20567138033222,,,5.842302986106989,../data/results/vary_B2/B_100_n_10/phi_2.0/results_seed_97.pt,,
vary_B2,100,10,2.0,97,GPmodel,8.011820793151855,,0.8313121679521681,2.158415977663002,1.2428459166685657,,,2.5963964691867623,../data/results/vary_B2/B_100_n_10/phi_2.0/results_seed_97.pt,,
vary_B2,100,10,2.0,97,VI_best_tau_by_ELBO,8.319459915161133,,0.21465173363685608,2.806523421846824,2.308700827505134,-2134.1537109375,0.2,,../data/results/vary_B2/B_100_n_10/phi_2.0/results_seed_97.pt,10.0,10.0
vary_B2,100,10,2.0,98,GPArealModel,8.181221961975098,,0.4552732794433227,4.4312038775616,1.4934781054578696,,,9.733063805061821,../data/results/vary_B2/B_100_n_10/phi_2.0/results_seed_98.pt,,
vary_B2,100,10,2.0,98,GPmodel,7.950969219207764,,0.597059190650824,2.5240706156039083,1.1138475880945622,,,4.227504835580115,../data/results/vary_B2/B_100_n_10/phi_2.0/results_seed_98.pt,,
vary_B2,100,10,2.0,98,VI_best_tau_by_ELBO,8.279586791992188,,0.21472324430942535,3.3505730236300337,1.9533984414132939,-2105.908154296875,0.2,,../data/results/vary_B2/B_100_n_10/phi_2.0/results_seed_98.pt,10.0,10.0
vary_B2,100,10,2.0,99,GPArealModel,8.30186939239502,,0.6647715217523564,3.446968620068015,1.6857728582738587,,,5.185192968227202,../data/results/vary_B2/B_100_n_10/phi_2.0/results_seed_99.pt,,
vary_B2,100,10,2.0,99,GPmodel,7.991889953613281,,0.736549634886075,2.2579632681877966,1.017679648196694,,,3.0655955298070907,../data/results/vary_B2/B_100_n_10/phi_2.0/results_seed_99.pt,,
vary_B2,100,10,2.0,99,VI_best_tau_by_ELBO,8.266189575195312,,0.21466784179210663,2.995381677253431,2.1314117364380887,-2109.016259765625,0.2,,../data/results/vary_B2/B_100_n_10/phi_2.0/results_seed_99.pt,10.0,10.0
vary_B2,100,10,2.0,100,GPArealModel,8.0822114944458,,0.5273126094402152,3.752219463291774,1.1188784179579112,,,7.115740067879388,../data/results/vary_B2/B_100_n_10/phi_2.0/results_seed_100.pt,,
vary_B2,100,10,2.0,100,GPmodel,7.995344638824463,,0.6796203186942671,2.1916831636191274,1.0300267079013232,,,3.224864094454884,../data/results/vary_B2/B_100_n_10/phi_2.0/results_seed_100.pt,,
vary_B2,100,10,2.0,100,VI_best_tau_by_ELBO,8.226362228393555,,0.21476905047893524,3.03354216300278,1.8520206488867461,-2064.650732421875,0.2,,../data/results/vary_B2/B_100_n_10/phi_2.0/results_seed_100.pt,10.0,10.0
vary_B2,121,10,2.0,88,GPArealModel,8.528297424316406,,0.33692460131674684,4.792655634791091,1.2732057448892633,,,14.224712639150557,../data/results/vary_B2/B_121_n_10/phi_2.0/results_seed_88.pt,,
vary_B2,121,10,2.0,88,GPmodel,8.031238555908203,,0.5788656874827949,2.4744527746435643,1.2110874912408502,,,4.274657883772235,../data/results/vary_B2/B_121_n_10/phi_2.0/results_seed_88.pt,,
vary_B2,121,10,2.0,88,VI_best_tau_by_ELBO,8.390949249267578,,0.2086479216814041,3.7087660588840836,1.6619805353521768,-2354.16240234375,0.2,,../data/results/vary_B2/B_121_n_10/phi_2.0/results_seed_88.pt,10.0,10.0
vary_B2,121,10,2.0,91,GPArealModel,8.110934257507324,,0.3115019968879277,6.647816272587442,1.1865813674689079,,,21.341167437135873,../data/results/vary_B2/B_121_n_10/phi_2.0/results_seed_91.pt,,
vary_B2,121,10,2.0,91,GPmodel,7.8945183753967285,,0.4588179962959522,3.5862454094043286,0.9457808622032386,,,7.81627015146783,../data/results/vary_B2/B_121_n_10/phi_2.0/results_seed_91.pt,,
vary_B2,121,10,2.0,91,VI_best_tau_by_ELBO,8.120473861694336,,0.20863167941570282,5.017555412364468,1.6620037733689579,-2402.070751953125,0.2,,../data/results/vary_B2/B_121_n_10/phi_2.0/results_seed_91.pt,10.0,10.0
vary_B2,121,10,2.0,92,GPArealModel,7.7900214195251465,,0.5121823651791375,4.2849556086975324,0.7884824820528282,,,8.366074078319457,../data/results/vary_B2/B_121_n_10/phi_2.0/results_seed_92.pt,,
vary_B2,121,10,2.0,92,GPmodel,7.94441556930542,,0.6654935957048299,2.288347808611083,1.037658574583002,,,3.4385722467959656,../data/results/vary_B2/B_121_n_10/phi_2.0/results_seed_92.pt,,
vary_B2,121,10,2.0,92,VI_best_tau_by_ELBO,8.151572227478027,,0.20869135856628418,3.9641914689724382,1.7550679891832892,-2376.500830078125,0.2,,../data/results/vary_B2/B_121_n_10/phi_2.0/results_seed_92.pt,10.0,10.0
vary_B2,49,12,2.0,1,GPArealModel,7.8279290199279785,,0.21411199277258677,8.831153133236311,0.5542290455882457,,,41.2454856866242,../data/results/vary_B2/B_49_n_12/phi_2.0/results_seed_1.pt,,
vary_B2,49,12,2.0,1,GPmodel,7.981034755706787,,0.5096784870249349,2.8899036119439776,1.0886449500537165,,,5.670052171149605,../data/results/vary_B2/B_49_n_12/phi_2.0/results_seed_1.pt,,
vary_B2,49,12,2.0,1,VI_best_tau_by_ELBO,8.017485618591309,,0.24918591976165771,1.7649711679167732,4.529565754541965,-1770.70322265625,0.4,,../data/results/vary_B2/B_49_n_12/phi_2.0/results_seed_1.pt,10.0,12.0
vary_B2,49,12,2.0,2,GPArealModel,8.187564849853516,,0.9641195914208688,2.6741287432789522,1.2259196947486382,,,2.773648380423389,../data/results/vary_B2/B_49_n_12/phi_2.0/results_seed_2.pt,,
vary_B2,49,12,2.0,2,GPmodel,7.943711757659912,,1.3968964904053467,1.4948768358879927,1.1944838163539622,,,1.0701414501043054,../data/results/vary_B2/B_49_n_12/phi_2.0/results_seed_2.pt,,
vary_B2,49,12,2.0,2,VI_best_tau_by_ELBO,7.969587326049805,,0.24924060702323914,0.6753583769471276,3.849221382154128,-1689.20712890625,0.4,,../data/results/vary_B2/B_49_n_12/phi_2.0/results_seed_2.pt,6.0,12.0
vary_B2,49,12,2.0,3,GPArealModel,8.032530784606934,,0.7495664688721587,3.014872638509798,2.506312558994639,,,4.022155157295324,../data/results/vary_B2/B_49_n_12/phi_2.0/results_seed_3.pt,,
vary_B2,49,12,2.0,3,GPmodel,7.973050117492676,,0.9032421054503239,1.7982273068600971,1.0507786920487683,,,1.9908585926290117,../data/results/vary_B2/B_49_n_12/phi_2.0/results_seed_3.pt,,
vary_B2,49,12,2.0,3,VI_best_tau_by_ELBO,7.951834678649902,,0.24923834204673767,0.8848827391995052,3.9769841444366256,-1706.31162109375,0.4,,../data/results/vary_B2/B_49_n_12/phi_2.0/results_seed_3.pt,4.0,12.0
vary_B2,49,12,2.0,4,GPArealModel,8.553528785705566,,0.18455108102623136,3.2261975863518946,2.9908141745858883,,,17.481325866052963,../data/results/vary_B2/B_49_n_12/phi_2.0/results_seed_4.pt,,
vary_B2,49,12,2.0,4,GPmodel,8.076278686523438,,0.5448198752335359,2.553961476115894,1.256830020090307,,,4.6877171560988735,../data/results/vary_B2/B_49_n_12/phi_2.0/results_seed_4.pt,,
vary_B2,49,12,2.0,4,VI_best_tau_by_ELBO,8.46506404876709,,0.2491759955883026,0.9188160787300622,3.505350852817937,-1743.1834716796875,0.3,,../data/results/vary_B2/B_49_n_12/phi_2.0/results_seed_4.pt,7.0,12.0
vary_B2,49,12,2.0,5,GPArealModel,7.535395622253418,,0.07664551588425611,3.978818446100841,5.066325564941769,,,51.91195336344702,../data/results/vary_B2/B_49_n_12/phi_2.0/results_seed_5.pt,,
vary_B2,49,12,2.0,5,GPmodel,7.924932479858398,,0.5145388876115369,2.6286910870675944,1.0687758077053897,,,5.108828798674176,../data/results/vary_B2/B_49_n_12/phi_2.0/results_seed_5.pt,,
vary_B2,49,12,2.0,5,VI_best_tau_by_ELBO,8.134907722473145,,0.24911698698997498,1.0627256697332927,3.585369171277934,-1753.8759521484376,0.3,,../data/results/vary_B2/B_49_n_12/phi_2.0/results_seed_5.pt,5.0,12.0
vary_B2,49,12,2.0,6,GPArealModel,8.022908210754395,,0.42435832321570827,5.132466695559891,1.1993691393939763,,,12.094653067405432,../data/results/vary_B2/B_49_n_12/phi_2.0/results_seed_6.pt,,
vary_B2,49,12,2.0,6,GPmodel,8.010218620300293,,0.5453276771540526,2.662182412262926,0.9859195953691943,,,4.881803223625622,../data/results/vary_B2/B_49_n_12/phi_2.0/results_seed_6.pt,,
vary_B2,49,12,2.0,6,VI_best_tau_by_ELBO,8.064560890197754,,0.24921846389770508,1.5023439290864358,4.190323151894617,-1750.150390625,0.4,,../data/results/vary_B2/B_49_n_12/phi_2.0/results_seed_6.pt,10.0,12.0
vary_B2,49,12,2.0,7,GPArealModel,8.034445762634277,,0.3158361780106552,3.5173146701186537,0.6438437458837897,,,11.136516064350271,../data/results/vary_B2/B_49_n_12/phi_2.0/results_seed_7.pt,,
vary_B2,49,12,2.0,7,GPmodel,7.881076335906982,,0.617904857779917,1.9465969228465771,0.9584007082883231,,,3.15031820568711,../data/results/vary_B2/B_49_n_12/phi_2.0/results_seed_7.pt,,
vary_B2,49,12,2.0,7,VI_best_tau_by_ELBO,7.993201732635498,,0.24920478463172913,1.1219250858948524,3.254045729179994,-1708.6672607421874,0.3,,../data/results/vary_B2/B_49_n_12/phi_2.0/results_seed_7.pt,7.0,12.0
vary_B2,49,12,2.0,8,GPArealModel,7.6164631843566895,,0.19929174118126905,4.383310685644729,2.071434544729114,,,21.994442216538303,../data/results/vary_B2/B_49_n_12/phi_2.0/results_seed_8.pt,,
vary_B2,49,12,2.0,8,GPmodel,7.952054500579834,,0.6486802253415872,2.208881832212017,1.0997519313351323,,,3.4051937239937384,../data/results/vary_B2/B_49_n_12/phi_2.0/results_seed_8.pt,,
vary_B2,49,12,2.0,8,VI_best_tau_by_ELBO,8.02512264251709,,0.24916014075279236,0.9823762496068428,3.3867827213408392,-1723.2298828125,0.3,,../data/results/vary_B2/B_49_n_12/phi_2.0/results_seed_8.pt,7.0,12.0
vary_B2,49,12,2.0,9,GPArealModel,7.725848197937012,,0.6294414601158363,2.740936659088262,1.7081914849989117,,,4.354553731786028,../data/results/vary_B2/B_49_n_12/phi_2.0/results_seed_9.pt,,
vary_B2,49,12,2.0,9,GPmodel,7.903230667114258,,0.7652195296027534,1.9684486321124899,1.0104155667484582,,,2.572397274197074,../data/results/vary_B2/B_49_n_12/phi_2.0/results_seed_9.pt,,
vary_B2,49,12,2.0,9,VI_best_tau_by_ELBO,7.967600345611572,,0.24923057854175568,0.7278665720257325,3.880140447079708,-1695.7598388671875,0.4,,../data/results/vary_B2/B_49_n_12/phi_2.0/results_seed_9.pt,4.0,12.0
vary_B2,49,12,2.0,10,GPArealModel,7.567576885223389,,0.4231453289054199,5.088080022991284,1.031904018629175,,,12.024426775909314,../data/results/vary_B2/B_49_n_12/phi_2.0/results_seed_10.pt,,
vary_B2,49,12,2.0,10,GPmodel,7.98550271987915,,0.45364116232099144,3.2077841148941117,0.8456484000112274,,,7.071192787007981,../data/results/vary_B2/B_49_n_12/phi_2.0/results_seed_10.pt,,
vary_B2,49,12,2.0,10,VI_best_tau_by_ELBO,7.909367084503174,,0.24925974011421204,2.1743554720818405,4.080102114252814,-1781.8422119140625,0.4,,../data/results/vary_B2/B_49_n_12/phi_2.0/results_seed_10.pt,10.0,12.0
vary_B2,49,12,2.0,11,GPArealModel,8.140312194824219,,0.9926828208000261,2.513125822891813,1.1371556660923985,,,2.531650362264179,../data/results/vary_B2/B_49_n_12/phi_2.0/results_seed_11.pt,,
vary_B2,49,12,2.0,11,GPmodel,7.910021781921387,,0.9289193759559946,1.713587795807874,1.1346451509998694,,,1.8447110052412679,../data/results/vary_B2/B_49_n_12/phi_2.0/results_seed_11.pt,,
vary_B2,49,12,2.0,11,VI_best_tau_by_ELBO,8.027848243713379,,0.24924561381340027,0.6330846593226234,3.876658673580902,-1692.7665771484376,0.4,,../data/results/vary_B2/B_49_n_12/phi_2.0/results_seed_11.pt,6.0,12.0
vary_B2,49,12,2.0,12,GPArealModel,7.52815055847168,,0.3434943686974635,3.66927199753854,1.6195058151953623,,,10.682189671558465,../data/results/vary_B2/B_49_n_12/phi_2.0/results_seed_12.pt,,
vary_B2,49,12,2.0,12,GPmodel,7.956744194030762,,0.49257144814729054,2.4833395607002267,1.039575939451442,,,5.041582434468774,../data/results/vary_B2/B_49_n_12/phi_2.0/results_seed_12.pt,,
vary_B2,49,12,2.0,12,VI_best_tau_by_ELBO,8.097115516662598,,0.24920305609703064,1.3079337331875318,3.443983345461233,-1745.42080078125,0.3,,../data/results/vary_B2/B_49_n_12/phi_2.0/results_seed_12.pt,6.0,12.0
vary_B2,49,12,2.0,13,GPArealModel,8.372598648071289,,1.0760566760370196,2.498506377341936,1.1434720012344,,,2.3219096474951657,../data/results/vary_B2/B_49_n_12/phi_2.0/results_seed_13.pt,,
vary_B2,49,12,2.0,13,GPmodel,8.055806159973145,,1.0492716162773694,1.8345419542541745,0.9143220659432412,,,1.7483956735271329,../data/results/vary_B2/B_49_n_12/phi_2.0/results_seed_13.pt,,
vary_B2,49,12,2.0,13,VI_best_tau_by_ELBO,8.106717109680176,,0.24923618137836456,0.6052269833114764,3.7364081724720655,-1678.26396484375,0.4,,../data/results/vary_B2/B_49_n_12/phi_2.0/results_seed_13.pt,3.0,12.0
vary_B2,49,12,2.0,14,GPArealModel,8.346296310424805,,0.664835576178077,2.7326863704618183,2.4983964748913636,,,4.1103191050201335,../data/results/vary_B2/B_49_n_12/phi_2.0/results_seed_14.pt,,
vary_B2,49,12,2.0,14,GPmodel,7.7865495681762695,,1.6705460896675253,2.0745514689994584,1.6681217712307363,,,1.2418403070892459,../data/results/vary_B2/B_49_n_12/phi_2.0/results_seed_14.pt,,
vary_B2,49,12,2.0,14,VI_best_tau_by_ELBO,7.899972915649414,,0.24921852350234985,0.6710693088662946,4.502843975898797,-1730.5862548828125,0.4,,../data/results/vary_B2/B_49_n_12/phi_2.0/results_seed_14.pt,5.0,12.0
vary_B2,49,12,2.0,15,GPArealModel,7.982424259185791,,0.9272996519443968,2.660248983217669,3.453745437405341,,,2.8688126622710994,../data/results/vary_B2/B_49_n_12/phi_2.0/results_seed_15.pt,,
vary_B2,49,12,2.0,15,GPmodel,7.973903656005859,,1.0515869032998992,1.677541710815102,1.147948262290767,,,1.5952478159921402,../data/results/vary_B2/B_49_n_12/phi_2.0/results_seed_15.pt,,
vary_B2,49,12,2.0,15,VI_best_tau_by_ELBO,8.019183158874512,,0.24924060702323914,0.7289907038313501,3.9126933633732084,-1695.93671875,0.4,,../data/results/vary_B2/B_49_n_12/phi_2.0/results_seed_15.pt,6.0,12.0
vary_B2,49,12,2.0,16,GPArealModel,7.977975368499756,,0.679275759513959,5.061632005267078,1.380144287074785,,,7.451512783098308,../data/results/vary_B2/B_49_n_12/phi_2.0/results_seed_16.pt,,
vary_B2,49,12,2.0,16,GPmodel,7.927265644073486,,0.5889327584877466,2.9252581560045954,1.161348730470347,,,4.967049487136753,../data/results/vary_B2/B_49_n_12/phi_2.0/results_seed_16.pt,,
vary_B2,49,12,2.0,16,VI_best_tau_by_ELBO,8.05219841003418,,0.2492479532957077,1.673671132832491,4.754663660680015,-1781.9542236328125,0.4,,../data/results/vary_B2/B_49_n_12/phi_2.0/results_seed_16.pt,12.0,12.0
vary_B2,49,12,2.0,17,GPArealModel,7.67282247543335,,0.8670221687160511,2.972600405405251,0.7580464468871284,,,3.428517185214874,../data/results/vary_B2/B_49_n_12/phi_2.0/results_seed_17.pt,,
vary_B2,49,12,2.0,17,GPmodel,7.946726322174072,,0.8674892747797863,1.7399750902179845,0.9643218031732366,,,2.0057597722573344,../data/results/vary_B2/B_49_n_12/phi_2.0/results_seed_17.pt,,
vary_B2,49,12,2.0,17,VI_best_tau_by_ELBO,8.033557891845703,,0.2492510825395584,0.713379260258071,3.7098788076275158,-1681.26728515625,0.4,,../data/results/vary_B2/B_49_n_12/phi_2.0/results_seed_17.pt,5.0,12.0
vary_B2,49,12,2.0,18,GPArealModel,8.406414985656738,,0.33435512244479254,3.601415667736722,6.517141774260466,,,10.771229228980555,../data/results/vary_B2/B_49_n_12/phi_2.0/results_seed_18.pt,,
vary_B2,49,12,2.0,18,GPmodel,7.934243202209473,,0.6010043372984121,3.1906063179658313,1.3805135328489926,,,5.308790835533728,../data/results/vary_B2/B_49_n_12/phi_2.0/results_seed_18.pt,,
vary_B2,49,12,2.0,18,VI_best_tau_by_ELBO,8.046600341796875,,0.2492259293794632,1.579135463978804,5.10790457541688,-1813.285546875,0.4,,../data/results/vary_B2/B_49_n_12/phi_2.0/results_seed_18.pt,12.0,12.0
vary_B2,49,12,2.0,19,GPArealModel,7.513789653778076,,0.5334169853511627,5.028504761958028,1.1161465371410562,,,9.426967832019127,../data/results/vary_B2/B_49_n_12/phi_2.0/results_seed_19.pt,,
vary_B2,49,12,2.0,19,GPmodel,7.905955791473389,,0.5658798916735114,2.6724196672231346,0.9578726783840272,,,4.722591678102969,../data/results/vary_B2/B_49_n_12/phi_2.0/results_seed_19.pt,,
vary_B2,49,12,2.0,19,VI_best_tau_by_ELBO,7.890082359313965,,0.24924126267433167,1.5889580426302348,4.304569469544311,-1756.3051513671876,0.4,,../data/results/vary_B2/B_49_n_12/phi_2.0/results_seed_19.pt,8.0,12.0
vary_B2,49,12,2.0,20,GPArealModel,7.497696876525879,,0.31842902994537514,5.526010351522054,1.2493821785244572,,,17.353977909834455,../data/results/vary_B2/B_49_n_12/phi_2.0/results_seed_20.pt,,
vary_B2,49,12,2.0,20,GPmodel,7.972682476043701,,0.49400442470615824,2.6594488351273444,1.2634099670412096,,,5.383451447240026,../data/results/vary_B2/B_49_n_12/phi_2.0/results_seed_20.pt,,
vary_B2,49,12,2.0,20,VI_best_tau_by_ELBO,7.949487686157227,,0.24922309815883636,1.8960480704644318,3.58330093118283,-1781.670556640625,0.3,,../data/results/vary_B2/B_49_n_12/phi_2.0/results_seed_20.pt,10.0,12.0
vary_B2,49,12,2.0,21,GPArealModel,8.060354232788086,,0.7216273273817938,3.1105223147382017,1.6359632690557007,,,4.310427552714487,../data/results/vary_B2/B_49_n_12/phi_2.0/results_seed_21.pt,,
vary_B2,49,12,2.0,21,GPmodel,7.937012195587158,,0.9278589940771513,1.8260684755531968,1.1219699525570623,,,1.9680452387804945,../data/results/vary_B2/B_49_n_12/phi_2.0/results_seed_21.pt,,
vary_B2,49,12,2.0,21,VI_best_tau_by_ELBO,7.976081848144531,,0.24924395978450775,0.8121433993404288,3.9240561894937733,-1701.191943359375,0.4,,../data/results/vary_B2/B_49_n_12/phi_2.0/results_seed_21.pt,8.0,12.0
vary_B2,49,12,2.0,22,GPArealModel,8.548498153686523,,0.6598804930230716,2.6729300767132287,2.4146542126684327,,,4.050627507517143,../data/results/vary_B2/B_49_n_12/phi_2.0/results_seed_22.pt,,
vary_B2,49,12,2.0,22,GPmodel,7.932486534118652,,0.8293536215525461,1.932231958334068,1.040019991512722,,,2.3298046914137047,../data/results/vary_B2/B_49_n_12/phi_2.0/results_seed_22.pt,,
vary_B2,49,12,2.0,22,VI_best_tau_by_ELBO,8.100030899047852,,0.24923965334892273,0.743229741409182,4.018220670472961,-1704.4309814453125,0.4,,../data/results/vary_B2/B_49_n_12/phi_2.0/results_seed_22.pt,8.0,12.0
vary_B2,49,12,2.0,23,GPArealModel,7.924118518829346,,0.5722149720898632,3.102648281138947,1.9789778440680177,,,5.422172491934891,../data/results/vary_B2/B_49_n_12/phi_2.0/results_seed_23.pt,,
vary_B2,49,12,2.0,23,GPmodel,7.9202961921691895,,0.7608243881073629,2.1059213402909926,1.0028096910866937,,,2.767946681532793,../data/results/vary_B2/B_49_n_12/phi_2.0/results_seed_23.pt,,
vary_B2,49,12,2.0,23,VI_best_tau_by_ELBO,7.951784133911133,,0.24922236800193787,0.8011001175639979,4.119675635315378,-1717.3252197265624,0.4,,../data/results/vary_B2/B_49_n_12/phi_2.0/results_seed_23.pt,3.0,12.0
vary_B2,49,12,2.0,24,GPArealModel,7.7744059562683105,,0.32172197586420737,3.921204709929417,2.7329277704697694,,,12.188178004925849,../data/results/vary_B2/B_49_n_12/phi_2.0/results_seed_24.pt,,
vary_B2,49,12,2.0,24,GPmodel,7.925477981567383,,0.6150809082218547,2.2528627444535134,1.0263205971718916,,,3.6627095953381863,../data/results/vary_B2/B_49_n_12/phi_2.0/results_seed_24.pt,,
vary_B2,49,12,2.0,24,VI_best_tau_by_ELBO,7.875661849975586,,0.24919608235359192,1.1263333193396023,4.239879700560815,-1740.9123046875,0.4,,../data/results/vary_B2/B_49_n_12/phi_2.0/results_seed_24.pt,7.0,12.0
vary_B2,49,12,2.0,25,GPArealModel,8.64870548248291,,0.6407291029944245,3.565639674543327,1.8610525384764423,,,5.564972244712216,../data/results/vary_B2/B_49_n_12/phi_2.0/results_seed_25.pt,,
vary_B2,49,12,2.0,25,GPmodel,7.895092010498047,,0.7723569001810512,2.3807679820364047,1.0774880885138423,,,3.082471305012384,../data/results/vary_B2/B_49_n_12/phi_2.0/results_seed_25.pt,,
vary_B2,49,12,2.0,25,VI_best_tau_by_ELBO,7.970952987670898,,0.2492191195487976,0.917297592345296,4.566892365553565,-1747.74404296875,0.4,,../data/results/vary_B2/B_49_n_12/phi_2.0/results_seed_25.pt,6.0,12.0
vary_B2,49,12,2.0,26,GPArealModel,8.064287185668945,,0.378092533807597,4.940958461108465,2.119383945911104,,,13.068119624977337,../data/results/vary_B2/B_49_n_12/phi_2.0/results_seed_26.pt,,
vary_B2,49,12,2.0,26,GPmodel,7.98886775970459,,0.5585382306487758,2.732146311100567,1.1272489096799976,,,4.891601256957852,../data/results/vary_B2/B_49_n_12/phi_2.0/results_seed_26.pt,,
vary_B2,49,12,2.0,26,VI_best_tau_by_ELBO,8.102563858032227,,0.2491803616285324,1.6136817580723835,3.74911123150162,-1768.9607666015625,0.3,,../data/results/vary_B2/B_49_n_12/phi_2.0/results_seed_26.pt,9.0,12.0
vary_B2,49,12,2.0,27,GPArealModel,8.325746536254883,,0.7840457030255692,3.1080656021007447,1.4977087581211501,,,3.96413830227877,../data/results/vary_B2/B_49_n_12/phi_2.0/results_seed_27.pt,,
vary_B2,49,12,2.0,27,GPmodel,8.002100944519043,,0.8894793592727909,1.9124111764199385,0.9880680521563786,,,2.1500343504131036,../data/results/vary_B2/B_49_n_12/phi_2.0/results_seed_27.pt,,
vary_B2,49,12,2.0,27,VI_best_tau_by_ELBO,8.165128707885742,,0.24924027919769287,0.7980268589671826,3.886536748203471,-1696.2168701171875,0.4,,../data/results/vary_B2/B_49_n_12/phi_2.0/results_seed_27.pt,10.0,12.0
vary_B2,49,12,2.0,28,GPArealModel,7.675449848175049,,0.7071575692894523,3.23856589137525,0.7983239974418439,,,4.579694868612298,../data/results/vary_B2/B_49_n_12/phi_2.0/results_seed_28.pt,,
vary_B2,49,12,2.0,28,GPmodel,7.9123945236206055,,1.47602893797368,1.8163202356646613,1.6438756140762492,,,1.2305451396895644,../data/results/vary_B2/B_49_n_12/phi_2.0/results_seed_28.pt,,
vary_B2,49,12,2.0,28,VI_best_tau_by_ELBO,7.9336113929748535,,0.24925050139427185,0.883697645121652,4.20356555263242,-1721.95634765625,0.4,,../data/results/vary_B2/B_49_n_12/phi_2.0/results_seed_28.pt,10.0,12.0
vary_B2,49,12,2.0,29,GPArealModel,8.366194725036621,,0.6503213959157081,4.091683129472324,0.7804347663125143,,,6.291786115557346,../data/results/vary_B2/B_49_n_12/phi_2.0/results_seed_29.pt,,
vary_B2,49,12,2.0,29,GPmodel,8.009855270385742,,0.5975991903274771,2.6975242972990685,0.9628862553845512,,,4.513935662832572,../data/results/vary_B2/B_49_n_12/phi_2.0/results_seed_29.pt,,
vary_B2,49,12,2.0,29,VI_best_tau_by_ELBO,8.6204195022583,,0.24927806854248047,1.388690679075774,3.6416439601725092,-1751.755224609375,0.3,,../data/results/vary_B2/B_49_n_12/phi_2.0/results_seed_29.pt,10.0,12.0
vary_B2,49,12,2.0,30,GPArealModel,8.712640762329102,,0.10988668315425446,5.749270109968042,5.850248513898671,,,52.31998951044368,../data/results/vary_B2/B_49_n_12/phi_2.0/results_seed_30.pt,,
vary_B2,49,12,2.0,30,GPmodel,7.897665500640869,,0.4800210400709016,3.1801497944560944,1.2055460207745785,,,6.62502167402156,../data/results/vary_B2/B_49_n_12/phi_2.0/results_seed_30.pt,,
vary_B2,49,12,2.0,30,VI_best_tau_by_ELBO,8.18824577331543,,0.24912960827350616,1.5518853803496033,3.9129049352556717,-1784.498388671875,0.3,,../data/results/vary_B2/B_49_n_12/phi_2.0/results_seed_30.pt,7.0,12.0
vary_B2,49,12,2.0,31,GPArealModel,8.194185256958008,,1.079249123914651,2.3459970328446302,1.7769172910273903,,,2.1737307734244276,../data/results/vary_B2/B_49_n_12/phi_2.0/results_seed_31.pt,,
vary_B2,49,12,2.0,31,GPmodel,7.924757957458496,,1.1204686112405573,1.5241131144235032,1.2034774065613625,,,1.3602461498105154,../data/results/vary_B2/B_49_n_12/phi_2.0/results_seed_31.pt,,
vary_B2,49,12,2.0,31,VI_best_tau_by_ELBO,8.036718368530273,,0.24925175309181213,0.5404146650633849,3.622462553442724,-1671.5635498046875,0.4,,../data/results/vary_B2/B_49_n_12/phi_2.0/results_seed_31.pt,7.0,12.0
vary_B2,49,12,2.0,32,GPArealModel,7.384567737579346,,0.8041922625386975,2.3317301510328186,2.97043533625158,,,2.8994685222063006,../data/results/vary_B2/B_49_n_12/phi_2.0/results_seed_32.pt,,
vary_B2,49,12,2.0,32,GPmodel,7.950133800506592,,1.2062446648406875,1.515359481477702,1.0540879667685192,,,1.2562621213150322,../data/results/vary_B2/B_49_n_12/phi_2.0/results_seed_32.pt,,
vary_B2,49,12,2.0,32,VI_best_tau_by_ELBO,7.928553581237793,,0.2492227405309677,0.5928402929654181,3.7236147372643718,-1678.127294921875,0.4,,../data/results/vary_B2/B_49_n_12/phi_2.0/results_seed_32.pt,1.0,12.0
vary_B2,49,12,2.0,33,GPArealModel,8.652459144592285,,0.3520389764353987,4.764378039499949,1.4042413725460228,,,13.533666322241,../data/results/vary_B2/B_49_n_12/phi_2.0/results_seed_33.pt,,
vary_B2,49,12,2.0,33,GPmodel,7.914831161499023,,0.5892659111597895,2.5515041773621343,1.2338171840394343,,,4.329970780662128,../data/results/vary_B2/B_49_n_12/phi_2.0/results_seed_33.pt,,
vary_B2,49,12,2.0,33,VI_best_tau_by_ELBO,8.16219425201416,,0.24920478463172913,1.4994942682344974,3.660944063726117,-1767.1621826171875,0.3,,../data/results/vary_B2/B_49_n_12/phi_2.0/results_seed_33.pt,4.0,12.0
vary_B2,49,12,2.0,34,GPArealModel,7.335758209228516,,0.521270883128781,3.1428301642662837,1.4609091206335387,,,6.029168837135761,../data/results/vary_B2/B_49_n_12/phi_2.0/results_seed_34.pt,,
vary_B2,49,12,2.0,34,GPmodel,7.908534526824951,,0.8820539431389095,1.7384663406909266,1.1700137169742175,,,1.9709297307876166,../data/results/vary_B2/B_49_n_12/phi_2.0/results_seed_34.pt,,
vary_B2,49,12,2.0,34,VI_best_tau_by_ELBO,7.821111679077148,,0.2492251992225647,0.8197205776811988,4.03435427595104,-1711.858984375,0.4,,../data/results/vary_B2/B_49_n_12/phi_2.0/results_seed_34.pt,5.0,12.0
vary_B2,49,12,2.0,35,GPArealModel,7.750180721282959,,0.22442146924320894,5.357984050230094,0.31091079229085156,,,23.874650087169538,../data/results/vary_B2/B_49_n_12/phi_2.0/results_seed_35.pt,,
vary_B2,49,12,2.0,35,GPmodel,7.9886088371276855,,0.3806477505215268,2.8690191670082337,1.0905294754161976,,,7.537202474144089,../data/results/vary_B2/B_49_n_12/phi_2.0/results_seed_35.pt,,
vary_B2,49,12,2.0,35,VI_best_tau_by_ELBO,8.156976699829102,,0.24917644262313843,1.678328837847311,3.4329682802104653,-1777.81357421875,0.3,,../data/results/vary_B2/B_49_n_12/phi_2.0/results_seed_35.pt,12.0,12.0
vary_B2,49,12,2.0,36,GPArealModel,7.672186374664307,,0.5293733919794723,3.4135996429300737,1.4094953571733493,,,6.448377826784395,../data/results/vary_B2/B_49_n_12/phi_2.0/results_seed_36.pt,,
vary_B2,49,12,2.0,36,GPmodel,7.944659233093262,,0.7748213127514241,1.7925736439320257,1.1526702943299263,,,2.313531667793854,../data/results/vary_B2/B_49_n_12/phi_2.0/results_seed_36.pt,,
vary_B2,49,12,2.0,36,VI_best_tau_by_ELBO,8.090877532958984,,0.24922572076320648,1.1749980800268145,3.1362553742589983,-1708.172509765625,0.3,,../data/results/vary_B2/B_49_n_12/phi_2.0/results_seed_36.pt,4.0,12.0
vary_B2,49,12,2.0,37,GPArealModel,8.352372169494629,,1.0878486889041783,3.1625355706880955,1.451484962381569,,,2.907146557186928,../data/results/vary_B2/B_49_n_12/phi_2.0/results_seed_37.pt,,
vary_B2,49,12,2.0,37,GPmodel,7.936656951904297,,0.9108337633133727,1.852571556897208,0.9587193159731997,,,2.033929385926628,../data/results/vary_B2/B_49_n_12/phi_2.0/results_seed_37.pt,,
vary_B2,49,12,2.0,37,VI_best_tau_by_ELBO,8.018033981323242,,0.24926279485225677,0.8372975990089773,3.936265303144191,-1700.1359375,0.4,,../data/results/vary_B2/B_49_n_12/phi_2.0/results_seed_37.pt,10.0,12.0
vary_B2,49,12,2.0,38,GPArealModel,8.322147369384766,,0.40801518905716505,5.88962054056377,0.4734341088553532,,,14.434807081994693,../data/results/vary_B2/B_49_n_12/phi_2.0/results_seed_38.pt,,
vary_B2,49,12,2.0,38,GPmodel,7.960442066192627,,0.5900969444713758,2.754898629162592,1.203753645572816,,,4.668552608132044,../data/results/vary_B2/B_49_n_12/phi_2.0/results_seed_38.pt,,
vary_B2,49,12,2.0,38,VI_best_tau_by_ELBO,8.043380737304688,,0.24923138320446014,1.7550685209692722,4.719291174220616,-1780.0174072265625,0.4,,../data/results/vary_B2/B_49_n_12/phi_2.0/results_seed_38.pt,12.0,12.0
vary_B2,49,12,2.0,39,GPArealModel,7.871310234069824,,0.5871952295056396,4.767441454129653,0.681566963745469,,,8.119005766009659,../data/results/vary_B2/B_49_n_12/phi_2.0/results_seed_39.pt,,
vary_B2,49,12,2.0,39,GPmodel,7.944865703582764,,0.5951389232017894,2.672112098588732,1.078915400300578,,,4.489896382869784,../data/results/vary_B2/B_49_n_12/phi_2.0/results_seed_39.pt,,
vary_B2,49,12,2.0,39,VI_best_tau_by_ELBO,7.9519944190979,,0.2492373287677765,1.6499478025511236,4.576012446424001,-1770.870166015625,0.4,,../data/results/vary_B2/B_49_n_12/phi_2.0/results_seed_39.pt,12.0,12.0
vary_B2,49,12,2.0,40,GPArealModel,7.876553535461426,,0.5693265622216392,5.927730293120307,1.4449501668298417,,,10.411828090347623,../data/results/vary_B2/B_49_n_12/phi_2.0/results_seed_40.pt,,
vary_B2,49,12,2.0,40,GPmodel,7.987339973449707,,0.5705073824953413,3.137519058208704,0.9263500099325058,,,5.499524028042397,../data/results/vary_B2/B_49_n_12/phi_2.0/results_seed_40.pt,,
vary_B2,49,12,2.0,40,VI_best_tau_by_ELBO,8.085083961486816,,0.24923159182071686,1.7717204359113783,4.629155721570069,-1771.877587890625,0.4,,../data/results/vary_B2/B_49_n_12/phi_2.0/results_seed_40.pt,10.0,12.0
vary_B2,49,12,2.0,41,GPArealModel,7.528341770172119,,0.7023942884944839,3.1342133295127974,2.0931856869880634,,,4.462185101519958,../data/results/vary_B2/B_49_n_12/phi_2.0/results_seed_41.pt,,
vary_B2,49,12,2.0,41,GPmodel,7.961781978607178,,0.7403620862472644,2.065290813256618,1.0081519077458436,,,2.7895685795110494,../data/results/vary_B2/B_49_n_12/phi_2.0/results_seed_41.pt,,
vary_B2,49,12,2.0,41,VI_best_tau_by_ELBO,7.914126396179199,,0.24923814833164215,0.914255830054802,4.133894265369114,-1718.32177734375,0.4,,../data/results/vary_B2/B_49_n_12/phi_2.0/results_seed_41.pt,7.0,12.0
vary_B2,49,12,2.0,42,GPArealModel,8.037425994873047,,0.3965501810726354,4.21635161611418,1.2946980933693117,,,10.632580231609774,../data/results/vary_B2/B_49_n_12/phi_2.0/results_seed_42.pt,,
vary_B2,49,12,2.0,42,GPmodel,7.936779499053955,,0.6616572429675748,2.3690353471807004,1.1855690950104478,,,3.580457060449344,../data/results/vary_B2/B_49_n_12/phi_2.0/results_seed_42.pt,,
vary_B2,49,12,2.0,42,VI_best_tau_by_ELBO,8.120810508728027,,0.2491808533668518,1.1555530414041175,3.692437038206883,-1749.27529296875,0.3,,../data/results/vary_B2/B_49_n_12/phi_2.0/results_seed_42.pt,10.0,12.0
vary_B2,49,12,2.0,43,GPArealModel,8.2085599899292,,1.398291942283065,2.6921645558982874,2.5387317509197334,,,1.9253236570201846,../data/results/vary_B2/B_49_n_12/phi_2.0/results_seed_43.pt,,
vary_B2,49,12,2.0,43,GPmodel,7.948561668395996,,1.1337446077157995,1.7218183559956997,1.154373688609704,,,1.5187003706811146,../data/results/vary_B2/B_49_n_12/phi_2.0/results_seed_43.pt,,
vary_B2,49,12,2.0,43,VI_best_tau_by_ELBO,8.036370277404785,,0.24923093616962433,0.6360941964666496,3.8300233162209993,-1686.487255859375,0.4,,../data/results/vary_B2/B_49_n_12/phi_2.0/results_seed_43.pt,8.0,12.0
vary_B2,49,12,2.0,44,GPArealModel,7.312006950378418,,0.5857870682761357,2.606256003451368,1.0337690922640792,,,4.449152507106556,../data/results/vary_B2/B_49_n_12/phi_2.0/results_seed_44.pt,,
vary_B2,49,12,2.0,44,GPmodel,7.92759895324707,,0.8900476388508605,1.6569678338921527,1.0208641077707197,,,1.861661962309638,../data/results/vary_B2/B_49_n_12/phi_2.0/results_seed_44.pt,,
vary_B2,49,12,2.0,44,VI_best_tau_by_ELBO,7.757091045379639,,0.24923792481422424,0.826803237982717,3.955001492664619,-1704.9947021484375,0.4,,../data/results/vary_B2/B_49_n_12/phi_2.0/results_seed_44.pt,6.0,12.0
vary_B2,49,12,2.0,45,GPArealModel,8.015923500061035,,0.5879725588688349,3.7595610046485626,2.0402935570634755,,,6.39410963647922,../data/results/vary_B2/B_49_n_12/phi_2.0/results_seed_45.pt,,
vary_B2,49,12,2.0,45,GPmodel,7.958410739898682,,0.707631155203825,2.266623967138998,0.9612806917509293,,,3.2031149992062216,../data/results/vary_B2/B_49_n_12/phi_2.0/results_seed_45.pt,,
vary_B2,49,12,2.0,45,VI_best_tau_by_ELBO,8.008299827575684,,0.24922208487987518,1.0439349213219145,4.216625951573695,-1728.224853515625,0.4,,../data/results/vary_B2/B_49_n_12/phi_2.0/results_seed_45.pt,3.0,12.0
vary_B2,49,12,2.0,46,GPArealModel,7.656050205230713,,0.186606859603476,5.591530473571238,5.89713355888986,,,29.9642279252369,../data/results/vary_B2/B_49_n_12/phi_2.0/results_seed_46.pt,,
vary_B2,49,12,2.0,46,GPmodel,7.893798828125,,0.48447686001411594,2.9161460800640127,1.1154938685593947,,,6.019164836849063,../data/results/vary_B2/B_49_n_12/phi_2.0/results_seed_46.pt,,
vary_B2,49,12,2.0,46,VI_best_tau_by_ELBO,7.970961570739746,,0.24916347861289978,1.7393336951712297,3.8203326576360452,-1783.67177734375,0.3,,../data/results/vary_B2/B_49_n_12/phi_2.0/results_seed_46.pt,9.0,12.0
vary_B2,49,12,2.0,47,GPArealModel,8.09287166595459,,0.4631898743486725,3.1521838191337377,2.513876103077105,,,6.805381537250291,../data/results/vary_B2/B_49_n_12/phi_2.0/results_seed_47.pt,,
vary_B2,49,12,2.0,47,GPmodel,7.940530300140381,,0.6355067081017615,2.329777577754381,0.9262276897010809,,,3.666015713214662,../data/results/vary_B2/B_49_n_12/phi_2.0/results_seed_47.pt,,
vary_B2,49,12,2.0,47,VI_best_tau_by_ELBO,8.100635528564453,,0.249215766787529,0.9512641461625191,4.015594347065847,-1717.0611083984375,0.4,,../data/results/vary_B2/B_49_n_12/phi_2.0/results_seed_47.pt,4.0,12.0
vary_B2,49,12,2.0,48,GPArealModel,7.730806827545166,,0.5087695324420952,4.721605164315096,1.8586988181016715,,,9.280440087776832,../data/results/vary_B2/B_49_n_12/phi_2.0/results_seed_48.pt,,
vary_B2,49,12,2.0,48,GPmodel,7.920834541320801,,0.5812030090674362,2.6588210293330077,0.9665132407190004,,,4.574685588085984,../data/results/vary_B2/B_49_n_12/phi_2.0/results_seed_48.pt,,
vary_B2,49,12,2.0,48,VI_best_tau_by_ELBO,7.811825752258301,,0.24921713769435883,1.5930618291338812,4.354187240782796,-1761.7638427734375,0.4,,../data/results/vary_B2/B_49_n_12/phi_2.0/results_seed_48.pt,7.0,12.0
vary_B2,49,12,2.0,49,GPArealModel,7.37279748916626,,0.17926413280749676,9.15258602181295,3.5185551681110403,,,51.05642650580569,../data/results/vary_B2/B_49_n_12/phi_2.0/results_seed_49.pt,,
vary_B2,49,12,2.0,49,GPmodel,7.980174541473389,,0.4641751555441948,3.3500237899215657,1.1033687791428413,,,7.217154451090834,../data/results/vary_B2/B_49_n_12/phi_2.0/results_seed_49.pt,,
vary_B2,49,12,2.0,49,VI_best_tau_by_ELBO,8.031343460083008,,0.24915312230587006,2.183136121684152,3.8734017993272345,-1797.324365234375,0.3,,../data/results/vary_B2/B_49_n_12/phi_2.0/results_seed_49.pt,10.0,12.0
vary_B2,49,12,2.0,50,GPArealModel,9.703690528869629,,1.159239107755926,1.7090278038565758,1.0511278137890823,,,1.4742668638611922,../data/results/vary_B2/B_49_n_12/phi_2.0/results_seed_50.pt,,
vary_B2,49,12,2.0,50,GPmodel,7.9744157791137695,,0.9106526362110638,1.6338917901019219,1.103797573928671,,,1.7941987154399797,../data/results/vary_B2/B_49_n_12/phi_2.0/results_seed_50.pt,,
vary_B2,49,12,2.0,50,VI_best_tau_by_ELBO,8.890775680541992,,0.24926236271858215,0.6497153858404767,2.8022237704175192,-1664.4102783203125,0.3,,../data/results/vary_B2/B_49_n_12/phi_2.0/results_seed_50.pt,10.0,12.0
vary_B2,49,12,2.0,51,GPArealModel,8.23128890991211,,0.47341249369293814,4.8821308760141955,2.0870986059671575,,,10.312636318341047,../data/results/vary_B2/B_49_n_12/phi_2.0/results_seed_51.pt,,
vary_B2,49,12,2.0,51,GPmodel,8.031468391418457,,0.49224856964862923,3.1227039999601787,0.9832997184211402,,,6.343754339782416,../data/results/vary_B2/B_49_n_12/phi_2.0/results_seed_51.pt,,
vary_B2,49,12,2.0,51,VI_best_tau_by_ELBO,8.077288627624512,,0.2492351531982422,1.7998195141909756,4.470018265150546,-1773.486767578125,0.4,,../data/results/vary_B2/B_49_n_12/phi_2.0/results_seed_51.pt,10.0,12.0
vary_B2,49,12,2.0,52,GPArealModel,7.983119487762451,,0.6375841692584787,2.746647897433486,1.9352811841109632,,,4.307898517348517,../data/results/vary_B2/B_49_n_12/phi_2.0/results_seed_52.pt,,
vary_B2,49,12,2.0,52,GPmodel,7.900356292724609,,0.8388490365699136,1.721295543832323,1.0173344237941424,,,2.0519729638967785,../data/results/vary_B2/B_49_n_12/phi_2.0/results_seed_52.pt,,
vary_B2,49,12,2.0,52,VI_best_tau_by_ELBO,7.951295375823975,,0.24924388527870178,0.6666444162182008,3.7545941918020724,-1683.24951171875,0.4,,../data/results/vary_B2/B_49_n_12/phi_2.0/results_seed_52.pt,8.0,12.0
vary_B2,49,12,2.0,53,GPArealModel,7.70612907409668,,0.18338282158098024,4.993887261312696,5.698668704008292,,,27.23203415815826,../data/results/vary_B2/B_49_n_12/phi_2.0/results_seed_53.pt,,
vary_B2,49,12,2.0,53,GPmodel,7.968920707702637,,0.4329200322948385,3.0273054388742806,1.1500832310527807,,,6.99275896942682,../data/results/vary_B2/B_49_n_12/phi_2.0/results_seed_53.pt,,
vary_B2,49,12,2.0,53,VI_best_tau_by_ELBO,8.082056045532227,,0.24917100369930267,1.733630625146601,3.6375091459026354,-1782.95361328125,0.3,,../data/results/vary_B2/B_49_n_12/phi_2.0/results_seed_53.pt,6.0,12.0
vary_B2,49,12,2.0,54,GPArealModel,8.513930320739746,,0.6217333254129699,2.8435146671129616,1.112925789235393,,,4.573527830801465,../data/results/vary_B2/B_49_n_12/phi_2.0/results_seed_54.pt,,
vary_B2,49,12,2.0,54,GPmodel,7.944138526916504,,0.7858519572576038,1.8798289022234398,1.045337245424286,,,2.3920903738453476,../data/results/vary_B2/B_49_n_12/phi_2.0/results_seed_54.pt,,
vary_B2,49,12,2.0,54,VI_best_tau_by_ELBO,8.130669593811035,,0.24923887848854065,0.7816553392413531,3.9393489216830857,-1701.8233642578125,0.4,,../data/results/vary_B2/B_49_n_12/phi_2.0/results_seed_54.pt,6.0,12.0
vary_B2,49,12,2.0,55,GPArealModel,7.957787036895752,,0.5142176391238031,4.596816148017921,2.5635759789511923,,,8.939436919843176,../data/results/vary_B2/B_49_n_12/phi_2.0/results_seed_55.pt,,
vary_B2,49,12,2.0,55,GPmodel,7.934907913208008,,0.6137516376944396,2.7286775596603055,1.2529157110401408,,,4.445898620996911,../data/results/vary_B2/B_49_n_12/phi_2.0/results_seed_55.pt,,
vary_B2,49,12,2.0,55,VI_best_tau_by_ELBO,8.021797180175781,,0.24922874569892883,1.3390014815029532,4.705613135315378,-1774.95654296875,0.4,,../data/results/vary_B2/B_49_n_12/phi_2.0/results_seed_55.pt,5.0,12.0
vary_B2,49,12,2.0,56,GPArealModel,9.201128005981445,,0.4880401045246663,4.170871571160685,1.8560539981927573,,,8.546165637807503,../data/results/vary_B2/B_49_n_12/phi_2.0/results_seed_56.pt,,
vary_B2,49,12,2.0,56,GPmodel,7.955257892608643,,0.7885387984806728,2.3989999793510552,1.267489075492641,,,3.042336006767656,../data/results/vary_B2/B_49_n_12/phi_2.0/results_seed_56.pt,,
vary_B2,49,12,2.0,56,VI_best_tau_by_ELBO,8.099800109863281,,0.24922972917556763,1.0469680416506737,4.449976410568065,-1743.438232421875,0.4,,../data/results/vary_B2/B_49_n_12/phi_2.0/results_seed_56.pt,5.0,12.0
vary_B2,49,12,2.0,57,GPArealModel,7.877604961395264,,0.6127160584151262,3.288526858344965,0.944966771879435,,,5.367130195430472,../data/results/vary_B2/B_49_n_12/phi_2.0/results_seed_57.pt,,
vary_B2,49,12,2.0,57,GPmodel,7.952774524688721,,0.7668492659346653,2.0088293601648153,1.0214133823519849,,,2.6195882938172694,../data/results/vary_B2/B_49_n_12/phi_2.0/results_seed_57.pt,,
vary_B2,49,12,2.0,57,VI_best_tau_by_ELBO,7.934749126434326,,0.24924594163894653,1.0119666389457522,4.186392412865702,-1727.1795654296875,0.4,,../data/results/vary_B2/B_49_n_12/phi_2.0/results_seed_57.pt,12.0,12.0
vary_B2,49,12,2.0,58,GPArealModel,7.982423782348633,,0.34138396325595155,5.603586901916796,3.169269227727761,,,16.414323767503763,../data/results/vary_B2/B_49_n_12/phi_2.0/results_seed_58.pt,,
vary_B2,49,12,2.0,58,GPmodel,7.997601509094238,,0.5925418779930991,3.4088946759822667,1.1538716513758271,,,5.753002112741755,../data/results/vary_B2/B_49_n_12/phi_2.0/results_seed_58.pt,,
vary_B2,49,12,2.0,58,VI_best_tau_by_ELBO,8.06827163696289,,0.2492161989212036,1.853167072818044,5.182066767421528,-1811.384814453125,0.4,,../data/results/vary_B2/B_49_n_12/phi_2.0/results_seed_58.pt,6.0,12.0
vary_B2,49,12,2.0,59,GPArealModel,8.26864242553711,,0.8144303101808795,2.770964782919152,1.2237432692721966,,,3.402335041169746,../data/results/vary_B2/B_49_n_12/phi_2.0/results_seed_59.pt,,
vary_B2,49,12,2.0,59,GPmodel,7.98170280456543,,0.829144965010655,1.9926970188029764,1.0381867432397727,,,2.403315587615453,../data/results/vary_B2/B_49_n_12/phi_2.0/results_seed_59.pt,,
vary_B2,49,12,2.0,59,VI_best_tau_by_ELBO,8.047340393066406,,0.2492346465587616,0.6288900801607546,4.077101791730637,-1707.8277099609375,0.4,,../data/results/vary_B2/B_49_n_12/phi_2.0/results_seed_59.pt,3.0,12.0
vary_B2,49,12,2.0,60,GPArealModel,8.256369590759277,,0.18897756654878456,8.24588484832778,2.9367944646217623,,,43.634199545050784,../data/results/vary_B2/B_49_n_12/phi_2.0/results_seed_60.pt,,
vary_B2,49,12,2.0,60,GPmodel,7.940895080566406,,0.31175472148912103,3.9461696307674115,0.9096697852527997,,,12.657930606209334,../data/results/vary_B2/B_49_n_12/phi_2.0/results_seed_60.pt,,
vary_B2,49,12,2.0,60,VI_best_tau_by_ELBO,8.023542404174805,,0.24913150072097778,2.443413475762858,3.3134936798314354,-1804.9632568359375,0.3,,../data/results/vary_B2/B_49_n_12/phi_2.0/results_seed_60.pt,10.0,12.0
vary_B2,49,12,2.0,61,GPArealModel,7.812341690063477,,0.5880542214758431,2.7282957033022384,0.4788336752568591,,,4.63953085219764,../data/results/vary_B2/B_49_n_12/phi_2.0/results_seed_61.pt,,
vary_B2,49,12,2.0,61,GPmodel,7.980594635009766,,0.7446621674035528,1.8115786440091741,1.0313021612086295,,,2.432752358463016,../data/results/vary_B2/B_49_n_12/phi_2.0/results_seed_61.pt,,
vary_B2,49,12,2.0,61,VI_best_tau_by_ELBO,8.010764122009277,,0.24923457205295563,0.7494891247054652,4.032803304119754,-1712.13447265625,0.4,,../data/results/vary_B2/B_49_n_12/phi_2.0/results_seed_61.pt,8.0,12.0
vary_B2,49,12,2.0,62,GPArealModel,7.6164445877075195,,0.3989654478750081,4.675741889689765,0.4853463193172721,,,11.719666238251861,../data/results/vary_B2/B_49_n_12/phi_2.0/results_seed_62.pt,,
vary_B2,49,12,2.0,62,GPmodel,7.857892990112305,,0.5730694358026608,2.572176876327223,1.4317938721895294,,,4.488420975940801,../data/results/vary_B2/B_49_n_12/phi_2.0/results_seed_62.pt,,
vary_B2,49,12,2.0,62,VI_best_tau_by_ELBO,7.981105804443359,,0.2492130845785141,1.7182032657702682,3.8687863670408986,-1783.2380859375,0.3,,../data/results/vary_B2/B_49_n_12/phi_2.0/results_seed_62.pt,12.0,12.0
vary_B2,49,12,2.0,63,GPArealModel,7.948962211608887,,0.7674822369420033,2.838103367221517,1.0541986489770017,,,3.6979401354353234,../data/results/vary_B2/B_49_n_12/phi_2.0/results_seed_63.pt,,
vary_B2,49,12,2.0,63,GPmodel,7.9905805587768555,,0.9477125022257378,1.559716605796164,1.0751776715323123,,,1.6457697900292674,../data/results/vary_B2/B_49_n_12/phi_2.0/results_seed_63.pt,,
vary_B2,49,12,2.0,63,VI_best_tau_by_ELBO,7.9328484535217285,,0.24924236536026,0.7516022925895864,3.858761691428906,-1692.7396728515625,0.4,,../data/results/vary_B2/B_49_n_12/phi_2.0/results_seed_63.pt,8.0,12.0
vary_B2,49,12,2.0,64,GPArealModel,7.5454421043396,,0.4350977013291971,3.1846468628028393,4.716478613580504,,,7.319383331775682,../data/results/vary_B2/B_49_n_12/phi_2.0/results_seed_64.pt,,
vary_B2,49,12,2.0,64,GPmodel,7.879806995391846,,0.6949312115365811,2.3448073615505245,1.0612737974772568,,,3.3741575031086284,../data/results/vary_B2/B_49_n_12/phi_2.0/results_seed_64.pt,,
vary_B2,49,12,2.0,64,VI_best_tau_by_ELBO,7.731380939483643,,0.24920928478240967,1.1247189384155898,4.524391822463536,-1751.7511962890626,0.4,,../data/results/vary_B2/B_49_n_12/phi_2.0/results_seed_64.pt,6.0,12.0
vary_B2,49,12,2.0,65,GPArealModel,8.561956405639648,,0.2914238113214273,5.639223291228672,0.5155593326496439,,,19.350592066098756,../data/results/vary_B2/B_49_n_12/phi_2.0/results_seed_65.pt,,
vary_B2,49,12,2.0,65,GPmodel,7.915365695953369,,0.4577157340278255,3.141406799385393,0.9482254891125687,,,6.863226596432493,../data/results/vary_B2/B_49_n_12/phi_2.0/results_seed_65.pt,,
vary_B2,49,12,2.0,65,VI_best_tau_by_ELBO,8.125651359558105,,0.2491965889930725,1.9060277662273966,3.657279871950699,-1779.752734375,0.3,,../data/results/vary_B2/B_49_n_12/phi_2.0/results_seed_65.pt,10.0,12.0
vary_B2,49,12,2.0,66,GPArealModel,7.6732707023620605,,0.3283846588674334,4.024922938452841,0.774775846972021,,,12.256732553629048,../data/results/vary_B2/B_49_n_12/phi_2.0/results_seed_66.pt,,
vary_B2,49,12,2.0,66,GPmodel,7.89834451675415,,0.6683055285745471,1.8239270653223942,1.0215110724611973,,,2.7291814706556656,../data/results/vary_B2/B_49_n_12/phi_2.0/results_seed_66.pt,,
vary_B2,49,12,2.0,66,VI_best_tau_by_ELBO,7.897520065307617,,0.24920907616615295,0.9157121567870926,3.878584061007335,-1709.084033203125,0.4,,../data/results/vary_B2/B_49_n_12/phi_2.0/results_seed_66.pt,4.0,12.0
vary_B2,49,12,2.0,67,GPArealModel,7.3450927734375,,0.6302801623441314,2.955975772106019,0.30761238298423565,,,4.689939409027542,../data/results/vary_B2/B_49_n_12/phi_2.0/results_seed_67.pt,,
vary_B2,49,12,2.0,67,GPmodel,7.966874122619629,,1.0330629435237182,1.6415237065577264,1.243712947811735,,,1.5889871153044979,../data/results/vary_B2/B_49_n_12/phi_2.0/results_seed_67.pt,,
vary_B2,49,12,2.0,67,VI_best_tau_by_ELBO,7.942567825317383,,0.24923007190227509,0.8320632252584175,3.993939465119626,-1709.8419677734375,0.4,,../data/results/vary_B2/B_49_n_12/phi_2.0/results_seed_67.pt,6.0,12.0
vary_B2,49,12,2.0,68,GPArealModel,7.456629276275635,,0.4873096046325021,4.033422105578116,0.3183993468447767,,,8.27691895918995,../data/results/vary_B2/B_49_n_12/phi_2.0/results_seed_68.pt,,
vary_B2,49,12,2.0,68,GPmodel,8.037100791931152,,0.6932096693292599,2.11831260072966,1.1548630376022886,,,3.05580359659338,../data/results/vary_B2/B_49_n_12/phi_2.0/results_seed_68.pt,,
vary_B2,49,12,2.0,68,VI_best_tau_by_ELBO,8.051936149597168,,0.24922993779182434,1.0390723081059685,4.100071917780834,-1723.5108154296875,0.4,,../data/results/vary_B2/B_49_n_12/phi_2.0/results_seed_68.pt,4.0,12.0
vary_B2,49,12,2.0,69,GPArealModel,8.252532005310059,,0.48298080121889875,4.357826479517479,1.033394687793741,,,9.022773717960696,../data/results/vary_B2/B_49_n_12/phi_2.0/results_seed_69.pt,,
vary_B2,49,12,2.0,69,GPmodel,7.989292144775391,,0.7112662586210129,2.044237681509613,1.1092871428175493,,,2.8740821833344596,../data/results/vary_B2/B_49_n_12/phi_2.0/results_seed_69.pt,,
vary_B2,49,12,2.0,69,VI_best_tau_by_ELBO,8.185985565185547,,0.24923354387283325,1.5340279638055483,3.470104976303949,-1739.297412109375,0.3,,../data/results/vary_B2/B_49_n_12/phi_2.0/results_seed_69.pt,12.0,12.0
vary_B2,49,12,2.0,70,GPArealModel,7.4168620109558105,,0.2527199951523453,5.868139818624368,2.2719503704226613,,,23.219926919858167,../data/results/vary_B2/B_49_n_12/phi_2.0/results_seed_70.pt,,
vary_B2,49,12,2.0,70,GPmodel,7.955624103546143,,0.3983343456083315,3.5085735720953095,1.0391676333586344,,,8.808112106770652,../data/results/vary_B2/B_49_n_12/phi_2.0/results_seed_70.pt,,
vary_B2,49,12,2.0,70,VI_best_tau_by_ELBO,8.00463581085205,,0.24917100369930267,2.00026825482184,3.6880310954025926,-1811.2716064453125,0.3,,../data/results/vary_B2/B_49_n_12/phi_2.0/results_seed_70.pt,8.0,12.0
vary_B2,49,12,2.0,71,GPArealModel,8.701399803161621,,0.639172102669033,3.274427877280623,2.944618247273079,,,5.122920514846282,../data/results/vary_B2/B_49_n_12/phi_2.0/results_seed_71.pt,,
vary_B2,49,12,2.0,71,GPmodel,7.960127353668213,,0.8790113008493796,2.044929884302733,1.2719992647661913,,,2.3263977178982094,../data/results/vary_B2/B_49_n_12/phi_2.0/results_seed_71.pt,,
vary_B2,49,12,2.0,71,VI_best_tau_by_ELBO,8.37289810180664,,0.2492811381816864,0.994907406481896,3.443157048975392,-1727.287060546875,0.3,,../data/results/vary_B2/B_49_n_12/phi_2.0/results_seed_71.pt,10.0,12.0
vary_B2,49,12,2.0,72,GPArealModel,7.737800598144531,,0.33866919114651495,7.617049351618541,1.4675753970308425,,,22.491119802873524,../data/results/vary_B2/B_49_n_12/phi_2.0/results_seed_72.pt,,
vary_B2,49,12,2.0,72,GPmodel,7.900038719177246,,0.47920896135234425,3.1103183796883873,1.0908681080965703,,,6.4905263267843765,../data/results/vary_B2/B_49_n_12/phi_2.0/results_seed_72.pt,,
vary_B2,49,12,2.0,72,VI_best_tau_by_ELBO,7.873297691345215,,0.24921554327011108,2.1882519547909203,4.634933549769703,-1792.0479736328125,0.4,,../data/results/vary_B2/B_49_n_12/phi_2.0/results_seed_72.pt,10.0,12.0
vary_B2,49,12,2.0,73,GPArealModel,8.412165641784668,,0.7779105593198217,3.526957849648533,2.230232774548607,,,4.533886071340109,../data/results/vary_B2/B_49_n_12/phi_2.0/results_seed_73.pt,,
vary_B2,49,12,2.0,73,GPmodel,7.916871070861816,,0.8068065707981806,2.0204507345627563,1.0873088041308627,,,2.504256667820525,../data/results/vary_B2/B_49_n_12/phi_2.0/results_seed_73.pt,,
vary_B2,49,12,2.0,73,VI_best_tau_by_ELBO,8.103036880493164,,0.2492443174123764,0.9249308393173191,4.009351310612845,-1710.0539794921874,0.4,,../data/results/vary_B2/B_49_n_12/phi_2.0/results_seed_73.pt,4.0,12.0
vary_B2,49,12,2.0,74,GPArealModel,7.433296203613281,,0.3867543982016464,4.898042311596374,1.37534917583213,,,12.664477338516594,../data/results/vary_B2/B_49_n_12/phi_2.0/results_seed_74.pt,,
vary_B2,49,12,2.0,74,GPmodel,7.860353469848633,,0.5187357457820057,2.901923457512707,1.196702996501724,,,5.59422303380692,../data/results/vary_B2/B_49_n_12/phi_2.0/results_seed_74.pt,,
vary_B2,49,12,2.0,74,VI_best_tau_by_ELBO,7.975804805755615,,0.24920782446861267,1.8001416615356318,4.099598796405877,-1792.887841796875,0.3,,../data/results/vary_B2/B_49_n_12/phi_2.0/results_seed_74.pt,12.0,12.0
vary_B2,49,12,2.0,75,GPArealModel,8.040644645690918,,0.35507275134617855,5.707017037599189,1.2925248437984496,,,16.072810476056855,../data/results/vary_B2/B_49_n_12/phi_2.0/results_seed_75.pt,,
vary_B2,49,12,2.0,75,GPmodel,7.987586498260498,,0.4938318485119109,3.379173326452676,0.9965353848271964,,,6.842761026117117,../data/results/vary_B2/B_49_n_12/phi_2.0/results_seed_75.pt,,
vary_B2,49,12,2.0,75,VI_best_tau_by_ELBO,7.943002223968506,,0.24920757114887238,1.9698460506359816,4.612722250431807,-1787.7276611328125,0.4,,../data/results/vary_B2/B_49_n_12/phi_2.0/results_seed_75.pt,7.0,12.0
vary_B2,49,12,2.0,76,GPArealModel,7.931876182556152,,0.671013405783653,3.4884049728896858,0.7486137433109485,,,5.198711296707552,../data/results/vary_B2/B_49_n_12/phi_2.0/results_seed_76.pt,,
vary_B2,49,12,2.0,76,GPmodel,7.971542835235596,,0.8506522284601072,2.0999932294548476,1.3400724178855137,,,2.468685979059103,../data/results/vary_B2/B_49_n_12/phi_2.0/results_seed_76.pt,,
vary_B2,49,12,2.0,76,VI_best_tau_by_ELBO,8.10367488861084,,0.24923807382583618,0.9120649365750809,4.3850396688950015,-1735.411328125,0.4,,../data/results/vary_B2/B_49_n_12/phi_2.0/results_seed_76.pt,7.0,12.0
vary_B2,49,12,2.0,77,GPArealModel,7.769466400146484,,0.23818192270091307,8.474566179780467,1.1017326115305854,,,35.58022407276495,../data/results/vary_B2/B_49_n_12/phi_2.0/results_seed_77.pt,,
vary_B2,49,12,2.0,77,GPmodel,7.9021735191345215,,0.3392037813574196,4.251055888981776,1.0332691568581198,,,12.532454302160128,../data/results/vary_B2/B_49_n_12/phi_2.0/results_seed_77.pt,,
vary_B2,49,12,2.0,77,VI_best_tau_by_ELBO,8.031839370727539,,0.24919986724853516,2.61681849864594,3.530139330913084,-1832.109521484375,0.3,,../data/results/vary_B2/B_49_n_12/phi_2.0/results_seed_77.pt,12.0,12.0
vary_B2,49,12,2.0,78,GPArealModel,8.028751373291016,,0.4903096595772977,6.557890609158052,0.790282364830976,,,13.374997781629867,../data/results/vary_B2/B_49_n_12/phi_2.0/results_seed_78.pt,,
vary_B2,49,12,2.0,78,GPmodel,7.924947261810303,,0.6154515777872388,2.799667008201306,1.176852843419873,,,4.54896389780505,../data/results/vary_B2/B_49_n_12/phi_2.0/results_seed_78.pt,,
vary_B2,49,12,2.0,78,VI_best_tau_by_ELBO,7.838830471038818,,0.24921582639217377,1.8805077408654254,4.785623540653787,-1782.5246337890626,0.4,,../data/results/vary_B2/B_49_n_12/phi_2.0/results_seed_78.pt,12.0,12.0
vary_B2,49,12,2.0,79,GPArealModel,8.264078140258789,,0.5693177393180541,3.7174381915772243,1.2800756019614385,,,6.529637028401897,../data/results/vary_B2/B_49_n_12/phi_2.0/results_seed_79.pt,,
vary_B2,49,12,2.0,79,GPmodel,7.956118106842041,,0.7513393829904196,2.177593602656753,1.3506430327207621,,,2.898282256933841,../data/results/vary_B2/B_49_n_12/phi_2.0/results_seed_79.pt,,
vary_B2,49,12,2.0,79,VI_best_tau_by_ELBO,8.257549285888672,,0.24925458431243896,0.8238239477047615,4.275537892357557,-1730.1999755859374,0.4,,../data/results/vary_B2/B_49_n_12/phi_2.0/results_seed_79.pt,10.0,12.0
vary_B2,49,12,2.0,80,GPArealModel,8.087337493896484,,0.8537653095961003,2.9553806625846026,1.577474546268058,,,3.46158438316349,../data/results/vary_B2/B_49_n_12/phi_2.0/results_seed_80.pt,,
vary_B2,49,12,2.0,80,GPmodel,7.905586242675781,,0.977448318749114,1.7746618337037512,0.9098994111252079,,,1.8156068199849875,../data/results/vary_B2/B_49_n_12/phi_2.0/results_seed_80.pt,,
vary_B2,49,12,2.0,80,VI_best_tau_by_ELBO,7.883464813232422,,0.24923093616962433,0.7447194386081701,3.7867006414459654,-1687.846875,0.4,,../data/results/vary_B2/B_49_n_12/phi_2.0/results_seed_80.pt,7.0,12.0
vary_B2,49,12,2.0,81,GPArealModel,7.955989360809326,,0.5346558492986236,6.223627450511421,1.12295211834454,,,11.640436476428244,../data/results/vary_B2/B_49_n_12/phi_2.0/results_seed_81.pt,,
vary_B2,49,12,2.0,81,GPmodel,7.958578586578369,,0.6258066695422559,2.8468276874519076,1.1860842518501384,,,4.549052967962469,../data/results/vary_B2/B_49_n_12/phi_2.0/results_seed_81.pt,,
vary_B2,49,12,2.0,81,VI_best_tau_by_ELBO,7.897537708282471,,0.249223530292511,1.7940620935154383,4.856959915291283,-1782.5122314453124,0.4,,../data/results/vary_B2/B_49_n_12/phi_2.0/results_seed_81.pt,9.0,12.0
vary_B2,49,12,2.0,82,GPArealModel,8.049030303955078,,0.446293863983346,3.0144791202904155,6.653603905122511,,,6.75447135522998,../data/results/vary_B2/B_49_n_12/phi_2.0/results_seed_82.pt,,
vary_B2,49,12,2.0,82,GPmodel,7.931970119476318,,1.0577359915167834,2.068914016602921,1.4348153736399536,,,1.9559833769446742,../data/results/vary_B2/B_49_n_12/phi_2.0/results_seed_82.pt,,
vary_B2,49,12,2.0,82,VI_best_tau_by_ELBO,7.999229907989502,,0.24922657012939453,0.9693193907462789,4.550413498086191,-1745.5793212890626,0.4,,../data/results/vary_B2/B_49_n_12/phi_2.0/results_seed_82.pt,6.0,12.0
vary_B2,49,12,2.0,83,GPArealModel,7.741355895996094,,0.9093050015917788,3.600040382057439,0.5041960318599612,,,3.959112042444953,../data/results/vary_B2/B_49_n_12/phi_2.0/results_seed_83.pt,,
vary_B2,49,12,2.0,83,GPmodel,7.8510894775390625,,0.9492911884281783,1.814970504695349,1.1175541317016082,,,1.9119217862967308,../data/results/vary_B2/B_49_n_12/phi_2.0/results_seed_83.pt,,
vary_B2,49,12,2.0,83,VI_best_tau_by_ELBO,7.81632661819458,,0.24924331903457642,0.9551687510661889,4.187347818177456,-1718.8390625,0.4,,../data/results/vary_B2/B_49_n_12/phi_2.0/results_seed_83.pt,10.0,12.0
vary_B2,49,12,2.0,84,GPArealModel,8.299323081970215,,0.6716811429722304,3.048039555495286,0.811191962429141,,,4.537926347027585,../data/results/vary_B2/B_49_n_12/phi_2.0/results_seed_84.pt,,
vary_B2,49,12,2.0,84,GPmodel,7.927616596221924,,0.8609450842083409,1.8395197293510817,0.9922363034960563,,,2.136628413463285,../data/results/vary_B2/B_49_n_12/phi_2.0/results_seed_84.pt,,
vary_B2,49,12,2.0,84,VI_best_tau_by_ELBO,8.046968460083008,,0.24923604726791382,0.7663686460132527,3.78836864418074,-1689.5836181640625,0.4,,../data/results/vary_B2/B_49_n_12/phi_2.0/results_seed_84.pt,8.0,12.0
vary_B2,49,12,2.0,85,GPArealModel,8.326255798339844,,0.5770931885914294,3.077525784672616,0.8131876754508348,,,5.33280559450762,../data/results/vary_B2/B_49_n_12/phi_2.0/results_seed_85.pt,,
vary_B2,49,12,2.0,85,GPmodel,7.892847537994385,,0.7674587927282064,2.0607242701666233,1.0506375971390434,,,2.6851269275853142,../data/results/vary_B2/B_49_n_12/phi_2.0/results_seed_85.pt,,
vary_B2,49,12,2.0,85,VI_best_tau_by_ELBO,8.130475044250488,,0.24924075603485107,0.758047478063161,4.092673149095871,-1713.464794921875,0.4,,../data/results/vary_B2/B_49_n_12/phi_2.0/results_seed_85.pt,6.0,12.0
vary_B2,49,12,2.0,86,GPArealModel,7.193962097167969,,0.48098991442302363,4.3657075588006125,1.5793804983685482,,,9.076505406641513,../data/results/vary_B2/B_49_n_12/phi_2.0/results_seed_86.pt,,
vary_B2,49,12,2.0,86,GPmodel,7.870890140533447,,0.758139055284816,2.6887842273479072,1.098496695844926,,,3.5465581262500594,../data/results/vary_B2/B_49_n_12/phi_2.0/results_seed_86.pt,,
vary_B2,49,12,2.0,86,VI_best_tau_by_ELBO,7.8418803215026855,,0.24920444190502167,1.157321832319121,4.866508554167733,-1765.6793701171875,0.4,,../data/results/vary_B2/B_49_n_12/phi_2.0/results_seed_86.pt,8.0,12.0
vary_B2,49,12,2.0,87,GPArealModel,8.4691801071167,,0.41184964256533363,5.003481080746063,0.6685824927904086,,,12.148805203715424,../data/results/vary_B2/B_49_n_12/phi_2.0/results_seed_87.pt,,
vary_B2,49,12,2.0,87,GPmodel,8.003697395324707,,0.6851286111996842,2.5527247711812286,1.2498059975115394,,,3.7259059532068264,../data/results/vary_B2/B_49_n_12/phi_2.0/results_seed_87.pt,,
vary_B2,49,12,2.0,87,VI_best_tau_by_ELBO,8.585988998413086,,0.24922731518745422,1.3795779907268209,3.6374137719634936,-1752.8451416015625,0.3,,../data/results/vary_B2/B_49_n_12/phi_2.0/results_seed_87.pt,10.0,12.0
vary_B2,49,12,2.0,88,GPArealModel,8.1552152633667,,0.41347986291369604,4.226777938884495,1.6572204888532964,,,10.222451727393391,../data/results/vary_B2/B_49_n_12/phi_2.0/results_seed_88.pt,,
vary_B2,49,12,2.0,88,GPmodel,7.918529510498047,,0.597479520161288,2.31859679175633,1.046837621193032,,,3.88062973460652,../data/results/vary_B2/B_49_n_12/phi_2.0/results_seed_88.pt,,
vary_B2,49,12,2.0,88,VI_best_tau_by_ELBO,8.307549476623535,,0.24923457205295563,1.310701555703045,3.493457639310922,-1738.5816162109375,0.3,,../data/results/vary_B2/B_49_n_12/phi_2.0/results_seed_88.pt,10.0,12.0
vary_B2,49,12,2.0,89,GPArealModel,7.504273891448975,,0.5115555116002256,4.1607711350700525,0.7776949127308139,,,8.13356720965533,../data/results/vary_B2/B_49_n_12/phi_2.0/results_seed_89.pt,,
vary_B2,49,12,2.0,89,GPmodel,7.981955051422119,,0.6778718741029198,2.2787754167476257,1.132905686385911,,,3.3616609624987097,../data/results/vary_B2/B_49_n_12/phi_2.0/results_seed_89.pt,,
vary_B2,49,12,2.0,89,VI_best_tau_by_ELBO,7.977504253387451,,0.24923944473266602,1.3009283299415195,4.457055739028915,-1751.302392578125,0.4,,../data/results/vary_B2/B_49_n_12/phi_2.0/results_seed_89.pt,6.0,12.0
vary_B2,49,12,2.0,90,GPArealModel,8.218196868896484,,0.832781497137255,2.992323045488038,1.609506133737113,,,3.5931670621577916,../data/results/vary_B2/B_49_n_12/phi_2.0/results_seed_90.pt,,
vary_B2,49,12,2.0,90,GPmodel,8.003434181213379,,0.8697078679714749,1.6644956090433898,0.9609164212163221,,,1.913855985833145,../data/results/vary_B2/B_49_n_12/phi_2.0/results_seed_90.pt,,
vary_B2,49,12,2.0,90,VI_best_tau_by_ELBO,8.021625518798828,,0.24923434853553772,0.7960431122690368,3.7264946970423916,-1686.985791015625,0.4,,../data/results/vary_B2/B_49_n_12/phi_2.0/results_seed_90.pt,9.0,12.0
vary_B2,49,12,2.0,91,GPArealModel,7.7494120597839355,,0.5699510279059099,5.04812017838014,1.0153039892242282,,,8.857112157386101,../data/results/vary_B2/B_49_n_12/phi_2.0/results_seed_91.pt,,
vary_B2,49,12,2.0,91,GPmodel,8.025510787963867,,0.7090667070715672,2.6201905935993,1.1604430053671877,,,3.6952667040603844,../data/results/vary_B2/B_49_n_12/phi_2.0/results_seed_91.pt,,
vary_B2,49,12,2.0,91,VI_best_tau_by_ELBO,8.092679977416992,,0.2492355853319168,1.2752296346236884,4.664503635704538,-1761.8298583984374,0.4,,../data/results/vary_B2/B_49_n_12/phi_2.0/results_seed_91.pt,6.0,12.0
vary_B2,49,12,2.0,92,GPArealModel,7.789000511169434,,0.317643059033078,6.021152392964755,1.5667881301346789,,,18.95571844476456,../data/results/vary_B2/B_49_n_12/phi_2.0/results_seed_92.pt,,
vary_B2,49,12,2.0,92,GPmodel,7.945913791656494,,0.3660620476960309,3.670084797759382,0.8650961715282629,,,10.025854416918227,../data/results/vary_B2/B_49_n_12/phi_2.0/results_seed_92.pt,,
vary_B2,49,12,2.0,92,VI_best_tau_by_ELBO,7.998274803161621,,0.24925652146339417,2.4434840691370265,3.828555640406431,-1789.3705322265625,0.4,,../data/results/vary_B2/B_49_n_12/phi_2.0/results_seed_92.pt,12.0,12.0
vary_B2,49,12,2.0,93,GPArealModel,8.530136108398438,,0.7706396874509055,2.982673507040044,2.310830460173961,,,3.8703865835226123,../data/results/vary_B2/B_49_n_12/phi_2.0/results_seed_93.pt,,
vary_B2,49,12,2.0,93,GPmodel,7.896020412445068,,0.9030887625636024,2.1365189882194273,1.398043055505639,,,2.365790691664107,../data/results/vary_B2/B_49_n_12/phi_2.0/results_seed_93.pt,,
vary_B2,49,12,2.0,93,VI_best_tau_by_ELBO,8.24845027923584,,0.24923166632652283,0.6397023196108143,4.285039885464645,-1723.7657470703125,0.4,,../data/results/vary_B2/B_49_n_12/phi_2.0/results_seed_93.pt,3.0,12.0
vary_B2,49,12,2.0,94,GPArealModel,7.163417816162109,,0.7074190311427172,5.4666968068400825,0.5855819050540055,,,7.727664320833365,../data/results/vary_B2/B_49_n_12/phi_2.0/results_seed_94.pt,,
vary_B2,49,12,2.0,94,GPmodel,8.02608871459961,,0.6151778126722891,2.8860312349403165,1.0947305091137804,,,4.691377314802041,../data/results/vary_B2/B_49_n_12/phi_2.0/results_seed_94.pt,,
vary_B2,49,12,2.0,94,VI_best_tau_by_ELBO,8.042509078979492,,0.24923108518123627,2.2885611829233836,4.965395502814738,-1796.2899169921875,0.4,,../data/results/vary_B2/B_49_n_12/phi_2.0/results_seed_94.pt,10.0,12.0
vary_B2,49,12,2.0,95,GPArealModel,7.827366352081299,,0.3839622809145519,6.883596641675893,0.9943545001055515,,,17.92779391058933,../data/results/vary_B2/B_49_n_12/phi_2.0/results_seed_95.pt,,
vary_B2,49,12,2.0,95,GPmodel,7.939436912536621,,0.4864265095002348,3.3788164389376933,1.0951602224781556,,,6.946201271820409,../data/results/vary_B2/B_49_n_12/phi_2.0/results_seed_95.pt,,
vary_B2,49,12,2.0,95,VI_best_tau_by_ELBO,7.917195796966553,,0.24921467900276184,2.271215203921976,4.759810105072927,-1803.4778076171874,0.4,,../data/results/vary_B2/B_49_n_12/phi_2.0/results_seed_95.pt,10.0,12.0
vary_B2,49,12,2.0,96,GPArealModel,8.025426864624023,,0.4393145674528171,6.139231249165895,0.7301161038747594,,,13.974567892800994,../data/results/vary_B2/B_49_n_12/phi_2.0/results_seed_96.pt,,
vary_B2,49,12,2.0,96,GPmodel,7.881311893463135,,0.5786451512894618,2.9124662887322477,1.199467135534159,,,5.033251004077478,../data/results/vary_B2/B_49_n_12/phi_2.0/results_seed_96.pt,,
vary_B2,49,12,2.0,96,VI_best_tau_by_ELBO,7.891901016235352,,0.24922993779182434,1.9707304460934834,4.861075987957395,-1799.1327392578125,0.4,,../data/results/vary_B2/B_49_n_12/phi_2.0/results_seed_96.pt,8.0,12.0
vary_B2,49,12,2.0,97,GPArealModel,7.8312764167785645,,0.393399081449705,8.232862712254628,1.5595438838742466,,,20.927508732140183,../data/results/vary_B2/B_49_n_12/phi_2.0/results_seed_97.pt,,
vary_B2,49,12,2.0,97,GPmodel,7.919325351715088,,0.37565698372841944,5.366301543201649,0.9345178526774955,,,14.285110554689455,../data/results/vary_B2/B_49_n_12/phi_2.0/results_seed_97.pt,,
vary_B2,49,12,2.0,97,VI_best_tau_by_ELBO,7.913821220397949,,0.2493319809436798,4.7987759816935345,3.7989813896707605,-1847.483935546875,0.4,,../data/results/vary_B2/B_49_n_12/phi_2.0/results_seed_97.pt,12.0,12.0
vary_B2,49,12,2.0,98,GPArealModel,8.523672103881836,,0.5311074505541903,4.889287092582845,1.3309274575220658,,,9.205834125431796,../data/results/vary_B2/B_49_n_12/phi_2.0/results_seed_98.pt,,
vary_B2,49,12,2.0,98,GPmodel,7.997468948364258,,0.5313554735853538,3.1544283381052374,0.9419556924589952,,,5.9365688224128705,../data/results/vary_B2/B_49_n_12/phi_2.0/results_seed_98.pt,,
vary_B2,49,12,2.0,98,VI_best_tau_by_ELBO,8.263019561767578,,0.24923545122146606,1.387558165608474,4.514250532428139,-1761.4368896484375,0.4,,../data/results/vary_B2/B_49_n_12/phi_2.0/results_seed_98.pt,7.0,12.0
vary_B2,49,12,2.0,99,GPArealModel,7.86671781539917,,0.392207436058259,4.881313241017283,2.6810379870250163,,,12.445743737230435,../data/results/vary_B2/B_49_n_12/phi_2.0/results_seed_99.pt,,
vary_B2,49,12,2.0,99,GPmodel,7.962120056152344,,0.667578752298276,2.3846101723214788,0.9668922685062864,,,3.572028264997907,../data/results/vary_B2/B_49_n_12/phi_2.0/results_seed_99.pt,,
vary_B2,49,12,2.0,99,VI_best_tau_by_ELBO,7.888861656188965,,0.24919819831848145,1.208355219361726,4.212769762479742,-1731.7404541015626,0.4,,../data/results/vary_B2/B_49_n_12/phi_2.0/results_seed_99.pt,10.0,12.0
vary_B2,49,12,2.0,100,GPArealModel,7.154092788696289,,0.3065383205521113,5.493709032414042,0.43190449430764577,,,17.921769201707736,../data/results/vary_B2/B_49_n_12/phi_2.0/results_seed_100.pt,,
vary_B2,49,12,2.0,100,GPmodel,7.968820095062256,,0.4463821088444786,2.728175042601059,1.0447735662416398,,,6.11174818288151,../data/results/vary_B2/B_49_n_12/phi_2.0/results_seed_100.pt,,
vary_B2,49,12,2.0,100,VI_best_tau_by_ELBO,7.949281692504883,,0.24920406937599182,2.0068719630272303,3.7053166847918795,-1779.2470458984376,0.3,,../data/results/vary_B2/B_49_n_12/phi_2.0/results_seed_100.pt,10.0,12.0
vary_B2,81,12,2.0,1,GPArealModel,7.90420389175415,,0.4116911411096898,5.358755681326299,1.5645927205255434,,,13.016446423603096,../data/results/vary_B2/B_81_n_12/phi_2.0/results_seed_1.pt,,
vary_B2,81,12,2.0,1,GPmodel,7.962457180023193,,0.7213366655253766,2.428139757988102,1.0141588334293965,,,3.3661671089734453,../data/results/vary_B2/B_81_n_12/phi_2.0/results_seed_1.pt,,
vary_B2,81,12,2.0,1,VI_best_tau_by_ELBO,7.975005149841309,,0.22406139969825745,2.7107646740040714,2.7998641750734383,-2372.9068359375,0.3,,../data/results/vary_B2/B_81_n_12/phi_2.0/results_seed_1.pt,12.0,12.0
vary_B2,81,12,2.0,3,GPArealModel,7.787863731384277,,0.6310132321517133,3.1731066611727345,0.6129406654986549,,,5.028589733931016,../data/results/vary_B2/B_81_n_12/phi_2.0/results_seed_3.pt,,
vary_B2,81,12,2.0,3,GPmodel,7.98716402053833,,0.9531706543114412,1.8025776400954174,1.254223734348323,,,1.8911384146604653,../data/results/vary_B2/B_81_n_12/phi_2.0/results_seed_3.pt,,
vary_B2,81,12,2.0,3,VI_best_tau_by_ELBO,8.36780834197998,,0.22402054071426392,1.8246583893382162,2.380652929969336,-2325.6484375,0.2,,../data/results/vary_B2/B_81_n_12/phi_2.0/results_seed_3.pt,12.0,12.0
vary_B2,81,12,2.0,4,GPArealModel,8.012553215026855,,0.3081641778909882,5.266231199433347,0.6889794038678374,,,17.08904401372782,../data/results/vary_B2/B_81_n_12/phi_2.0/results_seed_4.pt,,
vary_B2,81,12,2.0,4,GPmodel,7.930669784545898,,0.4481867907357126,3.011802763059232,1.0636641784262075,,,6.719972175251448,../data/results/vary_B2/B_81_n_12/phi_2.0/results_seed_4.pt,,
vary_B2,81,12,2.0,4,VI_best_tau_by_ELBO,8.279425621032715,,0.22408752143383026,2.845430297474103,2.2440962357954546,-2381.411572265625,0.2,,../data/results/vary_B2/B_81_n_12/phi_2.0/results_seed_4.pt,12.0,12.0
vary_B2,81,12,2.0,7,GPArealModel,8.425915718078613,,0.5389632698854973,2.9471161530208696,0.8228960702819387,,,5.468120589454982,../data/results/vary_B2/B_81_n_12/phi_2.0/results_seed_7.pt,,
vary_B2,81,12,2.0,7,GPmodel,7.957123756408691,,0.7707860691020237,1.9301956747665419,1.1076306041494182,,,2.504191178513704,../data/results/vary_B2/B_81_n_12/phi_2.0/results_seed_7.pt,,
vary_B2,81,12,2.0,7,VI_best_tau_by_ELBO,8.360761642456055,,0.2240113914012909,1.5952674867295402,2.352458739177489,-2315.0775390625,0.2,,../data/results/vary_B2/B_81_n_12/phi_2.0/results_seed_7.pt,12.0,12.0
vary_B2,81,12,2.0,8,GPArealModel,7.9492082595825195,,0.20330853601640603,7.40072944804556,0.5787324174140462,,,36.401469377795124,../data/results/vary_B2/B_81_n_12/phi_2.0/results_seed_8.pt,,
vary_B2,81,12,2.0,8,GPmodel,7.964748382568359,,0.4568451764020388,2.8260887812687656,1.0490497113676576,,,6.186097451057936,../data/results/vary_B2/B_81_n_12/phi_2.0/results_seed_8.pt,,
vary_B2,81,12,2.0,8,VI_best_tau_by_ELBO,8.216546058654785,,0.2239665687084198,2.388220232458514,2.2909170326511283,-2359.36533203125,0.2,,../data/results/vary_B2/B_81_n_12/phi_2.0/results_seed_8.pt,12.0,12.0
vary_B2,81,12,2.0,9,GPArealModel,7.849796772003174,,0.8174268251097344,2.92552772739741,1.0383797324326858,,,3.5789475431084323,../data/results/vary_B2/B_81_n_12/phi_2.0/results_seed_9.pt,,
vary_B2,81,12,2.0,9,GPmodel,7.939859867095947,,0.8564485486461335,1.6493046149041646,1.0508554925610103,,,1.9257486249598659,../data/results/vary_B2/B_81_n_12/phi_2.0/results_seed_9.pt,,
vary_B2,81,12,2.0,9,VI_best_tau_by_ELBO,8.153817176818848,,0.22403272986412048,1.8930451930417052,2.237419485431483,-2297.1375,0.2,,../data/results/vary_B2/B_81_n_12/phi_2.0/results_seed_9.pt,12.0,12.0
vary_B2,81,12,2.0,12,GPArealModel,7.769557476043701,,0.4194822518996667,3.8123711792373953,0.7063376819199104,,,9.088277661266233,../data/results/vary_B2/B_81_n_12/phi_2.0/results_seed_12.pt,,
vary_B2,81,12,2.0,12,GPmodel,7.9522175788879395,,0.564830374247058,2.310452680582077,1.0114369484250951,,,4.0905248476801646,../data/results/vary_B2/B_81_n_12/phi_2.0/results_seed_12.pt,,
vary_B2,81,12,2.0,12,VI_best_tau_by_ELBO,8.24365520477295,,0.22395840287208557,1.7668450991902442,2.2955771442099566,-2322.38193359375,0.2,,../data/results/vary_B2/B_81_n_12/phi_2.0/results_seed_12.pt,12.0,12.0
vary_B2,81,12,2.0,13,GPArealModel,8.381413459777832,,0.7922787331874526,3.25207778115697,0.5802537865440229,,,4.104714218534414,../data/results/vary_B2/B_81_n_12/phi_2.0/results_seed_13.pt,,
vary_B2,81,12,2.0,13,GPmodel,7.898622512817383,,0.8355509708843921,2.02397826347585,0.9801016155491362,,,2.4223277023226513,../data/results/vary_B2/B_81_n_12/phi_2.0/results_seed_13.pt,,
vary_B2,81,12,2.0,13,VI_best_tau_by_ELBO,8.127724647521973,,0.2240103781223297,1.8051551971404092,2.9178438361613583,-2334.54892578125,0.3,,../data/results/vary_B2/B_81_n_12/phi_2.0/results_seed_13.pt,12.0,12.0
vary_B2,81,12,2.0,14,GPArealModel,8.132980346679688,,0.28208272360692316,4.850435148755257,2.7809244228367587,,,17.19508053075326,../data/results/vary_B2/B_81_n_12/phi_2.0/results_seed_14.pt,,
vary_B2,81,12,2.0,14,GPmodel,7.936598777770996,,0.6279610882823133,2.7629939717411167,1.2925835114585724,,,4.399944555957827,../data/results/vary_B2/B_81_n_12/phi_2.0/results_seed_14.pt,,
vary_B2,81,12,2.0,14,VI_best_tau_by_ELBO,8.248180389404297,,0.22398141026496887,2.3248946536474437,2.5240584959125694,-2395.82490234375,0.2,,../data/results/vary_B2/B_81_n_12/phi_2.0/results_seed_14.pt,12.0,12.0
vary_B2,81,12,2.0,15,GPArealModel,8.026572227478027,,0.3498105139353238,3.355534209965864,4.246810809531411,,,9.592433835725894,../data/results/vary_B2/B_81_n_12/phi_2.0/results_seed_15.pt,,
vary_B2,81,12,2.0,15,GPmodel,7.9169182777404785,,0.8879217369479622,1.8926938730932203,1.147449720506895,,,2.1315998858175766,../data/results/vary_B2/B_81_n_12/phi_2.0/results_seed_15.pt,,
vary_B2,81,12,2.0,15,VI_best_tau_by_ELBO,8.18974781036377,,0.22398631274700165,1.719083925592017,2.468630873869434,-2334.372900390625,0.2,,../data/results/vary_B2/B_81_n_12/phi_2.0/results_seed_15.pt,12.0,12.0
vary_B2,81,12,2.0,17,GPArealModel,8.066316604614258,,0.5192433138747502,4.093186214499381,1.9328346217373122,,,7.882982996843602,../data/results/vary_B2/B_81_n_12/phi_2.0/results_seed_17.pt,,
vary_B2,81,12,2.0,17,GPmodel,7.943055152893066,,0.6492294722384102,2.213067565853191,1.0574338750002323,,,3.4087601695329504,../data/results/vary_B2/B_81_n_12/phi_2.0/results_seed_17.pt,,
vary_B2,81,12,2.0,17,VI_best_tau_by_ELBO,8.17078971862793,,0.22402185201644897,2.3786576805201247,2.2792902820455834,-2332.91875,0.2,,../data/results/vary_B2/B_81_n_12/phi_2.0/results_seed_17.pt,12.0,12.0
vary_B2,81,12,2.0,18,GPArealModel,7.9067583084106445,,0.4572011578977983,4.360114409341617,2.249217548174756,,,9.53653404857795,../data/results/vary_B2/B_81_n_12/phi_2.0/results_seed_18.pt,,
vary_B2,81,12,2.0,18,GPmodel,8.027902603149414,,0.6518455054117711,2.6246461610703085,1.341064067597713,,,4.026485017200998,../data/results/vary_B2/B_81_n_12/phi_2.0/results_seed_18.pt,,
vary_B2,81,12,2.0,18,VI_best_tau_by_ELBO,8.345832824707031,,0.22403042018413544,2.4886636413561636,2.5217104479102246,-2387.411328125,0.2,,../data/results/vary_B2/B_81_n_12/phi_2.0/results_seed_18.pt,12.0,12.0
vary_B2,81,12,2.0,19,GPArealModel,7.956971645355225,,0.6336255781207557,5.292896420170147,0.8010554861385254,,,8.353350311185563,../data/results/vary_B2/B_81_n_12/phi_2.0/results_seed_19.pt,,
vary_B2,81,12,2.0,19,GPmodel,7.937373638153076,,0.6726191441732338,2.4585531538799574,1.1859248958040265,,,3.6551935447837245,../data/results/vary_B2/B_81_n_12/phi_2.0/results_seed_19.pt,,
vary_B2,81,12,2.0,19,VI_best_tau_by_ELBO,8.210752487182617,,0.22410254180431366,3.1665746169443154,2.465457700007086,-2392.13173828125,0.2,,../data/results/vary_B2/B_81_n_12/phi_2.0/results_seed_19.pt,12.0,12.0
vary_B2,81,12,2.0,22,GPArealModel,7.8593316078186035,,0.44973749093965554,3.9229159283509163,1.6895434571663759,,,8.72267935713921,../data/results/vary_B2/B_81_n_12/phi_2.0/results_seed_22.pt,,
vary_B2,81,12,2.0,22,GPmodel,8.01796817779541,,0.6745534150729202,2.4143045012009825,1.0155682760430456,,,3.5791153780460703,../data/results/vary_B2/B_81_n_12/phi_2.0/results_seed_22.pt,,
vary_B2,81,12,2.0,22,VI_best_tau_by_ELBO,8.0858793258667,,0.22409473359584808,2.6466235316332973,2.6974292913188003,-2365.8857421875,0.3,,../data/results/vary_B2/B_81_n_12/phi_2.0/results_seed_22.pt,12.0,12.0
vary_B2,81,12,2.0,23,GPArealModel,8.233311653137207,,0.6452353442796159,4.268242517723077,0.9011507793636011,,,6.615016606829604,../data/results/vary_B2/B_81_n_12/phi_2.0/results_seed_23.pt,,
vary_B2,81,12,2.0,23,GPmodel,8.053794860839844,,0.6609364360049425,2.682605786373587,1.1452653017473928,,,4.0587954305995115,../data/results/vary_B2/B_81_n_12/phi_2.0/results_seed_23.pt,,
vary_B2,81,12,2.0,23,VI_best_tau_by_ELBO,8.201608657836914,,0.22410085797309875,3.1747408213995825,2.865410220669707,-2395.664697265625,0.3,,../data/results/vary_B2/B_81_n_12/phi_2.0/results_seed_23.pt,12.0,12.0
vary_B2,81,12,2.0,24,GPArealModel,8.090449333190918,,0.428628632924198,5.595245125905339,0.919147924578364,,,13.053829576744224,../data/results/vary_B2/B_81_n_12/phi_2.0/results_seed_24.pt,,
vary_B2,81,12,2.0,24,GPmodel,8.003602981567383,,0.5996169894219311,2.648144459929736,1.2734794299483672,,,4.416393308806536,../data/results/vary_B2/B_81_n_12/phi_2.0/results_seed_24.pt,,
vary_B2,81,12,2.0,24,VI_best_tau_by_ELBO,8.397005081176758,,0.22406409680843353,2.9111756415397596,2.3898762718865956,-2390.116650390625,0.2,,../data/results/vary_B2/B_81_n_12/phi_2.0/results_seed_24.pt,12.0,12.0
vary_B2,81,12,2.0,25,GPArealModel,8.36436939239502,,0.4398828652700055,4.153067419675255,2.8772008349707483,,,9.44130300944105,../data/results/vary_B2/B_81_n_12/phi_2.0/results_seed_25.pt,,
vary_B2,81,12,2.0,25,GPmodel,7.966232776641846,,0.6775860940529511,2.5956874681089666,1.1434147003093265,,,3.830786214314077,../data/results/vary_B2/B_81_n_12/phi_2.0/results_seed_25.pt,,
vary_B2,81,12,2.0,25,VI_best_tau_by_ELBO,8.377470970153809,,0.22396662831306458,2.4065823654272314,2.5969740553655174,-2391.11611328125,0.2,,../data/results/vary_B2/B_81_n_12/phi_2.0/results_seed_25.pt,12.0,12.0
vary_B2,81,12,2.0,27,GPArealModel,7.792065620422363,,0.4294519743759102,4.833021100825089,1.6242730051094216,,,11.253926839778885,../data/results/vary_B2/B_81_n_12/phi_2.0/results_seed_27.pt,,
vary_B2,81,12,2.0,27,GPmodel,7.992646217346191,,0.596682509063811,2.785469848285426,1.146642706626589,,,4.6682612712341784,../data/results/vary_B2/B_81_n_12/phi_2.0/results_seed_27.pt,,
vary_B2,81,12,2.0,27,VI_best_tau_by_ELBO,8.11365795135498,,0.2241811454296112,3.5630557709589517,2.5672614719419964,-2385.0064453125,0.3,,../data/results/vary_B2/B_81_n_12/phi_2.0/results_seed_27.pt,12.0,12.0
vary_B2,81,12,2.0,28,GPArealModel,7.952983379364014,,0.691712397499914,2.7098462956158533,1.1848222201609402,,,3.917591047103056,../data/results/vary_B2/B_81_n_12/phi_2.0/results_seed_28.pt,,
vary_B2,81,12,2.0,28,GPmodel,7.976660251617432,,0.8972660949822042,1.7193166586712123,1.0711392475709818,,,1.9161725471252897,../data/results/vary_B2/B_81_n_12/phi_2.0/results_seed_28.pt,,
vary_B2,81,12,2.0,28,VI_best_tau_by_ELBO,8.231078147888184,,0.22405382990837097,1.524417006681934,2.280886431277056,-2295.95107421875,0.2,,../data/results/vary_B2/B_81_n_12/phi_2.0/results_seed_28.pt,12.0,12.0
vary_B2,81,12,2.0,29,GPArealModel,7.895773410797119,,0.5640547594556273,4.0084016371613505,0.8123193310263851,,,7.106405131710764,../data/results/vary_B2/B_81_n_12/phi_2.0/results_seed_29.pt,,
vary_B2,81,12,2.0,29,GPmodel,8.036629676818848,,0.709834546218487,2.081690955714332,1.0288340572371806,,,2.9326424964861997,../data/results/vary_B2/B_81_n_12/phi_2.0/results_seed_29.pt,,
vary_B2,81,12,2.0,29,VI_best_tau_by_ELBO,8.11607551574707,,0.22413653135299683,2.517274295489976,2.5790923021670786,-2337.81787109375,0.3,,../data/results/vary_B2/B_81_n_12/phi_2.0/results_seed_29.pt,12.0,12.0
vary_B2,81,12,2.0,30,GPArealModel,7.181522369384766,,0.4470168307714706,4.503031550366667,1.5979230155255004,,,10.073516790397456,../data/results/vary_B2/B_81_n_12/phi_2.0/results_seed_30.pt,,
vary_B2,81,12,2.0,30,GPmodel,7.933201313018799,,0.5837330300028758,2.591075647030916,1.185615222763802,,,4.43880252419184,../data/results/vary_B2/B_81_n_12/phi_2.0/results_seed_30.pt,,
vary_B2,81,12,2.0,30,VI_best_tau_by_ELBO,8.151524543762207,,0.22406204044818878,2.663378191593872,2.3900936883986548,-2382.371826171875,0.2,,../data/results/vary_B2/B_81_n_12/phi_2.0/results_seed_30.pt,12.0,12.0
vary_B2,81,12,2.0,31,GPArealModel,7.164780139923096,,0.6324449679745416,4.320881241412795,0.9040064624962948,,,6.832027227998637,../data/results/vary_B2/B_81_n_12/phi_2.0/results_seed_31.pt,,
vary_B2,81,12,2.0,31,GPmodel,7.953280925750732,,0.8679069302413085,2.0239408658846747,1.2780004991064382,,,2.3319791504855805,../data/results/vary_B2/B_81_n_12/phi_2.0/results_seed_31.pt,,
vary_B2,81,12,2.0,31,VI_best_tau_by_ELBO,8.116568565368652,,0.224014014005661,2.5379895092506697,2.521287441941739,-2364.95791015625,0.2,,../data/results/vary_B2/B_81_n_12/phi_2.0/results_seed_31.pt,12.0,12.0
vary_B2,81,12,2.0,32,GPArealModel,7.752096176147461,,0.2816320466529775,4.69534565349226,2.7183032154765874,,,16.671915392063994,../data/results/vary_B2/B_81_n_12/phi_2.0/results_seed_32.pt,,
vary_B2,81,12,2.0,32,GPmodel,7.926344871520996,,0.6462933724239478,2.271316428086443,0.9695870711953476,,,3.514373696217531,../data/results/vary_B2/B_81_n_12/phi_2.0/results_seed_32.pt,,
vary_B2,81,12,2.0,32,VI_best_tau_by_ELBO,8.188395500183105,,0.2239144742488861,2.0218790715268113,2.347507732377989,-2330.522998046875,0.2,,../data/results/vary_B2/B_81_n_12/phi_2.0/results_seed_32.pt,10.0,12.0
vary_B2,81,12,2.0,33,GPArealModel,7.881003379821777,,0.5899890450497507,4.011392111109103,0.7526264370517137,,,6.799095923502857,../data/results/vary_B2/B_81_n_12/phi_2.0/results_seed_33.pt,,
vary_B2,81,12,2.0,33,GPmodel,7.965994358062744,,0.6536888074383279,2.2226699515672546,1.0665351497707336,,,3.400195821429835,../data/results/vary_B2/B_81_n_12/phi_2.0/results_seed_33.pt,,
vary_B2,81,12,2.0,33,VI_best_tau_by_ELBO,8.419137001037598,,0.22408512234687805,2.223755209943826,2.3316036138650533,-2344.61962890625,0.2,,../data/results/vary_B2/B_81_n_12/phi_2.0/results_seed_33.pt,12.0,12.0
vary_B2,81,12,2.0,34,GPArealModel,7.816841125488281,,0.3234119419288636,4.414960739193626,1.8541027468634688,,,13.651198879244612,../data/results/vary_B2/B_81_n_12/phi_2.0/results_seed_34.pt,,
vary_B2,81,12,2.0,34,GPmodel,7.955698013305664,,0.7630326201317811,1.9389445272047754,1.2204524925689766,,,2.541103061714329,../data/results/vary_B2/B_81_n_12/phi_2.0/results_seed_34.pt,,
vary_B2,81,12,2.0,34,VI_best_tau_by_ELBO,8.148299217224121,,0.223968505859375,2.1057622119633836,2.3404152735904966,-2338.597607421875,0.2,,../data/results/vary_B2/B_81_n_12/phi_2.0/results_seed_34.pt,12.0,12.0
vary_B2,81,12,2.0,35,GPArealModel,7.52650785446167,,0.29792040754360194,4.67735247212157,0.6056725838962049,,,15.700006960540357,../data/results/vary_B2/B_81_n_12/phi_2.0/results_seed_35.pt,,
vary_B2,81,12,2.0,35,GPmodel,7.973136901855469,,0.5069780588113828,2.5728900371419043,1.1671375040937932,,,5.074953427322044,../data/results/vary_B2/B_81_n_12/phi_2.0/results_seed_35.pt,,
vary_B2,81,12,2.0,35,VI_best_tau_by_ELBO,8.204119682312012,,0.22401857376098633,2.274131924313286,2.1499231794990723,-2345.155224609375,0.2,,../data/results/vary_B2/B_81_n_12/phi_2.0/results_seed_35.pt,12.0,12.0
vary_B2,81,12,2.0,40,GPArealModel,8.102326393127441,,0.5421721168758152,5.3128756007575,0.8637638115749655,,,9.799241671394208,../data/results/vary_B2/B_81_n_12/phi_2.0/results_seed_40.pt,,
vary_B2,81,12,2.0,40,GPmodel,7.948697566986084,,0.5830023433999459,2.79939802159408,1.0443211276387554,,,4.801692571711778,../data/results/vary_B2/B_81_n_12/phi_2.0/results_seed_40.pt,,
vary_B2,81,12,2.0,40,VI_best_tau_by_ELBO,8.124676704406738,,0.22413727641105652,3.6225634755559417,2.6620991081091527,-2388.70341796875,0.3,,../data/results/vary_B2/B_81_n_12/phi_2.0/results_seed_40.pt,12.0,12.0
vary_B2,81,12,2.0,41,GPArealModel,7.808077335357666,,0.5642486809583604,4.071604378446359,1.109216943545128,,,7.215975005082607,../data/results/vary_B2/B_81_n_12/phi_2.0/results_seed_41.pt,,
vary_B2,81,12,2.0,41,GPmodel,7.95887565612793,,0.7870717494089728,2.112701922775571,1.1939946878295375,,,2.6842558183063225,../data/results/vary_B2/B_81_n_12/phi_2.0/results_seed_41.pt,,
vary_B2,81,12,2.0,41,VI_best_tau_by_ELBO,8.140920639038086,,0.22400572896003723,2.290630918560606,2.64580746479463,-2379.717431640625,0.2,,../data/results/vary_B2/B_81_n_12/phi_2.0/results_seed_41.pt,12.0,12.0
vary_B2,81,12,2.0,42,GPArealModel,8.065336227416992,,0.4149930380957797,4.701428244923625,1.8573312117965672,,,11.328932809322318,../data/results/vary_B2/B_81_n_12/phi_2.0/results_seed_42.pt,,
vary_B2,81,12,2.0,42,GPmodel,7.981207847595215,,0.5719784230262749,2.771915290191278,1.0457613263591754,,,4.846188559920459,../data/results/vary_B2/B_81_n_12/phi_2.0/results_seed_42.pt,,
vary_B2,81,12,2.0,42,VI_best_tau_by_ELBO,8.280196189880371,,0.22408470511436462,2.289096421002113,2.434713646348691,-2376.882958984375,0.2,,../data/results/vary_B2/B_81_n_12/phi_2.0/results_seed_42.pt,12.0,12.0
vary_B2,81,12,2.0,44,GPArealModel,8.577198028564453,,0.3618368476658117,4.970504515084142,1.3858714834120396,,,13.736866621375283,../data/results/vary_B2/B_81_n_12/phi_2.0/results_seed_44.pt,,
vary_B2,81,12,2.0,44,GPmodel,7.915432453155518,,0.5205823262964562,2.636971751808844,1.0039507815029582,,,5.065426962472727,../data/results/vary_B2/B_81_n_12/phi_2.0/results_seed_44.pt,,
vary_B2,81,12,2.0,44,VI_best_tau_by_ELBO,8.428970336914062,,0.22401857376098633,2.633987455067254,2.2090285125650637,-2349.513525390625,0.2,,../data/results/vary_B2/B_81_n_12/phi_2.0/results_seed_44.pt,12.0,12.0
vary_B2,81,12,2.0,46,GPArealModel,8.286599159240723,,0.3668286087601325,5.939618705828605,2.0419390086229234,,,16.191808828390737,../data/results/vary_B2/B_81_n_12/phi_2.0/results_seed_46.pt,,
vary_B2,81,12,2.0,46,GPmodel,7.9487128257751465,,0.4808964618032139,2.9007053258349162,1.0953777621514627,,,6.031870800126421,../data/results/vary_B2/B_81_n_12/phi_2.0/results_seed_46.pt,,
vary_B2,81,12,2.0,46,VI_best_tau_by_ELBO,8.277883529663086,,0.22412508726119995,3.180745191068852,2.1259623197053443,-2372.003271484375,0.2,,../data/results/vary_B2/B_81_n_12/phi_2.0/results_seed_46.pt,12.0,12.0
vary_B2,81,12,2.0,47,GPArealModel,8.417506217956543,,0.36467216088704807,4.942956780736915,1.1685224090825495,,,13.554521871681683,../data/results/vary_B2/B_81_n_12/phi_2.0/results_seed_47.pt,,
vary_B2,81,12,2.0,47,GPmodel,7.979762554168701,,0.6209295529033241,2.340426584460182,1.1876077236210694,,,3.769230460229964,../data/results/vary_B2/B_81_n_12/phi_2.0/results_seed_47.pt,,
vary_B2,81,12,2.0,47,VI_best_tau_by_ELBO,8.30522346496582,,0.2240397334098816,2.5088244933390023,2.3282268636621315,-2357.46123046875,0.2,,../data/results/vary_B2/B_81_n_12/phi_2.0/results_seed_47.pt,12.0,12.0
vary_B2,81,12,2.0,48,GPArealModel,8.284186363220215,,0.6043895469978494,4.285960482919511,2.0957469024571784,,,7.091387506962891,../data/results/vary_B2/B_81_n_12/phi_2.0/results_seed_48.pt,,
vary_B2,81,12,2.0,48,GPmodel,7.981875896453857,,0.6097223057047939,2.7487071959401534,1.022885299779909,,,4.508129635773864,../data/results/vary_B2/B_81_n_12/phi_2.0/results_seed_48.pt,,
vary_B2,81,12,2.0,48,VI_best_tau_by_ELBO,8.22602367401123,,0.22419969737529755,3.211616071025948,2.6214495178990154,-2375.303076171875,0.3,,../data/results/vary_B2/B_81_n_12/phi_2.0/results_seed_48.pt,12.0,12.0
vary_B2,81,12,2.0,49,GPArealModel,7.411445617675781,,0.3302817549313111,7.436074780047487,3.1864814293917725,,,22.514337134953067,../data/results/vary_B2/B_81_n_12/phi_2.0/results_seed_49.pt,,
vary_B2,81,12,2.0,49,GPmodel,7.946695327758789,,0.4791068306633409,3.7884089716898486,1.1537019244206876,,,7.907232227193793,../data/results/vary_B2/B_81_n_12/phi_2.0/results_seed_49.pt,,
vary_B2,81,12,2.0,49,VI_best_tau_by_ELBO,8.040318489074707,,0.22418326139450073,5.310163779053288,2.5081916200429033,-2435.373974609375,0.3,,../data/results/vary_B2/B_81_n_12/phi_2.0/results_seed_49.pt,12.0,12.0
vary_B2,81,12,2.0,51,GPArealModel,7.928474426269531,,0.4044446382384046,4.432048086552879,2.8200970449333393,,,10.958355402749476,../data/results/vary_B2/B_81_n_12/phi_2.0/results_seed_51.pt,,
vary_B2,81,12,2.0,51,GPmodel,7.916164875030518,,0.542735709387781,2.8211225857432103,1.1613241916091066,,,5.197967513369453,../data/results/vary_B2/B_81_n_12/phi_2.0/results_seed_51.pt,,
vary_B2,81,12,2.0,51,VI_best_tau_by_ELBO,8.266623497009277,,0.22414886951446533,2.8987617626359254,2.351318812326067,-2388.971142578125,0.2,,../data/results/vary_B2/B_81_n_12/phi_2.0/results_seed_51.pt,12.0,12.0
vary_B2,81,12,2.0,53,GPArealModel,8.120002746582031,,0.37466088163393113,4.9675818301396495,3.3817516085488974,,,13.258875088521547,../data/results/vary_B2/B_81_n_12/phi_2.0/results_seed_53.pt,,
vary_B2,81,12,2.0,53,GPmodel,7.901819705963135,,0.4842300816821659,3.019967491869194,1.0790943772967039,,,6.236637512023489,../data/results/vary_B2/B_81_n_12/phi_2.0/results_seed_53.pt,,
vary_B2,81,12,2.0,53,VI_best_tau_by_ELBO,8.286996841430664,,0.22407317161560059,2.703456308541409,2.324917049561302,-2385.10537109375,0.2,,../data/results/vary_B2/B_81_n_12/phi_2.0/results_seed_53.pt,12.0,12.0
vary_B2,81,12,2.0,55,GPArealModel,7.898640155792236,,0.3944626358161691,5.452584653305346,1.0124606100607454,,,13.82281655656331,../data/results/vary_B2/B_81_n_12/phi_2.0/results_seed_55.pt,,
vary_B2,81,12,2.0,55,GPmodel,7.951176166534424,,0.5826213338201555,2.842442018784575,1.2727565234733438,,,4.8787125595747325,../data/results/vary_B2/B_81_n_12/phi_2.0/results_seed_55.pt,,
vary_B2,81,12,2.0,55,VI_best_tau_by_ELBO,8.19917106628418,,0.22412413358688354,3.129320901537698,2.394557772801355,-2403.355322265625,0.2,,../data/results/vary_B2/B_81_n_12/phi_2.0/results_seed_55.pt,12.0,12.0
vary_B2,81,12,2.0,56,GPArealModel,8.0684814453125,,0.673578408750937,4.601776426228138,1.946715505253226,,,6.8318348189953575,../data/results/vary_B2/B_81_n_12/phi_2.0/results_seed_56.pt,,
vary_B2,81,12,2.0,56,GPmodel,7.90037202835083,,0.5908420166719789,2.832557502288845,0.9652388451288049,,,4.794103029848353,../data/results/vary_B2/B_81_n_12/phi_2.0/results_seed_56.pt,,
vary_B2,81,12,2.0,56,VI_best_tau_by_ELBO,8.010391235351562,,0.22416375577449799,3.6350656799178003,2.6278713574681767,-2384.87861328125,0.3,,../data/results/vary_B2/B_81_n_12/phi_2.0/results_seed_56.pt,12.0,12.0
vary_B2,81,12,2.0,57,GPArealModel,8.500988006591797,,0.45708257556608944,3.652306538089391,0.6187583927069976,,,7.990474223538422,../data/results/vary_B2/B_81_n_12/phi_2.0/results_seed_57.pt,,
vary_B2,81,12,2.0,57,GPmodel,7.924432277679443,,0.7223366481741899,2.0327505075532484,1.211181914784705,,,2.8141317662495995,../data/results/vary_B2/B_81_n_12/phi_2.0/results_seed_57.pt,,
vary_B2,81,12,2.0,57,VI_best_tau_by_ELBO,8.365650177001953,,0.22403812408447266,2.2529091537183055,2.2789513236639354,-2338.40341796875,0.2,,../data/results/vary_B2/B_81_n_12/phi_2.0/results_seed_57.pt,12.0,12.0
vary_B2,81,12,2.0,58,GPArealModel,8.100592613220215,,0.41682810502247764,5.020255985645462,1.723047255940294,,,12.04394791319252,../data/results/vary_B2/B_81_n_12/phi_2.0/results_seed_58.pt,,
vary_B2,81,12,2.0,58,GPmodel,7.9231181144714355,,0.6351400679588322,2.790344010078247,1.2778091243376177,,,4.3932734696547415,../data/results/vary_B2/B_81_n_12/phi_2.0/results_seed_58.pt,,
vary_B2,81,12,2.0,58,VI_best_tau_by_ELBO,7.995872497558594,,0.22413931787014008,3.3084894705988455,2.879701833384869,-2423.528271484375,0.3,,../data/results/vary_B2/B_81_n_12/phi_2.0/results_seed_58.pt,12.0,12.0
vary_B2,81,12,2.0,59,GPArealModel,8.469132423400879,,0.5822771526622408,3.920061041208875,1.8530927109899034,,,6.732294103050218,../data/results/vary_B2/B_81_n_12/phi_2.0/results_seed_59.pt,,
vary_B2,81,12,2.0,59,GPmodel,7.930728435516357,,0.6839774290201529,2.385796858678334,0.9886693365069605,,,3.4881222061613353,../data/results/vary_B2/B_81_n_12/phi_2.0/results_seed_59.pt,,
vary_B2,81,12,2.0,59,VI_best_tau_by_ELBO,8.329370498657227,,0.22402888536453247,2.3233037888450836,2.3320082501513864,-2339.3748046875,0.2,,../data/results/vary_B2/B_81_n_12/phi_2.0/results_seed_59.pt,12.0,12.0
vary_B2,81,12,2.0,60,GPArealModel,7.584166049957275,,0.22748126859273235,7.216957863369507,1.5936054647492828,,,31.72550385363939,../data/results/vary_B2/B_81_n_12/phi_2.0/results_seed_60.pt,,
vary_B2,81,12,2.0,60,GPmodel,7.948292255401611,,0.32048630601504247,3.740725852167354,1.06248930520264,,,11.672030230183307,../data/results/vary_B2/B_81_n_12/phi_2.0/results_seed_60.pt,,
vary_B2,81,12,2.0,60,VI_best_tau_by_ELBO,8.203661918640137,,0.22401712834835052,3.1708940086451247,1.9389136602794526,-2388.395654296875,0.2,,../data/results/vary_B2/B_81_n_12/phi_2.0/results_seed_60.pt,12.0,12.0
vary_B2,81,12,2.0,62,GPArealModel,7.408094882965088,,0.4140943325526672,5.503169356858705,1.1787895325187314,,,13.28965147369839,../data/results/vary_B2/B_81_n_12/phi_2.0/results_seed_62.pt,,
vary_B2,81,12,2.0,62,GPmodel,7.908762454986572,,0.5557915353795486,2.851488650132559,1.3192782379475838,,,5.130500320026077,../data/results/vary_B2/B_81_n_12/phi_2.0/results_seed_62.pt,,
vary_B2,81,12,2.0,62,VI_best_tau_by_ELBO,7.989564418792725,,0.22412945330142975,3.822076845060941,2.7098575136730827,-2423.97626953125,0.3,,../data/results/vary_B2/B_81_n_12/phi_2.0/results_seed_62.pt,12.0,12.0
vary_B2,81,12,2.0,63,GPArealModel,8.560636520385742,,0.229172767066357,6.603707131274164,1.3528005061572252,,,28.815409508766194,../data/results/vary_B2/B_81_n_12/phi_2.0/results_seed_63.pt,,
vary_B2,81,12,2.0,63,GPmodel,7.952904224395752,,0.4046563752702647,3.370376540750458,1.0134966844010105,,,8.328984162178163,../data/results/vary_B2/B_81_n_12/phi_2.0/results_seed_63.pt,,
vary_B2,81,12,2.0,63,VI_best_tau_by_ELBO,8.358894348144531,,0.22395607829093933,2.7328696926213665,2.2110096702033086,-2381.054931640625,0.2,,../data/results/vary_B2/B_81_n_12/phi_2.0/results_seed_63.pt,12.0,12.0
vary_B2,81,12,2.0,64,GPArealModel,7.999446868896484,,0.33883609185745606,5.887565859724952,2.1313561163262555,,,17.37585222238301,../data/results/vary_B2/B_81_n_12/phi_2.0/results_seed_64.pt,,
vary_B2,81,12,2.0,64,GPmodel,7.939332485198975,,0.49027643218170647,3.238549676596001,1.0621147863463578,,,6.605558546195279,../data/results/vary_B2/B_81_n_12/phi_2.0/results_seed_64.pt,,
vary_B2,81,12,2.0,64,VI_best_tau_by_ELBO,8.317293167114258,,0.22401705384254456,2.641489079651747,2.4451826036996236,-2392.68583984375,0.2,,../data/results/vary_B2/B_81_n_12/phi_2.0/results_seed_64.pt,12.0,12.0
vary_B2,81,12,2.0,65,GPArealModel,7.5148024559021,,0.4046706059661943,5.593695220533744,0.7439697899266576,,,13.822835506369925,../data/results/vary_B2/B_81_n_12/phi_2.0/results_seed_65.pt,,
vary_B2,81,12,2.0,65,GPmodel,7.9332780838012695,,0.6033938604355567,2.3571270163353315,1.0492685478413786,,,3.906448459110691,../data/results/vary_B2/B_81_n_12/phi_2.0/results_seed_65.pt,,
vary_B2,81,12,2.0,65,VI_best_tau_by_ELBO,8.078608512878418,,0.22405382990837097,2.8359958300318233,2.2775665515969643,-2360.42763671875,0.2,,../data/results/vary_B2/B_81_n_12/phi_2.0/results_seed_65.pt,12.0,12.0
vary_B2,81,12,2.0,67,GPArealModel,7.793294429779053,,0.27225426974520295,6.419994874247857,1.5529658170241736,,,23.580878567143117,../data/results/vary_B2/B_81_n_12/phi_2.0/results_seed_67.pt,,
vary_B2,81,12,2.0,67,GPmodel,7.9282121658325195,,0.49542459022982327,2.92409471564147,1.0807730497685089,,,5.902199392817799,../data/results/vary_B2/B_81_n_12/phi_2.0/results_seed_67.pt,,
vary_B2,81,12,2.0,67,VI_best_tau_by_ELBO,8.074782371520996,,0.22404305636882782,3.031511654732916,2.5900715843865956,-2374.901806640625,0.3,,../data/results/vary_B2/B_81_n_12/phi_2.0/results_seed_67.pt,12.0,12.0
vary_B2,81,12,2.0,69,GPArealModel,8.018228530883789,,0.25691959582163115,7.455410284122577,0.7677084131718358,,,29.01845715691755,../data/results/vary_B2/B_81_n_12/phi_2.0/results_seed_69.pt,,
vary_B2,81,12,2.0,69,GPmodel,7.936859607696533,,0.41142002865815724,3.4601065756036675,1.0898582013015223,,,8.410155885917305,../data/results/vary_B2/B_81_n_12/phi_2.0/results_seed_69.pt,,
vary_B2,81,12,2.0,69,VI_best_tau_by_ELBO,8.133488655090332,,0.22408922016620636,3.908906809646207,2.023083921364474,-2389.564892578125,0.2,,../data/results/vary_B2/B_81_n_12/phi_2.0/results_seed_69.pt,12.0,12.0
vary_B2,81,12,2.0,70,GPArealModel,8.013192176818848,,0.20962103259608666,4.432961154365449,6.378337850498955,,,21.14750175335319,../data/results/vary_B2/B_81_n_12/phi_2.0/results_seed_70.pt,,
vary_B2,81,12,2.0,70,GPmodel,7.929417610168457,,0.4323611165304065,3.5967519576706533,0.9863418599852399,,,8.318860832199062,../data/results/vary_B2/B_81_n_12/phi_2.0/results_seed_70.pt,,
vary_B2,81,12,2.0,70,VI_best_tau_by_ELBO,8.279356956481934,,0.22417747974395752,3.355472826559601,1.9892200414138193,-2364.71572265625,0.2,,../data/results/vary_B2/B_81_n_12/phi_2.0/results_seed_70.pt,12.0,12.0
vary_B2,81,12,2.0,72,GPArealModel,8.051074028015137,,0.4958180807733146,5.262620170737727,1.7769296828358982,,,10.61401424193679,../data/results/vary_B2/B_81_n_12/phi_2.0/results_seed_72.pt,,
vary_B2,81,12,2.0,72,GPmodel,7.914066791534424,,0.5664875095614386,2.9260631077553247,1.1279806954892642,,,5.165273829286394,../data/results/vary_B2/B_81_n_12/phi_2.0/results_seed_72.pt,,
vary_B2,81,12,2.0,72,VI_best_tau_by_ELBO,7.97377347946167,,0.2241877019405365,4.18412390405973,2.6050884220875847,-2406.825830078125,0.3,,../data/results/vary_B2/B_81_n_12/phi_2.0/results_seed_72.pt,12.0,12.0
vary_B2,81,12,2.0,73,GPArealModel,7.560606479644775,,0.5248589477916904,5.547499005634943,0.7119530037069653,,,10.569504490636353,../data/results/vary_B2/B_81_n_12/phi_2.0/results_seed_73.pt,,
vary_B2,81,12,2.0,73,GPmodel,7.990523338317871,,0.6048476990647241,2.629682759026267,1.0848279522639355,,,4.347677544433987,../data/results/vary_B2/B_81_n_12/phi_2.0/results_seed_73.pt,,
vary_B2,81,12,2.0,73,VI_best_tau_by_ELBO,8.037836074829102,,0.22411997616291046,3.6790713858933723,2.6894045082521645,-2389.930126953125,0.3,,../data/results/vary_B2/B_81_n_12/phi_2.0/results_seed_73.pt,12.0,12.0
vary_B2,81,12,2.0,74,GPArealModel,7.949257850646973,,0.4088119952410948,5.553450048181312,1.0944325319393344,,,13.584361791796724,../data/results/vary_B2/B_81_n_12/phi_2.0/results_seed_74.pt,,
vary_B2,81,12,2.0,74,GPmodel,7.940211296081543,,0.6530947765623522,2.496647472883402,1.1933143412817893,,,3.822795040598587,../data/results/vary_B2/B_81_n_12/phi_2.0/results_seed_74.pt,,
vary_B2,81,12,2.0,74,VI_best_tau_by_ELBO,8.034076690673828,,0.22410595417022705,2.916053421250129,2.7157295209750565,-2381.62431640625,0.3,,../data/results/vary_B2/B_81_n_12/phi_2.0/results_seed_74.pt,12.0,12.0
vary_B2,81,12,2.0,75,GPArealModel,8.107398986816406,,0.4686818790064037,6.276132610477802,0.9741905931246684,,,13.391028950773773,../data/results/vary_B2/B_81_n_12/phi_2.0/results_seed_75.pt,,
vary_B2,81,12,2.0,75,GPmodel,8.006756782531738,,0.5394942958453758,3.3159504585161343,1.1395618309471498,,,6.146405039037739,../data/results/vary_B2/B_81_n_12/phi_2.0/results_seed_75.pt,,
vary_B2,81,12,2.0,75,VI_best_tau_by_ELBO,8.084346771240234,,0.22416800260543823,4.2569851093846625,2.725379140174062,-2434.264404296875,0.3,,../data/results/vary_B2/B_81_n_12/phi_2.0/results_seed_75.pt,12.0,12.0
vary_B2,81,12,2.0,77,GPArealModel,7.755064487457275,,0.20309360131994753,5.747175326583802,4.018243798527483,,,28.298160499551514,../data/results/vary_B2/B_81_n_12/phi_2.0/results_seed_77.pt,,
vary_B2,81,12,2.0,77,GPmodel,7.9209136962890625,,0.3918544795714502,3.5306997015765273,1.0350489965081593,,,9.010231822379216,../data/results/vary_B2/B_81_n_12/phi_2.0/results_seed_77.pt,,
vary_B2,81,12,2.0,77,VI_best_tau_by_ELBO,8.188186645507812,,0.22410044074058533,3.1854367575628735,2.02136912411745,-2380.183740234375,0.2,,../data/results/vary_B2/B_81_n_12/phi_2.0/results_seed_77.pt,12.0,12.0
vary_B2,81,12,2.0,78,GPArealModel,7.565271377563477,,0.20610480062542216,6.229433409914487,5.46101059066631,,,30.22459152339663,../data/results/vary_B2/B_81_n_12/phi_2.0/results_seed_78.pt,,
vary_B2,81,12,2.0,78,GPmodel,7.9764251708984375,,0.40038600765275567,3.8044421166229845,1.2880825597804888,,,9.501935741776665,../data/results/vary_B2/B_81_n_12/phi_2.0/results_seed_78.pt,,
vary_B2,81,12,2.0,78,VI_best_tau_by_ELBO,8.21883773803711,,0.22410058975219727,3.637572764072485,2.193807091965574,-2426.946044921875,0.2,,../data/results/vary_B2/B_81_n_12/phi_2.0/results_seed_78.pt,12.0,12.0
vary_B2,81,12,2.0,81,GPArealModel,8.029802322387695,,0.5867428245230383,5.186453938263785,1.136217490037171,,,8.839399003268323,../data/results/vary_B2/B_81_n_12/phi_2.0/results_seed_81.pt,,
vary_B2,81,12,2.0,81,GPmodel,7.932139873504639,,0.7274946435522319,2.4586740533320817,1.0558736824858819,,,3.3796455755698718,../data/results/vary_B2/B_81_n_12/phi_2.0/results_seed_81.pt,,
vary_B2,81,12,2.0,81,VI_best_tau_by_ELBO,8.051192283630371,,0.22403259575366974,3.0252274619601627,2.8235087240388577,-2374.267529296875,0.3,,../data/results/vary_B2/B_81_n_12/phi_2.0/results_seed_81.pt,12.0,12.0
vary_B2,81,12,2.0,88,GPArealModel,7.752071857452393,,0.35521652623431965,6.087946861402239,0.8268224520403092,,,17.138692633310384,../data/results/vary_B2/B_81_n_12/phi_2.0/results_seed_88.pt,,
vary_B2,81,12,2.0,88,GPmodel,7.919546127319336,,0.5352603756858045,2.5916923999151185,1.078809015387631,,,4.84192837288675,../data/results/vary_B2/B_81_n_12/phi_2.0/results_seed_88.pt,,
vary_B2,81,12,2.0,88,VI_best_tau_by_ELBO,8.202037811279297,,0.22405433654785156,2.820202936169733,2.1658026373428156,-2354.577783203125,0.2,,../data/results/vary_B2/B_81_n_12/phi_2.0/results_seed_88.pt,12.0,12.0
vary_B2,81,12,2.0,91,GPArealModel,8.177170753479004,,0.5886216514601771,5.279055459288568,0.6957866489840742,,,8.968503700455061,../data/results/vary_B2/B_81_n_12/phi_2.0/results_seed_91.pt,,
vary_B2,81,12,2.0,91,GPmodel,7.985630512237549,,0.7558554607259335,2.464709276986264,1.1828520007747405,,,3.260820891098842,../data/results/vary_B2/B_81_n_12/phi_2.0/results_seed_91.pt,,
vary_B2,81,12,2.0,91,VI_best_tau_by_ELBO,8.145975112915039,,0.2241480052471161,3.0784829319985567,3.037970736945346,-2413.587646484375,0.3,,../data/results/vary_B2/B_81_n_12/phi_2.0/results_seed_91.pt,12.0,12.0
vary_B2,81,12,2.0,92,GPArealModel,7.9632568359375,,0.4173474131767206,4.844738434223966,1.3655070863577756,,,11.60840652478783,../data/results/vary_B2/B_81_n_12/phi_2.0/results_seed_92.pt,,
vary_B2,81,12,2.0,92,GPmodel,7.908457279205322,,0.5828664533677883,2.672314538798504,1.097328620467927,,,4.584780138499883,../data/results/vary_B2/B_81_n_12/phi_2.0/results_seed_92.pt,,
vary_B2,81,12,2.0,92,VI_best_tau_by_ELBO,7.979298114776611,,0.22415857017040253,3.4952359110073954,2.523780685924938,-2378.174609375,0.3,,../data/results/vary_B2/B_81_n_12/phi_2.0/results_seed_92.pt,12.0,12.0
vary_B2,81,12,2.0,94,GPArealModel,7.426476955413818,,0.5394675424123496,4.198574543673135,0.8083655952474025,,,7.782812150103175,../data/results/vary_B2/B_81_n_12/phi_2.0/results_seed_94.pt,,
vary_B2,81,12,2.0,94,GPmodel,7.939268589019775,,0.6411067266361938,2.500532992747792,1.08828223625322,,,3.900338101064348,../data/results/vary_B2/B_81_n_12/phi_2.0/results_seed_94.pt,,
vary_B2,81,12,2.0,94,VI_best_tau_by_ELBO,8.198277473449707,,0.2240431308746338,2.4613376067756647,2.4922731580795197,-2376.343603515625,0.2,,../data/results/vary_B2/B_81_n_12/phi_2.0/results_seed_94.pt,12.0,12.0
vary_B2,81,12,2.0,96,GPArealModel,7.3657450675964355,,0.2756267691973559,5.597780319823474,0.39170056812234777,,,20.30927669371373,../data/results/vary_B2/B_81_n_12/phi_2.0/results_seed_96.pt,,
vary_B2,81,12,2.0,96,GPmodel,7.9591546058654785,,0.527750772344595,2.9252616431861393,1.1609896461030051,,,5.542884627511429,../data/results/vary_B2/B_81_n_12/phi_2.0/results_seed_96.pt,,
vary_B2,81,12,2.0,96,VI_best_tau_by_ELBO,7.939792633056641,,0.224167138338089,3.73395395681947,2.5918471525684135,-2405.439599609375,0.3,,../data/results/vary_B2/B_81_n_12/phi_2.0/results_seed_96.pt,12.0,12.0
vary_B2,81,12,2.0,97,GPArealModel,8.265239715576172,,0.3953978667597967,6.626403905416798,1.2406302533874332,,,16.758825634844214,../data/results/vary_B2/B_81_n_12/phi_2.0/results_seed_97.pt,,
vary_B2,81,12,2.0,97,GPmodel,7.975807189941406,,0.47126682420145577,3.6921522891632113,1.2042089630873312,,,7.834526216479224,../data/results/vary_B2/B_81_n_12/phi_2.0/results_seed_97.pt,,
vary_B2,81,12,2.0,97,VI_best_tau_by_ELBO,8.09953498840332,,0.2241823822259903,5.062210815907802,2.6089191299152237,-2447.035888671875,0.3,,../data/results/vary_B2/B_81_n_12/phi_2.0/results_seed_97.pt,12.0,12.0
vary_B2,81,12,2.0,98,GPArealModel,8.283117294311523,,0.5106892014894617,5.139035914671142,2.24264249899774,,,10.062942195924204,../data/results/vary_B2/B_81_n_12/phi_2.0/results_seed_98.pt,,
vary_B2,81,12,2.0,98,GPmodel,7.924232482910156,,0.8462153011540101,2.26228084327637,1.3601547385775523,,,2.6734104668058203,../data/results/vary_B2/B_81_n_12/phi_2.0/results_seed_98.pt,,
vary_B2,81,12,2.0,98,VI_best_tau_by_ELBO,8.387137413024902,,0.22404778003692627,2.602695078978561,2.447159483466682,-2372.4806640625,0.2,,../data/results/vary_B2/B_81_n_12/phi_2.0/results_seed_98.pt,12.0,12.0
vary_B2,81,12,2.0,100,GPArealModel,7.834728240966797,,0.35365548398786917,4.454825090190241,0.5611779040403223,,,12.596510705721297,../data/results/vary_B2/B_81_n_12/phi_2.0/results_seed_100.pt,,
vary_B2,81,12,2.0,100,GPmodel,7.944654941558838,,0.6862324618988689,1.9012287744719314,1.1350955555334965,,,2.770531678450557,../data/results/vary_B2/B_81_n_12/phi_2.0/results_seed_100.pt,,
vary_B2,81,12,2.0,100,VI_best_tau_by_ELBO,8.133627891540527,,0.2239903062582016,1.9304843667462248,2.3183990837101884,-2329.51533203125,0.2,,../data/results/vary_B2/B_81_n_12/phi_2.0/results_seed_100.pt,12.0,12.0
vary_B2,49,20,2.0,1,GPArealModel,7.0904622077941895,,0.5438643608466445,5.856479647395899,0.5584857657518276,,,10.768272512431226,../data/results/vary_B2/B_49_n_20/phi_2.0/results_seed_1.pt,,
vary_B2,49,20,2.0,1,GPmodel,7.918335914611816,,0.7548065786227828,2.5046296723380603,0.9573238729762389,,,3.3182403853819054,../data/results/vary_B2/B_49_n_20/phi_2.0/results_seed_1.pt,,
vary_B2,49,20,2.0,1,VI_best_tau_by_ELBO,7.314255237579346,,0.17918622493743896,0.7903325828251188,9.076535465331732,-3729.395166015625,0.6,,../data/results/vary_B2/B_49_n_20/phi_2.0/results_seed_1.pt,3.0,20.0
vary_B2,49,20,2.0,29,GPArealModel,8.87877368927002,,0.7021051379613775,3.81327386362701,1.7595010539335265,,,5.431200624309883,../data/results/vary_B2/B_49_n_20/phi_2.0/results_seed_29.pt,,
vary_B2,49,20,2.0,29,GPmodel,7.976151943206787,,0.8278378377898331,2.087255108004495,1.1635809911095194,,,2.5213333007066483,../data/results/vary_B2/B_49_n_20/phi_2.0/results_seed_29.pt,,
vary_B2,49,20,2.0,29,VI_best_tau_by_ELBO,7.482308864593506,,0.17918622493743896,0.6868907216379574,9.273990372942649,-3751.93759765625,0.6,,../data/results/vary_B2/B_49_n_20/phi_2.0/results_seed_29.pt,3.0,20.0
vary_B2,49,20,2.0,31,GPArealModel,8.5509614944458,,0.3314494021047941,5.0483813588803015,3.206149016948742,,,15.231227833936954,../data/results/vary_B2/B_49_n_20/phi_2.0/results_seed_31.pt,,
vary_B2,49,20,2.0,31,GPmodel,7.975470542907715,,0.5707616937214003,2.5515330730107797,1.1447065848848668,,,4.470399995442286,../data/results/vary_B2/B_49_n_20/phi_2.0/results_seed_31.pt,,
vary_B2,49,20,2.0,31,VI_best_tau_by_ELBO,7.592655658721924,,0.17918622493743896,0.8225836292704393,10.108006894040074,-3800.847802734375,0.6,,../data/results/vary_B2/B_49_n_20/phi_2.0/results_seed_31.pt,2.0,20.0
vary_B2,49,20,2.0,65,GPArealModel,7.193376064300537,,0.6768632648789142,3.516310598143717,0.8123030627395523,,,5.195008771487634,../data/results/vary_B2/B_49_n_20/phi_2.0/results_seed_65.pt,,
vary_B2,49,20,2.0,65,GPmodel,7.954140663146973,,0.8794606083681477,1.8200815436058562,1.087347203937024,,,2.069542997477789,../data/results/vary_B2/B_49_n_20/phi_2.0/results_seed_65.pt,,
vary_B2,49,20,2.0,65,VI_best_tau_by_ELBO,7.481886386871338,,0.17918622493743896,0.597578854776311,8.05748221382386,-3690.4896484375,0.6,,../data/results/vary_B2/B_49_n_20/phi_2.0/results_seed_65.pt,1.0,20.0
vary_B2,49,20,2.0,94,GPArealModel,8.059643745422363,,0.4028264380811592,3.159200471436954,9.06573234260437,,,7.842584728265666,../data/results/vary_B2/B_49_n_20/phi_2.0/results_seed_94.pt,,
vary_B2,49,20,2.0,94,GPmodel,7.9506635665893555,,0.7063473441670164,2.125268492418348,1.0450188936867257,,,3.0088150114369605,../data/results/vary_B2/B_49_n_20/phi_2.0/results_seed_94.pt,,
vary_B2,49,20,2.0,94,VI_best_tau_by_ELBO,7.551214694976807,,0.17918622493743896,0.6402949159848765,8.643745168102125,-3725.401123046875,0.6,,../data/results/vary_B2/B_49_n_20/phi_2.0/results_seed_94.pt,2.0,20.0
vary_B2,49,20,2.0,99,GPArealModel,7.552861213684082,,0.7775807042973805,4.014606870355876,1.140943546144807,,,5.162945592873813,../data/results/vary_B2/B_49_n_20/phi_2.0/results_seed_99.pt,,
vary_B2,49,20,2.0,99,GPmodel,7.909342288970947,,0.7896506164026474,2.0116529111385626,1.0232041034185706,,,2.5475227516479375,../data/results/vary_B2/B_49_n_20/phi_2.0/results_seed_99.pt,,
vary_B2,49,20,2.0,99,VI_best_tau_by_ELBO,7.429290771484375,,0.17918622493743896,0.6516073847372725,8.629454131312615,-3717.511865234375,0.6,,../data/results/vary_B2/B_49_n_20/phi_2.0/results_seed_99.pt,3.0,20.0
