EXP_FOLDER,B,n_i,phi_true,seed,method,Beta,Beta_vec,Phi,Sigmasq,Tausq,ELBO,tau_selected,Sigmasq_phi,results_path,n_correct_perm_s,n_correct_perm_x
vary_B2_annealed,49,6,2.0,1,GPArealModel,7.942017078399658,,0.40630512636387556,6.0611297765879515,2.071590860000965,,,14.917679800967543,../data/results/vary_B2_annealed/B_49_n_6/phi_2.0/results_seed_1.pt,,
vary_B2_annealed,49,6,2.0,1,GPmodel,7.971279621124268,,0.49125060406322774,3.622824952334162,1.2517780548018644,,,7.374698213842555,../data/results/vary_B2_annealed/B_49_n_6/phi_2.0/results_seed_1.pt,,
vary_B2_annealed,49,6,2.0,1,VI_best_tau_by_ELBO,8.152761459350586,,0.26239243149757385,4.130246099097365,2.3000146133454185,-680.0626098632813,0.9,,../data/results/vary_B2_annealed/B_49_n_6/phi_2.0/results_seed_1.pt,6.0,6.0
vary_B2_annealed,49,6,2.0,2,GPArealModel,7.920609951019287,,0.26928303235325896,5.244218272286124,1.326644266984523,,,19.474744570636357,../data/results/vary_B2_annealed/B_49_n_6/phi_2.0/results_seed_2.pt,,
vary_B2_annealed,49,6,2.0,2,GPmodel,7.87849760055542,,0.42400744201412754,3.268677726350655,1.0033063358546561,,,7.709010273083239,../data/results/vary_B2_annealed/B_49_n_6/phi_2.0/results_seed_2.pt,,
vary_B2_annealed,49,6,2.0,2,VI_best_tau_by_ELBO,8.222554206848145,,0.26183634996414185,2.44998417514224,1.88165851360637,-666.0543334960937,0.9,,../data/results/vary_B2_annealed/B_49_n_6/phi_2.0/results_seed_2.pt,6.0,6.0
vary_B2_annealed,49,6,2.0,3,GPArealModel,7.685615539550781,,0.6096719737225375,4.141344558988413,1.3913552158505849,,,6.792742224482086,../data/results/vary_B2_annealed/B_49_n_6/phi_2.0/results_seed_3.pt,,
vary_B2_annealed,49,6,2.0,3,GPmodel,7.733549118041992,,0.6179218550584864,2.92552144990267,0.8971494199020217,,,4.734452141405112,../data/results/vary_B2_annealed/B_49_n_6/phi_2.0/results_seed_3.pt,,
vary_B2_annealed,49,6,2.0,3,VI_best_tau_by_ELBO,7.882967472076416,,0.2627658545970917,3.2207710950199995,2.1669001125620295,-656.5922485351563,0.9,,../data/results/vary_B2_annealed/B_49_n_6/phi_2.0/results_seed_3.pt,6.0,6.0
vary_B2_annealed,49,6,2.0,4,GPArealModel,8.396634101867676,,0.41842221233378635,4.662007897851932,0.9742670803109337,,,11.14187478683117,../data/results/vary_B2_annealed/B_49_n_6/phi_2.0/results_seed_4.pt,,
vary_B2_annealed,49,6,2.0,4,GPmodel,8.030669212341309,,0.4684686670186425,3.6674759889886843,1.0795433773620795,,,7.828647350800814,../data/results/vary_B2_annealed/B_49_n_6/phi_2.0/results_seed_4.pt,,
vary_B2_annealed,49,6,2.0,4,VI_best_tau_by_ELBO,8.2545166015625,,0.2626485824584961,3.5109732103706794,2.214045697577109,-670.1960693359375,0.9,,../data/results/vary_B2_annealed/B_49_n_6/phi_2.0/results_seed_4.pt,6.0,6.0
vary_B2_annealed,49,6,2.0,5,GPArealModel,8.066097259521484,,0.6898455859607813,3.1886256902822385,1.477707019202822,,,4.622231054564604,../data/results/vary_B2_annealed/B_49_n_6/phi_2.0/results_seed_5.pt,,
vary_B2_annealed,49,6,2.0,5,GPmodel,7.8607401847839355,,1.7333899295943347,1.9791861658073033,1.777461976690719,,,1.1418008908535038,../data/results/vary_B2_annealed/B_49_n_6/phi_2.0/results_seed_5.pt,,
vary_B2_annealed,49,6,2.0,5,VI_best_tau_by_ELBO,8.253201484680176,,0.2626771032810211,1.9720646977669405,2.157700974022502,-653.5338623046875,0.9,,../data/results/vary_B2_annealed/B_49_n_6/phi_2.0/results_seed_5.pt,6.0,6.0
vary_B2_annealed,49,6,2.0,6,GPArealModel,7.7071733474731445,,0.4685376696068436,3.1326022889702485,2.5527305530493978,,,6.685913411399468,../data/results/vary_B2_annealed/B_49_n_6/phi_2.0/results_seed_6.pt,,
vary_B2_annealed,49,6,2.0,6,GPmodel,7.9602179527282715,,0.5945166967779656,2.7518228219874183,0.9785608213026606,,,4.628672057321786,../data/results/vary_B2_annealed/B_49_n_6/phi_2.0/results_seed_6.pt,,
vary_B2_annealed,49,6,2.0,6,VI_best_tau_by_ELBO,8.032798767089844,,0.26271823048591614,2.210591842996022,2.3471303283148317,-658.2077392578125,0.9,,../data/results/vary_B2_annealed/B_49_n_6/phi_2.0/results_seed_6.pt,6.0,6.0
vary_B2_annealed,49,6,2.0,7,GPArealModel,7.204721927642822,,0.6048922606472158,3.873663118409504,0.6884905384887469,,,6.403889370753076,../data/results/vary_B2_annealed/B_49_n_6/phi_2.0/results_seed_7.pt,,
vary_B2_annealed,49,6,2.0,7,GPmodel,7.887331485748291,,0.7452546363466893,2.1403176676110336,0.9632589482550061,,,2.8719280138974765,../data/results/vary_B2_annealed/B_49_n_6/phi_2.0/results_seed_7.pt,,
vary_B2_annealed,49,6,2.0,7,VI_best_tau_by_ELBO,7.978217124938965,,0.26248571276664734,2.554290792372519,2.2157658362209105,-650.852880859375,0.9,,../data/results/vary_B2_annealed/B_49_n_6/phi_2.0/results_seed_7.pt,6.0,6.0
vary_B2_annealed,49,6,2.0,8,GPArealModel,7.883216857910156,,0.7365940648267655,3.4909517374950028,1.4130194578563395,,,4.739315593475514,../data/results/vary_B2_annealed/B_49_n_6/phi_2.0/results_seed_8.pt,,
vary_B2_annealed,49,6,2.0,8,GPmodel,7.9283037185668945,,0.7488356087682266,2.086429810199682,1.1941892048031562,,,2.7862320992342875,../data/results/vary_B2_annealed/B_49_n_6/phi_2.0/results_seed_8.pt,,
vary_B2_annealed,49,6,2.0,8,VI_best_tau_by_ELBO,8.07447338104248,,0.26302841305732727,2.8944061717947895,2.024485165741573,-652.8781372070313,0.9,,../data/results/vary_B2_annealed/B_49_n_6/phi_2.0/results_seed_8.pt,6.0,6.0
vary_B2_annealed,49,6,2.0,9,GPArealModel,7.724524974822998,,0.32825820087502283,5.520271652962691,0.8101060538323605,,,16.816858309244235,../data/results/vary_B2_annealed/B_49_n_6/phi_2.0/results_seed_9.pt,,
vary_B2_annealed,49,6,2.0,9,GPmodel,7.961733341217041,,0.4141214342157676,3.3052718764077937,1.2092408194443496,,,7.981407392416362,../data/results/vary_B2_annealed/B_49_n_6/phi_2.0/results_seed_9.pt,,
vary_B2_annealed,49,6,2.0,9,VI_best_tau_by_ELBO,8.233176231384277,,0.262138694524765,3.189673453141042,1.9581617581199735,-659.25966796875,0.9,,../data/results/vary_B2_annealed/B_49_n_6/phi_2.0/results_seed_9.pt,6.0,6.0
vary_B2_annealed,49,6,2.0,10,GPArealModel,7.83892822265625,,0.21648575680013893,7.918825934578974,3.2371146042096233,,,36.578969682008626,../data/results/vary_B2_annealed/B_49_n_6/phi_2.0/results_seed_10.pt,,
vary_B2_annealed,49,6,2.0,10,GPmodel,7.948287487030029,,0.2903696137260162,5.497677856495412,1.0136119317129115,,,18.93337868914497,../data/results/vary_B2_annealed/B_49_n_6/phi_2.0/results_seed_10.pt,,
vary_B2_annealed,49,6,2.0,10,VI_best_tau_by_ELBO,8.069793701171875,,0.26176053285598755,5.185541861845483,1.8795009772309206,-681.11162109375,0.9,,../data/results/vary_B2_annealed/B_49_n_6/phi_2.0/results_seed_10.pt,6.0,6.0
vary_B2_annealed,49,6,2.0,11,GPArealModel,8.305359840393066,,0.43635393139373846,2.9013343879032556,3.5680726825301394,,,6.649039183940051,../data/results/vary_B2_annealed/B_49_n_6/phi_2.0/results_seed_11.pt,,
vary_B2_annealed,49,6,2.0,11,GPmodel,7.988131999969482,,0.7240607796904114,2.3383500677922626,1.3325009347568433,,,3.2294941714590277,../data/results/vary_B2_annealed/B_49_n_6/phi_2.0/results_seed_11.pt,,
vary_B2_annealed,49,6,2.0,11,VI_best_tau_by_ELBO,8.360424041748047,,0.26247158646583557,1.9208118770319986,2.5797185564922356,-661.695458984375,0.9,,../data/results/vary_B2_annealed/B_49_n_6/phi_2.0/results_seed_11.pt,6.0,6.0
vary_B2_annealed,49,6,2.0,12,GPArealModel,7.784634590148926,,0.26686932355537557,6.88067432533641,0.9847364981845762,,,25.782934635080547,../data/results/vary_B2_annealed/B_49_n_6/phi_2.0/results_seed_12.pt,,
vary_B2_annealed,49,6,2.0,12,GPmodel,8.005237579345703,,0.32190185982630054,4.2715765519313935,1.0555850234828443,,,13.269810103726497,../data/results/vary_B2_annealed/B_49_n_6/phi_2.0/results_seed_12.pt,,
vary_B2_annealed,49,6,2.0,12,VI_best_tau_by_ELBO,8.231284141540527,,0.2619509994983673,4.0529862860145025,1.9440328087568448,-668.9088500976562,0.9,,../data/results/vary_B2_annealed/B_49_n_6/phi_2.0/results_seed_12.pt,6.0,6.0
vary_B2_annealed,49,6,2.0,13,GPArealModel,7.481413841247559,,0.4583402896873406,5.256388599543949,2.1453232202504218,,,11.46831015691338,../data/results/vary_B2_annealed/B_49_n_6/phi_2.0/results_seed_13.pt,,
vary_B2_annealed,49,6,2.0,13,GPmodel,7.909404277801514,,0.620607665386691,2.977487875898735,1.3970354607930053,,,4.7976975502606924,../data/results/vary_B2_annealed/B_49_n_6/phi_2.0/results_seed_13.pt,,
vary_B2_annealed,49,6,2.0,13,VI_best_tau_by_ELBO,8.140693664550781,,0.26242804527282715,3.332752225172185,2.322826346332777,-686.2358764648437,0.9,,../data/results/vary_B2_annealed/B_49_n_6/phi_2.0/results_seed_13.pt,6.0,6.0
vary_B2_annealed,49,6,2.0,14,GPArealModel,8.226574897766113,,0.5328405197589101,3.665716692334457,0.9973691916515622,,,6.879575701174252,../data/results/vary_B2_annealed/B_49_n_6/phi_2.0/results_seed_14.pt,,
vary_B2_annealed,49,6,2.0,14,GPmodel,7.968088150024414,,0.5537008095424278,2.7358330833002182,1.2489400413496337,,,4.9409952742548455,../data/results/vary_B2_annealed/B_49_n_6/phi_2.0/results_seed_14.pt,,
vary_B2_annealed,49,6,2.0,14,VI_best_tau_by_ELBO,8.321898460388184,,0.26267459988594055,2.270226449202708,2.3204764301527208,-665.459521484375,0.9,,../data/results/vary_B2_annealed/B_49_n_6/phi_2.0/results_seed_14.pt,6.0,6.0
vary_B2_annealed,49,6,2.0,15,GPArealModel,8.087695121765137,,0.32527197350946185,4.738299744259779,1.641395097712075,,,14.56719339553534,../data/results/vary_B2_annealed/B_49_n_6/phi_2.0/results_seed_15.pt,,
vary_B2_annealed,49,6,2.0,15,GPmodel,7.901553153991699,,0.5972460186678376,2.4905157846308157,1.2381489582863239,,,4.169999810439813,../data/results/vary_B2_annealed/B_49_n_6/phi_2.0/results_seed_15.pt,,
vary_B2_annealed,49,6,2.0,15,VI_best_tau_by_ELBO,8.111228942871094,,0.26201876997947693,2.7139524529030843,2.2382496253502526,-657.8040283203125,0.9,,../data/results/vary_B2_annealed/B_49_n_6/phi_2.0/results_seed_15.pt,6.0,6.0
vary_B2_annealed,49,6,2.0,16,GPArealModel,8.518096923828125,,0.40849295959910353,5.1904185858932435,1.2111945304142526,,,12.706262039343686,../data/results/vary_B2_annealed/B_49_n_6/phi_2.0/results_seed_16.pt,,
vary_B2_annealed,49,6,2.0,16,GPmodel,7.959953784942627,,0.5251186694894288,3.4362248803549287,0.9024786770923331,,,6.543711126660112,../data/results/vary_B2_annealed/B_49_n_6/phi_2.0/results_seed_16.pt,,
vary_B2_annealed,49,6,2.0,16,VI_best_tau_by_ELBO,8.323826789855957,,0.2622716426849365,3.485320272060554,2.1339365327953885,-659.1960815429687,0.9,,../data/results/vary_B2_annealed/B_49_n_6/phi_2.0/results_seed_16.pt,6.0,6.0
vary_B2_annealed,49,6,2.0,17,GPArealModel,8.070465087890625,,0.6929265094085378,2.704297815213547,2.4551373092821263,,,3.9027195214711266,../data/results/vary_B2_annealed/B_49_n_6/phi_2.0/results_seed_17.pt,,
vary_B2_annealed,49,6,2.0,17,GPmodel,7.970537185668945,,0.7887221337826489,2.1388118170912094,0.8469994638024073,,,2.7117431164682007,../data/results/vary_B2_annealed/B_49_n_6/phi_2.0/results_seed_17.pt,,
vary_B2_annealed,49,6,2.0,17,VI_best_tau_by_ELBO,8.043058395385742,,0.2630176544189453,2.289607722330061,2.130802475696227,-641.6328735351562,0.9,,../data/results/vary_B2_annealed/B_49_n_6/phi_2.0/results_seed_17.pt,6.0,6.0
vary_B2_annealed,49,6,2.0,18,GPArealModel,7.9016218185424805,,0.6767449658677267,4.788197343629807,1.3798790554880696,,,7.0753350008157785,../data/results/vary_B2_annealed/B_49_n_6/phi_2.0/results_seed_18.pt,,
vary_B2_annealed,49,6,2.0,18,GPmodel,8.036919593811035,,0.5548008393623021,3.2528249222472643,1.2940271581960934,,,5.863049749503117,../data/results/vary_B2_annealed/B_49_n_6/phi_2.0/results_seed_18.pt,,
vary_B2_annealed,49,6,2.0,18,VI_best_tau_by_ELBO,8.268879890441895,,0.26265326142311096,3.532957981744097,2.6017250515352286,-678.8438232421875,0.9,,../data/results/vary_B2_annealed/B_49_n_6/phi_2.0/results_seed_18.pt,6.0,6.0
vary_B2_annealed,49,6,2.0,19,GPArealModel,7.832901954650879,,0.33176030851452937,4.2744831017727885,1.1019217855411954,,,12.884251045316315,../data/results/vary_B2_annealed/B_49_n_6/phi_2.0/results_seed_19.pt,,
vary_B2_annealed,49,6,2.0,19,GPmodel,7.922335624694824,,0.5451085138085717,2.1301156902043386,1.0620515959955228,,,3.907691104146616,../data/results/vary_B2_annealed/B_49_n_6/phi_2.0/results_seed_19.pt,,
vary_B2_annealed,49,6,2.0,19,VI_best_tau_by_ELBO,8.124061584472656,,0.26194772124290466,2.2789441160271218,1.8487977035073366,-637.9449584960937,0.9,,../data/results/vary_B2_annealed/B_49_n_6/phi_2.0/results_seed_19.pt,6.0,6.0
vary_B2_annealed,49,6,2.0,20,GPArealModel,7.335992813110352,,0.605308291018809,3.1433648417867976,0.6603238932502514,,,5.1929981604846756,../data/results/vary_B2_annealed/B_49_n_6/phi_2.0/results_seed_20.pt,,
vary_B2_annealed,49,6,2.0,20,GPmodel,7.93080472946167,,0.8964666462788915,1.965241018326302,1.2459537593709105,,,2.1922076258874155,../data/results/vary_B2_annealed/B_49_n_6/phi_2.0/results_seed_20.pt,,
vary_B2_annealed,49,6,2.0,20,VI_best_tau_by_ELBO,8.053314208984375,,0.26256898045539856,1.5958768516921737,2.5324198613829356,-657.0263305664063,0.9,,../data/results/vary_B2_annealed/B_49_n_6/phi_2.0/results_seed_20.pt,6.0,6.0
vary_B2_annealed,49,6,2.0,21,GPArealModel,8.274618148803711,,0.909774091227136,2.0453544619062725,1.288966858636719,,,2.2482003847212497,../data/results/vary_B2_annealed/B_49_n_6/phi_2.0/results_seed_21.pt,,
vary_B2_annealed,49,6,2.0,21,GPmodel,8.040122985839844,,0.8275946249670215,1.698875654236832,0.9851855952163096,,,2.052787201589824,../data/results/vary_B2_annealed/B_49_n_6/phi_2.0/results_seed_21.pt,,
vary_B2_annealed,49,6,2.0,21,VI_best_tau_by_ELBO,8.271271705627441,,0.2629501521587372,1.2244696750941138,2.1610787957600746,-630.9625854492188,0.9,,../data/results/vary_B2_annealed/B_49_n_6/phi_2.0/results_seed_21.pt,6.0,6.0
vary_B2_annealed,49,6,2.0,22,GPArealModel,8.348539352416992,,1.2758664376535056,3.143479507674792,1.7855837844472264,,,2.4637998264583905,../data/results/vary_B2_annealed/B_49_n_6/phi_2.0/results_seed_22.pt,,
vary_B2_annealed,49,6,2.0,22,GPmodel,8.036627769470215,,0.7405652841309428,2.613220552430878,1.0970746542920407,,,3.5286835724381893,../data/results/vary_B2_annealed/B_49_n_6/phi_2.0/results_seed_22.pt,,
vary_B2_annealed,49,6,2.0,22,VI_best_tau_by_ELBO,8.419607162475586,,0.2631911337375641,1.9525071287057238,2.4921153523512363,-660.80986328125,0.9,,../data/results/vary_B2_annealed/B_49_n_6/phi_2.0/results_seed_22.pt,6.0,6.0
vary_B2_annealed,49,6,2.0,23,GPArealModel,7.507721424102783,,1.203869813308181,2.9025084946486577,1.159474973790301,,,2.410982036897073,../data/results/vary_B2_annealed/B_49_n_6/phi_2.0/results_seed_23.pt,,
vary_B2_annealed,49,6,2.0,23,GPmodel,7.890585422515869,,1.511768322301111,1.6575180350137282,1.5092078998147729,,,1.0964100851714944,../data/results/vary_B2_annealed/B_49_n_6/phi_2.0/results_seed_23.pt,,
vary_B2_annealed,49,6,2.0,23,VI_best_tau_by_ELBO,8.004961967468262,,0.2626342475414276,1.2985080141959169,2.4515401329755946,-649.2686767578125,0.9,,../data/results/vary_B2_annealed/B_49_n_6/phi_2.0/results_seed_23.pt,6.0,6.0
vary_B2_annealed,49,6,2.0,24,GPArealModel,8.350799560546875,,0.4954248559963551,4.821706281793812,2.241454604110498,,,9.732467443719226,../data/results/vary_B2_annealed/B_49_n_6/phi_2.0/results_seed_24.pt,,
vary_B2_annealed,49,6,2.0,24,GPmodel,8.037054061889648,,0.4467667376182145,4.090220578775017,1.154332164915235,,,9.15515913422884,../data/results/vary_B2_annealed/B_49_n_6/phi_2.0/results_seed_24.pt,,
vary_B2_annealed,49,6,2.0,24,VI_best_tau_by_ELBO,8.34103012084961,,0.26273274421691895,3.9282310115075294,2.4154742460884027,-681.0298583984375,0.9,,../data/results/vary_B2_annealed/B_49_n_6/phi_2.0/results_seed_24.pt,6.0,6.0
vary_B2_annealed,49,6,2.0,25,GPArealModel,8.495223045349121,,0.23170988466496462,3.665072629372378,2.623412756438053,,,15.817506597406505,../data/results/vary_B2_annealed/B_49_n_6/phi_2.0/results_seed_25.pt,,
vary_B2_annealed,49,6,2.0,25,GPmodel,7.993151664733887,,0.44118678018987834,2.869698828795049,0.9812060240725274,,,6.5044986786775105,../data/results/vary_B2_annealed/B_49_n_6/phi_2.0/results_seed_25.pt,,
vary_B2_annealed,49,6,2.0,25,VI_best_tau_by_ELBO,8.451435089111328,,0.26194313168525696,1.9792688096899598,1.978543782217873,-637.823291015625,0.9,,../data/results/vary_B2_annealed/B_49_n_6/phi_2.0/results_seed_25.pt,6.0,6.0
vary_B2_annealed,49,6,2.0,26,GPArealModel,8.533292770385742,,0.18114577621731529,7.898151103373854,1.52374128896872,,,43.60107791803367,../data/results/vary_B2_annealed/B_49_n_6/phi_2.0/results_seed_26.pt,,
vary_B2_annealed,49,6,2.0,26,GPmodel,7.9632792472839355,,0.29530407550183796,4.71739572932872,1.0050514811853066,,,15.974705805573478,../data/results/vary_B2_annealed/B_49_n_6/phi_2.0/results_seed_26.pt,,
vary_B2_annealed,49,6,2.0,26,VI_best_tau_by_ELBO,8.279500007629395,,0.26130911707878113,3.5001796798131632,1.9796234903720697,-666.1830932617188,0.9,,../data/results/vary_B2_annealed/B_49_n_6/phi_2.0/results_seed_26.pt,6.0,6.0
vary_B2_annealed,49,6,2.0,27,GPArealModel,8.350028038024902,,0.5010126032595545,3.8410048044879948,0.8109120353808728,,,7.6664833968221044,../data/results/vary_B2_annealed/B_49_n_6/phi_2.0/results_seed_27.pt,,
vary_B2_annealed,49,6,2.0,27,GPmodel,8.007781028747559,,0.6252447029280306,2.0569860558677764,0.8132265006574368,,,3.289889616393196,../data/results/vary_B2_annealed/B_49_n_6/phi_2.0/results_seed_27.pt,,
vary_B2_annealed,49,6,2.0,27,VI_best_tau_by_ELBO,8.080971717834473,,0.26256871223449707,2.200807418666581,2.3221107185254106,-683.314306640625,0.9,,../data/results/vary_B2_annealed/B_49_n_6/phi_2.0/results_seed_27.pt,6.0,6.0
vary_B2_annealed,49,6,2.0,28,GPArealModel,7.519942283630371,,0.6552731826643599,2.969557289404932,0.63366840737738,,,4.531785166807262,../data/results/vary_B2_annealed/B_49_n_6/phi_2.0/results_seed_28.pt,,
vary_B2_annealed,49,6,2.0,28,GPmodel,7.959469318389893,,0.7147438969758857,2.1818802624442846,0.9041784059776118,,,3.0526742119462935,../data/results/vary_B2_annealed/B_49_n_6/phi_2.0/results_seed_28.pt,,
vary_B2_annealed,49,6,2.0,28,VI_best_tau_by_ELBO,8.042978286743164,,0.2626761496067047,2.4685324290939428,2.0679268650940066,-644.0397705078125,0.9,,../data/results/vary_B2_annealed/B_49_n_6/phi_2.0/results_seed_28.pt,6.0,6.0
vary_B2_annealed,49,6,2.0,29,GPArealModel,8.024543762207031,,0.2406004970164609,5.625449648121493,2.5493569302000174,,,23.38087293201486,../data/results/vary_B2_annealed/B_49_n_6/phi_2.0/results_seed_29.pt,,
vary_B2_annealed,49,6,2.0,29,GPmodel,7.996258735656738,,0.32623483287200905,4.765105081362618,1.1542281730208577,,,14.606365112557127,../data/results/vary_B2_annealed/B_49_n_6/phi_2.0/results_seed_29.pt,,
vary_B2_annealed,49,6,2.0,29,VI_best_tau_by_ELBO,8.295713424682617,,0.2626313865184784,4.906937052826617,1.7224060518132915,-671.3765502929688,0.9,,../data/results/vary_B2_annealed/B_49_n_6/phi_2.0/results_seed_29.pt,6.0,6.0
vary_B2_annealed,49,6,2.0,30,GPArealModel,7.619551658630371,,0.7594177273238119,3.550610803717593,0.9855498715744347,,,4.675438399667001,../data/results/vary_B2_annealed/B_49_n_6/phi_2.0/results_seed_30.pt,,
vary_B2_annealed,49,6,2.0,30,GPmodel,7.905383586883545,,0.7306173239121239,2.190330599668557,1.079855306508963,,,2.9979176895783572,../data/results/vary_B2_annealed/B_49_n_6/phi_2.0/results_seed_30.pt,,
vary_B2_annealed,49,6,2.0,30,VI_best_tau_by_ELBO,8.125483512878418,,0.26296812295913696,2.295048666033004,2.1603046811500044,-649.5401245117188,0.9,,../data/results/vary_B2_annealed/B_49_n_6/phi_2.0/results_seed_30.pt,6.0,6.0
vary_B2_annealed,49,6,2.0,31,GPArealModel,8.143547058105469,,1.2083447558177531,2.389806838717675,1.2641628469479678,,,1.9777524809965032,../data/results/vary_B2_annealed/B_49_n_6/phi_2.0/results_seed_31.pt,,
vary_B2_annealed,49,6,2.0,31,GPmodel,7.9661993980407715,,1.119297653670728,1.3837364435683512,1.0491209295370907,,,1.2362542162314003,../data/results/vary_B2_annealed/B_49_n_6/phi_2.0/results_seed_31.pt,,
vary_B2_annealed,49,6,2.0,31,VI_best_tau_by_ELBO,8.19802188873291,,0.2629164755344391,1.2340251653672571,1.9884604284977114,-624.4624145507812,0.9,,../data/results/vary_B2_annealed/B_49_n_6/phi_2.0/results_seed_31.pt,4.0,6.0
vary_B2_annealed,49,6,2.0,32,GPArealModel,7.467215538024902,,0.28129064688173616,7.868201375771701,0.7968017453748847,,,27.971784568719595,../data/results/vary_B2_annealed/B_49_n_6/phi_2.0/results_seed_32.pt,,
vary_B2_annealed,49,6,2.0,32,GPmodel,7.850864887237549,,0.37550052631135605,4.26568649221845,1.0601287511011366,,,11.360001367032558,../data/results/vary_B2_annealed/B_49_n_6/phi_2.0/results_seed_32.pt,,
vary_B2_annealed,49,6,2.0,32,VI_best_tau_by_ELBO,8.126708984375,,0.261874258518219,4.256567566628166,1.935837345527999,-670.4356689453125,0.9,,../data/results/vary_B2_annealed/B_49_n_6/phi_2.0/results_seed_32.pt,6.0,6.0
vary_B2_annealed,49,6,2.0,33,GPArealModel,8.306509971618652,,0.23368967476826563,7.713290717628939,2.7618552292783276,,,33.006553350196974,../data/results/vary_B2_annealed/B_49_n_6/phi_2.0/results_seed_33.pt,,
vary_B2_annealed,49,6,2.0,33,GPmodel,7.968324184417725,,0.393589294045197,4.494333550703637,1.1618283633572584,,,11.418840956043738,../data/results/vary_B2_annealed/B_49_n_6/phi_2.0/results_seed_33.pt,,
vary_B2_annealed,49,6,2.0,33,VI_best_tau_by_ELBO,8.241971969604492,,0.2614867091178894,3.5557005749754023,2.1287520954985886,-689.729638671875,0.9,,../data/results/vary_B2_annealed/B_49_n_6/phi_2.0/results_seed_33.pt,6.0,6.0
vary_B2_annealed,49,6,2.0,34,GPArealModel,8.313472747802734,,0.4751756430970117,4.2029407511094865,0.8645846686050092,,,8.845025649286942,../data/results/vary_B2_annealed/B_49_n_6/phi_2.0/results_seed_34.pt,,
vary_B2_annealed,49,6,2.0,34,GPmodel,7.931775093078613,,0.551354781993745,2.922416788140399,1.0114796998794489,,,5.300428841067988,../data/results/vary_B2_annealed/B_49_n_6/phi_2.0/results_seed_34.pt,,
vary_B2_annealed,49,6,2.0,34,VI_best_tau_by_ELBO,8.269674301147461,,0.26266366243362427,3.4504959764421845,1.9105568428222324,-657.0705810546875,0.9,,../data/results/vary_B2_annealed/B_49_n_6/phi_2.0/results_seed_34.pt,6.0,6.0
vary_B2_annealed,49,6,2.0,35,GPArealModel,7.272215366363525,,0.3204785505050778,5.106601185344041,0.8437374568353959,,,15.934299432195946,../data/results/vary_B2_annealed/B_49_n_6/phi_2.0/results_seed_35.pt,,
vary_B2_annealed,49,6,2.0,35,GPmodel,7.947581768035889,,0.43211971220102713,3.349200822520014,0.9814770271952777,,,7.7506318919372195,../data/results/vary_B2_annealed/B_49_n_6/phi_2.0/results_seed_35.pt,,
vary_B2_annealed,49,6,2.0,35,VI_best_tau_by_ELBO,8.035797119140625,,0.26230865716934204,3.115773497992065,2.099607495067056,-659.2412475585937,0.9,,../data/results/vary_B2_annealed/B_49_n_6/phi_2.0/results_seed_35.pt,6.0,6.0
vary_B2_annealed,49,6,2.0,36,GPArealModel,7.6093339920043945,,0.468634865721242,3.868822570263279,1.2144330907587595,,,8.255515868007503,../data/results/vary_B2_annealed/B_49_n_6/phi_2.0/results_seed_36.pt,,
vary_B2_annealed,49,6,2.0,36,GPmodel,7.94643497467041,,0.6046021284777503,2.4719125510510715,0.9599023393499223,,,4.088494622529335,../data/results/vary_B2_annealed/B_49_n_6/phi_2.0/results_seed_36.pt,,
vary_B2_annealed,49,6,2.0,36,VI_best_tau_by_ELBO,7.971836090087891,,0.26241928339004517,2.7310341502769937,2.065296212260973,-648.5932495117188,0.9,,../data/results/vary_B2_annealed/B_49_n_6/phi_2.0/results_seed_36.pt,6.0,6.0
vary_B2_annealed,49,6,2.0,37,GPArealModel,7.463987827301025,,0.5294303484122191,4.743845288672839,0.7460965494756735,,,8.96028212757316,../data/results/vary_B2_annealed/B_49_n_6/phi_2.0/results_seed_37.pt,,
vary_B2_annealed,49,6,2.0,37,GPmodel,7.912232398986816,,0.49657495024238063,3.335325161174052,0.935336579084661,,,6.716660112528962,../data/results/vary_B2_annealed/B_49_n_6/phi_2.0/results_seed_37.pt,,
vary_B2_annealed,49,6,2.0,37,VI_best_tau_by_ELBO,8.1758394241333,,0.26269039511680603,3.395790972177661,1.9927984782068147,-680.7823852539062,0.9,,../data/results/vary_B2_annealed/B_49_n_6/phi_2.0/results_seed_37.pt,6.0,6.0
vary_B2_annealed,49,6,2.0,38,GPArealModel,7.735944747924805,,0.5002482842154918,5.784502654842203,1.2622735220331525,,,11.563263358141603,../data/results/vary_B2_annealed/B_49_n_6/phi_2.0/results_seed_38.pt,,
vary_B2_annealed,49,6,2.0,38,GPmodel,7.951111316680908,,0.5806353935757114,3.0765067894868365,1.282367807063853,,,5.298517492261137,../data/results/vary_B2_annealed/B_49_n_6/phi_2.0/results_seed_38.pt,,
vary_B2_annealed,49,6,2.0,38,VI_best_tau_by_ELBO,8.058859825134277,,0.2624094784259796,3.1595420967953243,2.6202315291992857,-718.6533447265625,0.9,,../data/results/vary_B2_annealed/B_49_n_6/phi_2.0/results_seed_38.pt,6.0,6.0
vary_B2_annealed,49,6,2.0,39,GPArealModel,7.313007354736328,,0.32555519623642465,5.738686839633922,1.0095034688344637,,,17.627385174544635,../data/results/vary_B2_annealed/B_49_n_6/phi_2.0/results_seed_39.pt,,
vary_B2_annealed,49,6,2.0,39,GPmodel,7.90959358215332,,0.42848129590413503,3.560209455161983,0.8549795165067607,,,8.30890283705293,../data/results/vary_B2_annealed/B_49_n_6/phi_2.0/results_seed_39.pt,,
vary_B2_annealed,49,6,2.0,39,VI_best_tau_by_ELBO,7.990952491760254,,0.26177120208740234,3.1905010413992985,1.9536261065703073,-668.3072021484375,0.9,,../data/results/vary_B2_annealed/B_49_n_6/phi_2.0/results_seed_39.pt,6.0,6.0
vary_B2_annealed,49,6,2.0,40,GPArealModel,8.255967140197754,,0.6820088583652487,2.790782457355134,1.7693002304149303,,,4.092003238850213,../data/results/vary_B2_annealed/B_49_n_6/phi_2.0/results_seed_40.pt,,
vary_B2_annealed,49,6,2.0,40,GPmodel,7.972046375274658,,0.7165191529637719,2.03160319094215,0.9850880909276295,,,2.8353787648784183,../data/results/vary_B2_annealed/B_49_n_6/phi_2.0/results_seed_40.pt,,
vary_B2_annealed,49,6,2.0,40,VI_best_tau_by_ELBO,8.355847358703613,,0.2627706825733185,1.7670887157902337,2.0146146822595825,-638.6258544921875,0.9,,../data/results/vary_B2_annealed/B_49_n_6/phi_2.0/results_seed_40.pt,6.0,6.0
vary_B2_annealed,49,6,2.0,41,GPArealModel,8.25537395477295,,1.0525448112242353,2.7015939377131453,1.3274235343918144,,,2.566725814334564,../data/results/vary_B2_annealed/B_49_n_6/phi_2.0/results_seed_41.pt,,
vary_B2_annealed,49,6,2.0,41,GPmodel,7.983635902404785,,1.0519987841004892,1.8615041786150959,1.2733626929646418,,,1.76949270925895,../data/results/vary_B2_annealed/B_49_n_6/phi_2.0/results_seed_41.pt,,
vary_B2_annealed,49,6,2.0,41,VI_best_tau_by_ELBO,8.324942588806152,,0.26303380727767944,1.507822776966761,2.3441750737267926,-650.1265991210937,0.9,,../data/results/vary_B2_annealed/B_49_n_6/phi_2.0/results_seed_41.pt,6.0,6.0
vary_B2_annealed,49,6,2.0,42,GPArealModel,7.513697624206543,,0.6558456028271478,3.855161570581933,1.682452358440944,,,5.8781541783058735,../data/results/vary_B2_annealed/B_49_n_6/phi_2.0/results_seed_42.pt,,
vary_B2_annealed,49,6,2.0,42,GPmodel,7.850013732910156,,0.6159509363545796,2.4986557511597787,1.1367052402058493,,,4.056582438120358,../data/results/vary_B2_annealed/B_49_n_6/phi_2.0/results_seed_42.pt,,
vary_B2_annealed,49,6,2.0,42,VI_best_tau_by_ELBO,8.014005661010742,,0.2627358138561249,2.61415224382112,2.189821717185896,-660.4080444335938,0.9,,../data/results/vary_B2_annealed/B_49_n_6/phi_2.0/results_seed_42.pt,6.0,6.0
vary_B2_annealed,49,6,2.0,43,GPArealModel,7.598726749420166,,0.7396214645100796,3.3239140735790396,1.7331747313701622,,,4.494074649091989,../data/results/vary_B2_annealed/B_49_n_6/phi_2.0/results_seed_43.pt,,
vary_B2_annealed,49,6,2.0,43,GPmodel,7.93555212020874,,0.9174281618086612,2.028781143237385,1.303775288230515,,,2.2113787517027492,../data/results/vary_B2_annealed/B_49_n_6/phi_2.0/results_seed_43.pt,,
vary_B2_annealed,49,6,2.0,43,VI_best_tau_by_ELBO,8.071184158325195,,0.2627492845058441,2.081534655268759,2.473346937363642,-660.8883911132813,0.9,,../data/results/vary_B2_annealed/B_49_n_6/phi_2.0/results_seed_43.pt,6.0,6.0
vary_B2_annealed,49,6,2.0,44,GPArealModel,7.899849891662598,,0.31704586838765125,6.711233239207768,1.235520857161301,,,21.16801986204078,../data/results/vary_B2_annealed/B_49_n_6/phi_2.0/results_seed_44.pt,,
vary_B2_annealed,49,6,2.0,44,GPmodel,7.938287734985352,,0.42640490154886423,3.578188997509232,1.07317200760235,,,8.391528766465614,../data/results/vary_B2_annealed/B_49_n_6/phi_2.0/results_seed_44.pt,,
vary_B2_annealed,49,6,2.0,44,VI_best_tau_by_ELBO,8.188922882080078,,0.26182854175567627,2.631000202865653,2.3201850405463937,-661.2743530273438,0.9,,../data/results/vary_B2_annealed/B_49_n_6/phi_2.0/results_seed_44.pt,4.0,6.0
vary_B2_annealed,49,6,2.0,45,GPArealModel,7.818294048309326,,0.3344278317729485,6.867112730732372,1.4830897455520298,,,20.53391517783313,../data/results/vary_B2_annealed/B_49_n_6/phi_2.0/results_seed_45.pt,,
vary_B2_annealed,49,6,2.0,45,GPmodel,8.001014709472656,,0.4115858835265352,4.080604877139736,1.0302712131592804,,,9.914346046507829,../data/results/vary_B2_annealed/B_49_n_6/phi_2.0/results_seed_45.pt,,
vary_B2_annealed,49,6,2.0,45,VI_best_tau_by_ELBO,8.047229766845703,,0.2622494101524353,5.072588388598349,1.933006375395705,-672.0765014648438,0.9,,../data/results/vary_B2_annealed/B_49_n_6/phi_2.0/results_seed_45.pt,6.0,6.0
vary_B2_annealed,49,6,2.0,46,GPArealModel,7.738022804260254,,0.31401400720765443,5.913588233644314,1.0666667407706225,,,18.83224346018971,../data/results/vary_B2_annealed/B_49_n_6/phi_2.0/results_seed_46.pt,,
vary_B2_annealed,49,6,2.0,46,GPmodel,7.982769012451172,,0.40743883287376237,2.9413944367704707,1.0731193248688635,,,7.2192294878328624,../data/results/vary_B2_annealed/B_49_n_6/phi_2.0/results_seed_46.pt,,
vary_B2_annealed,49,6,2.0,46,VI_best_tau_by_ELBO,8.1334867477417,,0.2619355022907257,3.1035639601648057,1.8035259938745938,-652.6046997070313,0.9,,../data/results/vary_B2_annealed/B_49_n_6/phi_2.0/results_seed_46.pt,6.0,6.0
vary_B2_annealed,49,6,2.0,47,GPArealModel,8.097662925720215,,0.35992807369886126,5.059145428010126,1.5149476218622664,,,14.055990064956502,../data/results/vary_B2_annealed/B_49_n_6/phi_2.0/results_seed_47.pt,,
vary_B2_annealed,49,6,2.0,47,GPmodel,7.906621932983398,,0.564445461540631,2.729345774212217,1.3404379736331284,,,4.83544639859904,../data/results/vary_B2_annealed/B_49_n_6/phi_2.0/results_seed_47.pt,,
vary_B2_annealed,49,6,2.0,47,VI_best_tau_by_ELBO,8.344487190246582,,0.26230067014694214,2.7765464913265743,2.1456088275635268,-657.8621704101563,0.9,,../data/results/vary_B2_annealed/B_49_n_6/phi_2.0/results_seed_47.pt,6.0,6.0
vary_B2_annealed,49,6,2.0,48,GPArealModel,8.011336326599121,,0.4795424942009766,4.2703653092823375,1.3585032203015706,,,8.905082158355343,../data/results/vary_B2_annealed/B_49_n_6/phi_2.0/results_seed_48.pt,,
vary_B2_annealed,49,6,2.0,48,GPmodel,7.936772346496582,,0.5239186735313788,3.1050081739222954,1.0015631474704199,,,5.926507931075545,../data/results/vary_B2_annealed/B_49_n_6/phi_2.0/results_seed_48.pt,,
vary_B2_annealed,49,6,2.0,48,VI_best_tau_by_ELBO,8.091416358947754,,0.2627771496772766,3.7114020523186175,2.127815888892454,-663.315576171875,0.9,,../data/results/vary_B2_annealed/B_49_n_6/phi_2.0/results_seed_48.pt,6.0,6.0
vary_B2_annealed,49,6,2.0,49,GPArealModel,7.594232559204102,,0.6040095007872379,5.513988710794996,1.2397204249967164,,,9.12897678531268,../data/results/vary_B2_annealed/B_49_n_6/phi_2.0/results_seed_49.pt,,
vary_B2_annealed,49,6,2.0,49,GPmodel,7.9167914390563965,,0.5646776835825548,3.1768392923661937,1.013817759641093,,,5.6259338463864506,../data/results/vary_B2_annealed/B_49_n_6/phi_2.0/results_seed_49.pt,,
vary_B2_annealed,49,6,2.0,49,VI_best_tau_by_ELBO,8.043069839477539,,0.262332022190094,3.9916983832242474,2.02815583925554,-683.524267578125,0.9,,../data/results/vary_B2_annealed/B_49_n_6/phi_2.0/results_seed_49.pt,6.0,6.0
vary_B2_annealed,49,6,2.0,50,GPArealModel,7.137520790100098,,0.6547269399011807,1.6292603338468004,0.9133623248412284,,,2.488457759341181,../data/results/vary_B2_annealed/B_49_n_6/phi_2.0/results_seed_50.pt,,
vary_B2_annealed,49,6,2.0,50,GPmodel,7.860334873199463,,1.1979272544393418,1.2596275113741986,1.0130938036428632,,,1.0515058462074427,../data/results/vary_B2_annealed/B_49_n_6/phi_2.0/results_seed_50.pt,,
vary_B2_annealed,49,6,2.0,50,VI_best_tau_by_ELBO,7.830721378326416,,0.2626451849937439,0.9174933358465949,2.06621800604787,-619.4040283203125,0.9,,../data/results/vary_B2_annealed/B_49_n_6/phi_2.0/results_seed_50.pt,1.0,6.0
vary_B2_annealed,49,6,2.0,51,GPArealModel,7.974002361297607,,0.4699517055062696,5.1245366811706505,1.004358223503897,,,10.904390006735031,../data/results/vary_B2_annealed/B_49_n_6/phi_2.0/results_seed_51.pt,,
vary_B2_annealed,49,6,2.0,51,GPmodel,7.8375983238220215,,0.5069504703024534,3.05019501021845,1.2264004833396909,,,6.016751514992506,../data/results/vary_B2_annealed/B_49_n_6/phi_2.0/results_seed_51.pt,,
vary_B2_annealed,49,6,2.0,51,VI_best_tau_by_ELBO,7.975142002105713,,0.2623339593410492,3.5672212218193877,2.377676940959745,-669.8107055664062,0.9,,../data/results/vary_B2_annealed/B_49_n_6/phi_2.0/results_seed_51.pt,6.0,6.0
vary_B2_annealed,49,6,2.0,52,GPArealModel,7.725897312164307,,0.5441441252906233,3.5702536796511124,0.8284335848138081,,,6.561228016096409,../data/results/vary_B2_annealed/B_49_n_6/phi_2.0/results_seed_52.pt,,
vary_B2_annealed,49,6,2.0,52,GPmodel,7.901764392852783,,0.7011857798321053,2.122661076908462,1.1727176421697567,,,3.027244901367966,../data/results/vary_B2_annealed/B_49_n_6/phi_2.0/results_seed_52.pt,,
vary_B2_annealed,49,6,2.0,52,VI_best_tau_by_ELBO,8.066648483276367,,0.2626189589500427,2.2528729970776653,2.060393973787218,-649.1977783203125,0.9,,../data/results/vary_B2_annealed/B_49_n_6/phi_2.0/results_seed_52.pt,6.0,6.0
vary_B2_annealed,49,6,2.0,53,GPArealModel,7.537745475769043,,0.24160565120836278,5.852410168063637,1.2795398319404334,,,24.22298542601749,../data/results/vary_B2_annealed/B_49_n_6/phi_2.0/results_seed_53.pt,,
vary_B2_annealed,49,6,2.0,53,GPmodel,7.865353584289551,,0.33529842029038887,3.5017246549876475,0.8867102083742436,,,10.44360618208383,../data/results/vary_B2_annealed/B_49_n_6/phi_2.0/results_seed_53.pt,,
vary_B2_annealed,49,6,2.0,53,VI_best_tau_by_ELBO,8.01168441772461,,0.2616826593875885,2.8336410992444176,1.6407161767477862,-657.6040649414062,0.9,,../data/results/vary_B2_annealed/B_49_n_6/phi_2.0/results_seed_53.pt,6.0,6.0
vary_B2_annealed,49,6,2.0,54,GPArealModel,7.8048248291015625,,0.5714438287592948,3.9065683748246323,0.6606392881383721,,,6.836312124161846,../data/results/vary_B2_annealed/B_49_n_6/phi_2.0/results_seed_54.pt,,
vary_B2_annealed,49,6,2.0,54,GPmodel,8.033711433410645,,0.65283450090257,2.375424600978147,1.1937960399191474,,,3.6386321459635282,../data/results/vary_B2_annealed/B_49_n_6/phi_2.0/results_seed_54.pt,,
vary_B2_annealed,49,6,2.0,54,VI_best_tau_by_ELBO,8.133183479309082,,0.2630498707294464,3.4997894892865546,1.990978703116979,-657.1992065429688,0.9,,../data/results/vary_B2_annealed/B_49_n_6/phi_2.0/results_seed_54.pt,6.0,6.0
vary_B2_annealed,49,6,2.0,55,GPArealModel,8.63817310333252,,0.3573063253656992,4.769408258368057,1.554384405813925,,,13.348233489811912,../data/results/vary_B2_annealed/B_49_n_6/phi_2.0/results_seed_55.pt,,
vary_B2_annealed,49,6,2.0,55,GPmodel,8.058586120605469,,0.5361864558313297,3.2637612317933957,1.1839050508478435,,,6.086989323020292,../data/results/vary_B2_annealed/B_49_n_6/phi_2.0/results_seed_55.pt,,
vary_B2_annealed,49,6,2.0,55,VI_best_tau_by_ELBO,8.382085800170898,,0.26243656873703003,3.857594411067976,2.236626825456665,-670.4962524414062,0.9,,../data/results/vary_B2_annealed/B_49_n_6/phi_2.0/results_seed_55.pt,6.0,6.0
vary_B2_annealed,49,6,2.0,56,GPArealModel,8.252212524414062,,0.4065988960139248,3.4824799853609565,1.5809706842697453,,,8.564902707560947,../data/results/vary_B2_annealed/B_49_n_6/phi_2.0/results_seed_56.pt,,
vary_B2_annealed,49,6,2.0,56,GPmodel,7.9389472007751465,,0.6026921944612548,2.3386660557230337,1.138667396161863,,,3.8803655949345126,../data/results/vary_B2_annealed/B_49_n_6/phi_2.0/results_seed_56.pt,,
vary_B2_annealed,49,6,2.0,56,VI_best_tau_by_ELBO,8.157154083251953,,0.26223304867744446,1.9376907505293892,2.0815941864786534,-649.7800903320312,0.9,,../data/results/vary_B2_annealed/B_49_n_6/phi_2.0/results_seed_56.pt,6.0,6.0
vary_B2_annealed,49,6,2.0,57,GPArealModel,7.839796543121338,,0.3326559138263802,4.106121071266355,2.2160228502880677,,,12.343448291766796,../data/results/vary_B2_annealed/B_49_n_6/phi_2.0/results_seed_57.pt,,
vary_B2_annealed,49,6,2.0,57,GPmodel,8.016181945800781,,0.43677081612947444,3.399474199175806,0.9436764552737471,,,7.783199045441902,../data/results/vary_B2_annealed/B_49_n_6/phi_2.0/results_seed_57.pt,,
vary_B2_annealed,49,6,2.0,57,VI_best_tau_by_ELBO,8.241585731506348,,0.2620256841182709,2.7567192563286063,1.8868442041917994,-664.1763793945313,0.9,,../data/results/vary_B2_annealed/B_49_n_6/phi_2.0/results_seed_57.pt,6.0,6.0
vary_B2_annealed,49,6,2.0,58,GPArealModel,7.590855598449707,,0.5860427064527838,5.315279685477119,0.9048792288342267,,,9.069782162548524,../data/results/vary_B2_annealed/B_49_n_6/phi_2.0/results_seed_58.pt,,
vary_B2_annealed,49,6,2.0,58,GPmodel,7.92455530166626,,0.5578060987566071,4.549894000942664,1.0239094120529066,,,8.156766322714521,../data/results/vary_B2_annealed/B_49_n_6/phi_2.0/results_seed_58.pt,,
vary_B2_annealed,49,6,2.0,58,VI_best_tau_by_ELBO,8.085460662841797,,0.26299187541007996,5.448369855835045,2.6271584554537775,-694.4496337890625,0.9,,../data/results/vary_B2_annealed/B_49_n_6/phi_2.0/results_seed_58.pt,6.0,6.0
vary_B2_annealed,49,6,2.0,59,GPArealModel,7.61805534362793,,0.621525741542741,3.996169986630525,0.9260471512598943,,,6.429612998347096,../data/results/vary_B2_annealed/B_49_n_6/phi_2.0/results_seed_59.pt,,
vary_B2_annealed,49,6,2.0,59,GPmodel,7.885034084320068,,0.5055846797674605,3.086201249903533,0.850642607653677,,,6.104222246850925,../data/results/vary_B2_annealed/B_49_n_6/phi_2.0/results_seed_59.pt,,
vary_B2_annealed,49,6,2.0,59,VI_best_tau_by_ELBO,8.094097137451172,,0.26269978284835815,2.9430400370572385,1.962501687762021,-649.5358520507813,0.9,,../data/results/vary_B2_annealed/B_49_n_6/phi_2.0/results_seed_59.pt,6.0,6.0
vary_B2_annealed,49,6,2.0,60,GPArealModel,7.666568756103516,,0.5426256026247336,3.7025784671493676,2.012219176837055,,,6.823449629430735,../data/results/vary_B2_annealed/B_49_n_6/phi_2.0/results_seed_60.pt,,
vary_B2_annealed,49,6,2.0,60,GPmodel,7.995116233825684,,0.7117236544481524,2.3009203005635697,1.3371571375781537,,,3.232884401386981,../data/results/vary_B2_annealed/B_49_n_6/phi_2.0/results_seed_60.pt,,
vary_B2_annealed,49,6,2.0,60,VI_best_tau_by_ELBO,8.119173049926758,,0.2627142667770386,2.7936361261951363,2.2265397319232334,-660.3290893554688,0.9,,../data/results/vary_B2_annealed/B_49_n_6/phi_2.0/results_seed_60.pt,6.0,6.0
vary_B2_annealed,49,6,2.0,61,GPArealModel,8.293042182922363,,0.30177138653803387,4.665413138107949,1.0745758681130564,,,15.460091135976345,../data/results/vary_B2_annealed/B_49_n_6/phi_2.0/results_seed_61.pt,,
vary_B2_annealed,49,6,2.0,61,GPmodel,8.087100982666016,,0.3767809610036726,3.0053674853228753,1.0810456010525393,,,7.976431392173187,../data/results/vary_B2_annealed/B_49_n_6/phi_2.0/results_seed_61.pt,,
vary_B2_annealed,49,6,2.0,61,VI_best_tau_by_ELBO,8.399341583251953,,0.26195216178894043,2.3062561996010866,1.8492942146860027,-663.9971923828125,0.9,,../data/results/vary_B2_annealed/B_49_n_6/phi_2.0/results_seed_61.pt,6.0,6.0
vary_B2_annealed,49,6,2.0,62,GPArealModel,7.831336498260498,,0.5373094942003547,3.9265320455361685,0.6054878837628523,,,7.307765985746799,../data/results/vary_B2_annealed/B_49_n_6/phi_2.0/results_seed_62.pt,,
vary_B2_annealed,49,6,2.0,62,GPmodel,7.825061798095703,,0.6327339222997717,2.67389413076441,1.316438246717103,,,4.225937691226856,../data/results/vary_B2_annealed/B_49_n_6/phi_2.0/results_seed_62.pt,,
vary_B2_annealed,49,6,2.0,62,VI_best_tau_by_ELBO,7.992604732513428,,0.26289552450180054,3.067817035233787,2.370124832560639,-673.4779052734375,0.9,,../data/results/vary_B2_annealed/B_49_n_6/phi_2.0/results_seed_62.pt,6.0,6.0
vary_B2_annealed,49,6,2.0,63,GPArealModel,7.643131732940674,,0.28934602920254776,2.983733626876317,3.028237382019085,,,10.311990923461563,../data/results/vary_B2_annealed/B_49_n_6/phi_2.0/results_seed_63.pt,,
vary_B2_annealed,49,6,2.0,63,GPmodel,7.918613433837891,,0.5951645707653067,2.1004569079115596,1.0418896968404452,,,3.5292035364447796,../data/results/vary_B2_annealed/B_49_n_6/phi_2.0/results_seed_63.pt,,
vary_B2_annealed,49,6,2.0,63,VI_best_tau_by_ELBO,8.069150924682617,,0.26256614923477173,1.9137767501925051,1.95388971494535,-640.4577392578125,0.9,,../data/results/vary_B2_annealed/B_49_n_6/phi_2.0/results_seed_63.pt,6.0,6.0
vary_B2_annealed,49,6,2.0,64,GPArealModel,7.855366230010986,,0.384905284805474,3.3900344937012132,1.4442564183256434,,,8.807451151039642,../data/results/vary_B2_annealed/B_49_n_6/phi_2.0/results_seed_64.pt,,
vary_B2_annealed,49,6,2.0,64,GPmodel,7.967857837677002,,0.6618723324887273,2.2969445986670554,1.3420197349357836,,,3.4703740977209914,../data/results/vary_B2_annealed/B_49_n_6/phi_2.0/results_seed_64.pt,,
vary_B2_annealed,49,6,2.0,64,VI_best_tau_by_ELBO,8.345155715942383,,0.26253288984298706,1.6649260576419191,2.237859434823644,-653.065869140625,0.9,,../data/results/vary_B2_annealed/B_49_n_6/phi_2.0/results_seed_64.pt,6.0,6.0
vary_B2_annealed,49,6,2.0,65,GPArealModel,8.621950149536133,,0.8368499878792988,2.265689934037709,2.0956826964883906,,,2.707402720742461,../data/results/vary_B2_annealed/B_49_n_6/phi_2.0/results_seed_65.pt,,
vary_B2_annealed,49,6,2.0,65,GPmodel,7.966264247894287,,0.7262544628787333,2.2012133622203263,1.0037306785741877,,,3.030911993979547,../data/results/vary_B2_annealed/B_49_n_6/phi_2.0/results_seed_65.pt,,
vary_B2_annealed,49,6,2.0,65,VI_best_tau_by_ELBO,8.702733039855957,,0.26252126693725586,1.370748406318179,2.210648449865781,-638.7190795898438,0.9,,../data/results/vary_B2_annealed/B_49_n_6/phi_2.0/results_seed_65.pt,6.0,6.0
vary_B2_annealed,49,6,2.0,66,GPArealModel,7.3491106033325195,,0.4899698352993113,2.0760329885774738,0.9027872735762172,,,4.237062853694397,../data/results/vary_B2_annealed/B_49_n_6/phi_2.0/results_seed_66.pt,,
vary_B2_annealed,49,6,2.0,66,GPmodel,7.980088233947754,,1.408740119450977,1.4702588913298578,1.3871153197426667,,,1.043669354644955,../data/results/vary_B2_annealed/B_49_n_6/phi_2.0/results_seed_66.pt,,
vary_B2_annealed,49,6,2.0,66,VI_best_tau_by_ELBO,8.02685260772705,,0.26206278800964355,0.8814511570026416,2.4194383980230794,-638.96279296875,0.9,,../data/results/vary_B2_annealed/B_49_n_6/phi_2.0/results_seed_66.pt,6.0,6.0
vary_B2_annealed,49,6,2.0,67,GPArealModel,7.863516330718994,,0.10180693752052854,3.1719021196847867,5.581932224088774,,,31.156050824583527,../data/results/vary_B2_annealed/B_49_n_6/phi_2.0/results_seed_67.pt,,
vary_B2_annealed,49,6,2.0,67,GPmodel,7.844475746154785,,0.5007017098276066,3.3247129923090792,1.0265515568452135,,,6.6401071277623345,../data/results/vary_B2_annealed/B_49_n_6/phi_2.0/results_seed_67.pt,,
vary_B2_annealed,49,6,2.0,67,VI_best_tau_by_ELBO,8.031396865844727,,0.2630770802497864,3.2997767391635655,1.9766298015993968,-661.3717407226562,0.9,,../data/results/vary_B2_annealed/B_49_n_6/phi_2.0/results_seed_67.pt,6.0,6.0
vary_B2_annealed,49,6,2.0,68,GPArealModel,7.681888580322266,,0.42209859972781916,3.111341526766375,1.4248877589883968,,,7.371124966471469,../data/results/vary_B2_annealed/B_49_n_6/phi_2.0/results_seed_68.pt,,
vary_B2_annealed,49,6,2.0,68,GPmodel,7.877536773681641,,0.6980033320030009,2.140901265488021,1.2534577780948613,,,3.067179148478358,../data/results/vary_B2_annealed/B_49_n_6/phi_2.0/results_seed_68.pt,,
vary_B2_annealed,49,6,2.0,68,VI_best_tau_by_ELBO,8.028456687927246,,0.26208433508872986,1.513751772150122,2.3897897666811048,-651.3109130859375,0.9,,../data/results/vary_B2_annealed/B_49_n_6/phi_2.0/results_seed_68.pt,4.0,6.0
vary_B2_annealed,49,6,2.0,69,GPArealModel,7.761496067047119,,0.5927858006887885,3.061469209787104,0.9488616325183881,,,5.164545450025666,../data/results/vary_B2_annealed/B_49_n_6/phi_2.0/results_seed_69.pt,,
vary_B2_annealed,49,6,2.0,69,GPmodel,7.941366672515869,,0.8432429678959841,1.620749116831416,1.0778180621227706,,,1.9220428494949977,../data/results/vary_B2_annealed/B_49_n_6/phi_2.0/results_seed_69.pt,,
vary_B2_annealed,49,6,2.0,69,VI_best_tau_by_ELBO,8.091357231140137,,0.2626815736293793,1.7854736244572424,2.0111017142314767,-632.2449829101563,0.9,,../data/results/vary_B2_annealed/B_49_n_6/phi_2.0/results_seed_69.pt,6.0,6.0
vary_B2_annealed,49,6,2.0,70,GPArealModel,7.75750732421875,,0.3118881690135931,5.571338850246193,1.525002375291825,,,17.86325806415368,../data/results/vary_B2_annealed/B_49_n_6/phi_2.0/results_seed_70.pt,,
vary_B2_annealed,49,6,2.0,70,GPmodel,8.019391059875488,,0.32183283295629556,4.0527105509995724,1.079491129837237,,,12.59259508662351,../data/results/vary_B2_annealed/B_49_n_6/phi_2.0/results_seed_70.pt,,
vary_B2_annealed,49,6,2.0,70,VI_best_tau_by_ELBO,8.186043739318848,,0.26227182149887085,3.469473481749444,1.924852897335943,-663.656591796875,0.9,,../data/results/vary_B2_annealed/B_49_n_6/phi_2.0/results_seed_70.pt,6.0,6.0
vary_B2_annealed,49,6,2.0,71,GPArealModel,7.7397379875183105,,0.26195053012261077,7.351719277967506,1.5561328323541288,,,28.06529643030842,../data/results/vary_B2_annealed/B_49_n_6/phi_2.0/results_seed_71.pt,,
vary_B2_annealed,49,6,2.0,71,GPmodel,7.84506893157959,,0.2983186176688201,5.026919481247395,1.1591379728462492,,,16.850840623122135,../data/results/vary_B2_annealed/B_49_n_6/phi_2.0/results_seed_71.pt,,
vary_B2_annealed,49,6,2.0,71,VI_best_tau_by_ELBO,8.019177436828613,,0.2620926797389984,4.461292264234685,2.1003122610396345,-677.1545654296875,0.9,,../data/results/vary_B2_annealed/B_49_n_6/phi_2.0/results_seed_71.pt,6.0,6.0
vary_B2_annealed,49,6,2.0,72,GPArealModel,7.649598598480225,,0.41147793046016873,5.357803295102518,0.8832873023391664,,,13.020876451650073,../data/results/vary_B2_annealed/B_49_n_6/phi_2.0/results_seed_72.pt,,
vary_B2_annealed,49,6,2.0,72,GPmodel,7.957372665405273,,0.4297617881990994,4.332881424242176,0.9076477728238286,,,10.082053693975336,../data/results/vary_B2_annealed/B_49_n_6/phi_2.0/results_seed_72.pt,,
vary_B2_annealed,49,6,2.0,72,VI_best_tau_by_ELBO,8.050832748413086,,0.26272523403167725,4.193841724017155,2.0659328828846895,-668.1453125,0.9,,../data/results/vary_B2_annealed/B_49_n_6/phi_2.0/results_seed_72.pt,6.0,6.0
vary_B2_annealed,49,6,2.0,73,GPArealModel,7.712430953979492,,0.5241989571993116,3.7649366649323412,1.1860260703617798,,,7.182266605503436,../data/results/vary_B2_annealed/B_49_n_6/phi_2.0/results_seed_73.pt,,
vary_B2_annealed,49,6,2.0,73,GPmodel,8.044387817382812,,0.587852573966666,2.644300019378644,0.9389902189951369,,,4.498236694849597,../data/results/vary_B2_annealed/B_49_n_6/phi_2.0/results_seed_73.pt,,
vary_B2_annealed,49,6,2.0,73,VI_best_tau_by_ELBO,8.12204360961914,,0.26243704557418823,2.594392895290576,2.188989115773122,-652.0329833984375,0.9,,../data/results/vary_B2_annealed/B_49_n_6/phi_2.0/results_seed_73.pt,4.0,6.0
vary_B2_annealed,49,6,2.0,74,GPArealModel,7.775339603424072,,0.4179877603930229,6.817821874780635,2.294898727254895,,,16.31105625765218,../data/results/vary_B2_annealed/B_49_n_6/phi_2.0/results_seed_74.pt,,
vary_B2_annealed,49,6,2.0,74,GPmodel,7.822476863861084,,0.47714613254537386,4.40939332113481,0.9269055610519321,,,9.241180050255362,../data/results/vary_B2_annealed/B_49_n_6/phi_2.0/results_seed_74.pt,,
vary_B2_annealed,49,6,2.0,74,VI_best_tau_by_ELBO,8.012825965881348,,0.2623614966869354,4.61219113955018,2.182986489882786,-672.0125854492187,0.9,,../data/results/vary_B2_annealed/B_49_n_6/phi_2.0/results_seed_74.pt,6.0,6.0
vary_B2_annealed,49,6,2.0,75,GPArealModel,7.659379482269287,,0.49935834988160205,6.7086599996416645,3.150050921310283,,,13.434560574049256,../data/results/vary_B2_annealed/B_49_n_6/phi_2.0/results_seed_75.pt,,
vary_B2_annealed,49,6,2.0,75,GPmodel,7.980718612670898,,0.47758268898262146,4.4092498235736945,1.2468304274242856,,,9.232432257891451,../data/results/vary_B2_annealed/B_49_n_6/phi_2.0/results_seed_75.pt,,
vary_B2_annealed,49,6,2.0,75,VI_best_tau_by_ELBO,8.120437622070312,,0.26251891255378723,5.378093784757872,2.476341670543506,-691.6344482421875,0.9,,../data/results/vary_B2_annealed/B_49_n_6/phi_2.0/results_seed_75.pt,6.0,6.0
vary_B2_annealed,49,6,2.0,76,GPArealModel,8.086538314819336,,0.7769829597310343,3.18398104474881,1.558093561061862,,,4.09787757230995,../data/results/vary_B2_annealed/B_49_n_6/phi_2.0/results_seed_76.pt,,
vary_B2_annealed,49,6,2.0,76,GPmodel,7.922616481781006,,0.9175518425387075,2.052500144713982,1.2508028484582059,,,2.2369309825971997,../data/results/vary_B2_annealed/B_49_n_6/phi_2.0/results_seed_76.pt,,
vary_B2_annealed,49,6,2.0,76,VI_best_tau_by_ELBO,8.246803283691406,,0.26261645555496216,1.5822626906335557,2.4841924793992773,-655.9821899414062,0.9,,../data/results/vary_B2_annealed/B_49_n_6/phi_2.0/results_seed_76.pt,6.0,6.0
vary_B2_annealed,49,6,2.0,77,GPArealModel,8.150564193725586,,0.2366999539581512,6.396187070436072,2.6062007012311788,,,27.02234184450634,../data/results/vary_B2_annealed/B_49_n_6/phi_2.0/results_seed_77.pt,,
vary_B2_annealed,49,6,2.0,77,GPmodel,7.915652751922607,,0.26406244449401145,4.465232660268089,1.2797045591533998,,,16.909760374385062,../data/results/vary_B2_annealed/B_49_n_6/phi_2.0/results_seed_77.pt,,
vary_B2_annealed,49,6,2.0,77,VI_best_tau_by_ELBO,8.242839813232422,,0.2617284059524536,3.582034675655587,1.885811703242642,-670.621435546875,0.9,,../data/results/vary_B2_annealed/B_49_n_6/phi_2.0/results_seed_77.pt,6.0,6.0
vary_B2_annealed,49,6,2.0,78,GPArealModel,7.826925277709961,,0.3092507939929971,5.399142134771088,1.7790614057683227,,,17.458781803138557,../data/results/vary_B2_annealed/B_49_n_6/phi_2.0/results_seed_78.pt,,
vary_B2_annealed,49,6,2.0,78,GPmodel,8.046466827392578,,0.3761621034977591,3.740029375491376,1.2681363302289044,,,9.942600120305997,../data/results/vary_B2_annealed/B_49_n_6/phi_2.0/results_seed_78.pt,,
vary_B2_annealed,49,6,2.0,78,VI_best_tau_by_ELBO,8.215818405151367,,0.2622779905796051,3.834253999160464,2.034365884414036,-667.898681640625,0.9,,../data/results/vary_B2_annealed/B_49_n_6/phi_2.0/results_seed_78.pt,6.0,6.0
vary_B2_annealed,49,6,2.0,79,GPArealModel,8.35460376739502,,0.663404809415333,3.323068601901678,1.0318196316298867,,,5.009111412427565,../data/results/vary_B2_annealed/B_49_n_6/phi_2.0/results_seed_79.pt,,
vary_B2_annealed,49,6,2.0,79,GPmodel,7.912229537963867,,1.175212363464468,2.0059807176280624,1.3984368862185907,,,1.7069091340347462,../data/results/vary_B2_annealed/B_49_n_6/phi_2.0/results_seed_79.pt,,
vary_B2_annealed,49,6,2.0,79,VI_best_tau_by_ELBO,8.227021217346191,,0.26283037662506104,1.8832219911715007,2.2526100153469373,-651.2619995117187,0.9,,../data/results/vary_B2_annealed/B_49_n_6/phi_2.0/results_seed_79.pt,6.0,6.0
vary_B2_annealed,49,6,2.0,80,GPArealModel,7.769540786743164,,1.2754701012886922,3.309820802296603,0.8377979353991812,,,2.594981096736389,../data/results/vary_B2_annealed/B_49_n_6/phi_2.0/results_seed_80.pt,,
vary_B2_annealed,49,6,2.0,80,GPmodel,7.999928951263428,,1.0004974958907413,2.121499304534253,1.1631403939477514,,,2.1204443921626064,../data/results/vary_B2_annealed/B_49_n_6/phi_2.0/results_seed_80.pt,,
vary_B2_annealed,49,6,2.0,80,VI_best_tau_by_ELBO,8.126460075378418,,0.263297438621521,2.4321020440970442,2.7161026784281956,-666.813671875,0.9,,../data/results/vary_B2_annealed/B_49_n_6/phi_2.0/results_seed_80.pt,6.0,6.0
vary_B2_annealed,49,6,2.0,81,GPArealModel,8.043569564819336,,0.2585304703483413,7.058114696265882,3.270579024726553,,,27.300900689794325,../data/results/vary_B2_annealed/B_49_n_6/phi_2.0/results_seed_81.pt,,
vary_B2_annealed,49,6,2.0,81,GPmodel,7.975560188293457,,0.4257246340652291,4.37655642924474,1.0252384816577844,,,10.280251784946437,../data/results/vary_B2_annealed/B_49_n_6/phi_2.0/results_seed_81.pt,,
vary_B2_annealed,49,6,2.0,81,VI_best_tau_by_ELBO,8.121846199035645,,0.2620733678340912,4.514545751384968,2.1105069285137534,-676.3560913085937,0.9,,../data/results/vary_B2_annealed/B_49_n_6/phi_2.0/results_seed_81.pt,6.0,6.0
vary_B2_annealed,49,6,2.0,82,GPArealModel,8.32977294921875,,0.5792954793561148,4.505731405860439,0.7893008930806558,,,7.7779502282126325,../data/results/vary_B2_annealed/B_49_n_6/phi_2.0/results_seed_82.pt,,
vary_B2_annealed,49,6,2.0,82,GPmodel,8.018854141235352,,0.6467758489534371,2.5567473962210157,1.1993952327874156,,,3.9530656569167624,../data/results/vary_B2_annealed/B_49_n_6/phi_2.0/results_seed_82.pt,,
vary_B2_annealed,49,6,2.0,82,VI_best_tau_by_ELBO,8.163206100463867,,0.26260000467300415,2.993307564048062,2.444229073756203,-668.66611328125,0.9,,../data/results/vary_B2_annealed/B_49_n_6/phi_2.0/results_seed_82.pt,6.0,6.0
vary_B2_annealed,49,6,2.0,83,GPArealModel,8.197551727294922,,0.7503908222577508,3.134283572240642,1.3655084293027555,,,4.176868212234146,../data/results/vary_B2_annealed/B_49_n_6/phi_2.0/results_seed_83.pt,,
vary_B2_annealed,49,6,2.0,83,GPmodel,7.836542129516602,,0.6740336245629832,2.106870756847924,1.045252414052929,,,3.1257650658213616,../data/results/vary_B2_annealed/B_49_n_6/phi_2.0/results_seed_83.pt,,
vary_B2_annealed,49,6,2.0,83,VI_best_tau_by_ELBO,8.160819053649902,,0.26263827085494995,1.8726855936644422,2.1645284727123975,-645.3312866210938,0.9,,../data/results/vary_B2_annealed/B_49_n_6/phi_2.0/results_seed_83.pt,6.0,6.0
vary_B2_annealed,49,6,2.0,84,GPArealModel,7.987236499786377,,0.3771390425290225,5.5631167027354085,1.3730822451697882,,,14.750837424389184,../data/results/vary_B2_annealed/B_49_n_6/phi_2.0/results_seed_84.pt,,
vary_B2_annealed,49,6,2.0,84,GPmodel,7.852895736694336,,0.4301422742935335,3.4303754338227166,0.9877377344788661,,,7.974978603200003,../data/results/vary_B2_annealed/B_49_n_6/phi_2.0/results_seed_84.pt,,
vary_B2_annealed,49,6,2.0,84,VI_best_tau_by_ELBO,8.095314025878906,,0.26193419098854065,3.053742186163159,2.1219661642149,-659.99052734375,0.9,,../data/results/vary_B2_annealed/B_49_n_6/phi_2.0/results_seed_84.pt,6.0,6.0
vary_B2_annealed,49,6,2.0,85,GPArealModel,6.9674458503723145,,0.37739827224337025,1.2619429535352455,2.669098812242081,,,3.343796319028893,../data/results/vary_B2_annealed/B_49_n_6/phi_2.0/results_seed_85.pt,,
vary_B2_annealed,49,6,2.0,85,GPmodel,7.874118328094482,,1.5913409872965585,1.3030518047669817,1.2298972599007143,,,0.818838837916608,../data/results/vary_B2_annealed/B_49_n_6/phi_2.0/results_seed_85.pt,,
vary_B2_annealed,49,6,2.0,85,VI_best_tau_by_ELBO,7.974829196929932,,0.26214808225631714,0.7995474917851109,2.3284669806906657,-631.631396484375,0.9,,../data/results/vary_B2_annealed/B_49_n_6/phi_2.0/results_seed_85.pt,6.0,6.0
vary_B2_annealed,49,6,2.0,86,GPArealModel,8.4622802734375,,0.4704979350172665,3.7549333151977256,2.206117000479989,,,7.980764708478318,../data/results/vary_B2_annealed/B_49_n_6/phi_2.0/results_seed_86.pt,,
vary_B2_annealed,49,6,2.0,86,GPmodel,8.035343170166016,,0.669838906669429,2.9701449855843403,1.1145766198754383,,,4.434118346980599,../data/results/vary_B2_annealed/B_49_n_6/phi_2.0/results_seed_86.pt,,
vary_B2_annealed,49,6,2.0,86,VI_best_tau_by_ELBO,8.336395263671875,,0.2624697685241699,2.8593034372192636,2.51865227690794,-670.7593872070313,0.9,,../data/results/vary_B2_annealed/B_49_n_6/phi_2.0/results_seed_86.pt,6.0,6.0
vary_B2_annealed,49,6,2.0,87,GPArealModel,7.7412519454956055,,0.7211016285769577,4.885661371753841,1.0492214944016043,,,6.775274355426631,../data/results/vary_B2_annealed/B_49_n_6/phi_2.0/results_seed_87.pt,,
vary_B2_annealed,49,6,2.0,87,GPmodel,8.030146598815918,,0.6845970400934983,3.104379359857803,0.8797419649570255,,,4.534608211910798,../data/results/vary_B2_annealed/B_49_n_6/phi_2.0/results_seed_87.pt,,
vary_B2_annealed,49,6,2.0,87,VI_best_tau_by_ELBO,8.092911720275879,,0.26296061277389526,4.263930637325676,2.2928675260550353,-669.5954223632813,0.9,,../data/results/vary_B2_annealed/B_49_n_6/phi_2.0/results_seed_87.pt,6.0,6.0
vary_B2_annealed,49,6,2.0,88,GPArealModel,7.918801307678223,,0.5730309414802204,4.466629626633052,1.9675559633151862,,,7.794744233348226,../data/results/vary_B2_annealed/B_49_n_6/phi_2.0/results_seed_88.pt,,
vary_B2_annealed,49,6,2.0,88,GPmodel,8.010564804077148,,0.6116718357064556,2.9450735629978513,1.0513043391545234,,,4.814793474341374,../data/results/vary_B2_annealed/B_49_n_6/phi_2.0/results_seed_88.pt,,
vary_B2_annealed,49,6,2.0,88,VI_best_tau_by_ELBO,8.133445739746094,,0.2625077962875366,3.7438810271485714,2.3343075145849377,-669.3842651367188,0.9,,../data/results/vary_B2_annealed/B_49_n_6/phi_2.0/results_seed_88.pt,6.0,6.0
vary_B2_annealed,49,6,2.0,89,GPArealModel,7.909880638122559,,0.8238950078140174,3.21793597769821,1.4760697164236394,,,3.9057597717895307,../data/results/vary_B2_annealed/B_49_n_6/phi_2.0/results_seed_89.pt,,
vary_B2_annealed,49,6,2.0,89,GPmodel,7.9807305335998535,,0.8291759648440937,2.75677021358937,0.9595255762482482,,,3.324710713373986,../data/results/vary_B2_annealed/B_49_n_6/phi_2.0/results_seed_89.pt,,
vary_B2_annealed,49,6,2.0,89,VI_best_tau_by_ELBO,8.079323768615723,,0.2627235949039459,2.111842098666902,2.7873389774768995,-666.1460693359375,0.9,,../data/results/vary_B2_annealed/B_49_n_6/phi_2.0/results_seed_89.pt,6.0,6.0
vary_B2_annealed,49,6,2.0,90,GPArealModel,8.370726585388184,,1.430714281899566,1.91197111711659,1.1852010559502977,,,1.3363752227160668,../data/results/vary_B2_annealed/B_49_n_6/phi_2.0/results_seed_90.pt,,
vary_B2_annealed,49,6,2.0,90,GPmodel,8.064619064331055,,1.0921629688372034,1.4962647471938832,1.170639471238949,,,1.3700013550055776,../data/results/vary_B2_annealed/B_49_n_6/phi_2.0/results_seed_90.pt,,
vary_B2_annealed,49,6,2.0,90,VI_best_tau_by_ELBO,8.332513809204102,,0.2633560299873352,0.9666406316842061,1.9367238383518353,-618.9782470703125,0.9,,../data/results/vary_B2_annealed/B_49_n_6/phi_2.0/results_seed_90.pt,4.0,6.0
vary_B2_annealed,49,6,2.0,91,GPArealModel,7.629497051239014,,0.4418755039713068,4.492159936806006,1.9424516650733896,,,10.166121218382147,../data/results/vary_B2_annealed/B_49_n_6/phi_2.0/results_seed_91.pt,,
vary_B2_annealed,49,6,2.0,91,GPmodel,7.9614338874816895,,0.5338539838086493,3.1671383610650023,1.016413605818005,,,5.932592913271596,../data/results/vary_B2_annealed/B_49_n_6/phi_2.0/results_seed_91.pt,,
vary_B2_annealed,49,6,2.0,91,VI_best_tau_by_ELBO,8.075581550598145,,0.2626897096633911,3.6190710257047827,2.0233590859080897,-662.6029052734375,0.9,,../data/results/vary_B2_annealed/B_49_n_6/phi_2.0/results_seed_91.pt,6.0,6.0
vary_B2_annealed,49,6,2.0,92,GPArealModel,7.8870720863342285,,0.5192483895869353,4.422563955363034,1.3099482242552636,,,8.517241543842257,../data/results/vary_B2_annealed/B_49_n_6/phi_2.0/results_seed_92.pt,,
vary_B2_annealed,49,6,2.0,92,GPmodel,7.967100620269775,,0.6137712461999781,2.5154783891090218,1.2402129833562987,,,4.09839725253182,../data/results/vary_B2_annealed/B_49_n_6/phi_2.0/results_seed_92.pt,,
vary_B2_annealed,49,6,2.0,92,VI_best_tau_by_ELBO,8.220233917236328,,0.2626616060733795,3.5396313259325805,1.9656827431847836,-655.9122680664062,0.9,,../data/results/vary_B2_annealed/B_49_n_6/phi_2.0/results_seed_92.pt,6.0,6.0
vary_B2_annealed,49,6,2.0,93,GPArealModel,7.5712571144104,,1.166451568228229,2.2524290583020696,1.6033918128746751,,,1.931009498939914,../data/results/vary_B2_annealed/B_49_n_6/phi_2.0/results_seed_93.pt,,
vary_B2_annealed,49,6,2.0,93,GPmodel,7.960455894470215,,1.1829208317931628,1.7402458996593788,1.2083543889270427,,,1.4711431677311657,../data/results/vary_B2_annealed/B_49_n_6/phi_2.0/results_seed_93.pt,,
vary_B2_annealed,49,6,2.0,93,VI_best_tau_by_ELBO,8.121472358703613,,0.26305538415908813,1.255849724677554,2.77759925377524,-657.4811401367188,0.9,,../data/results/vary_B2_annealed/B_49_n_6/phi_2.0/results_seed_93.pt,6.0,6.0
vary_B2_annealed,49,6,2.0,94,GPArealModel,7.748773574829102,,0.3389158358566472,4.983853154370116,1.8096390934021656,,,14.705282630930704,../data/results/vary_B2_annealed/B_49_n_6/phi_2.0/results_seed_94.pt,,
vary_B2_annealed,49,6,2.0,94,GPmodel,7.9114460945129395,,0.4090711726705714,3.4050659596951105,1.2962076466076147,,,8.323896151042742,../data/results/vary_B2_annealed/B_49_n_6/phi_2.0/results_seed_94.pt,,
vary_B2_annealed,49,6,2.0,94,VI_best_tau_by_ELBO,8.094385147094727,,0.2624334692955017,3.2061926328018053,2.214060319277785,-670.4018676757812,0.9,,../data/results/vary_B2_annealed/B_49_n_6/phi_2.0/results_seed_94.pt,6.0,6.0
vary_B2_annealed,49,6,2.0,95,GPArealModel,8.714744567871094,,1.1277505891893196,3.5009199267958993,1.3024842146127988,,,3.1043388142342057,../data/results/vary_B2_annealed/B_49_n_6/phi_2.0/results_seed_95.pt,,
vary_B2_annealed,49,6,2.0,95,GPmodel,7.968739986419678,,0.7554229904253826,2.6461950434827948,1.312833879397395,,,3.5029315721417325,../data/results/vary_B2_annealed/B_49_n_6/phi_2.0/results_seed_95.pt,,
vary_B2_annealed,49,6,2.0,95,VI_best_tau_by_ELBO,8.56037425994873,,0.2631829082965851,2.5962346029314256,2.4889781620305014,-670.5562377929688,0.9,,../data/results/vary_B2_annealed/B_49_n_6/phi_2.0/results_seed_95.pt,6.0,6.0
vary_B2_annealed,49,6,2.0,96,GPArealModel,7.542470932006836,,0.19924834108870126,8.84223506837464,1.9509387017164261,,,44.37796079033982,../data/results/vary_B2_annealed/B_49_n_6/phi_2.0/results_seed_96.pt,,
vary_B2_annealed,49,6,2.0,96,GPmodel,7.92849588394165,,0.31939318256824195,4.757509565981149,1.1908303808553482,,,14.895463728204824,../data/results/vary_B2_annealed/B_49_n_6/phi_2.0/results_seed_96.pt,,
vary_B2_annealed,49,6,2.0,96,VI_best_tau_by_ELBO,8.228734970092773,,0.2616749405860901,4.269286357401823,2.1068015806810405,-679.2768188476563,0.9,,../data/results/vary_B2_annealed/B_49_n_6/phi_2.0/results_seed_96.pt,6.0,6.0
vary_B2_annealed,49,6,2.0,97,GPArealModel,7.745932102203369,,0.35908547151497494,3.657953538864295,1.7303708176951655,,,10.186860313316094,../data/results/vary_B2_annealed/B_49_n_6/phi_2.0/results_seed_97.pt,,
vary_B2_annealed,49,6,2.0,97,GPmodel,7.961265563964844,,0.5864693326240553,2.5601720002115895,1.288271518645167,,,4.365397912208885,../data/results/vary_B2_annealed/B_49_n_6/phi_2.0/results_seed_97.pt,,
vary_B2_annealed,49,6,2.0,97,VI_best_tau_by_ELBO,8.136704444885254,,0.26266366243362427,2.6161867490294535,2.290297448839087,-662.977734375,0.9,,../data/results/vary_B2_annealed/B_49_n_6/phi_2.0/results_seed_97.pt,6.0,6.0
vary_B2_annealed,49,6,2.0,98,GPArealModel,7.682152271270752,,0.6948182860071991,3.884642611668429,1.4314869314846066,,,5.590875614387874,../data/results/vary_B2_annealed/B_49_n_6/phi_2.0/results_seed_98.pt,,
vary_B2_annealed,49,6,2.0,98,GPmodel,7.842222213745117,,1.0195314776886075,2.481030952647907,1.594560362916235,,,2.4335010805872153,../data/results/vary_B2_annealed/B_49_n_6/phi_2.0/results_seed_98.pt,,
vary_B2_annealed,49,6,2.0,98,VI_best_tau_by_ELBO,8.046401023864746,,0.26294562220573425,2.917084011780245,2.2717040764967273,-666.867333984375,0.9,,../data/results/vary_B2_annealed/B_49_n_6/phi_2.0/results_seed_98.pt,6.0,6.0
vary_B2_annealed,49,6,2.0,99,GPArealModel,8.57976245880127,,0.3951787728414897,2.4101853203037984,1.688139613841121,,,6.098974656390637,../data/results/vary_B2_annealed/B_49_n_6/phi_2.0/results_seed_99.pt,,
vary_B2_annealed,49,6,2.0,99,GPmodel,8.023137092590332,,0.6566576435112914,2.437217842073393,1.4597068649666125,,,3.7115502517279153,../data/results/vary_B2_annealed/B_49_n_6/phi_2.0/results_seed_99.pt,,
vary_B2_annealed,49,6,2.0,99,VI_best_tau_by_ELBO,8.50827693939209,,0.26263171434402466,1.1319250672096917,2.3365043206707736,-651.7219604492187,0.9,,../data/results/vary_B2_annealed/B_49_n_6/phi_2.0/results_seed_99.pt,6.0,6.0
vary_B2_annealed,49,6,2.0,100,GPArealModel,7.770777225494385,,0.234335170422985,5.484778862399154,0.41903703327159525,,,23.405700699979835,../data/results/vary_B2_annealed/B_49_n_6/phi_2.0/results_seed_100.pt,,
vary_B2_annealed,49,6,2.0,100,GPmodel,7.867465019226074,,0.45886375125203,2.969655348695616,0.9505325633329695,,,6.471758426314522,../data/results/vary_B2_annealed/B_49_n_6/phi_2.0/results_seed_100.pt,,
vary_B2_annealed,49,6,2.0,100,VI_best_tau_by_ELBO,8.15638542175293,,0.2619575262069702,2.5424814713809036,1.89808850089301,-669.4317260742188,0.9,,../data/results/vary_B2_annealed/B_49_n_6/phi_2.0/results_seed_100.pt,6.0,6.0
vary_B2_annealed,81,6,2.0,1,GPArealModel,8.216935157775879,,0.5852765101476796,4.991751122896511,1.8235313873769072,,,8.528876584568497,../data/results/vary_B2_annealed/B_81_n_6/phi_2.0/results_seed_1.pt,,
vary_B2_annealed,81,6,2.0,1,GPmodel,7.9685139656066895,,0.6229363220474354,3.0883531336260077,1.2501927383252278,,,4.95773488287754,../data/results/vary_B2_annealed/B_81_n_6/phi_2.0/results_seed_1.pt,,
vary_B2_annealed,81,6,2.0,1,VI_best_tau_by_ELBO,8.169999122619629,,0.23451745510101318,4.942770654236369,1.9088690914136721,-967.4269287109375,0.9,,../data/results/vary_B2_annealed/B_81_n_6/phi_2.0/results_seed_1.pt,6.0,6.0
vary_B2_annealed,81,6,2.0,2,GPArealModel,8.092815399169922,,0.3135050639998113,6.136658591816248,0.8990315133282047,,,19.57435236778166,../data/results/vary_B2_annealed/B_81_n_6/phi_2.0/results_seed_2.pt,,
vary_B2_annealed,81,6,2.0,2,GPmodel,7.951542377471924,,0.41988747256053816,3.6147497088691853,0.9641044707966735,,,8.608853431196428,../data/results/vary_B2_annealed/B_81_n_6/phi_2.0/results_seed_2.pt,,
vary_B2_annealed,81,6,2.0,2,VI_best_tau_by_ELBO,8.359386444091797,,0.23362009227275848,4.466550717517297,1.4274140223645317,-935.3951416015625,0.9,,../data/results/vary_B2_annealed/B_81_n_6/phi_2.0/results_seed_2.pt,6.0,6.0
vary_B2_annealed,81,6,2.0,3,GPArealModel,7.598515033721924,,0.4329480563944266,3.065921252163338,2.0115963173140656,,,7.0814990548663115,../data/results/vary_B2_annealed/B_81_n_6/phi_2.0/results_seed_3.pt,,
vary_B2_annealed,81,6,2.0,3,GPmodel,7.925548076629639,,0.6124144714899592,2.54811759477168,0.9804048824210273,,,4.16077299508011,../data/results/vary_B2_annealed/B_81_n_6/phi_2.0/results_seed_3.pt,,
vary_B2_annealed,81,6,2.0,3,VI_best_tau_by_ELBO,8.031947135925293,,0.23468680679798126,3.335190102956552,1.713590499833811,-926.9968383789062,0.9,,../data/results/vary_B2_annealed/B_81_n_6/phi_2.0/results_seed_3.pt,6.0,6.0
vary_B2_annealed,81,6,2.0,4,GPArealModel,8.321671485900879,,0.3959974787579724,4.002699347115304,0.9321296465505992,,,10.107890988774939,../data/results/vary_B2_annealed/B_81_n_6/phi_2.0/results_seed_4.pt,,
vary_B2_annealed,81,6,2.0,4,GPmodel,7.923505783081055,,0.4878227383428466,2.9510346087836834,1.0983414398410296,,,6.0493994576974135,../data/results/vary_B2_annealed/B_81_n_6/phi_2.0/results_seed_4.pt,,
vary_B2_annealed,81,6,2.0,4,VI_best_tau_by_ELBO,8.181222915649414,,0.23400548100471497,3.912772517812887,1.679435518840678,-934.7457153320313,0.9,,../data/results/vary_B2_annealed/B_81_n_6/phi_2.0/results_seed_4.pt,6.0,6.0
vary_B2_annealed,81,6,2.0,5,GPArealModel,7.8784027099609375,,0.7335678633758044,3.1358457587238537,1.7828119703319758,,,4.274786172192729,../data/results/vary_B2_annealed/B_81_n_6/phi_2.0/results_seed_5.pt,,
vary_B2_annealed,81,6,2.0,5,GPmodel,7.94400691986084,,0.6533167593186133,2.6745615234864246,0.9364832030209227,,,4.093820471215065,../data/results/vary_B2_annealed/B_81_n_6/phi_2.0/results_seed_5.pt,,
vary_B2_annealed,81,6,2.0,5,VI_best_tau_by_ELBO,8.255501747131348,,0.2344469130039215,2.826710527271143,1.8111513272537174,-956.5630859375,0.9,,../data/results/vary_B2_annealed/B_81_n_6/phi_2.0/results_seed_5.pt,6.0,6.0
vary_B2_annealed,81,6,2.0,6,GPArealModel,7.423038959503174,,0.30544510438702893,4.42952122235653,1.5688905325876146,,,14.501856990786441,../data/results/vary_B2_annealed/B_81_n_6/phi_2.0/results_seed_6.pt,,
vary_B2_annealed,81,6,2.0,6,GPmodel,7.894771099090576,,0.5366390292451917,2.9951845352684368,1.094567923795022,,,5.581376627565286,../data/results/vary_B2_annealed/B_81_n_6/phi_2.0/results_seed_6.pt,,
vary_B2_annealed,81,6,2.0,6,VI_best_tau_by_ELBO,7.998530864715576,,0.23439306020736694,4.139886830080545,1.749615107918022,-944.461572265625,0.9,,../data/results/vary_B2_annealed/B_81_n_6/phi_2.0/results_seed_6.pt,6.0,6.0
vary_B2_annealed,81,6,2.0,7,GPArealModel,8.050719261169434,,0.5802702150414779,3.8915074293078544,0.9924435638750645,,,6.706371149912783,../data/results/vary_B2_annealed/B_81_n_6/phi_2.0/results_seed_7.pt,,
vary_B2_annealed,81,6,2.0,7,GPmodel,7.992226600646973,,0.5353371741337113,2.8149769437053718,0.8710419204163189,,,5.258325182181864,../data/results/vary_B2_annealed/B_81_n_6/phi_2.0/results_seed_7.pt,,
vary_B2_annealed,81,6,2.0,7,VI_best_tau_by_ELBO,8.22390079498291,,0.23433412611484528,3.9720736806523647,1.5189351172843093,-911.9392944335938,0.9,,../data/results/vary_B2_annealed/B_81_n_6/phi_2.0/results_seed_7.pt,6.0,6.0
vary_B2_annealed,81,6,2.0,8,GPArealModel,7.762803554534912,,0.6669010613729709,3.506309036496056,0.859423131550103,,,5.257615019051706,../data/results/vary_B2_annealed/B_81_n_6/phi_2.0/results_seed_8.pt,,
vary_B2_annealed,81,6,2.0,8,GPmodel,7.906962871551514,,0.6606141069180185,2.11613483020823,1.0464810047164959,,,3.2032843501945383,../data/results/vary_B2_annealed/B_81_n_6/phi_2.0/results_seed_8.pt,,
vary_B2_annealed,81,6,2.0,8,VI_best_tau_by_ELBO,8.011727333068848,,0.2342052012681961,3.1304495495146636,1.6857772757818954,-922.9244995117188,0.9,,../data/results/vary_B2_annealed/B_81_n_6/phi_2.0/results_seed_8.pt,6.0,6.0
vary_B2_annealed,81,6,2.0,9,GPArealModel,7.652246475219727,,0.25811696072772805,6.622944130420418,1.3508526829639707,,,25.658694073213425,../data/results/vary_B2_annealed/B_81_n_6/phi_2.0/results_seed_9.pt,,
vary_B2_annealed,81,6,2.0,9,GPmodel,7.938604354858398,,0.3642576707925815,3.816098745924807,1.3218844566735157,,,10.476371678382034,../data/results/vary_B2_annealed/B_81_n_6/phi_2.0/results_seed_9.pt,,
vary_B2_annealed,81,6,2.0,9,VI_best_tau_by_ELBO,8.198935508728027,,0.2334197610616684,4.488129582300703,1.6699329677173689,-952.7721557617188,0.9,,../data/results/vary_B2_annealed/B_81_n_6/phi_2.0/results_seed_9.pt,6.0,6.0
vary_B2_annealed,81,6,2.0,10,GPArealModel,7.887342929840088,,0.297199157951252,7.857598292465733,1.1798897760233638,,,26.438830939603715,../data/results/vary_B2_annealed/B_81_n_6/phi_2.0/results_seed_10.pt,,
vary_B2_annealed,81,6,2.0,10,GPmodel,7.941124439239502,,0.2835010950279936,4.8332411917028075,1.238402706720942,,,17.04840396198668,../data/results/vary_B2_annealed/B_81_n_6/phi_2.0/results_seed_10.pt,,
vary_B2_annealed,81,6,2.0,10,VI_best_tau_by_ELBO,8.133777618408203,,0.2333950251340866,5.238568047165428,1.4860183608674746,-947.3540771484375,0.9,,../data/results/vary_B2_annealed/B_81_n_6/phi_2.0/results_seed_10.pt,6.0,6.0
vary_B2_annealed,81,6,2.0,11,GPArealModel,8.342437744140625,,0.617493640408791,2.266025547316771,2.5594939438724897,,,3.6697147938505483,../data/results/vary_B2_annealed/B_81_n_6/phi_2.0/results_seed_11.pt,,
vary_B2_annealed,81,6,2.0,11,GPmodel,7.988368034362793,,0.8520736261303576,1.8723404371962353,1.041256054874384,,,2.1973927836487084,../data/results/vary_B2_annealed/B_81_n_6/phi_2.0/results_seed_11.pt,,
vary_B2_annealed,81,6,2.0,11,VI_best_tau_by_ELBO,8.302879333496094,,0.23444417119026184,2.208682552244682,1.9087292979641033,-924.3479858398438,0.9,,../data/results/vary_B2_annealed/B_81_n_6/phi_2.0/results_seed_11.pt,6.0,6.0
vary_B2_annealed,81,6,2.0,12,GPArealModel,7.867336750030518,,0.3475671120491842,6.494679882818179,1.0353642493306099,,,18.686117465277086,../data/results/vary_B2_annealed/B_81_n_6/phi_2.0/results_seed_12.pt,,
vary_B2_annealed,81,6,2.0,12,GPmodel,7.927401065826416,,0.3582604726659075,4.423908019651818,0.929983221562017,,,12.348300628122301,../data/results/vary_B2_annealed/B_81_n_6/phi_2.0/results_seed_12.pt,,
vary_B2_annealed,81,6,2.0,12,VI_best_tau_by_ELBO,8.298005104064941,,0.2337886393070221,4.8046945590019625,1.5038251975310435,-949.3374267578125,0.9,,../data/results/vary_B2_annealed/B_81_n_6/phi_2.0/results_seed_12.pt,6.0,6.0
vary_B2_annealed,81,6,2.0,13,GPArealModel,8.246394157409668,,0.4577093500881516,5.352159523661767,1.187247861974997,,,11.693358509348736,../data/results/vary_B2_annealed/B_81_n_6/phi_2.0/results_seed_13.pt,,
vary_B2_annealed,81,6,2.0,13,GPmodel,7.874229431152344,,0.4659337001562349,3.1319779673811396,1.107969387698774,,,6.721939122091701,../data/results/vary_B2_annealed/B_81_n_6/phi_2.0/results_seed_13.pt,,
vary_B2_annealed,81,6,2.0,13,VI_best_tau_by_ELBO,8.049816131591797,,0.23389294743537903,4.740742522298379,1.7159807283195865,-940.0995361328125,0.9,,../data/results/vary_B2_annealed/B_81_n_6/phi_2.0/results_seed_13.pt,6.0,6.0
vary_B2_annealed,81,6,2.0,14,GPArealModel,8.14116096496582,,0.8292700340074142,3.7373922334395817,0.8385080981555615,,,4.506845876702893,../data/results/vary_B2_annealed/B_81_n_6/phi_2.0/results_seed_14.pt,,
vary_B2_annealed,81,6,2.0,14,GPmodel,7.944216728210449,,0.7426266694113544,2.4276530851313916,1.1275444972328383,,,3.2690087565205266,../data/results/vary_B2_annealed/B_81_n_6/phi_2.0/results_seed_14.pt,,
vary_B2_annealed,81,6,2.0,14,VI_best_tau_by_ELBO,8.356460571289062,,0.2349020391702652,3.422556092846448,1.9220156001926503,-977.9766967773437,0.9,,../data/results/vary_B2_annealed/B_81_n_6/phi_2.0/results_seed_14.pt,6.0,6.0
vary_B2_annealed,81,6,2.0,15,GPArealModel,7.7664265632629395,,0.6168356514447085,3.980904543173354,1.032200602202434,,,6.453752363128757,../data/results/vary_B2_annealed/B_81_n_6/phi_2.0/results_seed_15.pt,,
vary_B2_annealed,81,6,2.0,15,GPmodel,7.984405040740967,,0.6387828825335986,2.450698371485304,1.071019553100301,,,3.8365122774817033,../data/results/vary_B2_annealed/B_81_n_6/phi_2.0/results_seed_15.pt,,
vary_B2_annealed,81,6,2.0,15,VI_best_tau_by_ELBO,8.14551067352295,,0.23443807661533356,4.507106196432259,1.6000101498363926,-931.2895751953125,0.9,,../data/results/vary_B2_annealed/B_81_n_6/phi_2.0/results_seed_15.pt,6.0,6.0
vary_B2_annealed,81,6,2.0,16,GPArealModel,7.966994285583496,,0.3238896664249571,6.299706073891257,2.407102807112489,,,19.45016073969391,../data/results/vary_B2_annealed/B_81_n_6/phi_2.0/results_seed_16.pt,,
vary_B2_annealed,81,6,2.0,16,GPmodel,7.902413845062256,,0.38587645586232105,4.062860562770952,1.1930689780933188,,,10.528915410741105,../data/results/vary_B2_annealed/B_81_n_6/phi_2.0/results_seed_16.pt,,
vary_B2_annealed,81,6,2.0,16,VI_best_tau_by_ELBO,8.187888145446777,,0.2336738556623459,4.233246668957817,1.7282091886826854,-976.3259887695312,0.9,,../data/results/vary_B2_annealed/B_81_n_6/phi_2.0/results_seed_16.pt,6.0,6.0
vary_B2_annealed,81,6,2.0,17,GPArealModel,7.990694999694824,,0.6534520728381836,2.546636135906598,2.9854620633375633,,,3.8972041588996986,../data/results/vary_B2_annealed/B_81_n_6/phi_2.0/results_seed_17.pt,,
vary_B2_annealed,81,6,2.0,17,GPmodel,7.948380470275879,,0.7571001134814592,2.2248813715119935,1.0136190749836145,,,2.93868846655044,../data/results/vary_B2_annealed/B_81_n_6/phi_2.0/results_seed_17.pt,,
vary_B2_annealed,81,6,2.0,17,VI_best_tau_by_ELBO,8.164764404296875,,0.2343641221523285,2.6022052725500826,1.8697058745821071,-929.5410766601562,0.9,,../data/results/vary_B2_annealed/B_81_n_6/phi_2.0/results_seed_17.pt,6.0,6.0
vary_B2_annealed,81,6,2.0,18,GPArealModel,8.133243560791016,,0.3441018733301471,5.17863496875631,1.4171413707774971,,,15.049714547144271,../data/results/vary_B2_annealed/B_81_n_6/phi_2.0/results_seed_18.pt,,
vary_B2_annealed,81,6,2.0,18,GPmodel,7.928365707397461,,0.554942292251393,2.811867579775902,1.292618258761054,,,5.066954923129385,../data/results/vary_B2_annealed/B_81_n_6/phi_2.0/results_seed_18.pt,,
vary_B2_annealed,81,6,2.0,18,VI_best_tau_by_ELBO,8.304634094238281,,0.2332097291946411,3.0510342647988953,1.9669791737256688,-971.9460083007813,0.9,,../data/results/vary_B2_annealed/B_81_n_6/phi_2.0/results_seed_18.pt,6.0,6.0
vary_B2_annealed,81,6,2.0,19,GPArealModel,7.483795166015625,,0.35821012350002157,5.1119128921995625,1.0932313339868462,,,14.270710281026592,../data/results/vary_B2_annealed/B_81_n_6/phi_2.0/results_seed_19.pt,,
vary_B2_annealed,81,6,2.0,19,GPmodel,7.974487781524658,,0.43580811591277807,2.796855273385324,1.072510914433888,,,6.417630079071502,../data/results/vary_B2_annealed/B_81_n_6/phi_2.0/results_seed_19.pt,,
vary_B2_annealed,81,6,2.0,19,VI_best_tau_by_ELBO,8.111024856567383,,0.23336684703826904,2.7486064521698164,1.6020058305339349,-937.1670532226562,0.9,,../data/results/vary_B2_annealed/B_81_n_6/phi_2.0/results_seed_19.pt,6.0,6.0
vary_B2_annealed,81,6,2.0,20,GPArealModel,7.998846054077148,,0.43815455288205957,3.8482227844990544,0.7117920208418667,,,8.782797666226468,../data/results/vary_B2_annealed/B_81_n_6/phi_2.0/results_seed_20.pt,,
vary_B2_annealed,81,6,2.0,20,GPmodel,8.025252342224121,,0.6720000799430284,2.360034259194537,1.1604188487668756,,,3.5119553250568347,../data/results/vary_B2_annealed/B_81_n_6/phi_2.0/results_seed_20.pt,,
vary_B2_annealed,81,6,2.0,20,VI_best_tau_by_ELBO,8.128165245056152,,0.23409812152385712,3.231974888911478,1.8860100262030153,-939.4035034179688,0.9,,../data/results/vary_B2_annealed/B_81_n_6/phi_2.0/results_seed_20.pt,6.0,6.0
vary_B2_annealed,81,6,2.0,21,GPArealModel,7.914719104766846,,0.45386510149277837,2.5233970068276053,1.8909015541287026,,,5.55979518700174,../data/results/vary_B2_annealed/B_81_n_6/phi_2.0/results_seed_21.pt,,
vary_B2_annealed,81,6,2.0,21,GPmodel,8.022101402282715,,0.858386272422644,1.7984830629679027,1.3288864888016936,,,2.0951908490940814,../data/results/vary_B2_annealed/B_81_n_6/phi_2.0/results_seed_21.pt,,
vary_B2_annealed,81,6,2.0,21,VI_best_tau_by_ELBO,8.285836219787598,,0.23434887826442719,1.9376665420248607,1.6486595308224261,-924.2345581054688,0.9,,../data/results/vary_B2_annealed/B_81_n_6/phi_2.0/results_seed_21.pt,6.0,6.0
vary_B2_annealed,81,6,2.0,22,GPArealModel,7.563610553741455,,0.7453622753247743,4.18028784235113,1.1687297039719464,,,5.608397393776961,../data/results/vary_B2_annealed/B_81_n_6/phi_2.0/results_seed_22.pt,,
vary_B2_annealed,81,6,2.0,22,GPmodel,7.890543460845947,,0.6814222744344367,2.761689956346135,1.0493534745174449,,,4.052831936904715,../data/results/vary_B2_annealed/B_81_n_6/phi_2.0/results_seed_22.pt,,
vary_B2_annealed,81,6,2.0,22,VI_best_tau_by_ELBO,8.04680061340332,,0.23446227610111237,5.7731336603869785,1.6727645098793757,-948.4478393554688,0.9,,../data/results/vary_B2_annealed/B_81_n_6/phi_2.0/results_seed_22.pt,6.0,6.0
vary_B2_annealed,81,6,2.0,23,GPArealModel,7.965293884277344,,0.652686632714931,3.4748563355413737,1.3219199916456505,,,5.323927534852794,../data/results/vary_B2_annealed/B_81_n_6/phi_2.0/results_seed_23.pt,,
vary_B2_annealed,81,6,2.0,23,GPmodel,7.977866172790527,,0.6605995774558743,2.3969164969044927,1.0566565532597463,,,3.6283954436295387,../data/results/vary_B2_annealed/B_81_n_6/phi_2.0/results_seed_23.pt,,
vary_B2_annealed,81,6,2.0,23,VI_best_tau_by_ELBO,8.079837799072266,,0.23433031141757965,3.3427323944457354,1.9579522228595494,-942.98759765625,0.9,,../data/results/vary_B2_annealed/B_81_n_6/phi_2.0/results_seed_23.pt,6.0,6.0
vary_B2_annealed,81,6,2.0,24,GPArealModel,7.398177146911621,,0.2523247126034763,4.275086970765065,3.329300580786507,,,16.942799326530043,../data/results/vary_B2_annealed/B_81_n_6/phi_2.0/results_seed_24.pt,,
vary_B2_annealed,81,6,2.0,24,GPmodel,7.9474592208862305,,0.4881710537356968,2.9936495972783628,1.0937782341259195,,,6.132378342324184,../data/results/vary_B2_annealed/B_81_n_6/phi_2.0/results_seed_24.pt,,
vary_B2_annealed,81,6,2.0,24,VI_best_tau_by_ELBO,8.045771598815918,,0.2339428961277008,3.946885901115887,1.7443749334436958,-941.2317016601562,0.9,,../data/results/vary_B2_annealed/B_81_n_6/phi_2.0/results_seed_24.pt,6.0,6.0
vary_B2_annealed,81,6,2.0,25,GPArealModel,8.033736228942871,,0.3387697740113841,5.781174385884396,1.5744925507557475,,,17.065201294168954,../data/results/vary_B2_annealed/B_81_n_6/phi_2.0/results_seed_25.pt,,
vary_B2_annealed,81,6,2.0,25,GPmodel,7.943716049194336,,0.46787227855995017,2.9829686384239813,1.263847527786374,,,6.375604572267393,../data/results/vary_B2_annealed/B_81_n_6/phi_2.0/results_seed_25.pt,,
vary_B2_annealed,81,6,2.0,25,VI_best_tau_by_ELBO,8.21181869506836,,0.23311015963554382,3.910864066211018,1.6396590512136644,-933.717138671875,0.9,,../data/results/vary_B2_annealed/B_81_n_6/phi_2.0/results_seed_25.pt,6.0,6.0
vary_B2_annealed,81,6,2.0,26,GPArealModel,7.683801651000977,,0.3920855185715199,4.966210526166984,2.563298201718923,,,12.666141162928728,../data/results/vary_B2_annealed/B_81_n_6/phi_2.0/results_seed_26.pt,,
vary_B2_annealed,81,6,2.0,26,GPmodel,7.925225734710693,,0.4266104625340854,3.6289216648003775,1.131632853266274,,,8.506405687390831,../data/results/vary_B2_annealed/B_81_n_6/phi_2.0/results_seed_26.pt,,
vary_B2_annealed,81,6,2.0,26,VI_best_tau_by_ELBO,8.131275177001953,,0.23393960297107697,4.106538844275996,1.7725997225207173,-950.8937866210938,0.9,,../data/results/vary_B2_annealed/B_81_n_6/phi_2.0/results_seed_26.pt,6.0,6.0
vary_B2_annealed,81,6,2.0,27,GPArealModel,8.1060152053833,,0.2524566454703328,3.0698618972826086,3.719046742328687,,,12.159956778176237,../data/results/vary_B2_annealed/B_81_n_6/phi_2.0/results_seed_27.pt,,
vary_B2_annealed,81,6,2.0,27,GPmodel,8.004257202148438,,0.5658004990127949,2.194037546478659,0.9537294855151899,,,3.877758238649138,../data/results/vary_B2_annealed/B_81_n_6/phi_2.0/results_seed_27.pt,,
vary_B2_annealed,81,6,2.0,27,VI_best_tau_by_ELBO,8.196110725402832,,0.2339373528957367,2.536948076805168,1.5499479600291073,-899.7091674804688,0.9,,../data/results/vary_B2_annealed/B_81_n_6/phi_2.0/results_seed_27.pt,6.0,6.0
vary_B2_annealed,81,6,2.0,28,GPArealModel,8.063855171203613,,1.4749216202656976,1.9294793998966822,1.1168898054103655,,,1.3081911427599109,../data/results/vary_B2_annealed/B_81_n_6/phi_2.0/results_seed_28.pt,,
vary_B2_annealed,81,6,2.0,28,GPmodel,7.981471061706543,,1.0616207191386735,1.6194259385332965,1.0904511768529224,,,1.525427970026045,../data/results/vary_B2_annealed/B_81_n_6/phi_2.0/results_seed_28.pt,,
vary_B2_annealed,81,6,2.0,28,VI_best_tau_by_ELBO,8.213630676269531,,0.23520499467849731,1.4096903810812293,2.086490598014444,-919.8223388671875,0.9,,../data/results/vary_B2_annealed/B_81_n_6/phi_2.0/results_seed_28.pt,6.0,6.0
vary_B2_annealed,81,6,2.0,29,GPArealModel,7.409115314483643,,0.317342242568679,6.837536699073558,1.4282684071772462,,,21.54625442780056,../data/results/vary_B2_annealed/B_81_n_6/phi_2.0/results_seed_29.pt,,
vary_B2_annealed,81,6,2.0,29,GPmodel,7.898939609527588,,0.3427009416537166,4.789836955007343,0.9811129541613282,,,13.976725397642037,../data/results/vary_B2_annealed/B_81_n_6/phi_2.0/results_seed_29.pt,,
vary_B2_annealed,81,6,2.0,29,VI_best_tau_by_ELBO,8.000917434692383,,0.23338842391967773,5.061323062687165,1.5503258687412873,-974.3282348632813,0.9,,../data/results/vary_B2_annealed/B_81_n_6/phi_2.0/results_seed_29.pt,6.0,6.0
vary_B2_annealed,81,6,2.0,30,GPArealModel,8.146771430969238,,0.37121472690476376,5.310918294696751,1.0568079050392394,,,14.30686314355002,../data/results/vary_B2_annealed/B_81_n_6/phi_2.0/results_seed_30.pt,,
vary_B2_annealed,81,6,2.0,30,GPmodel,7.979290962219238,,0.4963870078173582,3.2641051883777354,1.0453156601813602,,,6.575726473442952,../data/results/vary_B2_annealed/B_81_n_6/phi_2.0/results_seed_30.pt,,
vary_B2_annealed,81,6,2.0,30,VI_best_tau_by_ELBO,8.212310791015625,,0.23328162729740143,3.5861025798030255,1.8127596452185952,-964.356689453125,0.9,,../data/results/vary_B2_annealed/B_81_n_6/phi_2.0/results_seed_30.pt,6.0,6.0
vary_B2_annealed,81,6,2.0,31,GPArealModel,7.7151103019714355,,0.6440732565378356,3.3976429675310453,1.5421792060805704,,,5.27524304579079,../data/results/vary_B2_annealed/B_81_n_6/phi_2.0/results_seed_31.pt,,
vary_B2_annealed,81,6,2.0,31,GPmodel,7.900298118591309,,0.7213498651159669,2.30895883224102,1.263049589402571,,,3.2008862050176212,../data/results/vary_B2_annealed/B_81_n_6/phi_2.0/results_seed_31.pt,,
vary_B2_annealed,81,6,2.0,31,VI_best_tau_by_ELBO,7.987185478210449,,0.23466163873672485,2.995506138508106,1.7342975778749097,-956.0831298828125,0.9,,../data/results/vary_B2_annealed/B_81_n_6/phi_2.0/results_seed_31.pt,6.0,6.0
vary_B2_annealed,81,6,2.0,32,GPArealModel,8.342196464538574,,0.46244400318137424,4.294989873831941,1.193992125797634,,,9.287589079509399,../data/results/vary_B2_annealed/B_81_n_6/phi_2.0/results_seed_32.pt,,
vary_B2_annealed,81,6,2.0,32,GPmodel,7.920530796051025,,0.5474664019445251,2.924038594920191,0.916651459305154,,,5.341037522182931,../data/results/vary_B2_annealed/B_81_n_6/phi_2.0/results_seed_32.pt,,
vary_B2_annealed,81,6,2.0,32,VI_best_tau_by_ELBO,8.191672325134277,,0.23407158255577087,3.801153057717627,1.6802278918109124,-926.7589111328125,0.9,,../data/results/vary_B2_annealed/B_81_n_6/phi_2.0/results_seed_32.pt,6.0,6.0
vary_B2_annealed,81,6,2.0,33,GPArealModel,8.378108978271484,,0.3228334218379455,6.120012187034368,1.3605924737088992,,,18.957182785450463,../data/results/vary_B2_annealed/B_81_n_6/phi_2.0/results_seed_33.pt,,
vary_B2_annealed,81,6,2.0,33,GPmodel,7.914061069488525,,0.3648119076583613,3.8965723773176983,1.2561693121516893,,,10.681044931698768,../data/results/vary_B2_annealed/B_81_n_6/phi_2.0/results_seed_33.pt,,
vary_B2_annealed,81,6,2.0,33,VI_best_tau_by_ELBO,8.063929557800293,,0.2336682230234146,4.687587229095674,1.4745172298136746,-950.3178344726563,0.9,,../data/results/vary_B2_annealed/B_81_n_6/phi_2.0/results_seed_33.pt,6.0,6.0
vary_B2_annealed,81,6,2.0,34,GPArealModel,8.33654499053955,,0.3739186924319236,4.022500156697779,0.6036978058956761,,,10.757686732738359,../data/results/vary_B2_annealed/B_81_n_6/phi_2.0/results_seed_34.pt,,
vary_B2_annealed,81,6,2.0,34,GPmodel,7.934851169586182,,0.5366699607714074,2.5860340720846744,0.9625082816495262,,,4.818667451346669,../data/results/vary_B2_annealed/B_81_n_6/phi_2.0/results_seed_34.pt,,
vary_B2_annealed,81,6,2.0,34,VI_best_tau_by_ELBO,8.397563934326172,,0.2332851141691208,2.991780750222661,1.5715350182969332,-923.1155029296875,0.9,,../data/results/vary_B2_annealed/B_81_n_6/phi_2.0/results_seed_34.pt,6.0,6.0
vary_B2_annealed,81,6,2.0,35,GPArealModel,7.799163818359375,,0.4928517647478928,3.096861236949826,1.296190070077619,,,6.283555134542241,../data/results/vary_B2_annealed/B_81_n_6/phi_2.0/results_seed_35.pt,,
vary_B2_annealed,81,6,2.0,35,GPmodel,7.947389125823975,,0.5587838425393031,2.1357782149922366,1.041790750616874,,,3.822190357699923,../data/results/vary_B2_annealed/B_81_n_6/phi_2.0/results_seed_35.pt,,
vary_B2_annealed,81,6,2.0,35,VI_best_tau_by_ELBO,8.14410400390625,,0.23437710106372833,2.6995562207152264,1.603883903216646,-904.8983642578125,0.9,,../data/results/vary_B2_annealed/B_81_n_6/phi_2.0/results_seed_35.pt,6.0,6.0
vary_B2_annealed,81,6,2.0,36,GPArealModel,8.085840225219727,,0.49404570826254857,3.889072232522511,1.1196570651970579,,,7.871887494376853,../data/results/vary_B2_annealed/B_81_n_6/phi_2.0/results_seed_36.pt,,
vary_B2_annealed,81,6,2.0,36,GPmodel,7.944911003112793,,0.7082313298349959,2.0949553327935604,0.9629903279467488,,,2.9580099672823623,../data/results/vary_B2_annealed/B_81_n_6/phi_2.0/results_seed_36.pt,,
vary_B2_annealed,81,6,2.0,36,VI_best_tau_by_ELBO,8.088120460510254,,0.2337607443332672,3.3797916505318053,1.696417838864364,-918.8665283203125,0.9,,../data/results/vary_B2_annealed/B_81_n_6/phi_2.0/results_seed_36.pt,6.0,6.0
vary_B2_annealed,81,6,2.0,37,GPArealModel,7.957228183746338,,0.45797190166648566,4.667926548418957,0.7648881488681428,,,10.192604680403159,../data/results/vary_B2_annealed/B_81_n_6/phi_2.0/results_seed_37.pt,,
vary_B2_annealed,81,6,2.0,37,GPmodel,7.972416400909424,,0.5813152266294478,2.5961592371009323,0.9903501515784446,,,4.466009349443416,../data/results/vary_B2_annealed/B_81_n_6/phi_2.0/results_seed_37.pt,,
vary_B2_annealed,81,6,2.0,37,VI_best_tau_by_ELBO,8.128926277160645,,0.23384952545166016,3.808124830583953,1.5877741262569058,-941.677783203125,0.9,,../data/results/vary_B2_annealed/B_81_n_6/phi_2.0/results_seed_37.pt,6.0,6.0
vary_B2_annealed,81,6,2.0,38,GPArealModel,7.572437763214111,,0.4937158012378864,4.341437228644941,0.9995196431234892,,,8.793393320124085,../data/results/vary_B2_annealed/B_81_n_6/phi_2.0/results_seed_38.pt,,
vary_B2_annealed,81,6,2.0,38,GPmodel,7.922453880310059,,0.6858958135002141,2.342651974000199,1.3177348265240318,,,3.415463293244708,../data/results/vary_B2_annealed/B_81_n_6/phi_2.0/results_seed_38.pt,,
vary_B2_annealed,81,6,2.0,38,VI_best_tau_by_ELBO,8.05860424041748,,0.2340632975101471,3.2678172234807414,1.9198657559344021,-947.93125,0.9,,../data/results/vary_B2_annealed/B_81_n_6/phi_2.0/results_seed_38.pt,6.0,6.0
vary_B2_annealed,81,6,2.0,39,GPArealModel,7.9489336013793945,,0.5197125006691374,3.566327058562924,1.1075483051134372,,,6.862115215568657,../data/results/vary_B2_annealed/B_81_n_6/phi_2.0/results_seed_39.pt,,
vary_B2_annealed,81,6,2.0,39,GPmodel,7.955142498016357,,0.5777977682381387,2.3845128126271105,0.9610400359529212,,,4.126898620425852,../data/results/vary_B2_annealed/B_81_n_6/phi_2.0/results_seed_39.pt,,
vary_B2_annealed,81,6,2.0,39,VI_best_tau_by_ELBO,8.148555755615234,,0.23460917174816132,3.917949791537588,1.4671069164504595,-909.2918334960938,0.9,,../data/results/vary_B2_annealed/B_81_n_6/phi_2.0/results_seed_39.pt,6.0,6.0
vary_B2_annealed,81,6,2.0,40,GPArealModel,8.252326011657715,,0.629069188963009,4.239759920862376,1.1626772326826251,,,6.739735461931335,../data/results/vary_B2_annealed/B_81_n_6/phi_2.0/results_seed_40.pt,,
vary_B2_annealed,81,6,2.0,40,GPmodel,7.966433525085449,,0.6111453102974244,2.8296176102964274,0.9555753802655486,,,4.630024255474275,../data/results/vary_B2_annealed/B_81_n_6/phi_2.0/results_seed_40.pt,,
vary_B2_annealed,81,6,2.0,40,VI_best_tau_by_ELBO,8.160826683044434,,0.23442569375038147,4.660473098345209,1.6641255520139535,-938.2934814453125,0.9,,../data/results/vary_B2_annealed/B_81_n_6/phi_2.0/results_seed_40.pt,6.0,6.0
vary_B2_annealed,81,6,2.0,41,GPArealModel,8.257051467895508,,0.7123822853691398,2.85284764984739,1.7071937746111328,,,4.004658325226477,../data/results/vary_B2_annealed/B_81_n_6/phi_2.0/results_seed_41.pt,,
vary_B2_annealed,81,6,2.0,41,GPmodel,7.954641819000244,,0.7734458905482166,1.9086254916724887,1.1282252227938971,,,2.4676910369510914,../data/results/vary_B2_annealed/B_81_n_6/phi_2.0/results_seed_41.pt,,
vary_B2_annealed,81,6,2.0,41,VI_best_tau_by_ELBO,8.39090633392334,,0.2345118522644043,2.146973261307311,1.7111551441569213,-934.3771728515625,0.9,,../data/results/vary_B2_annealed/B_81_n_6/phi_2.0/results_seed_41.pt,6.0,6.0
vary_B2_annealed,81,6,2.0,42,GPArealModel,7.804670333862305,,0.7057733119590323,3.732289924199898,1.534548569276244,,,5.288227623456163,../data/results/vary_B2_annealed/B_81_n_6/phi_2.0/results_seed_42.pt,,
vary_B2_annealed,81,6,2.0,42,GPmodel,7.936497688293457,,0.5931280621679591,2.7813918940780176,0.8815817138911634,,,4.689361491195803,../data/results/vary_B2_annealed/B_81_n_6/phi_2.0/results_seed_42.pt,,
vary_B2_annealed,81,6,2.0,42,VI_best_tau_by_ELBO,8.13711166381836,,0.23447945713996887,4.037679792779972,1.7438747527332457,-933.7334228515625,0.9,,../data/results/vary_B2_annealed/B_81_n_6/phi_2.0/results_seed_42.pt,6.0,6.0
vary_B2_annealed,81,6,2.0,43,GPArealModel,8.19552230834961,,0.3880084003807621,5.999137593997878,1.2760184467802502,,,15.461360084242449,../data/results/vary_B2_annealed/B_81_n_6/phi_2.0/results_seed_43.pt,,
vary_B2_annealed,81,6,2.0,43,GPmodel,8.002250671386719,,0.4469959687875179,3.979489179967331,0.9743552303944246,,,8.90274064609966,../data/results/vary_B2_annealed/B_81_n_6/phi_2.0/results_seed_43.pt,,
vary_B2_annealed,81,6,2.0,43,VI_best_tau_by_ELBO,8.454021453857422,,0.23349569737911224,4.5938910791963545,1.6225510557443334,-963.3722045898437,0.9,,../data/results/vary_B2_annealed/B_81_n_6/phi_2.0/results_seed_43.pt,6.0,6.0
vary_B2_annealed,81,6,2.0,44,GPArealModel,8.672213554382324,,0.3713597255669601,5.409352635885365,1.2489789754506693,,,14.566341645225071,../data/results/vary_B2_annealed/B_81_n_6/phi_2.0/results_seed_44.pt,,
vary_B2_annealed,81,6,2.0,44,GPmodel,7.968173980712891,,0.45510655678709966,3.5046663239245857,1.0335316536262553,,,7.700759902617883,../data/results/vary_B2_annealed/B_81_n_6/phi_2.0/results_seed_44.pt,,
vary_B2_annealed,81,6,2.0,44,VI_best_tau_by_ELBO,8.510473251342773,,0.233760267496109,4.320607364596241,1.5054945254414498,-943.3256591796875,0.9,,../data/results/vary_B2_annealed/B_81_n_6/phi_2.0/results_seed_44.pt,6.0,6.0
vary_B2_annealed,81,6,2.0,45,GPArealModel,7.765086650848389,,0.48535476662810995,4.182799677255331,1.2887072431678117,,,8.618025339102704,../data/results/vary_B2_annealed/B_81_n_6/phi_2.0/results_seed_45.pt,,
vary_B2_annealed,81,6,2.0,45,GPmodel,7.950593948364258,,0.581168194499297,2.7767193916135717,0.972007721389122,,,4.777824075534351,../data/results/vary_B2_annealed/B_81_n_6/phi_2.0/results_seed_45.pt,,
vary_B2_annealed,81,6,2.0,45,VI_best_tau_by_ELBO,8.077921867370605,,0.23417669534683228,4.4911972228676165,1.6176648397969589,-931.7130004882813,0.9,,../data/results/vary_B2_annealed/B_81_n_6/phi_2.0/results_seed_45.pt,6.0,6.0
vary_B2_annealed,81,6,2.0,46,GPArealModel,8.697632789611816,,0.18793912393098422,6.289027138357409,2.1016487456524757,,,33.463107663877864,../data/results/vary_B2_annealed/B_81_n_6/phi_2.0/results_seed_46.pt,,
vary_B2_annealed,81,6,2.0,46,GPmodel,7.961066246032715,,0.2974709864250336,4.346630737702462,1.2185391913489516,,,14.611948512827038,../data/results/vary_B2_annealed/B_81_n_6/phi_2.0/results_seed_46.pt,,
vary_B2_annealed,81,6,2.0,46,VI_best_tau_by_ELBO,8.691316604614258,,0.2335696667432785,3.7073061477049776,1.4444650416037408,-957.7888916015625,0.9,,../data/results/vary_B2_annealed/B_81_n_6/phi_2.0/results_seed_46.pt,6.0,6.0
vary_B2_annealed,81,6,2.0,47,GPArealModel,7.722028732299805,,0.4086931498358264,4.844818712647,0.9507464289667641,,,11.854416240138066,../data/results/vary_B2_annealed/B_81_n_6/phi_2.0/results_seed_47.pt,,
vary_B2_annealed,81,6,2.0,47,GPmodel,7.982548713684082,,0.545639545264721,2.753915546542271,0.9972777116646346,,,5.047133351022402,../data/results/vary_B2_annealed/B_81_n_6/phi_2.0/results_seed_47.pt,,
vary_B2_annealed,81,6,2.0,47,VI_best_tau_by_ELBO,8.057350158691406,,0.2342946082353592,4.330834345795901,1.5511179896043088,-925.9144897460938,0.9,,../data/results/vary_B2_annealed/B_81_n_6/phi_2.0/results_seed_47.pt,6.0,6.0
vary_B2_annealed,81,6,2.0,48,GPArealModel,7.716125965118408,,0.4774604994493411,5.32981092318013,0.8796579522544649,,,11.162831122840617,../data/results/vary_B2_annealed/B_81_n_6/phi_2.0/results_seed_48.pt,,
vary_B2_annealed,81,6,2.0,48,GPmodel,8.003072738647461,,0.48669471326062685,3.313091358197498,0.9911036817976859,,,6.807329662574998,../data/results/vary_B2_annealed/B_81_n_6/phi_2.0/results_seed_48.pt,,
vary_B2_annealed,81,6,2.0,48,VI_best_tau_by_ELBO,8.169585227966309,,0.2338811457157135,3.7999666411735853,1.7545284253907865,-969.0238403320312,0.9,,../data/results/vary_B2_annealed/B_81_n_6/phi_2.0/results_seed_48.pt,6.0,6.0
vary_B2_annealed,81,6,2.0,49,GPArealModel,7.428717613220215,,0.5535198169068803,5.374979862523162,0.8472620017711544,,,9.71054639481391,../data/results/vary_B2_annealed/B_81_n_6/phi_2.0/results_seed_49.pt,,
vary_B2_annealed,81,6,2.0,49,GPmodel,7.922643661499023,,0.5523981921134424,3.186161984669434,1.1178807252332597,,,5.767871854321913,../data/results/vary_B2_annealed/B_81_n_6/phi_2.0/results_seed_49.pt,,
vary_B2_annealed,81,6,2.0,49,VI_best_tau_by_ELBO,8.049216270446777,,0.23374804854393005,4.443334668493133,1.828490505037304,-974.3445556640625,0.9,,../data/results/vary_B2_annealed/B_81_n_6/phi_2.0/results_seed_49.pt,6.0,6.0
vary_B2_annealed,81,6,2.0,50,GPArealModel,7.809138774871826,,0.4053422845539925,4.3886369459456755,1.403764367524318,,,10.826990208471821,../data/results/vary_B2_annealed/B_81_n_6/phi_2.0/results_seed_50.pt,,
vary_B2_annealed,81,6,2.0,50,GPmodel,7.898601531982422,,0.47270064829869646,2.864155071408015,1.0082147493827103,,,6.059130829873907,../data/results/vary_B2_annealed/B_81_n_6/phi_2.0/results_seed_50.pt,,
vary_B2_annealed,81,6,2.0,50,VI_best_tau_by_ELBO,8.010236740112305,,0.2336266189813614,3.405733986956578,1.7402582747637856,-930.5015747070313,0.9,,../data/results/vary_B2_annealed/B_81_n_6/phi_2.0/results_seed_50.pt,6.0,6.0
vary_B2_annealed,81,6,2.0,51,GPArealModel,7.980719089508057,,0.48164967284546384,3.91420818027215,1.931179936544189,,,8.126670484686521,../data/results/vary_B2_annealed/B_81_n_6/phi_2.0/results_seed_51.pt,,
vary_B2_annealed,81,6,2.0,51,GPmodel,7.935798168182373,,0.5948902027305669,2.540539611512333,1.206282789243521,,,4.270602541193597,../data/results/vary_B2_annealed/B_81_n_6/phi_2.0/results_seed_51.pt,,
vary_B2_annealed,81,6,2.0,51,VI_best_tau_by_ELBO,8.216379165649414,,0.23412375152111053,3.3486329637643277,1.8835158034919068,-945.275390625,0.9,,../data/results/vary_B2_annealed/B_81_n_6/phi_2.0/results_seed_51.pt,6.0,6.0
vary_B2_annealed,81,6,2.0,52,GPArealModel,8.091404914855957,,0.5307713652153916,3.419014103872162,1.0110396556574524,,,6.441594871050921,../data/results/vary_B2_annealed/B_81_n_6/phi_2.0/results_seed_52.pt,,
vary_B2_annealed,81,6,2.0,52,GPmodel,8.031277656555176,,0.7076667122384964,1.9765803029103686,1.2201840216457425,,,2.7930949255166113,../data/results/vary_B2_annealed/B_81_n_6/phi_2.0/results_seed_52.pt,,
vary_B2_annealed,81,6,2.0,52,VI_best_tau_by_ELBO,8.2666015625,,0.23426178097724915,2.8754254561325383,1.7202879800524706,-921.94365234375,0.9,,../data/results/vary_B2_annealed/B_81_n_6/phi_2.0/results_seed_52.pt,6.0,6.0
vary_B2_annealed,81,6,2.0,53,GPArealModel,8.06176471710205,,0.3426929753848305,4.7838943227659785,1.5698326799393298,,,13.959709321131712,../data/results/vary_B2_annealed/B_81_n_6/phi_2.0/results_seed_53.pt,,
vary_B2_annealed,81,6,2.0,53,GPmodel,7.937045097351074,,0.404528393859822,3.1384980249558345,1.0505653836975668,,,7.758412197002402,../data/results/vary_B2_annealed/B_81_n_6/phi_2.0/results_seed_53.pt,,
vary_B2_annealed,81,6,2.0,53,VI_best_tau_by_ELBO,8.189957618713379,,0.2338958978652954,3.3915237117926478,1.5384344757218738,-927.047119140625,0.9,,../data/results/vary_B2_annealed/B_81_n_6/phi_2.0/results_seed_53.pt,6.0,6.0
vary_B2_annealed,81,6,2.0,54,GPArealModel,7.739020347595215,,0.8028124328666831,3.3369422017227577,1.3209921015643993,,,4.156565176509789,../data/results/vary_B2_annealed/B_81_n_6/phi_2.0/results_seed_54.pt,,
vary_B2_annealed,81,6,2.0,54,GPmodel,7.942935466766357,,0.7082220639496449,2.3099798200922343,1.1700914254019428,,,3.261660343098934,../data/results/vary_B2_annealed/B_81_n_6/phi_2.0/results_seed_54.pt,,
vary_B2_annealed,81,6,2.0,54,VI_best_tau_by_ELBO,8.074929237365723,,0.23474323749542236,4.1030897654959215,1.8133359623073497,-945.0915161132813,0.9,,../data/results/vary_B2_annealed/B_81_n_6/phi_2.0/results_seed_54.pt,6.0,6.0
vary_B2_annealed,81,6,2.0,55,GPArealModel,7.773204803466797,,0.40558710212198046,5.46910790657078,0.7901163742329035,,,13.48442265041738,../data/results/vary_B2_annealed/B_81_n_6/phi_2.0/results_seed_55.pt,,
vary_B2_annealed,81,6,2.0,55,GPmodel,8.0015230178833,,0.48808429341033877,3.0358396961554206,1.2673543234900237,,,6.219908604195036,../data/results/vary_B2_annealed/B_81_n_6/phi_2.0/results_seed_55.pt,,
vary_B2_annealed,81,6,2.0,55,VI_best_tau_by_ELBO,8.1261625289917,,0.2340753823518753,4.372677588354502,1.7676847663510689,-949.830126953125,0.9,,../data/results/vary_B2_annealed/B_81_n_6/phi_2.0/results_seed_55.pt,6.0,6.0
vary_B2_annealed,81,6,2.0,56,GPArealModel,8.446874618530273,,0.3301341798331409,5.75550346725353,0.999330597921562,,,17.433830905247447,../data/results/vary_B2_annealed/B_81_n_6/phi_2.0/results_seed_56.pt,,
vary_B2_annealed,81,6,2.0,56,GPmodel,8.001229286193848,,0.3652475356087392,3.784020477002361,1.1026583662457055,,,10.36015334284386,../data/results/vary_B2_annealed/B_81_n_6/phi_2.0/results_seed_56.pt,,
vary_B2_annealed,81,6,2.0,56,VI_best_tau_by_ELBO,8.291389465332031,,0.23352369666099548,3.9133352211121437,1.61233491515483,-938.9393432617187,0.9,,../data/results/vary_B2_annealed/B_81_n_6/phi_2.0/results_seed_56.pt,6.0,6.0
vary_B2_annealed,81,6,2.0,57,GPArealModel,7.887169361114502,,0.29637254879325375,2.529902926418204,2.138952818067914,,,8.536225560428123,../data/results/vary_B2_annealed/B_81_n_6/phi_2.0/results_seed_57.pt,,
vary_B2_annealed,81,6,2.0,57,GPmodel,7.924187660217285,,0.5928379188407268,2.049398761402887,1.0266753403596534,,,3.456929282476419,../data/results/vary_B2_annealed/B_81_n_6/phi_2.0/results_seed_57.pt,,
vary_B2_annealed,81,6,2.0,57,VI_best_tau_by_ELBO,8.065641403198242,,0.23471124470233917,2.5568711014140595,1.556557202723242,-900.90576171875,0.9,,../data/results/vary_B2_annealed/B_81_n_6/phi_2.0/results_seed_57.pt,6.0,6.0
vary_B2_annealed,81,6,2.0,58,GPArealModel,8.290430068969727,,0.5147680660438728,5.816722404042308,1.8109953300966353,,,11.299695508980072,../data/results/vary_B2_annealed/B_81_n_6/phi_2.0/results_seed_58.pt,,
vary_B2_annealed,81,6,2.0,58,GPmodel,7.91859245300293,,0.6028291494644947,3.6499796907234168,1.2611758538054685,,,6.05474983080325,../data/results/vary_B2_annealed/B_81_n_6/phi_2.0/results_seed_58.pt,,
vary_B2_annealed,81,6,2.0,58,VI_best_tau_by_ELBO,8.193889617919922,,0.2341059446334839,6.360906500897099,1.9045980170658432,-982.863623046875,0.9,,../data/results/vary_B2_annealed/B_81_n_6/phi_2.0/results_seed_58.pt,6.0,6.0
vary_B2_annealed,81,6,2.0,59,GPArealModel,7.803463459014893,,0.3798402215411349,3.597500661450091,2.1395269894458586,,,9.471089309220242,../data/results/vary_B2_annealed/B_81_n_6/phi_2.0/results_seed_59.pt,,
vary_B2_annealed,81,6,2.0,59,GPmodel,7.8951921463012695,,0.5394671244004854,2.6676780334181096,1.0436004465161748,,,4.945024289260859,../data/results/vary_B2_annealed/B_81_n_6/phi_2.0/results_seed_59.pt,,
vary_B2_annealed,81,6,2.0,59,VI_best_tau_by_ELBO,8.02512264251709,,0.23408913612365723,3.174337381570116,1.8324692610717421,-934.878466796875,0.9,,../data/results/vary_B2_annealed/B_81_n_6/phi_2.0/results_seed_59.pt,6.0,6.0
vary_B2_annealed,81,6,2.0,60,GPArealModel,8.209184646606445,,0.3095033524722871,5.396161673294736,1.364084388426854,,,17.434905406324823,../data/results/vary_B2_annealed/B_81_n_6/phi_2.0/results_seed_60.pt,,
vary_B2_annealed,81,6,2.0,60,GPmodel,7.955740928649902,,0.3653189932135035,3.5371937197993013,1.129584136674878,,,9.682479656161918,../data/results/vary_B2_annealed/B_81_n_6/phi_2.0/results_seed_60.pt,,
vary_B2_annealed,81,6,2.0,60,VI_best_tau_by_ELBO,8.163832664489746,,0.2337852120399475,3.9052065282456887,1.5861243366555013,-925.5330810546875,0.9,,../data/results/vary_B2_annealed/B_81_n_6/phi_2.0/results_seed_60.pt,6.0,6.0
vary_B2_annealed,81,6,2.0,61,GPArealModel,8.141348838806152,,0.35966793818996706,3.154743472986573,1.3460527500549777,,,8.771266877061256,../data/results/vary_B2_annealed/B_81_n_6/phi_2.0/results_seed_61.pt,,
vary_B2_annealed,81,6,2.0,61,GPmodel,7.909489631652832,,0.4535777870502115,2.4871957711047883,0.9193690311470712,,,5.4835043560663905,../data/results/vary_B2_annealed/B_81_n_6/phi_2.0/results_seed_61.pt,,
vary_B2_annealed,81,6,2.0,61,VI_best_tau_by_ELBO,8.23060131072998,,0.23344485461711884,2.287615555862118,1.5484446447184144,-913.3665283203125,0.9,,../data/results/vary_B2_annealed/B_81_n_6/phi_2.0/results_seed_61.pt,6.0,6.0
vary_B2_annealed,81,6,2.0,62,GPArealModel,7.654987812042236,,0.29153788645936357,5.38683136063698,0.9500382253217068,,,18.477294412943586,../data/results/vary_B2_annealed/B_81_n_6/phi_2.0/results_seed_62.pt,,
vary_B2_annealed,81,6,2.0,62,GPmodel,7.906707763671875,,0.40098254822573987,3.507028043733951,1.3207134010504238,,,8.746086479952266,../data/results/vary_B2_annealed/B_81_n_6/phi_2.0/results_seed_62.pt,,
vary_B2_annealed,81,6,2.0,62,VI_best_tau_by_ELBO,8.147064208984375,,0.23402418196201324,4.651553545151797,1.6473296652742282,-949.2205322265625,0.9,,../data/results/vary_B2_annealed/B_81_n_6/phi_2.0/results_seed_62.pt,6.0,6.0
vary_B2_annealed,81,6,2.0,63,GPArealModel,8.188706398010254,,0.5139108959055366,3.3527081240400625,1.2812515766705195,,,6.523909398987199,../data/results/vary_B2_annealed/B_81_n_6/phi_2.0/results_seed_63.pt,,
vary_B2_annealed,81,6,2.0,63,GPmodel,7.963745594024658,,0.5103713299794581,2.6557231626167,1.0366996700160134,,,5.203511652434689,../data/results/vary_B2_annealed/B_81_n_6/phi_2.0/results_seed_63.pt,,
vary_B2_annealed,81,6,2.0,63,VI_best_tau_by_ELBO,8.427400588989258,,0.23427438735961914,2.561057089577525,1.6493169003801373,-929.2171142578125,0.9,,../data/results/vary_B2_annealed/B_81_n_6/phi_2.0/results_seed_63.pt,6.0,6.0
vary_B2_annealed,81,6,2.0,64,GPArealModel,7.410038471221924,,0.4307129804922627,4.395790791353726,1.2861453930106208,,,10.205847026782822,../data/results/vary_B2_annealed/B_81_n_6/phi_2.0/results_seed_64.pt,,
vary_B2_annealed,81,6,2.0,64,GPmodel,7.911853790283203,,0.5474801399954071,2.7854300021046274,1.1425552925682247,,,5.087727934985907,../data/results/vary_B2_annealed/B_81_n_6/phi_2.0/results_seed_64.pt,,
vary_B2_annealed,81,6,2.0,64,VI_best_tau_by_ELBO,8.034037590026855,,0.234172061085701,4.050783569386359,1.6746850626274654,-943.8775512695313,0.9,,../data/results/vary_B2_annealed/B_81_n_6/phi_2.0/results_seed_64.pt,6.0,6.0
vary_B2_annealed,81,6,2.0,65,GPArealModel,8.247543334960938,,0.7742960443739046,3.5638340630960195,1.0760284316465547,,,4.602676313525189,../data/results/vary_B2_annealed/B_81_n_6/phi_2.0/results_seed_65.pt,,
vary_B2_annealed,81,6,2.0,65,GPmodel,7.956127643585205,,0.6913390641557619,2.5453547323059187,0.8992625676137845,,,3.6817747821240414,../data/results/vary_B2_annealed/B_81_n_6/phi_2.0/results_seed_65.pt,,
vary_B2_annealed,81,6,2.0,65,VI_best_tau_by_ELBO,8.294305801391602,,0.2347778081893921,3.3558918867461793,1.7240448817395317,-956.2142944335938,0.9,,../data/results/vary_B2_annealed/B_81_n_6/phi_2.0/results_seed_65.pt,6.0,6.0
vary_B2_annealed,81,6,2.0,66,GPArealModel,8.441205024719238,,0.623443834471945,2.6165595320186132,1.0013541950841809,,,4.196945077233511,../data/results/vary_B2_annealed/B_81_n_6/phi_2.0/results_seed_66.pt,,
vary_B2_annealed,81,6,2.0,66,GPmodel,7.9641242027282715,,0.7873265758721336,2.0455078337399994,1.0051438624165225,,,2.5980424088621157,../data/results/vary_B2_annealed/B_81_n_6/phi_2.0/results_seed_66.pt,,
vary_B2_annealed,81,6,2.0,66,VI_best_tau_by_ELBO,8.34335708618164,,0.233728289604187,2.417451526841956,1.9026527578108865,-923.4301879882812,0.9,,../data/results/vary_B2_annealed/B_81_n_6/phi_2.0/results_seed_66.pt,6.0,6.0
vary_B2_annealed,81,6,2.0,67,GPArealModel,7.7738728523254395,,0.5992911653044556,4.436604200471734,1.2804437376920392,,,7.4030862747956965,../data/results/vary_B2_annealed/B_81_n_6/phi_2.0/results_seed_67.pt,,
vary_B2_annealed,81,6,2.0,67,GPmodel,7.971565246582031,,0.5327056213352627,3.226523737465282,0.8659478822501043,,,6.056860690483765,../data/results/vary_B2_annealed/B_81_n_6/phi_2.0/results_seed_67.pt,,
vary_B2_annealed,81,6,2.0,67,VI_best_tau_by_ELBO,8.083395004272461,,0.2333260029554367,4.612178432207766,1.6212661913336432,-953.2377807617188,0.9,,../data/results/vary_B2_annealed/B_81_n_6/phi_2.0/results_seed_67.pt,6.0,6.0
vary_B2_annealed,81,6,2.0,68,GPArealModel,7.765120029449463,,0.31214704896530704,3.5272500718207107,2.2803500433977435,,,11.299962897335416,../data/results/vary_B2_annealed/B_81_n_6/phi_2.0/results_seed_68.pt,,
vary_B2_annealed,81,6,2.0,68,GPmodel,7.903746128082275,,0.7721796816897918,2.3043130371031557,1.5337830508009345,,,2.9841668872464178,../data/results/vary_B2_annealed/B_81_n_6/phi_2.0/results_seed_68.pt,,
vary_B2_annealed,81,6,2.0,68,VI_best_tau_by_ELBO,8.101361274719238,,0.23362909257411957,2.4610206953802667,1.9804139671026306,-941.4765014648438,0.9,,../data/results/vary_B2_annealed/B_81_n_6/phi_2.0/results_seed_68.pt,6.0,6.0
vary_B2_annealed,81,6,2.0,69,GPArealModel,8.117095947265625,,0.3659756546589541,4.442439514382289,0.5034274864796059,,,12.138620309381277,../data/results/vary_B2_annealed/B_81_n_6/phi_2.0/results_seed_69.pt,,
vary_B2_annealed,81,6,2.0,69,GPmodel,8.006046295166016,,0.4057014654018885,2.819041295676674,0.8135281498499921,,,6.948560791822942,../data/results/vary_B2_annealed/B_81_n_6/phi_2.0/results_seed_69.pt,,
vary_B2_annealed,81,6,2.0,69,VI_best_tau_by_ELBO,8.339117050170898,,0.23330657184123993,2.777787609959082,1.4312359677125284,-912.619140625,0.9,,../data/results/vary_B2_annealed/B_81_n_6/phi_2.0/results_seed_69.pt,6.0,6.0
vary_B2_annealed,81,6,2.0,70,GPArealModel,7.723552227020264,,0.24134352578934806,6.573531954205935,1.7140267381083047,,,27.23724173957545,../data/results/vary_B2_annealed/B_81_n_6/phi_2.0/results_seed_70.pt,,
vary_B2_annealed,81,6,2.0,70,GPmodel,7.9253668785095215,,0.307402737275643,4.464086771425095,1.0076674381430122,,,14.521948668993868,../data/results/vary_B2_annealed/B_81_n_6/phi_2.0/results_seed_70.pt,,
vary_B2_annealed,81,6,2.0,70,VI_best_tau_by_ELBO,8.101130485534668,,0.23376736044883728,5.154444408141006,1.318682198286155,-933.827978515625,0.9,,../data/results/vary_B2_annealed/B_81_n_6/phi_2.0/results_seed_70.pt,6.0,6.0
vary_B2_annealed,81,6,2.0,71,GPArealModel,7.659037113189697,,0.4146915475592204,4.183314792292064,0.982801926086424,,,10.087774435997305,../data/results/vary_B2_annealed/B_81_n_6/phi_2.0/results_seed_71.pt,,
vary_B2_annealed,81,6,2.0,71,GPmodel,7.875433921813965,,0.520545682190023,2.707845647301699,1.0653061595962068,,,5.2019366214110905,../data/results/vary_B2_annealed/B_81_n_6/phi_2.0/results_seed_71.pt,,
vary_B2_annealed,81,6,2.0,71,VI_best_tau_by_ELBO,7.979729175567627,,0.23415414988994598,3.8058364534122004,1.56838960265483,-936.3339477539063,0.9,,../data/results/vary_B2_annealed/B_81_n_6/phi_2.0/results_seed_71.pt,6.0,6.0
vary_B2_annealed,81,6,2.0,72,GPArealModel,7.758659362792969,,0.4384337962483877,3.213974981092742,2.8715015499736625,,,7.330582196432493,../data/results/vary_B2_annealed/B_81_n_6/phi_2.0/results_seed_72.pt,,
vary_B2_annealed,81,6,2.0,72,GPmodel,7.956535339355469,,0.6230346497773325,2.575958068716529,1.131549360966891,,,4.134534202290603,../data/results/vary_B2_annealed/B_81_n_6/phi_2.0/results_seed_72.pt,,
vary_B2_annealed,81,6,2.0,72,VI_best_tau_by_ELBO,8.112595558166504,,0.23464147746562958,3.8552091299921263,1.725857532600488,-936.7554443359375,0.9,,../data/results/vary_B2_annealed/B_81_n_6/phi_2.0/results_seed_72.pt,6.0,6.0
vary_B2_annealed,81,6,2.0,73,GPArealModel,7.94728422164917,,0.34195548936393977,6.501536950208302,1.3426466877539918,,,19.01281644082275,../data/results/vary_B2_annealed/B_81_n_6/phi_2.0/results_seed_73.pt,,
vary_B2_annealed,81,6,2.0,73,GPmodel,7.999699592590332,,0.4481035308872233,3.752903446432791,0.9303750857359278,,,8.375081176000162,../data/results/vary_B2_annealed/B_81_n_6/phi_2.0/results_seed_73.pt,,
vary_B2_annealed,81,6,2.0,73,VI_best_tau_by_ELBO,8.160368919372559,,0.233109712600708,4.608048916059996,1.5840172245698447,-955.9725341796875,0.9,,../data/results/vary_B2_annealed/B_81_n_6/phi_2.0/results_seed_73.pt,6.0,6.0
vary_B2_annealed,81,6,2.0,74,GPArealModel,7.5792059898376465,,0.41210155906668156,4.599934681716542,1.3058551335033235,,,11.162138508124967,../data/results/vary_B2_annealed/B_81_n_6/phi_2.0/results_seed_74.pt,,
vary_B2_annealed,81,6,2.0,74,GPmodel,7.93226957321167,,0.46092847025369016,3.010349740527874,1.2241849871784891,,,6.5310561937539005,../data/results/vary_B2_annealed/B_81_n_6/phi_2.0/results_seed_74.pt,,
vary_B2_annealed,81,6,2.0,74,VI_best_tau_by_ELBO,8.128711700439453,,0.2339687943458557,2.9614265375716387,1.7890894250503409,-962.2230590820312,0.9,,../data/results/vary_B2_annealed/B_81_n_6/phi_2.0/results_seed_74.pt,6.0,6.0
vary_B2_annealed,81,6,2.0,75,GPArealModel,7.553372859954834,,0.46851175404776246,5.926312941718515,2.739284807010136,,,12.64923001507953,../data/results/vary_B2_annealed/B_81_n_6/phi_2.0/results_seed_75.pt,,
vary_B2_annealed,81,6,2.0,75,GPmodel,7.909019947052002,,0.465355211678385,4.032551912757296,1.0731669303102298,,,8.66553508278803,../data/results/vary_B2_annealed/B_81_n_6/phi_2.0/results_seed_75.pt,,
vary_B2_annealed,81,6,2.0,75,VI_best_tau_by_ELBO,8.001713752746582,,0.23397400975227356,4.3412075491790585,1.9876145272646892,-1000.589404296875,0.9,,../data/results/vary_B2_annealed/B_81_n_6/phi_2.0/results_seed_75.pt,6.0,6.0
vary_B2_annealed,81,6,2.0,76,GPArealModel,8.033610343933105,,0.6668342244233486,3.726533496763997,1.9708284392210857,,,5.588395676581467,../data/results/vary_B2_annealed/B_81_n_6/phi_2.0/results_seed_76.pt,,
vary_B2_annealed,81,6,2.0,76,GPmodel,7.945701599121094,,0.7810624122129685,2.3777708534767146,1.3489510816607082,,,3.0442776611664417,../data/results/vary_B2_annealed/B_81_n_6/phi_2.0/results_seed_76.pt,,
vary_B2_annealed,81,6,2.0,76,VI_best_tau_by_ELBO,8.139647483825684,,0.2344522625207901,3.85738052941708,1.9256301873580133,-952.5414306640625,0.9,,../data/results/vary_B2_annealed/B_81_n_6/phi_2.0/results_seed_76.pt,6.0,6.0
vary_B2_annealed,81,6,2.0,77,GPArealModel,7.749430179595947,,0.21998221974834065,6.3262565638699915,2.0827660007443165,,,28.75803585902179,../data/results/vary_B2_annealed/B_81_n_6/phi_2.0/results_seed_77.pt,,
vary_B2_annealed,81,6,2.0,77,GPmodel,7.937150478363037,,0.22976861416931338,4.965536854891469,1.0326612347923911,,,21.61103191940929,../data/results/vary_B2_annealed/B_81_n_6/phi_2.0/results_seed_77.pt,,
vary_B2_annealed,81,6,2.0,77,VI_best_tau_by_ELBO,8.145414352416992,,0.23295672237873077,3.5564467041318153,1.5147797601472146,-935.5931518554687,0.9,,../data/results/vary_B2_annealed/B_81_n_6/phi_2.0/results_seed_77.pt,6.0,6.0
vary_B2_annealed,81,6,2.0,78,GPArealModel,8.139625549316406,,0.33071908065951894,4.725987930310403,1.5292019633214105,,,14.290037093976714,../data/results/vary_B2_annealed/B_81_n_6/phi_2.0/results_seed_78.pt,,
vary_B2_annealed,81,6,2.0,78,GPmodel,7.978804111480713,,0.40044531623637963,3.3793110967282933,1.3310125410856182,,,8.438882812986913,../data/results/vary_B2_annealed/B_81_n_6/phi_2.0/results_seed_78.pt,,
vary_B2_annealed,81,6,2.0,78,VI_best_tau_by_ELBO,8.31066608428955,,0.23382171988487244,3.882114515970286,1.6010871518500234,-934.0409057617187,0.9,,../data/results/vary_B2_annealed/B_81_n_6/phi_2.0/results_seed_78.pt,6.0,6.0
vary_B2_annealed,81,6,2.0,79,GPArealModel,8.108827590942383,,0.9127210556232378,2.237155974111651,1.6359190484105448,,,2.4510839980392944,../data/results/vary_B2_annealed/B_81_n_6/phi_2.0/results_seed_79.pt,,
vary_B2_annealed,81,6,2.0,79,GPmodel,7.956722736358643,,1.0776597630277038,1.7299171725021352,1.128686113339982,,,1.6052535613298793,../data/results/vary_B2_annealed/B_81_n_6/phi_2.0/results_seed_79.pt,,
vary_B2_annealed,81,6,2.0,79,VI_best_tau_by_ELBO,8.31044864654541,,0.23512540757656097,1.9869803515705675,1.8352666427063973,-944.6526977539063,0.9,,../data/results/vary_B2_annealed/B_81_n_6/phi_2.0/results_seed_79.pt,6.0,6.0
vary_B2_annealed,81,6,2.0,80,GPArealModel,7.965515613555908,,0.40303019320698447,4.50664622266012,2.0788222551387405,,,11.181907208489559,../data/results/vary_B2_annealed/B_81_n_6/phi_2.0/results_seed_80.pt,,
vary_B2_annealed,81,6,2.0,80,GPmodel,8.008255004882812,,0.5408717650205441,2.8208047963453486,1.195133681520355,,,5.215293122646558,../data/results/vary_B2_annealed/B_81_n_6/phi_2.0/results_seed_80.pt,,
vary_B2_annealed,81,6,2.0,80,VI_best_tau_by_ELBO,8.177659034729004,,0.23410727083683014,4.290594000897098,1.6218343149379777,-932.3892333984375,0.9,,../data/results/vary_B2_annealed/B_81_n_6/phi_2.0/results_seed_80.pt,6.0,6.0
vary_B2_annealed,81,6,2.0,81,GPArealModel,7.888787746429443,,0.32237854506457914,6.103569552790489,3.0157906879654908,,,18.93292728760165,../data/results/vary_B2_annealed/B_81_n_6/phi_2.0/results_seed_81.pt,,
vary_B2_annealed,81,6,2.0,81,GPmodel,8.05670166015625,,0.4432526119494055,3.679327401910922,1.2771693409742315,,,8.30074612697577,../data/results/vary_B2_annealed/B_81_n_6/phi_2.0/results_seed_81.pt,,
vary_B2_annealed,81,6,2.0,81,VI_best_tau_by_ELBO,8.213257789611816,,0.2336394041776657,5.097200944373451,1.7880203644139174,-965.0332763671875,0.9,,../data/results/vary_B2_annealed/B_81_n_6/phi_2.0/results_seed_81.pt,6.0,6.0
vary_B2_annealed,81,6,2.0,82,GPArealModel,7.953797817230225,,0.7684452803576017,3.6971552128360092,0.9850119678835025,,,4.811214678962581,../data/results/vary_B2_annealed/B_81_n_6/phi_2.0/results_seed_82.pt,,
vary_B2_annealed,81,6,2.0,82,GPmodel,7.901235580444336,,0.6642835397885314,2.4879500251619486,1.1198350662880043,,,3.745313373192966,../data/results/vary_B2_annealed/B_81_n_6/phi_2.0/results_seed_82.pt,,
vary_B2_annealed,81,6,2.0,82,VI_best_tau_by_ELBO,8.15986442565918,,0.23478913307189941,3.905001312974365,1.8076805672533303,-943.8368286132812,0.9,,../data/results/vary_B2_annealed/B_81_n_6/phi_2.0/results_seed_82.pt,6.0,6.0
vary_B2_annealed,81,6,2.0,83,GPArealModel,7.778468608856201,,0.7389915836754917,2.468657359493159,1.15358611110963,,,3.340575744063147,../data/results/vary_B2_annealed/B_81_n_6/phi_2.0/results_seed_83.pt,,
vary_B2_annealed,81,6,2.0,83,GPmodel,7.937114238739014,,1.2533422414579278,1.4878881001299784,1.2498560958937022,,,1.1871363231157193,../data/results/vary_B2_annealed/B_81_n_6/phi_2.0/results_seed_83.pt,,
vary_B2_annealed,81,6,2.0,83,VI_best_tau_by_ELBO,8.162677764892578,,0.23420913517475128,1.6806156327043964,1.8906670766938378,-910.6614624023438,0.9,,../data/results/vary_B2_annealed/B_81_n_6/phi_2.0/results_seed_83.pt,6.0,6.0
vary_B2_annealed,81,6,2.0,84,GPArealModel,7.772249221801758,,0.38460784020160543,5.468309955382736,1.2024032206469222,,,14.217884774570205,../data/results/vary_B2_annealed/B_81_n_6/phi_2.0/results_seed_84.pt,,
vary_B2_annealed,81,6,2.0,84,GPmodel,7.8915863037109375,,0.4191114450306828,3.62912888667874,1.012053512293125,,,8.659102321610554,../data/results/vary_B2_annealed/B_81_n_6/phi_2.0/results_seed_84.pt,,
vary_B2_annealed,81,6,2.0,84,VI_best_tau_by_ELBO,8.03515625,,0.23363305628299713,3.881433826495379,1.7431667096257357,-963.6558471679688,0.9,,../data/results/vary_B2_annealed/B_81_n_6/phi_2.0/results_seed_84.pt,6.0,6.0
vary_B2_annealed,81,6,2.0,85,GPArealModel,7.625396728515625,,0.4494076246532474,4.026033847726568,1.4615013640374417,,,8.958534806419813,../data/results/vary_B2_annealed/B_81_n_6/phi_2.0/results_seed_85.pt,,
vary_B2_annealed,81,6,2.0,85,GPmodel,7.877249240875244,,0.5763083261708204,2.7533683376248503,0.9456784944984771,,,4.777595971793646,../data/results/vary_B2_annealed/B_81_n_6/phi_2.0/results_seed_85.pt,,
vary_B2_annealed,81,6,2.0,85,VI_best_tau_by_ELBO,8.079519271850586,,0.23347091674804688,3.3002984646872418,1.7380663286009785,-951.3008178710937,0.9,,../data/results/vary_B2_annealed/B_81_n_6/phi_2.0/results_seed_85.pt,6.0,6.0
vary_B2_annealed,81,6,2.0,86,GPArealModel,7.799073219299316,,0.46798863909701255,5.501846961486851,1.0036444477189392,,,11.756368641988198,../data/results/vary_B2_annealed/B_81_n_6/phi_2.0/results_seed_86.pt,,
vary_B2_annealed,81,6,2.0,86,GPmodel,7.969587326049805,,0.4987438025138306,3.702090772438999,1.1926126478860544,,,7.422830627226364,../data/results/vary_B2_annealed/B_81_n_6/phi_2.0/results_seed_86.pt,,
vary_B2_annealed,81,6,2.0,86,VI_best_tau_by_ELBO,8.130593299865723,,0.2345191240310669,5.811096972938611,1.851730882407515,-970.3944091796875,0.9,,../data/results/vary_B2_annealed/B_81_n_6/phi_2.0/results_seed_86.pt,6.0,6.0
vary_B2_annealed,81,6,2.0,87,GPArealModel,8.122995376586914,,0.6143220034287544,3.697954352191979,1.985526144594886,,,6.019570081410647,../data/results/vary_B2_annealed/B_81_n_6/phi_2.0/results_seed_87.pt,,
vary_B2_annealed,81,6,2.0,87,GPmodel,7.971804618835449,,0.6505002691901826,2.6397089728249736,1.157366461073591,,,4.057967533374255,../data/results/vary_B2_annealed/B_81_n_6/phi_2.0/results_seed_87.pt,,
vary_B2_annealed,81,6,2.0,87,VI_best_tau_by_ELBO,8.207258224487305,,0.2344844490289688,3.142394641370431,1.8323230388882434,-965.743359375,0.9,,../data/results/vary_B2_annealed/B_81_n_6/phi_2.0/results_seed_87.pt,6.0,6.0
vary_B2_annealed,81,6,2.0,88,GPArealModel,8.293006896972656,,0.382598008111263,4.468823383345049,0.8384223136294126,,,11.680205564597383,../data/results/vary_B2_annealed/B_81_n_6/phi_2.0/results_seed_88.pt,,
vary_B2_annealed,81,6,2.0,88,GPmodel,7.9618096351623535,,0.49017524423302145,2.9074117301397293,0.9886683190565546,,,5.9313720232627505,../data/results/vary_B2_annealed/B_81_n_6/phi_2.0/results_seed_88.pt,,
vary_B2_annealed,81,6,2.0,88,VI_best_tau_by_ELBO,8.300193786621094,,0.23416148126125336,3.897764827534464,1.450825454478715,-926.1966674804687,0.9,,../data/results/vary_B2_annealed/B_81_n_6/phi_2.0/results_seed_88.pt,6.0,6.0
vary_B2_annealed,81,6,2.0,89,GPArealModel,7.611937046051025,,0.37779693109696716,5.259074310784181,0.8369055187944733,,,13.920373295553217,../data/results/vary_B2_annealed/B_81_n_6/phi_2.0/results_seed_89.pt,,
vary_B2_annealed,81,6,2.0,89,GPmodel,7.993261814117432,,0.5654096004101683,3.1073068896421425,1.1905832752876688,,,5.495674087224538,../data/results/vary_B2_annealed/B_81_n_6/phi_2.0/results_seed_89.pt,,
vary_B2_annealed,81,6,2.0,89,VI_best_tau_by_ELBO,8.224925994873047,,0.2330932468175888,4.242860525415634,1.8490769497770163,-976.70908203125,0.9,,../data/results/vary_B2_annealed/B_81_n_6/phi_2.0/results_seed_89.pt,6.0,6.0
vary_B2_annealed,81,6,2.0,90,GPArealModel,8.293719291687012,,0.4328154353352269,4.041897300264236,1.3038422380301236,,,9.338616348406523,../data/results/vary_B2_annealed/B_81_n_6/phi_2.0/results_seed_90.pt,,
vary_B2_annealed,81,6,2.0,90,GPmodel,7.988745212554932,,0.5042361534440987,2.3921903955938686,1.1052930144308577,,,4.744186586492107,../data/results/vary_B2_annealed/B_81_n_6/phi_2.0/results_seed_90.pt,,
vary_B2_annealed,81,6,2.0,90,VI_best_tau_by_ELBO,8.391214370727539,,0.2340291440486908,2.9697425460973,1.3580143269503822,-911.5638427734375,0.9,,../data/results/vary_B2_annealed/B_81_n_6/phi_2.0/results_seed_90.pt,6.0,6.0
vary_B2_annealed,81,6,2.0,91,GPArealModel,7.887310028076172,,0.40187243873101325,4.9885798492703035,1.0263279590436314,,,12.413341569336453,../data/results/vary_B2_annealed/B_81_n_6/phi_2.0/results_seed_91.pt,,
vary_B2_annealed,81,6,2.0,91,GPmodel,8.001904487609863,,0.5208782109961253,2.976673390347568,1.2111889715798891,,,5.714720499932202,../data/results/vary_B2_annealed/B_81_n_6/phi_2.0/results_seed_91.pt,,
vary_B2_annealed,81,6,2.0,91,VI_best_tau_by_ELBO,8.203216552734375,,0.23349839448928833,3.7392093070722328,1.7795977145371877,-961.3416748046875,0.9,,../data/results/vary_B2_annealed/B_81_n_6/phi_2.0/results_seed_91.pt,6.0,6.0
vary_B2_annealed,81,6,2.0,92,GPArealModel,7.562717914581299,,0.603038845747869,4.053578811975027,1.053381570993334,,,6.721919890497122,../data/results/vary_B2_annealed/B_81_n_6/phi_2.0/results_seed_92.pt,,
vary_B2_annealed,81,6,2.0,92,GPmodel,7.9670634269714355,,0.6751741876063263,2.486882393687866,0.9811211668246915,,,3.683319711176358,../data/results/vary_B2_annealed/B_81_n_6/phi_2.0/results_seed_92.pt,,
vary_B2_annealed,81,6,2.0,92,VI_best_tau_by_ELBO,8.039105415344238,,0.2344067543745041,4.141077280339994,1.7270199989593014,-936.607958984375,0.9,,../data/results/vary_B2_annealed/B_81_n_6/phi_2.0/results_seed_92.pt,6.0,6.0
vary_B2_annealed,81,6,2.0,93,GPArealModel,8.505548477172852,,0.4687437325433958,4.665850857021431,1.9094836846802892,,,9.953948251648297,../data/results/vary_B2_annealed/B_81_n_6/phi_2.0/results_seed_93.pt,,
vary_B2_annealed,81,6,2.0,93,GPmodel,8.038570404052734,,0.5362174251936013,3.5611649303520028,1.2665107824901132,,,6.641270430676967,../data/results/vary_B2_annealed/B_81_n_6/phi_2.0/results_seed_93.pt,,
vary_B2_annealed,81,6,2.0,93,VI_best_tau_by_ELBO,8.603792190551758,,0.2339475154876709,4.654968589458127,1.834747427901371,-976.1170532226563,0.9,,../data/results/vary_B2_annealed/B_81_n_6/phi_2.0/results_seed_93.pt,6.0,6.0
vary_B2_annealed,81,6,2.0,94,GPArealModel,7.960996150970459,,0.32187945037022614,5.661893236383724,1.4285872599722824,,,17.59010471116254,../data/results/vary_B2_annealed/B_81_n_6/phi_2.0/results_seed_94.pt,,
vary_B2_annealed,81,6,2.0,94,GPmodel,7.924351215362549,,0.4119639055106328,3.62945942790015,1.2205740730995156,,,8.81013938199611,../data/results/vary_B2_annealed/B_81_n_6/phi_2.0/results_seed_94.pt,,
vary_B2_annealed,81,6,2.0,94,VI_best_tau_by_ELBO,8.182648658752441,,0.23379841446876526,4.76798724458514,1.6155768878594847,-950.9842895507812,0.9,,../data/results/vary_B2_annealed/B_81_n_6/phi_2.0/results_seed_94.pt,6.0,6.0
vary_B2_annealed,81,6,2.0,95,GPArealModel,7.819278717041016,,1.1261558338254898,3.67340479821658,1.7495714554706425,,,3.26189741053707,../data/results/vary_B2_annealed/B_81_n_6/phi_2.0/results_seed_95.pt,,
vary_B2_annealed,81,6,2.0,95,GPmodel,8.000555038452148,,0.8973273665046523,2.296862454995784,1.255975329826063,,,2.5596705736756062,../data/results/vary_B2_annealed/B_81_n_6/phi_2.0/results_seed_95.pt,,
vary_B2_annealed,81,6,2.0,95,VI_best_tau_by_ELBO,8.193964004516602,,0.2349667251110077,3.6055783662161813,1.950109041411736,-981.0603149414062,0.9,,../data/results/vary_B2_annealed/B_81_n_6/phi_2.0/results_seed_95.pt,6.0,6.0
vary_B2_annealed,81,6,2.0,96,GPArealModel,7.634832382202148,,0.29465757726015157,8.679749096970388,1.6822937198357104,,,29.457070738442557,../data/results/vary_B2_annealed/B_81_n_6/phi_2.0/results_seed_96.pt,,
vary_B2_annealed,81,6,2.0,96,GPmodel,7.950786113739014,,0.2788219193095558,5.316237187720159,1.27953304423841,,,19.06678356165365,../data/results/vary_B2_annealed/B_81_n_6/phi_2.0/results_seed_96.pt,,
vary_B2_annealed,81,6,2.0,96,VI_best_tau_by_ELBO,8.097557067871094,,0.23336441814899445,5.171870058698627,1.5773237780665919,-974.8398315429688,0.9,,../data/results/vary_B2_annealed/B_81_n_6/phi_2.0/results_seed_96.pt,6.0,6.0
vary_B2_annealed,81,6,2.0,97,GPArealModel,7.978519916534424,,0.53588727335256,4.6263570886761425,1.2597633565562414,,,8.633078855807168,../data/results/vary_B2_annealed/B_81_n_6/phi_2.0/results_seed_97.pt,,
vary_B2_annealed,81,6,2.0,97,GPmodel,7.9087347984313965,,0.5941224607885293,3.340198146025753,1.1714393547471116,,,5.6220701395341734,../data/results/vary_B2_annealed/B_81_n_6/phi_2.0/results_seed_97.pt,,
vary_B2_annealed,81,6,2.0,97,VI_best_tau_by_ELBO,8.142699241638184,,0.23440925776958466,5.731127052354399,1.7110433346079874,-974.2444702148438,0.9,,../data/results/vary_B2_annealed/B_81_n_6/phi_2.0/results_seed_97.pt,6.0,6.0
vary_B2_annealed,81,6,2.0,98,GPArealModel,7.9174933433532715,,0.5115146246899053,4.871652253131492,1.3159709479351347,,,9.523974521910935,../data/results/vary_B2_annealed/B_81_n_6/phi_2.0/results_seed_98.pt,,
vary_B2_annealed,81,6,2.0,98,GPmodel,7.9461774826049805,,0.5234065352047567,3.0311310478197364,1.0654511018035921,,,5.791160109672605,../data/results/vary_B2_annealed/B_81_n_6/phi_2.0/results_seed_98.pt,,
vary_B2_annealed,81,6,2.0,98,VI_best_tau_by_ELBO,8.221294403076172,,0.2341676652431488,4.441354114228367,1.576069418628666,-939.704931640625,0.9,,../data/results/vary_B2_annealed/B_81_n_6/phi_2.0/results_seed_98.pt,6.0,6.0
vary_B2_annealed,81,6,2.0,99,GPArealModel,7.795046329498291,,1.2119630320573698,2.5766810320713347,1.2091475562188967,,,2.126039296509965,../data/results/vary_B2_annealed/B_81_n_6/phi_2.0/results_seed_99.pt,,
vary_B2_annealed,81,6,2.0,99,GPmodel,7.941315650939941,,0.9477529273608687,1.9819926233148382,1.1297408713732644,,,2.091254551789076,../data/results/vary_B2_annealed/B_81_n_6/phi_2.0/results_seed_99.pt,,
vary_B2_annealed,81,6,2.0,99,VI_best_tau_by_ELBO,8.0839262008667,,0.23436376452445984,2.148364388908251,2.236321822319677,-947.06396484375,0.9,,../data/results/vary_B2_annealed/B_81_n_6/phi_2.0/results_seed_99.pt,6.0,6.0
vary_B2_annealed,81,6,2.0,100,GPArealModel,7.446549415588379,,0.48483316076323335,3.5226950017802796,1.7197472279418282,,,7.2657880831310875,../data/results/vary_B2_annealed/B_81_n_6/phi_2.0/results_seed_100.pt,,
vary_B2_annealed,81,6,2.0,100,GPmodel,7.89833402633667,,0.5970184799377168,2.42605685226331,0.9769208325591258,,,4.063621033165347,../data/results/vary_B2_annealed/B_81_n_6/phi_2.0/results_seed_100.pt,,
vary_B2_annealed,81,6,2.0,100,VI_best_tau_by_ELBO,7.992847919464111,,0.23449671268463135,3.6886000446128926,1.6343538330784027,-926.1775146484375,0.9,,../data/results/vary_B2_annealed/B_81_n_6/phi_2.0/results_seed_100.pt,6.0,6.0
vary_B2_annealed,100,6,2.0,1,GPArealModel,7.552895545959473,,0.43394026008472786,4.336659345952122,1.8346254974335854,,,9.993678266002282,../data/results/vary_B2_annealed/B_100_n_6/phi_2.0/results_seed_1.pt,,
vary_B2_annealed,100,6,2.0,1,GPmodel,7.841677665710449,,0.556425730309092,2.7009677741588525,1.1203789557858879,,,4.8541388850915945,../data/results/vary_B2_annealed/B_100_n_6/phi_2.0/results_seed_1.pt,,
vary_B2_annealed,100,6,2.0,1,VI_best_tau_by_ELBO,7.944690227508545,,0.22577227652072906,4.0242492614562435,1.6922926575951813,-1104.7548828125,0.9,,../data/results/vary_B2_annealed/B_100_n_6/phi_2.0/results_seed_1.pt,6.0,6.0
vary_B2_annealed,100,6,2.0,2,GPArealModel,7.688324928283691,,0.4678281628348743,4.721286033935695,1.2523196669779377,,,10.091923507397162,../data/results/vary_B2_annealed/B_100_n_6/phi_2.0/results_seed_2.pt,,
vary_B2_annealed,100,6,2.0,2,GPmodel,7.881106853485107,,0.6114469464506493,2.72702366812106,0.99885167750468,,,4.459951405352486,../data/results/vary_B2_annealed/B_100_n_6/phi_2.0/results_seed_2.pt,,
vary_B2_annealed,100,6,2.0,2,VI_best_tau_by_ELBO,8.072270393371582,,0.22593069076538086,5.2537923830084,1.4686760476742726,-1094.56904296875,0.9,,../data/results/vary_B2_annealed/B_100_n_6/phi_2.0/results_seed_2.pt,6.0,6.0
vary_B2_annealed,100,6,2.0,3,GPArealModel,7.7875518798828125,,0.30196567242365485,5.599930797279074,1.5194984602875756,,,18.544925164283,../data/results/vary_B2_annealed/B_100_n_6/phi_2.0/results_seed_3.pt,,
vary_B2_annealed,100,6,2.0,3,GPmodel,7.962329387664795,,0.4364870903503748,3.619750879770316,1.048035903695789,,,8.292916239205809,../data/results/vary_B2_annealed/B_100_n_6/phi_2.0/results_seed_3.pt,,
vary_B2_annealed,100,6,2.0,3,VI_best_tau_by_ELBO,8.11449146270752,,0.22577038407325745,5.763445120517803,1.2893291079292564,-1092.170703125,0.9,,../data/results/vary_B2_annealed/B_100_n_6/phi_2.0/results_seed_3.pt,6.0,6.0
vary_B2_annealed,100,6,2.0,4,GPArealModel,7.841053485870361,,0.29127762554803505,5.220412006999992,1.2526988415951053,,,17.92246142208093,../data/results/vary_B2_annealed/B_100_n_6/phi_2.0/results_seed_4.pt,,
vary_B2_annealed,100,6,2.0,4,GPmodel,7.93951416015625,,0.42647708828250747,3.5459329914712514,1.0347272828788479,,,8.314474772258691,../data/results/vary_B2_annealed/B_100_n_6/phi_2.0/results_seed_4.pt,,
vary_B2_annealed,100,6,2.0,4,VI_best_tau_by_ELBO,8.10418701171875,,0.22570310533046722,4.793706885630851,1.5660449773800567,-1099.34990234375,0.9,,../data/results/vary_B2_annealed/B_100_n_6/phi_2.0/results_seed_4.pt,6.0,6.0
vary_B2_annealed,100,6,2.0,5,GPArealModel,8.038412094116211,,0.4167270482575492,3.5561175248435073,1.5517899131581692,,,8.533445428398794,../data/results/vary_B2_annealed/B_100_n_6/phi_2.0/results_seed_5.pt,,
vary_B2_annealed,100,6,2.0,5,GPmodel,7.910490036010742,,0.583005853124916,2.5276780355970896,1.031937105690065,,,4.335596327290224,../data/results/vary_B2_annealed/B_100_n_6/phi_2.0/results_seed_5.pt,,
vary_B2_annealed,100,6,2.0,5,VI_best_tau_by_ELBO,8.159820556640625,,0.2245377004146576,3.6321631724600882,1.5684695484565676,-1095.9968017578126,0.9,,../data/results/vary_B2_annealed/B_100_n_6/phi_2.0/results_seed_5.pt,6.0,6.0
vary_B2_annealed,100,6,2.0,6,GPArealModel,8.033260345458984,,0.4706954052357508,4.550178221986445,1.6379260745663002,,,9.66692721316763,../data/results/vary_B2_annealed/B_100_n_6/phi_2.0/results_seed_6.pt,,
vary_B2_annealed,100,6,2.0,6,GPmodel,7.9634623527526855,,0.5248905143283242,3.529312292649723,0.8424390967557189,,,6.723901835349425,../data/results/vary_B2_annealed/B_100_n_6/phi_2.0/results_seed_6.pt,,
vary_B2_annealed,100,6,2.0,6,VI_best_tau_by_ELBO,8.198356628417969,,0.22506879270076752,4.447682647552031,1.5644100269558674,-1110.946484375,0.9,,../data/results/vary_B2_annealed/B_100_n_6/phi_2.0/results_seed_6.pt,6.0,6.0
vary_B2_annealed,100,6,2.0,7,GPArealModel,7.7681474685668945,,0.9389991669503005,2.713497638732283,1.554112506161045,,,2.8897764068792866,../data/results/vary_B2_annealed/B_100_n_6/phi_2.0/results_seed_7.pt,,
vary_B2_annealed,100,6,2.0,7,GPmodel,7.924294471740723,,0.9521477740937963,1.7659812986347883,1.102991996638598,,,1.854734471564097,../data/results/vary_B2_annealed/B_100_n_6/phi_2.0/results_seed_7.pt,,
vary_B2_annealed,100,6,2.0,7,VI_best_tau_by_ELBO,7.985105991363525,,0.22640174627304077,2.98411857479992,1.704613555836781,-1111.319287109375,0.9,,../data/results/vary_B2_annealed/B_100_n_6/phi_2.0/results_seed_7.pt,6.0,6.0
vary_B2_annealed,100,6,2.0,8,GPArealModel,8.159818649291992,,0.9418581281431341,2.4135492685023494,1.2782731576745499,,,2.562540149502816,../data/results/vary_B2_annealed/B_100_n_6/phi_2.0/results_seed_8.pt,,
vary_B2_annealed,100,6,2.0,8,GPmodel,7.90944766998291,,0.9183882544274,1.8224240543496584,1.2192296862509457,,,1.9843721275441506,../data/results/vary_B2_annealed/B_100_n_6/phi_2.0/results_seed_8.pt,,
vary_B2_annealed,100,6,2.0,8,VI_best_tau_by_ELBO,8.275561332702637,,0.2269684374332428,2.224310668006624,1.6612620658198554,-1089.3492919921875,0.9,,../data/results/vary_B2_annealed/B_100_n_6/phi_2.0/results_seed_8.pt,6.0,6.0
vary_B2_annealed,100,6,2.0,9,GPArealModel,7.685027122497559,,0.2850079242820964,5.017064210476007,1.208678448246869,,,17.60324462245546,../data/results/vary_B2_annealed/B_100_n_6/phi_2.0/results_seed_9.pt,,
vary_B2_annealed,100,6,2.0,9,GPmodel,7.916439056396484,,0.3597639498278758,3.490704550844158,1.1102232406673314,,,9.702763582938864,../data/results/vary_B2_annealed/B_100_n_6/phi_2.0/results_seed_9.pt,,
vary_B2_annealed,100,6,2.0,9,VI_best_tau_by_ELBO,8.093931198120117,,0.2253124713897705,3.7786108161724754,1.6055609047193664,-1092.3169189453124,0.9,,../data/results/vary_B2_annealed/B_100_n_6/phi_2.0/results_seed_9.pt,6.0,6.0
vary_B2_annealed,100,6,2.0,10,GPArealModel,7.570508003234863,,0.34418929835221074,6.787103589593815,1.0282370106999537,,,19.719101151856663,../data/results/vary_B2_annealed/B_100_n_6/phi_2.0/results_seed_10.pt,,
vary_B2_annealed,100,6,2.0,10,GPmodel,7.9284186363220215,,0.3575791603547,4.071924251860674,1.028628964696334,,,11.387476406123712,../data/results/vary_B2_annealed/B_100_n_6/phi_2.0/results_seed_10.pt,,
vary_B2_annealed,100,6,2.0,10,VI_best_tau_by_ELBO,8.106325149536133,,0.22526976466178894,5.447772761644307,1.4005395091524573,-1095.0071533203125,0.9,,../data/results/vary_B2_annealed/B_100_n_6/phi_2.0/results_seed_10.pt,6.0,6.0
vary_B2_annealed,100,6,2.0,11,GPArealModel,8.049381256103516,,0.6304070034081442,3.0536017701431164,1.3844382543351232,,,4.843857624732199,../data/results/vary_B2_annealed/B_100_n_6/phi_2.0/results_seed_11.pt,,
vary_B2_annealed,100,6,2.0,11,GPmodel,7.930668354034424,,0.7212790974966387,2.126815894566516,1.1006163634439996,,,2.948672576188758,../data/results/vary_B2_annealed/B_100_n_6/phi_2.0/results_seed_11.pt,,
vary_B2_annealed,100,6,2.0,11,VI_best_tau_by_ELBO,8.124832153320312,,0.22631222009658813,3.940674154625334,1.581896568612086,-1084.6014404296875,0.9,,../data/results/vary_B2_annealed/B_100_n_6/phi_2.0/results_seed_11.pt,6.0,6.0
vary_B2_annealed,100,6,2.0,12,GPArealModel,7.383392810821533,,0.292955602688444,5.31461948327673,0.9330247537050222,,,18.14138195175187,../data/results/vary_B2_annealed/B_100_n_6/phi_2.0/results_seed_12.pt,,
vary_B2_annealed,100,6,2.0,12,GPmodel,7.973422527313232,,0.3554683147621741,3.9008695825907598,0.9747044337491009,,,10.973888306193015,../data/results/vary_B2_annealed/B_100_n_6/phi_2.0/results_seed_12.pt,,
vary_B2_annealed,100,6,2.0,12,VI_best_tau_by_ELBO,8.071062088012695,,0.22655995190143585,5.449447708359453,1.254931481456087,-1078.3048828125,0.9,,../data/results/vary_B2_annealed/B_100_n_6/phi_2.0/results_seed_12.pt,6.0,6.0
vary_B2_annealed,100,6,2.0,13,GPArealModel,7.71244478225708,,0.43805923968080374,5.15875901054845,1.7637551762144414,,,11.776395846158687,../data/results/vary_B2_annealed/B_100_n_6/phi_2.0/results_seed_13.pt,,
vary_B2_annealed,100,6,2.0,13,GPmodel,7.992279052734375,,0.5356522364231473,2.764744163429226,1.2975600925751711,,,5.161453598870389,../data/results/vary_B2_annealed/B_100_n_6/phi_2.0/results_seed_13.pt,,
vary_B2_annealed,100,6,2.0,13,VI_best_tau_by_ELBO,8.112968444824219,,0.22490373253822327,4.481061184856653,1.6434394328819792,-1110.3546142578125,0.9,,../data/results/vary_B2_annealed/B_100_n_6/phi_2.0/results_seed_13.pt,6.0,6.0
vary_B2_annealed,100,6,2.0,14,GPArealModel,7.850308418273926,,0.649215947745602,3.118805200069386,1.1862271903642665,,,4.803956543118535,../data/results/vary_B2_annealed/B_100_n_6/phi_2.0/results_seed_14.pt,,
vary_B2_annealed,100,6,2.0,14,GPmodel,7.959502696990967,,0.7127459317431892,2.075248741221651,1.3654596771767888,,,2.9116248143937318,../data/results/vary_B2_annealed/B_100_n_6/phi_2.0/results_seed_14.pt,,
vary_B2_annealed,100,6,2.0,14,VI_best_tau_by_ELBO,8.190508842468262,,0.225742369890213,3.1781114012610745,1.8486691764747365,-1101.127880859375,0.9,,../data/results/vary_B2_annealed/B_100_n_6/phi_2.0/results_seed_14.pt,6.0,6.0
vary_B2_annealed,100,6,2.0,15,GPArealModel,7.708341121673584,,0.4395700782442748,4.358115327419473,1.1960290554251845,,,9.914494964776951,../data/results/vary_B2_annealed/B_100_n_6/phi_2.0/results_seed_15.pt,,
vary_B2_annealed,100,6,2.0,15,GPmodel,7.934854030609131,,0.6197424553834937,2.414371705193237,1.227705064804972,,,3.8957661916178314,../data/results/vary_B2_annealed/B_100_n_6/phi_2.0/results_seed_15.pt,,
vary_B2_annealed,100,6,2.0,15,VI_best_tau_by_ELBO,8.076042175292969,,0.22534920275211334,4.029214107165245,1.6618439506344553,-1097.9346435546875,0.9,,../data/results/vary_B2_annealed/B_100_n_6/phi_2.0/results_seed_15.pt,6.0,6.0
vary_B2_annealed,100,6,2.0,16,GPArealModel,7.845686912536621,,0.4256927640502179,5.047000986418279,0.986974382701023,,,11.855970814253487,../data/results/vary_B2_annealed/B_100_n_6/phi_2.0/results_seed_16.pt,,
vary_B2_annealed,100,6,2.0,16,GPmodel,7.9317426681518555,,0.44518952761130515,3.130434873809386,1.178972331544418,,,7.031690279432107,../data/results/vary_B2_annealed/B_100_n_6/phi_2.0/results_seed_16.pt,,
vary_B2_annealed,100,6,2.0,16,VI_best_tau_by_ELBO,8.187356948852539,,0.22520402073860168,3.617641253839644,1.7310990588954362,-1132.133544921875,0.9,,../data/results/vary_B2_annealed/B_100_n_6/phi_2.0/results_seed_16.pt,6.0,6.0
vary_B2_annealed,100,6,2.0,17,GPArealModel,8.328605651855469,,0.8539064474550114,2.5733973894568547,1.8123619813920469,,,3.0136760263687266,../data/results/vary_B2_annealed/B_100_n_6/phi_2.0/results_seed_17.pt,,
vary_B2_annealed,100,6,2.0,17,GPmodel,7.9298014640808105,,0.7846898749175508,2.024244409515925,0.9899066877865984,,,2.5796744347295384,../data/results/vary_B2_annealed/B_100_n_6/phi_2.0/results_seed_17.pt,,
vary_B2_annealed,100,6,2.0,17,VI_best_tau_by_ELBO,8.223873138427734,,0.22613784670829773,3.2914737457816154,1.6801522528196569,-1080.5380615234376,0.9,,../data/results/vary_B2_annealed/B_100_n_6/phi_2.0/results_seed_17.pt,6.0,6.0
vary_B2_annealed,100,6,2.0,18,GPArealModel,7.74611234664917,,0.43944231737431744,5.8780403106889585,1.4629552064399414,,,13.376136248803816,../data/results/vary_B2_annealed/B_100_n_6/phi_2.0/results_seed_18.pt,,
vary_B2_annealed,100,6,2.0,18,GPmodel,7.898624897003174,,0.4687372506697613,3.661800319153982,1.1179165982107522,,,7.812053157545663,../data/results/vary_B2_annealed/B_100_n_6/phi_2.0/results_seed_18.pt,,
vary_B2_annealed,100,6,2.0,18,VI_best_tau_by_ELBO,8.147439002990723,,0.22482852637767792,5.021171506054622,1.677755740365628,-1141.8160888671875,0.9,,../data/results/vary_B2_annealed/B_100_n_6/phi_2.0/results_seed_18.pt,6.0,6.0
vary_B2_annealed,100,6,2.0,19,GPArealModel,7.875263214111328,,0.46030008602337735,4.931570943291379,1.5992032692049145,,,10.713817122860409,../data/results/vary_B2_annealed/B_100_n_6/phi_2.0/results_seed_19.pt,,
vary_B2_annealed,100,6,2.0,19,GPmodel,7.906309127807617,,0.4203936530954503,3.5595478613895386,1.011114384116816,,,8.46717792997066,../data/results/vary_B2_annealed/B_100_n_6/phi_2.0/results_seed_19.pt,,
vary_B2_annealed,100,6,2.0,19,VI_best_tau_by_ELBO,8.14752197265625,,0.22570262849330902,4.559862856799565,1.5605102865562832,-1099.7158203125,0.9,,../data/results/vary_B2_annealed/B_100_n_6/phi_2.0/results_seed_19.pt,6.0,6.0
vary_B2_annealed,100,6,2.0,20,GPArealModel,8.17530345916748,,0.4764867776205067,3.751962722210727,1.1466520016157076,,,7.874222115768639,../data/results/vary_B2_annealed/B_100_n_6/phi_2.0/results_seed_20.pt,,
vary_B2_annealed,100,6,2.0,20,GPmodel,7.9187445640563965,,0.5737512852432644,2.571320455353489,1.14423664607927,,,4.481594240374166,../data/results/vary_B2_annealed/B_100_n_6/phi_2.0/results_seed_20.pt,,
vary_B2_annealed,100,6,2.0,20,VI_best_tau_by_ELBO,8.114275932312012,,0.2263660579919815,4.308311082335548,1.5431939331993374,-1089.691162109375,0.9,,../data/results/vary_B2_annealed/B_100_n_6/phi_2.0/results_seed_20.pt,6.0,6.0
vary_B2_annealed,100,6,2.0,21,GPArealModel,7.997467041015625,,0.4904649259383773,3.672470429984542,1.4989676424335812,,,7.4877330381132206,../data/results/vary_B2_annealed/B_100_n_6/phi_2.0/results_seed_21.pt,,
vary_B2_annealed,100,6,2.0,21,GPmodel,7.936377048492432,,0.6079432984356669,2.4109969823390944,1.2155418783155172,,,3.965825412572137,../data/results/vary_B2_annealed/B_100_n_6/phi_2.0/results_seed_21.pt,,
vary_B2_annealed,100,6,2.0,21,VI_best_tau_by_ELBO,8.091552734375,,0.22515133023262024,3.729287635040538,1.7518581542152498,-1096.87041015625,0.9,,../data/results/vary_B2_annealed/B_100_n_6/phi_2.0/results_seed_21.pt,6.0,6.0
vary_B2_annealed,100,6,2.0,22,GPArealModel,7.736254692077637,,0.563028627918437,4.019557464088316,1.2748118468473169,,,7.139170665173722,../data/results/vary_B2_annealed/B_100_n_6/phi_2.0/results_seed_22.pt,,
vary_B2_annealed,100,6,2.0,22,GPmodel,7.940103530883789,,0.6084561669120653,2.6515136807893547,1.1701964977737207,,,4.357772712282419,../data/results/vary_B2_annealed/B_100_n_6/phi_2.0/results_seed_22.pt,,
vary_B2_annealed,100,6,2.0,22,VI_best_tau_by_ELBO,8.059802055358887,,0.22517363727092743,4.098964781714936,1.6903050868099088,-1120.2462646484375,0.9,,../data/results/vary_B2_annealed/B_100_n_6/phi_2.0/results_seed_22.pt,6.0,6.0
vary_B2_annealed,100,6,2.0,23,GPArealModel,7.986572265625,,0.6752972634994319,3.464974335888734,1.472330840716888,,,5.131035653740139,../data/results/vary_B2_annealed/B_100_n_6/phi_2.0/results_seed_23.pt,,
vary_B2_annealed,100,6,2.0,23,GPmodel,7.890580177307129,,0.5983559819424676,2.4339349305306883,1.100743105309843,,,4.06770384851724,../data/results/vary_B2_annealed/B_100_n_6/phi_2.0/results_seed_23.pt,,
vary_B2_annealed,100,6,2.0,23,VI_best_tau_by_ELBO,8.179022789001465,,0.22570225596427917,3.0780741475729267,1.783913957040392,-1094.127392578125,0.9,,../data/results/vary_B2_annealed/B_100_n_6/phi_2.0/results_seed_23.pt,6.0,6.0
vary_B2_annealed,100,6,2.0,24,GPArealModel,8.125490188598633,,0.30482026086227915,4.33173283665748,2.120634048931997,,,14.210777277087235,../data/results/vary_B2_annealed/B_100_n_6/phi_2.0/results_seed_24.pt,,
vary_B2_annealed,100,6,2.0,24,GPmodel,8.021537780761719,,0.43262673970025894,2.952032104075612,1.1742200257441935,,,6.823508195820022,../data/results/vary_B2_annealed/B_100_n_6/phi_2.0/results_seed_24.pt,,
vary_B2_annealed,100,6,2.0,24,VI_best_tau_by_ELBO,8.236912727355957,,0.22554729878902435,3.983430189657514,1.5338323523630788,-1087.8764892578124,0.9,,../data/results/vary_B2_annealed/B_100_n_6/phi_2.0/results_seed_24.pt,6.0,6.0
vary_B2_annealed,100,6,2.0,25,GPArealModel,7.691280841827393,,0.372592704289327,6.437223176369098,0.9497998285554059,,,17.276836347741376,../data/results/vary_B2_annealed/B_100_n_6/phi_2.0/results_seed_25.pt,,
vary_B2_annealed,100,6,2.0,25,GPmodel,8.034278869628906,,0.4622464679885114,3.176957072972308,1.294877024423816,,,6.872863922134431,../data/results/vary_B2_annealed/B_100_n_6/phi_2.0/results_seed_25.pt,,
vary_B2_annealed,100,6,2.0,25,VI_best_tau_by_ELBO,8.135384559631348,,0.22482438385486603,4.736968881906135,1.6189510915559175,-1110.835546875,0.9,,../data/results/vary_B2_annealed/B_100_n_6/phi_2.0/results_seed_25.pt,6.0,6.0
vary_B2_annealed,100,6,2.0,26,GPArealModel,7.8229660987854,,0.39364461602343476,5.636036392997237,1.4278945163132981,,,14.31757520255709,../data/results/vary_B2_annealed/B_100_n_6/phi_2.0/results_seed_26.pt,,
vary_B2_annealed,100,6,2.0,26,GPmodel,7.976003646850586,,0.4142594383111606,3.5922060517613192,1.0491594033510614,,,8.671392174927645,../data/results/vary_B2_annealed/B_100_n_6/phi_2.0/results_seed_26.pt,,
vary_B2_annealed,100,6,2.0,26,VI_best_tau_by_ELBO,8.145265579223633,,0.22510437667369843,4.577188597041123,1.6002189511242058,-1108.6057861328125,0.9,,../data/results/vary_B2_annealed/B_100_n_6/phi_2.0/results_seed_26.pt,6.0,6.0
vary_B2_annealed,100,6,2.0,27,GPArealModel,7.983633995056152,,0.3594913334338782,3.625758998776885,2.5239788450094713,,,10.085803638556357,../data/results/vary_B2_annealed/B_100_n_6/phi_2.0/results_seed_27.pt,,
vary_B2_annealed,100,6,2.0,27,GPmodel,7.9162116050720215,,0.5600578526317104,2.465264946128059,0.9948702087898008,,,4.401804089602146,../data/results/vary_B2_annealed/B_100_n_6/phi_2.0/results_seed_27.pt,,
vary_B2_annealed,100,6,2.0,27,VI_best_tau_by_ELBO,8.141467094421387,,0.22491204738616943,2.9943337499477596,1.5470400051064652,-1092.4505859375,0.9,,../data/results/vary_B2_annealed/B_100_n_6/phi_2.0/results_seed_27.pt,6.0,6.0
vary_B2_annealed,100,6,2.0,28,GPArealModel,7.84100341796875,,0.9428613839513609,2.169583813083056,1.4037984219841069,,,2.301063390665894,../data/results/vary_B2_annealed/B_100_n_6/phi_2.0/results_seed_28.pt,,
vary_B2_annealed,100,6,2.0,28,GPmodel,7.993427276611328,,1.4335869535337349,1.502561038114409,1.3644788190566355,,,1.0481129410466912,../data/results/vary_B2_annealed/B_100_n_6/phi_2.0/results_seed_28.pt,,
vary_B2_annealed,100,6,2.0,28,VI_best_tau_by_ELBO,8.13880729675293,,0.2263156771659851,2.249717699648424,1.9006794553582622,-1091.2394287109375,0.9,,../data/results/vary_B2_annealed/B_100_n_6/phi_2.0/results_seed_28.pt,6.0,6.0
vary_B2_annealed,100,6,2.0,29,GPArealModel,7.854831695556641,,0.35843399447480845,6.093993823764381,0.9561997907989893,,,17.001718357360442,../data/results/vary_B2_annealed/B_100_n_6/phi_2.0/results_seed_29.pt,,
vary_B2_annealed,100,6,2.0,29,GPmodel,7.987094879150391,,0.39732976022502925,4.114636206845905,0.9466238932479197,,,10.35572116348789,../data/results/vary_B2_annealed/B_100_n_6/phi_2.0/results_seed_29.pt,,
vary_B2_annealed,100,6,2.0,29,VI_best_tau_by_ELBO,8.15015697479248,,0.22542238235473633,5.326190159018722,1.4117895883287883,-1112.314404296875,0.9,,../data/results/vary_B2_annealed/B_100_n_6/phi_2.0/results_seed_29.pt,6.0,6.0
vary_B2_annealed,100,6,2.0,30,GPArealModel,7.496262073516846,,0.41667854077235206,4.010786761661754,2.5330638822613616,,,9.625613918651512,../data/results/vary_B2_annealed/B_100_n_6/phi_2.0/results_seed_30.pt,,
vary_B2_annealed,100,6,2.0,30,GPmodel,7.8852410316467285,,0.6108868236408398,3.0099589655523524,1.0326974815127627,,,4.927195757166969,../data/results/vary_B2_annealed/B_100_n_6/phi_2.0/results_seed_30.pt,,
vary_B2_annealed,100,6,2.0,30,VI_best_tau_by_ELBO,8.044333457946777,,0.22573763132095337,5.057788518550443,1.6630985281691426,-1114.9341064453124,0.9,,../data/results/vary_B2_annealed/B_100_n_6/phi_2.0/results_seed_30.pt,6.0,6.0
vary_B2_annealed,100,6,2.0,31,GPArealModel,8.004779815673828,,0.45563360342155773,3.8794248301707195,2.195508471499197,,,8.514351885019835,../data/results/vary_B2_annealed/B_100_n_6/phi_2.0/results_seed_31.pt,,
vary_B2_annealed,100,6,2.0,31,GPmodel,7.921273231506348,,0.7044715823519302,2.411657404687172,1.3730877286000618,,,3.4233565485149544,../data/results/vary_B2_annealed/B_100_n_6/phi_2.0/results_seed_31.pt,,
vary_B2_annealed,100,6,2.0,31,VI_best_tau_by_ELBO,8.19289493560791,,0.22519102692604065,3.0652271756676277,1.689376193358722,-1115.292626953125,0.9,,../data/results/vary_B2_annealed/B_100_n_6/phi_2.0/results_seed_31.pt,6.0,6.0
vary_B2_annealed,100,6,2.0,32,GPArealModel,7.616844654083252,,0.37616235012893406,4.994674928810697,0.8679251010451228,,,13.277976722281519,../data/results/vary_B2_annealed/B_100_n_6/phi_2.0/results_seed_32.pt,,
vary_B2_annealed,100,6,2.0,32,GPmodel,7.916137218475342,,0.47936471256947794,2.9015062884030334,1.068820927017412,,,6.052815762867602,../data/results/vary_B2_annealed/B_100_n_6/phi_2.0/results_seed_32.pt,,
vary_B2_annealed,100,6,2.0,32,VI_best_tau_by_ELBO,8.055357933044434,,0.22506052255630493,3.699626712167753,1.6486837424709022,-1093.82333984375,0.9,,../data/results/vary_B2_annealed/B_100_n_6/phi_2.0/results_seed_32.pt,6.0,6.0
vary_B2_annealed,100,6,2.0,33,GPArealModel,8.288446426391602,,0.2882032709791936,5.969078752779378,1.2868006599518174,,,20.711349779268488,../data/results/vary_B2_annealed/B_100_n_6/phi_2.0/results_seed_33.pt,,
vary_B2_annealed,100,6,2.0,33,GPmodel,7.939648151397705,,0.32254679933086355,4.2224770684939035,1.0725724375909584,,,13.09105245270951,../data/results/vary_B2_annealed/B_100_n_6/phi_2.0/results_seed_33.pt,,
vary_B2_annealed,100,6,2.0,33,VI_best_tau_by_ELBO,8.312084197998047,,0.22510382533073425,4.324039827816783,1.429045130998464,-1105.6534423828125,0.9,,../data/results/vary_B2_annealed/B_100_n_6/phi_2.0/results_seed_33.pt,6.0,6.0
vary_B2_annealed,100,6,2.0,34,GPArealModel,7.899955749511719,,0.3788182824726152,4.155410819079735,1.423120741821599,,,10.969404095168322,../data/results/vary_B2_annealed/B_100_n_6/phi_2.0/results_seed_34.pt,,
vary_B2_annealed,100,6,2.0,34,GPmodel,8.009459495544434,,0.5407846636902621,2.533822229232096,1.0732670813349006,,,4.685455042200234,../data/results/vary_B2_annealed/B_100_n_6/phi_2.0/results_seed_34.pt,,
vary_B2_annealed,100,6,2.0,34,VI_best_tau_by_ELBO,8.168941497802734,,0.22587570548057556,3.894857178958751,1.5462023276861834,-1083.007470703125,0.9,,../data/results/vary_B2_annealed/B_100_n_6/phi_2.0/results_seed_34.pt,6.0,6.0
vary_B2_annealed,100,6,2.0,35,GPArealModel,7.6911492347717285,,0.3703876900787732,2.567365645340186,1.6515573643349635,,,6.931563100258987,../data/results/vary_B2_annealed/B_100_n_6/phi_2.0/results_seed_35.pt,,
vary_B2_annealed,100,6,2.0,35,GPmodel,7.954820156097412,,0.568039661355103,1.925589225884438,1.0794562807928192,,,3.3898851733183464,../data/results/vary_B2_annealed/B_100_n_6/phi_2.0/results_seed_35.pt,,
vary_B2_annealed,100,6,2.0,35,VI_best_tau_by_ELBO,8.041309356689453,,0.22630709409713745,2.8530933784426193,1.436628815482907,-1043.0922119140625,0.9,,../data/results/vary_B2_annealed/B_100_n_6/phi_2.0/results_seed_35.pt,6.0,6.0
vary_B2_annealed,100,6,2.0,36,GPArealModel,8.147748947143555,,0.5482974394924278,2.746083800465181,1.5685422347231113,,,5.008383411396736,../data/results/vary_B2_annealed/B_100_n_6/phi_2.0/results_seed_36.pt,,
vary_B2_annealed,100,6,2.0,36,GPmodel,8.077280044555664,,0.5390963147457796,2.267235788458123,0.9499573021486799,,,4.205622866346765,../data/results/vary_B2_annealed/B_100_n_6/phi_2.0/results_seed_36.pt,,
vary_B2_annealed,100,6,2.0,36,VI_best_tau_by_ELBO,8.214861869812012,,0.22609978914260864,2.9944667988340017,1.5289397448530486,-1055.1069091796876,0.9,,../data/results/vary_B2_annealed/B_100_n_6/phi_2.0/results_seed_36.pt,6.0,6.0
vary_B2_annealed,100,6,2.0,37,GPArealModel,8.164422988891602,,0.3665438661626959,5.471286567050159,0.838211125694721,,,14.926689742017528,../data/results/vary_B2_annealed/B_100_n_6/phi_2.0/results_seed_37.pt,,
vary_B2_annealed,100,6,2.0,37,GPmodel,7.96624755859375,,0.4936775172130917,3.220309851104391,0.9773336215575645,,,6.523104129358946,../data/results/vary_B2_annealed/B_100_n_6/phi_2.0/results_seed_37.pt,,
vary_B2_annealed,100,6,2.0,37,VI_best_tau_by_ELBO,8.188908576965332,,0.2258133888244629,4.883606712063273,1.5456782946495735,-1090.9220458984375,0.9,,../data/results/vary_B2_annealed/B_100_n_6/phi_2.0/results_seed_37.pt,6.0,6.0
vary_B2_annealed,100,6,2.0,38,GPArealModel,7.701780319213867,,0.4455856113297571,3.8877970407875337,2.049657621408732,,,8.725140448734905,../data/results/vary_B2_annealed/B_100_n_6/phi_2.0/results_seed_38.pt,,
vary_B2_annealed,100,6,2.0,38,GPmodel,7.9086384773254395,,0.6644418173963165,2.4545894824844,1.2418369947232595,,,3.694212823784874,../data/results/vary_B2_annealed/B_100_n_6/phi_2.0/results_seed_38.pt,,
vary_B2_annealed,100,6,2.0,38,VI_best_tau_by_ELBO,8.017848014831543,,0.22497493028640747,3.2866158289321086,1.794300544863758,-1127.2262939453126,0.9,,../data/results/vary_B2_annealed/B_100_n_6/phi_2.0/results_seed_38.pt,6.0,6.0
vary_B2_annealed,100,6,2.0,39,GPArealModel,8.11574649810791,,0.4555298992848937,4.5410811220309295,0.9251786659322382,,,9.96878828186618,../data/results/vary_B2_annealed/B_100_n_6/phi_2.0/results_seed_39.pt,,
vary_B2_annealed,100,6,2.0,39,GPmodel,8.013838768005371,,0.5016768307893135,2.827123578398554,1.0870788630366512,,,5.635348106370585,../data/results/vary_B2_annealed/B_100_n_6/phi_2.0/results_seed_39.pt,,
vary_B2_annealed,100,6,2.0,39,VI_best_tau_by_ELBO,8.221280097961426,,0.22553454339504242,4.5071559078276495,1.545102225622179,-1089.631689453125,0.9,,../data/results/vary_B2_annealed/B_100_n_6/phi_2.0/results_seed_39.pt,6.0,6.0
vary_B2_annealed,100,6,2.0,40,GPArealModel,7.68596887588501,,0.5250839281806506,4.023806099933202,1.6616849370952629,,,7.663167512811106,../data/results/vary_B2_annealed/B_100_n_6/phi_2.0/results_seed_40.pt,,
vary_B2_annealed,100,6,2.0,40,GPmodel,7.965623378753662,,0.5964449462755694,2.624103366580566,1.0229396643602795,,,4.3995734777643305,../data/results/vary_B2_annealed/B_100_n_6/phi_2.0/results_seed_40.pt,,
vary_B2_annealed,100,6,2.0,40,VI_best_tau_by_ELBO,8.156343460083008,,0.22502002120018005,3.2530977127345575,1.7617982528314107,-1125.2298583984375,0.9,,../data/results/vary_B2_annealed/B_100_n_6/phi_2.0/results_seed_40.pt,6.0,6.0
vary_B2_annealed,100,6,2.0,41,GPArealModel,8.092753410339355,,0.9201813484632104,2.966252780461069,1.3318019950161457,,,3.2235523849891012,../data/results/vary_B2_annealed/B_100_n_6/phi_2.0/results_seed_41.pt,,
vary_B2_annealed,100,6,2.0,41,GPmodel,7.963476181030273,,0.7616114582706809,2.0968399547548873,1.0252523897730152,,,2.7531623007825847,../data/results/vary_B2_annealed/B_100_n_6/phi_2.0/results_seed_41.pt,,
vary_B2_annealed,100,6,2.0,41,VI_best_tau_by_ELBO,8.308198928833008,,0.22650937736034393,2.9106745692807587,1.7397080564610496,-1116.70458984375,0.9,,../data/results/vary_B2_annealed/B_100_n_6/phi_2.0/results_seed_41.pt,6.0,6.0
vary_B2_annealed,100,6,2.0,42,GPArealModel,8.0166654586792,,0.5235984035485965,3.258676153094449,1.950385379842891,,,6.223617434677688,../data/results/vary_B2_annealed/B_100_n_6/phi_2.0/results_seed_42.pt,,
vary_B2_annealed,100,6,2.0,42,GPmodel,7.95914363861084,,0.59894481193988,2.428267846007251,1.106113820717721,,,4.054243058125015,../data/results/vary_B2_annealed/B_100_n_6/phi_2.0/results_seed_42.pt,,
vary_B2_annealed,100,6,2.0,42,VI_best_tau_by_ELBO,8.116445541381836,,0.22556063532829285,2.7811533150884946,1.7209383684908892,-1112.799951171875,0.9,,../data/results/vary_B2_annealed/B_100_n_6/phi_2.0/results_seed_42.pt,6.0,6.0
vary_B2_annealed,100,6,2.0,43,GPArealModel,7.9810357093811035,,0.4253087353821211,3.9955626475410746,1.925129840121386,,,9.394499372206024,../data/results/vary_B2_annealed/B_100_n_6/phi_2.0/results_seed_43.pt,,
vary_B2_annealed,100,6,2.0,43,GPmodel,7.9120049476623535,,0.5476653599583908,2.7967242458804824,1.1700102300668145,,,5.106629796876263,../data/results/vary_B2_annealed/B_100_n_6/phi_2.0/results_seed_43.pt,,
vary_B2_annealed,100,6,2.0,43,VI_best_tau_by_ELBO,8.150361061096191,,0.22488215565681458,3.267675340474548,1.8119917614170635,-1135.1697021484374,0.9,,../data/results/vary_B2_annealed/B_100_n_6/phi_2.0/results_seed_43.pt,6.0,6.0
vary_B2_annealed,100,6,2.0,44,GPArealModel,7.856118202209473,,0.43950447729227604,4.17700315113815,1.6444465599588503,,,9.503892148885642,../data/results/vary_B2_annealed/B_100_n_6/phi_2.0/results_seed_44.pt,,
vary_B2_annealed,100,6,2.0,44,GPmodel,8.000978469848633,,0.5616187986617667,2.7064006943715295,1.2286508381835959,,,4.818928249589187,../data/results/vary_B2_annealed/B_100_n_6/phi_2.0/results_seed_44.pt,,
vary_B2_annealed,100,6,2.0,44,VI_best_tau_by_ELBO,8.143214225769043,,0.22574985027313232,4.0300944336916995,1.6605279502243708,-1105.0267822265625,0.9,,../data/results/vary_B2_annealed/B_100_n_6/phi_2.0/results_seed_44.pt,6.0,6.0
vary_B2_annealed,100,6,2.0,45,GPArealModel,8.004651069641113,,0.6973515940004774,4.6653169233187635,1.0746659738242594,,,6.6900498449503365,../data/results/vary_B2_annealed/B_100_n_6/phi_2.0/results_seed_45.pt,,
vary_B2_annealed,100,6,2.0,45,GPmodel,7.896860599517822,,0.5826823869751987,3.254126140549793,0.9140440806573994,,,5.58473400481951,../data/results/vary_B2_annealed/B_100_n_6/phi_2.0/results_seed_45.pt,,
vary_B2_annealed,100,6,2.0,45,VI_best_tau_by_ELBO,8.174627304077148,,0.22630661725997925,5.618378573219658,1.5026061664812143,-1110.95439453125,0.9,,../data/results/vary_B2_annealed/B_100_n_6/phi_2.0/results_seed_45.pt,6.0,6.0
vary_B2_annealed,100,6,2.0,46,GPArealModel,7.441454887390137,,0.2895843686285831,6.140791758901972,1.19546939042465,,,21.205536016959762,../data/results/vary_B2_annealed/B_100_n_6/phi_2.0/results_seed_46.pt,,
vary_B2_annealed,100,6,2.0,46,GPmodel,8.00264835357666,,0.31135917540385,3.81012539546263,1.2914305620021918,,,12.237074402964637,../data/results/vary_B2_annealed/B_100_n_6/phi_2.0/results_seed_46.pt,,
vary_B2_annealed,100,6,2.0,46,VI_best_tau_by_ELBO,8.100977897644043,,0.22535309195518494,4.6899434468770895,1.4492399929280027,-1094.31337890625,0.9,,../data/results/vary_B2_annealed/B_100_n_6/phi_2.0/results_seed_46.pt,6.0,6.0
vary_B2_annealed,100,6,2.0,47,GPArealModel,7.6279616355896,,0.3065349952285454,6.385125365667135,1.5121924319750975,,,20.830004616296854,../data/results/vary_B2_annealed/B_100_n_6/phi_2.0/results_seed_47.pt,,
vary_B2_annealed,100,6,2.0,47,GPmodel,7.950002193450928,,0.4120437168680223,3.204789809970321,1.1396886845423255,,,7.777790750773214,../data/results/vary_B2_annealed/B_100_n_6/phi_2.0/results_seed_47.pt,,
vary_B2_annealed,100,6,2.0,47,VI_best_tau_by_ELBO,8.141186714172363,,0.2250904142856598,5.017335943377006,1.4254534232580554,-1088.6580810546875,0.9,,../data/results/vary_B2_annealed/B_100_n_6/phi_2.0/results_seed_47.pt,6.0,6.0
vary_B2_annealed,100,6,2.0,48,GPArealModel,7.932162284851074,,0.4679851802170174,3.9010514096058855,1.8923975356344187,,,8.33584389958003,../data/results/vary_B2_annealed/B_100_n_6/phi_2.0/results_seed_48.pt,,
vary_B2_annealed,100,6,2.0,48,GPmodel,7.935557842254639,,0.5446870735995026,2.7246931437603386,0.9964723394108536,,,5.002309171309158,../data/results/vary_B2_annealed/B_100_n_6/phi_2.0/results_seed_48.pt,,
vary_B2_annealed,100,6,2.0,48,VI_best_tau_by_ELBO,8.10383129119873,,0.22474604845046997,3.2418767124942534,1.6439962179833771,-1110.210205078125,0.9,,../data/results/vary_B2_annealed/B_100_n_6/phi_2.0/results_seed_48.pt,6.0,6.0
vary_B2_annealed,100,6,2.0,49,GPArealModel,7.917294502258301,,0.94871219711039,3.6391740594362574,1.3561627678417252,,,3.8359094259782256,../data/results/vary_B2_annealed/B_100_n_6/phi_2.0/results_seed_49.pt,,
vary_B2_annealed,100,6,2.0,49,GPmodel,7.970481872558594,,0.8127958918293134,2.2816158046824446,1.2169955713259635,,,2.807120247061463,../data/results/vary_B2_annealed/B_100_n_6/phi_2.0/results_seed_49.pt,,
vary_B2_annealed,100,6,2.0,49,VI_best_tau_by_ELBO,8.190126419067383,,0.2265770435333252,5.122681276250627,1.6125828045660417,-1108.3010009765626,0.9,,../data/results/vary_B2_annealed/B_100_n_6/phi_2.0/results_seed_49.pt,6.0,6.0
vary_B2_annealed,100,6,2.0,50,GPArealModel,7.887241363525391,,0.4073677561563844,4.479746391632335,1.7574788743812213,,,10.996811416543743,../data/results/vary_B2_annealed/B_100_n_6/phi_2.0/results_seed_50.pt,,
vary_B2_annealed,100,6,2.0,50,GPmodel,7.954835414886475,,0.44976965982215833,3.0871402833803288,1.0856872220058753,,,6.863825106835804,../data/results/vary_B2_annealed/B_100_n_6/phi_2.0/results_seed_50.pt,,
vary_B2_annealed,100,6,2.0,50,VI_best_tau_by_ELBO,8.099512100219727,,0.22600144147872925,4.914903401611083,1.4131572166042397,-1081.915478515625,0.9,,../data/results/vary_B2_annealed/B_100_n_6/phi_2.0/results_seed_50.pt,6.0,6.0
vary_B2_annealed,100,6,2.0,51,GPArealModel,8.082855224609375,,0.4516697908234907,5.214976370313807,1.4111525524580841,,,11.54599328152053,../data/results/vary_B2_annealed/B_100_n_6/phi_2.0/results_seed_51.pt,,
vary_B2_annealed,100,6,2.0,51,GPmodel,7.9474263191223145,,0.4496600805939768,3.9281636400790685,0.989448744874722,,,8.735851389988134,../data/results/vary_B2_annealed/B_100_n_6/phi_2.0/results_seed_51.pt,,
vary_B2_annealed,100,6,2.0,51,VI_best_tau_by_ELBO,8.137081146240234,,0.22598212957382202,5.709001189767218,1.469575045938597,-1115.334033203125,0.9,,../data/results/vary_B2_annealed/B_100_n_6/phi_2.0/results_seed_51.pt,6.0,6.0
vary_B2_annealed,100,6,2.0,52,GPArealModel,8.395886421203613,,0.6574564644288429,3.2278386761550224,1.5067677994301045,,,4.909585426252014,../data/results/vary_B2_annealed/B_100_n_6/phi_2.0/results_seed_52.pt,,
vary_B2_annealed,100,6,2.0,52,GPmodel,7.960944652557373,,0.643757328756665,2.5119568031250337,0.980531922873161,,,3.9020243978838374,../data/results/vary_B2_annealed/B_100_n_6/phi_2.0/results_seed_52.pt,,
vary_B2_annealed,100,6,2.0,52,VI_best_tau_by_ELBO,8.362462997436523,,0.22611351311206818,2.803916714335715,1.7153970456290746,-1108.4642578125,0.9,,../data/results/vary_B2_annealed/B_100_n_6/phi_2.0/results_seed_52.pt,6.0,6.0
vary_B2_annealed,100,6,2.0,53,GPArealModel,7.999520301818848,,0.3218513640085898,4.882254260588183,1.9112569344670793,,,15.169282490466255,../data/results/vary_B2_annealed/B_100_n_6/phi_2.0/results_seed_53.pt,,
vary_B2_annealed,100,6,2.0,53,GPmodel,7.923825263977051,,0.39781220896277497,3.1582767918695898,1.1419229909874031,,,7.939114790127327,../data/results/vary_B2_annealed/B_100_n_6/phi_2.0/results_seed_53.pt,,
vary_B2_annealed,100,6,2.0,53,VI_best_tau_by_ELBO,8.116522789001465,,0.22563554346561432,4.264819605300276,1.456231079305625,-1080.81728515625,0.9,,../data/results/vary_B2_annealed/B_100_n_6/phi_2.0/results_seed_53.pt,6.0,6.0
vary_B2_annealed,100,6,2.0,54,GPArealModel,8.009623527526855,,0.4427772029406515,4.359317160978622,1.2843076281076233,,,9.845396583262964,../data/results/vary_B2_annealed/B_100_n_6/phi_2.0/results_seed_54.pt,,
vary_B2_annealed,100,6,2.0,54,GPmodel,7.9370317459106445,,0.5636148415834137,2.7190557567476117,1.0609755833467145,,,4.824315394372378,../data/results/vary_B2_annealed/B_100_n_6/phi_2.0/results_seed_54.pt,,
vary_B2_annealed,100,6,2.0,54,VI_best_tau_by_ELBO,8.163230895996094,,0.22508949041366577,3.611617730796556,1.7054346021462825,-1115.8008056640624,0.9,,../data/results/vary_B2_annealed/B_100_n_6/phi_2.0/results_seed_54.pt,6.0,6.0
vary_B2_annealed,100,6,2.0,55,GPArealModel,8.258974075317383,,0.3657419720914268,5.075225978847958,1.2440636371981373,,,13.876520514794164,../data/results/vary_B2_annealed/B_100_n_6/phi_2.0/results_seed_55.pt,,
vary_B2_annealed,100,6,2.0,55,GPmodel,7.9701128005981445,,0.5467849251421214,2.799202138183361,1.3581862880694209,,,5.119384257815423,../data/results/vary_B2_annealed/B_100_n_6/phi_2.0/results_seed_55.pt,,
vary_B2_annealed,100,6,2.0,55,VI_best_tau_by_ELBO,8.212479591369629,,0.22504101693630219,4.281339705966858,1.7354874274516257,-1111.1533935546875,0.9,,../data/results/vary_B2_annealed/B_100_n_6/phi_2.0/results_seed_55.pt,6.0,6.0
vary_B2_annealed,100,6,2.0,56,GPArealModel,7.803547382354736,,0.2655210256502794,4.799577709880603,2.3512098917495066,,,18.07607400629048,../data/results/vary_B2_annealed/B_100_n_6/phi_2.0/results_seed_56.pt,,
vary_B2_annealed,100,6,2.0,56,GPmodel,7.9542975425720215,,0.4991811660086873,2.819296709738291,1.1827025604780148,,,5.647842710654725,../data/results/vary_B2_annealed/B_100_n_6/phi_2.0/results_seed_56.pt,,
vary_B2_annealed,100,6,2.0,56,VI_best_tau_by_ELBO,8.188616752624512,,0.2252667397260666,4.40884788153523,1.4522303278651056,-1085.8155029296875,0.9,,../data/results/vary_B2_annealed/B_100_n_6/phi_2.0/results_seed_56.pt,6.0,6.0
vary_B2_annealed,100,6,2.0,57,GPArealModel,7.495174884796143,,0.24027159820320165,3.8659019738033,1.8579016544604914,,,16.08971681510955,../data/results/vary_B2_annealed/B_100_n_6/phi_2.0/results_seed_57.pt,,
vary_B2_annealed,100,6,2.0,57,GPmodel,7.870645046234131,,0.4874706908547118,2.536985360108098,1.1930763026984237,,,5.204385428095889,../data/results/vary_B2_annealed/B_100_n_6/phi_2.0/results_seed_57.pt,,
vary_B2_annealed,100,6,2.0,57,VI_best_tau_by_ELBO,7.957686901092529,,0.22550714015960693,3.3345552608345868,1.6253644764044737,-1083.5412841796874,0.9,,../data/results/vary_B2_annealed/B_100_n_6/phi_2.0/results_seed_57.pt,6.0,6.0
vary_B2_annealed,100,6,2.0,58,GPArealModel,7.856451511383057,,0.5222840703760846,5.220573190784359,2.142007782138572,,,9.99565846805388,../data/results/vary_B2_annealed/B_100_n_6/phi_2.0/results_seed_58.pt,,
vary_B2_annealed,100,6,2.0,58,GPmodel,7.914764404296875,,0.5839937936761929,3.781317156190336,1.0623950120628745,,,6.474926954937749,../data/results/vary_B2_annealed/B_100_n_6/phi_2.0/results_seed_58.pt,,
vary_B2_annealed,100,6,2.0,58,VI_best_tau_by_ELBO,8.099281311035156,,0.22510963678359985,5.80974409230295,1.8454486588019265,-1165.5938720703125,0.9,,../data/results/vary_B2_annealed/B_100_n_6/phi_2.0/results_seed_58.pt,6.0,6.0
vary_B2_annealed,100,6,2.0,59,GPArealModel,7.644753456115723,,0.3698816158003543,5.049947521677307,0.8385671129096973,,,13.652875152365088,../data/results/vary_B2_annealed/B_100_n_6/phi_2.0/results_seed_59.pt,,
vary_B2_annealed,100,6,2.0,59,GPmodel,7.9729485511779785,,0.4816819997661803,2.796799594280825,1.1777365573872787,,,5.806319512953477,../data/results/vary_B2_annealed/B_100_n_6/phi_2.0/results_seed_59.pt,,
vary_B2_annealed,100,6,2.0,59,VI_best_tau_by_ELBO,8.054116249084473,,0.22496578097343445,4.039454790151705,1.6940940211585276,-1098.9268310546875,0.9,,../data/results/vary_B2_annealed/B_100_n_6/phi_2.0/results_seed_59.pt,6.0,6.0
vary_B2_annealed,100,6,2.0,60,GPArealModel,8.236051559448242,,0.3721886888201441,4.662124607789152,1.1315084306600647,,,12.526239372207439,../data/results/vary_B2_annealed/B_100_n_6/phi_2.0/results_seed_60.pt,,
vary_B2_annealed,100,6,2.0,60,GPmodel,8.009140014648438,,0.4712112098937738,2.9285543501348275,1.1920393942793597,,,6.214950511884083,../data/results/vary_B2_annealed/B_100_n_6/phi_2.0/results_seed_60.pt,,
vary_B2_annealed,100,6,2.0,60,VI_best_tau_by_ELBO,8.200429916381836,,0.22544756531715393,4.117203090390964,1.4853888855694688,-1084.7430908203125,0.9,,../data/results/vary_B2_annealed/B_100_n_6/phi_2.0/results_seed_60.pt,6.0,6.0
vary_B2_annealed,100,6,2.0,61,GPArealModel,8.138347625732422,,0.41960851150174955,3.6158426662539895,1.3748088063410555,,,8.617181413487398,../data/results/vary_B2_annealed/B_100_n_6/phi_2.0/results_seed_61.pt,,
vary_B2_annealed,100,6,2.0,61,GPmodel,7.938183784484863,,0.5983257389599873,2.362379813619823,1.052020562213711,,,3.9483172121696164,../data/results/vary_B2_annealed/B_100_n_6/phi_2.0/results_seed_61.pt,,
vary_B2_annealed,100,6,2.0,61,VI_best_tau_by_ELBO,8.279088973999023,,0.224657341837883,3.0003507429841605,1.602533124275169,-1090.7883544921874,0.9,,../data/results/vary_B2_annealed/B_100_n_6/phi_2.0/results_seed_61.pt,6.0,6.0
vary_B2_annealed,100,6,2.0,62,GPArealModel,7.61467981338501,,0.33394495397447954,5.471805113028178,0.916773805835732,,,16.385350483380382,../data/results/vary_B2_annealed/B_100_n_6/phi_2.0/results_seed_62.pt,,
vary_B2_annealed,100,6,2.0,62,GPmodel,7.843748092651367,,0.5041723811559082,2.9082942834427876,1.420106134253068,,,5.76845220433334,../data/results/vary_B2_annealed/B_100_n_6/phi_2.0/results_seed_62.pt,,
vary_B2_annealed,100,6,2.0,62,VI_best_tau_by_ELBO,7.975768566131592,,0.22504869103431702,4.14689135766675,1.7063059499135427,-1129.62607421875,0.9,,../data/results/vary_B2_annealed/B_100_n_6/phi_2.0/results_seed_62.pt,6.0,6.0
vary_B2_annealed,100,6,2.0,63,GPArealModel,7.922056674957275,,0.47029401620993516,3.780152100088489,1.1947874736282462,,,8.037848600652962,../data/results/vary_B2_annealed/B_100_n_6/phi_2.0/results_seed_63.pt,,
vary_B2_annealed,100,6,2.0,63,GPmodel,7.9074249267578125,,0.5729222354544041,2.3211030046652867,1.0023979480981255,,,4.051340410665579,../data/results/vary_B2_annealed/B_100_n_6/phi_2.0/results_seed_63.pt,,
vary_B2_annealed,100,6,2.0,63,VI_best_tau_by_ELBO,8.093259811401367,,0.22562453150749207,3.3605806024845366,1.5786758468765671,-1075.8111572265625,0.9,,../data/results/vary_B2_annealed/B_100_n_6/phi_2.0/results_seed_63.pt,6.0,6.0
vary_B2_annealed,100,6,2.0,64,GPArealModel,7.662397384643555,,0.4605584961249672,5.145100760976583,1.10072886816173,,,11.171438165328125,../data/results/vary_B2_annealed/B_100_n_6/phi_2.0/results_seed_64.pt,,
vary_B2_annealed,100,6,2.0,64,GPmodel,7.974300861358643,,0.5316094743918841,3.153000472229729,1.1257935980570501,,,5.931046424325851,../data/results/vary_B2_annealed/B_100_n_6/phi_2.0/results_seed_64.pt,,
vary_B2_annealed,100,6,2.0,64,VI_best_tau_by_ELBO,8.10448169708252,,0.22567878663539886,5.161458088458082,1.6919432002060868,-1118.4290283203125,0.9,,../data/results/vary_B2_annealed/B_100_n_6/phi_2.0/results_seed_64.pt,6.0,6.0
vary_B2_annealed,100,6,2.0,65,GPArealModel,7.6290693283081055,,1.0287637026673582,2.868440880067972,1.0202627221378626,,,2.788240752109289,../data/results/vary_B2_annealed/B_100_n_6/phi_2.0/results_seed_65.pt,,
vary_B2_annealed,100,6,2.0,65,GPmodel,7.952254295349121,,0.9032249045568717,1.8529767390395733,0.9976616052380073,,,2.0515120095682664,../data/results/vary_B2_annealed/B_100_n_6/phi_2.0/results_seed_65.pt,,
vary_B2_annealed,100,6,2.0,65,VI_best_tau_by_ELBO,8.06136703491211,,0.22634419798851013,3.831446732776454,1.6388584291285313,-1085.28251953125,0.9,,../data/results/vary_B2_annealed/B_100_n_6/phi_2.0/results_seed_65.pt,6.0,6.0
vary_B2_annealed,100,6,2.0,66,GPArealModel,7.741231918334961,,0.334470093361504,4.188509876830682,2.096121060020456,,,12.522823295605178,../data/results/vary_B2_annealed/B_100_n_6/phi_2.0/results_seed_66.pt,,
vary_B2_annealed,100,6,2.0,66,GPmodel,7.851163387298584,,0.629778439887157,2.3074546718649986,1.204516061881344,,,3.6639149988660233,../data/results/vary_B2_annealed/B_100_n_6/phi_2.0/results_seed_66.pt,,
vary_B2_annealed,100,6,2.0,66,VI_best_tau_by_ELBO,7.994015693664551,,0.22459173202514648,2.6756216729615927,1.8054635912947175,-1121.990283203125,0.9,,../data/results/vary_B2_annealed/B_100_n_6/phi_2.0/results_seed_66.pt,6.0,6.0
vary_B2_annealed,100,6,2.0,67,GPArealModel,7.916643142700195,,0.3927034903168643,5.182993997866509,1.3742113113990169,,,13.198237667010444,../data/results/vary_B2_annealed/B_100_n_6/phi_2.0/results_seed_67.pt,,
vary_B2_annealed,100,6,2.0,67,GPmodel,7.911790370941162,,0.4614734263736813,3.033058681268336,1.0304217605215296,,,6.572553278099909,../data/results/vary_B2_annealed/B_100_n_6/phi_2.0/results_seed_67.pt,,
vary_B2_annealed,100,6,2.0,67,VI_best_tau_by_ELBO,8.04983901977539,,0.22589270770549774,5.279211658412738,1.2964511005346768,-1073.0161865234375,0.9,,../data/results/vary_B2_annealed/B_100_n_6/phi_2.0/results_seed_67.pt,6.0,6.0
vary_B2_annealed,100,6,2.0,68,GPArealModel,8.214675903320312,,0.3529628159767417,3.638347286053544,1.3644054620222819,,,10.308018639258849,../data/results/vary_B2_annealed/B_100_n_6/phi_2.0/results_seed_68.pt,,
vary_B2_annealed,100,6,2.0,68,GPmodel,7.942592144012451,,0.4994907580477138,2.6867100893781513,1.2621259149543103,,,5.3788985003031895,../data/results/vary_B2_annealed/B_100_n_6/phi_2.0/results_seed_68.pt,,
vary_B2_annealed,100,6,2.0,68,VI_best_tau_by_ELBO,8.150978088378906,,0.22587238252162933,3.6673635816303074,1.6117105385165913,-1093.248193359375,0.9,,../data/results/vary_B2_annealed/B_100_n_6/phi_2.0/results_seed_68.pt,6.0,6.0
vary_B2_annealed,100,6,2.0,69,GPArealModel,7.666961669921875,,0.38767652970040656,4.581999597279894,0.9398453786729006,,,11.819130760432746,../data/results/vary_B2_annealed/B_100_n_6/phi_2.0/results_seed_69.pt,,
vary_B2_annealed,100,6,2.0,69,GPmodel,7.9532246589660645,,0.43538833520745673,3.0978489365522925,0.849718680997901,,,7.115139947596917,../data/results/vary_B2_annealed/B_100_n_6/phi_2.0/results_seed_69.pt,,
vary_B2_annealed,100,6,2.0,69,VI_best_tau_by_ELBO,8.090876579284668,,0.22571983933448792,4.083134413004639,1.3038657190647462,-1061.7420654296875,0.9,,../data/results/vary_B2_annealed/B_100_n_6/phi_2.0/results_seed_69.pt,6.0,6.0
vary_B2_annealed,100,6,2.0,70,GPArealModel,8.515191078186035,,0.28071481412771726,5.818305668448366,1.8878725156879173,,,20.726749624981323,../data/results/vary_B2_annealed/B_100_n_6/phi_2.0/results_seed_70.pt,,
vary_B2_annealed,100,6,2.0,70,GPmodel,7.971229553222656,,0.3468242634351566,4.528625782854056,0.9535524244601107,,,13.05740762771271,../data/results/vary_B2_annealed/B_100_n_6/phi_2.0/results_seed_70.pt,,
vary_B2_annealed,100,6,2.0,70,VI_best_tau_by_ELBO,8.33635425567627,,0.2254098802804947,5.175593920433174,1.3818450182905486,-1096.43544921875,0.9,,../data/results/vary_B2_annealed/B_100_n_6/phi_2.0/results_seed_70.pt,6.0,6.0
vary_B2_annealed,100,6,2.0,71,GPArealModel,8.009881973266602,,0.4678018403889211,4.0020991261692,1.6898602029387348,,,8.555116249311748,../data/results/vary_B2_annealed/B_100_n_6/phi_2.0/results_seed_71.pt,,
vary_B2_annealed,100,6,2.0,71,GPmodel,7.979864597320557,,0.5607380574138983,2.660837952114449,1.3477704675163091,,,4.74524230509006,../data/results/vary_B2_annealed/B_100_n_6/phi_2.0/results_seed_71.pt,,
vary_B2_annealed,100,6,2.0,71,VI_best_tau_by_ELBO,8.097816467285156,,0.226378932595253,4.5866587392385485,1.628617542079363,-1103.732421875,0.9,,../data/results/vary_B2_annealed/B_100_n_6/phi_2.0/results_seed_71.pt,6.0,6.0
vary_B2_annealed,100,6,2.0,72,GPArealModel,7.890883445739746,,0.46016040299211375,3.8726930471999026,1.5843432072829666,,,8.415963264153941,../data/results/vary_B2_annealed/B_100_n_6/phi_2.0/results_seed_72.pt,,
vary_B2_annealed,100,6,2.0,72,GPmodel,7.902433395385742,,0.5629332274197171,2.684262498068916,1.1572808890681836,,,4.768349721285075,../data/results/vary_B2_annealed/B_100_n_6/phi_2.0/results_seed_72.pt,,
vary_B2_annealed,100,6,2.0,72,VI_best_tau_by_ELBO,8.075554847717285,,0.2261568307876587,4.42804161181461,1.5772195533540725,-1092.152001953125,0.9,,../data/results/vary_B2_annealed/B_100_n_6/phi_2.0/results_seed_72.pt,6.0,6.0
vary_B2_annealed,100,6,2.0,73,GPArealModel,7.949047088623047,,0.3405494118579197,6.544387873378543,1.2057295912650297,,,19.21714630976641,../data/results/vary_B2_annealed/B_100_n_6/phi_2.0/results_seed_73.pt,,
vary_B2_annealed,100,6,2.0,73,GPmodel,7.993143081665039,,0.45352125967093,3.542820267530485,1.0720521152662004,,,7.811806375077358,../data/results/vary_B2_annealed/B_100_n_6/phi_2.0/results_seed_73.pt,,
vary_B2_annealed,100,6,2.0,73,VI_best_tau_by_ELBO,8.167228698730469,,0.224859356880188,5.596443464508107,1.4142797655662298,-1105.46748046875,0.9,,../data/results/vary_B2_annealed/B_100_n_6/phi_2.0/results_seed_73.pt,6.0,6.0
vary_B2_annealed,100,6,2.0,74,GPArealModel,7.890754699707031,,0.3877626140304447,4.481854693679061,1.1313075606151088,,,11.558243449759635,../data/results/vary_B2_annealed/B_100_n_6/phi_2.0/results_seed_74.pt,,
vary_B2_annealed,100,6,2.0,74,GPmodel,7.9076337814331055,,0.5659445202617976,2.4214228129252806,1.321248652482908,,,4.278551565098935,../data/results/vary_B2_annealed/B_100_n_6/phi_2.0/results_seed_74.pt,,
vary_B2_annealed,100,6,2.0,74,VI_best_tau_by_ELBO,8.15275764465332,,0.225373774766922,2.7587853893712384,1.6959880291917417,-1107.9915283203125,0.9,,../data/results/vary_B2_annealed/B_100_n_6/phi_2.0/results_seed_74.pt,6.0,6.0
vary_B2_annealed,100,6,2.0,75,GPArealModel,7.760488033294678,,0.28737201390670924,6.099516699557982,3.474708456737735,,,21.225159042585453,../data/results/vary_B2_annealed/B_100_n_6/phi_2.0/results_seed_75.pt,,
vary_B2_annealed,100,6,2.0,75,GPmodel,7.996267318725586,,0.3612084525335199,4.722034082503973,1.0285313678605958,,,13.072878138325878,../data/results/vary_B2_annealed/B_100_n_6/phi_2.0/results_seed_75.pt,,
vary_B2_annealed,100,6,2.0,75,VI_best_tau_by_ELBO,8.180766105651855,,0.2253263145685196,5.391684901710339,1.6771009031325748,-1128.0802978515626,0.9,,../data/results/vary_B2_annealed/B_100_n_6/phi_2.0/results_seed_75.pt,6.0,6.0
vary_B2_annealed,100,6,2.0,76,GPArealModel,7.810041904449463,,0.5146616698959205,3.3129468091871686,2.847914212689537,,,6.437135312324973,../data/results/vary_B2_annealed/B_100_n_6/phi_2.0/results_seed_76.pt,,
vary_B2_annealed,100,6,2.0,76,GPmodel,7.948552131652832,,0.6464647991806528,2.7350908968193166,1.160439789069265,,,4.230842731554519,../data/results/vary_B2_annealed/B_100_n_6/phi_2.0/results_seed_76.pt,,
vary_B2_annealed,100,6,2.0,76,VI_best_tau_by_ELBO,8.176373481750488,,0.22636450827121735,4.898999978450978,1.6421563885993917,-1113.5756103515625,0.9,,../data/results/vary_B2_annealed/B_100_n_6/phi_2.0/results_seed_76.pt,6.0,6.0
vary_B2_annealed,100,6,2.0,77,GPArealModel,8.060795783996582,,0.1997025021881515,6.413212340257954,2.6590513079591296,,,32.113830673066325,../data/results/vary_B2_annealed/B_100_n_6/phi_2.0/results_seed_77.pt,,
vary_B2_annealed,100,6,2.0,77,GPmodel,7.925957679748535,,0.2516664117734322,5.402222128808027,1.0369302072703313,,,21.465805034290742,../data/results/vary_B2_annealed/B_100_n_6/phi_2.0/results_seed_77.pt,,
vary_B2_annealed,100,6,2.0,77,VI_best_tau_by_ELBO,8.202268600463867,,0.22507411241531372,5.364919220552282,1.3448021269211279,-1096.78232421875,0.9,,../data/results/vary_B2_annealed/B_100_n_6/phi_2.0/results_seed_77.pt,6.0,6.0
vary_B2_annealed,100,6,2.0,78,GPArealModel,7.850007057189941,,0.31928213816779943,5.597999868268305,1.3734703542298186,,,17.533081870449838,../data/results/vary_B2_annealed/B_100_n_6/phi_2.0/results_seed_78.pt,,
vary_B2_annealed,100,6,2.0,78,GPmodel,7.9342498779296875,,0.38433179182714644,3.9096632401410663,1.0887637021109564,,,10.172625120482982,../data/results/vary_B2_annealed/B_100_n_6/phi_2.0/results_seed_78.pt,,
vary_B2_annealed,100,6,2.0,78,VI_best_tau_by_ELBO,8.087282180786133,,0.2266065925359726,6.112677632506895,1.2334653088497263,-1088.8926513671875,0.9,,../data/results/vary_B2_annealed/B_100_n_6/phi_2.0/results_seed_78.pt,6.0,6.0
vary_B2_annealed,100,6,2.0,79,GPArealModel,8.600550651550293,,0.7887193718617064,2.096774965433706,1.546680748209507,,,2.6584550097767257,../data/results/vary_B2_annealed/B_100_n_6/phi_2.0/results_seed_79.pt,,
vary_B2_annealed,100,6,2.0,79,GPmodel,7.958719730377197,,0.8884657135105746,1.9265188905833226,1.0233454445907675,,,2.16836605092065,../data/results/vary_B2_annealed/B_100_n_6/phi_2.0/results_seed_79.pt,,
vary_B2_annealed,100,6,2.0,79,VI_best_tau_by_ELBO,8.34017562866211,,0.22569990158081055,2.7407591018498203,1.861657971962763,-1088.1993896484375,0.9,,../data/results/vary_B2_annealed/B_100_n_6/phi_2.0/results_seed_79.pt,6.0,6.0
vary_B2_annealed,100,6,2.0,80,GPArealModel,7.689309120178223,,0.9623439916804943,3.0781770472233183,1.3896005860160316,,,3.198624477145691,../data/results/vary_B2_annealed/B_100_n_6/phi_2.0/results_seed_80.pt,,
vary_B2_annealed,100,6,2.0,80,GPmodel,7.885235786437988,,0.9631449401586332,1.8466900167358562,1.142100158082329,,,1.9173542212989254,../data/results/vary_B2_annealed/B_100_n_6/phi_2.0/results_seed_80.pt,,
vary_B2_annealed,100,6,2.0,80,VI_best_tau_by_ELBO,7.9704084396362305,,0.22662150859832764,3.9334956366495315,1.6568325786278104,-1092.4947998046875,0.9,,../data/results/vary_B2_annealed/B_100_n_6/phi_2.0/results_seed_80.pt,6.0,6.0
vary_B2_annealed,100,6,2.0,81,GPArealModel,7.874021530151367,,0.49126928558015864,5.031201786242013,1.879071060222079,,,10.241230082805757,../data/results/vary_B2_annealed/B_100_n_6/phi_2.0/results_seed_81.pt,,
vary_B2_annealed,100,6,2.0,81,GPmodel,7.963772773742676,,0.5280821436541528,3.2471440619097947,1.176018683613118,,,6.1489374350752275,../data/results/vary_B2_annealed/B_100_n_6/phi_2.0/results_seed_81.pt,,
vary_B2_annealed,100,6,2.0,81,VI_best_tau_by_ELBO,8.137396812438965,,0.2255381941795349,4.296154250511952,1.7699440280476846,-1146.99951171875,0.9,,../data/results/vary_B2_annealed/B_100_n_6/phi_2.0/results_seed_81.pt,6.0,6.0
vary_B2_annealed,100,6,2.0,82,GPArealModel,7.959658622741699,,0.6009146798935587,3.9371178558244284,1.2225842788257937,,,6.551874979193083,../data/results/vary_B2_annealed/B_100_n_6/phi_2.0/results_seed_82.pt,,
vary_B2_annealed,100,6,2.0,82,GPmodel,7.995791912078857,,0.6339943104412237,2.501461556333321,1.1822413339953488,,,3.945558367223276,../data/results/vary_B2_annealed/B_100_n_6/phi_2.0/results_seed_82.pt,,
vary_B2_annealed,100,6,2.0,82,VI_best_tau_by_ELBO,8.196722984313965,,0.22533570230007172,3.3981144687317157,1.7985338257611374,-1133.6966796875,0.9,,../data/results/vary_B2_annealed/B_100_n_6/phi_2.0/results_seed_82.pt,6.0,6.0
vary_B2_annealed,100,6,2.0,83,GPArealModel,7.925933837890625,,0.5191971395525178,3.4631767646430713,1.9641100299854297,,,6.670253937893208,../data/results/vary_B2_annealed/B_100_n_6/phi_2.0/results_seed_83.pt,,
vary_B2_annealed,100,6,2.0,83,GPmodel,7.885178089141846,,0.9668149448414983,2.0808563232664437,1.6161075211796447,,,2.152279848764216,../data/results/vary_B2_annealed/B_100_n_6/phi_2.0/results_seed_83.pt,,
vary_B2_annealed,100,6,2.0,83,VI_best_tau_by_ELBO,8.190777778625488,,0.22563377022743225,2.4768552075497325,1.7634164701134654,-1110.979443359375,0.9,,../data/results/vary_B2_annealed/B_100_n_6/phi_2.0/results_seed_83.pt,6.0,6.0
vary_B2_annealed,100,6,2.0,84,GPArealModel,7.971087455749512,,0.3768711851700872,5.596012901558308,0.8208170244742025,,,14.848609078544303,../data/results/vary_B2_annealed/B_100_n_6/phi_2.0/results_seed_84.pt,,
vary_B2_annealed,100,6,2.0,84,GPmodel,7.999277591705322,,0.40416916750309745,3.3846691536744116,1.0488549696242613,,,8.374387325447016,../data/results/vary_B2_annealed/B_100_n_6/phi_2.0/results_seed_84.pt,,
vary_B2_annealed,100,6,2.0,84,VI_best_tau_by_ELBO,8.168593406677246,,0.22539553046226501,4.5401320334702016,1.4858263960174793,-1096.0958740234375,0.9,,../data/results/vary_B2_annealed/B_100_n_6/phi_2.0/results_seed_84.pt,6.0,6.0
vary_B2_annealed,100,6,2.0,85,GPArealModel,8.457244873046875,,0.5699258554109501,4.207133452378308,1.5092940349519064,,,7.381896105318326,../data/results/vary_B2_annealed/B_100_n_6/phi_2.0/results_seed_85.pt,,
vary_B2_annealed,100,6,2.0,85,GPmodel,7.991912364959717,,0.5242244222423222,3.259474933927206,0.9711569716746618,,,6.217709049084548,../data/results/vary_B2_annealed/B_100_n_6/phi_2.0/results_seed_85.pt,,
vary_B2_annealed,100,6,2.0,85,VI_best_tau_by_ELBO,8.380176544189453,,0.22573146224021912,4.828737106501797,1.5011571171848879,-1110.8517333984375,0.9,,../data/results/vary_B2_annealed/B_100_n_6/phi_2.0/results_seed_85.pt,6.0,6.0
vary_B2_annealed,100,6,2.0,86,GPArealModel,8.113152503967285,,0.3427279466404157,5.835425174076647,1.2438687069391672,,,17.026406020513626,../data/results/vary_B2_annealed/B_100_n_6/phi_2.0/results_seed_86.pt,,
vary_B2_annealed,100,6,2.0,86,GPmodel,8.04909896850586,,0.4763531420807153,3.6676696724655655,1.0419699816027672,,,7.699476183667327,../data/results/vary_B2_annealed/B_100_n_6/phi_2.0/results_seed_86.pt,,
vary_B2_annealed,100,6,2.0,86,VI_best_tau_by_ELBO,8.272540092468262,,0.22540810704231262,5.455847931163281,1.5554197382185617,-1110.0169921875,0.9,,../data/results/vary_B2_annealed/B_100_n_6/phi_2.0/results_seed_86.pt,6.0,6.0
vary_B2_annealed,100,6,2.0,87,GPArealModel,7.7024760246276855,,0.5920364070360693,2.899222607226359,2.4150783957379116,,,4.8970343255422915,../data/results/vary_B2_annealed/B_100_n_6/phi_2.0/results_seed_87.pt,,
vary_B2_annealed,100,6,2.0,87,GPmodel,7.918666839599609,,0.69888783644772,2.1198994151053885,1.1122601867651511,,,3.0332469740499866,../data/results/vary_B2_annealed/B_100_n_6/phi_2.0/results_seed_87.pt,,
vary_B2_annealed,100,6,2.0,87,VI_best_tau_by_ELBO,8.003718376159668,,0.22601670026779175,3.0980351536379973,1.7667739138639877,-1092.9486328125,0.9,,../data/results/vary_B2_annealed/B_100_n_6/phi_2.0/results_seed_87.pt,6.0,6.0
vary_B2_annealed,100,6,2.0,88,GPArealModel,7.71703577041626,,0.5048239171365073,5.30449610623449,0.8884618543006645,,,10.507616470160473,../data/results/vary_B2_annealed/B_100_n_6/phi_2.0/results_seed_88.pt,,
vary_B2_annealed,100,6,2.0,88,GPmodel,7.930821418762207,,0.5108061632420596,3.3980743525079165,0.9873648111294849,,,6.6523753960612355,../data/results/vary_B2_annealed/B_100_n_6/phi_2.0/results_seed_88.pt,,
vary_B2_annealed,100,6,2.0,88,VI_best_tau_by_ELBO,8.149622917175293,,0.22599142789840698,5.709450127726931,1.3733537649080052,-1107.1267822265625,0.9,,../data/results/vary_B2_annealed/B_100_n_6/phi_2.0/results_seed_88.pt,6.0,6.0
vary_B2_annealed,100,6,2.0,89,GPArealModel,8.568328857421875,,0.44453826936563523,4.822717447250419,0.9292681762027045,,,10.848824003684836,../data/results/vary_B2_annealed/B_100_n_6/phi_2.0/results_seed_89.pt,,
vary_B2_annealed,100,6,2.0,89,GPmodel,7.985547065734863,,0.547521323581718,3.5608520699509776,1.0409529954044012,,,6.503586100824286,../data/results/vary_B2_annealed/B_100_n_6/phi_2.0/results_seed_89.pt,,
vary_B2_annealed,100,6,2.0,89,VI_best_tau_by_ELBO,8.463916778564453,,0.22525151073932648,4.01317518636639,1.8997744372440235,-1150.5044921875,0.9,,../data/results/vary_B2_annealed/B_100_n_6/phi_2.0/results_seed_89.pt,6.0,6.0
vary_B2_annealed,100,6,2.0,90,GPArealModel,8.052990913391113,,0.7332489220479407,3.0455388852285856,1.0129435304371424,,,4.1534856631258235,../data/results/vary_B2_annealed/B_100_n_6/phi_2.0/results_seed_90.pt,,
vary_B2_annealed,100,6,2.0,90,GPmodel,8.014269828796387,,0.7785183213100098,1.8092035954415082,0.9676693745062672,,,2.3239062536089947,../data/results/vary_B2_annealed/B_100_n_6/phi_2.0/results_seed_90.pt,,
vary_B2_annealed,100,6,2.0,90,VI_best_tau_by_ELBO,8.20507526397705,,0.22539636492729187,3.3299828277149155,1.4394413097691512,-1054.7603515625,0.9,,../data/results/vary_B2_annealed/B_100_n_6/phi_2.0/results_seed_90.pt,6.0,6.0
vary_B2_annealed,100,6,2.0,91,GPArealModel,8.009431838989258,,0.5749698296080029,3.7579510581336795,1.2899284558180228,,,6.535909998435461,../data/results/vary_B2_annealed/B_100_n_6/phi_2.0/results_seed_91.pt,,
vary_B2_annealed,100,6,2.0,91,GPmodel,7.916201591491699,,0.5701630509188417,3.0122325584595906,1.0613858984850755,,,5.283107268359904,../data/results/vary_B2_annealed/B_100_n_6/phi_2.0/results_seed_91.pt,,
vary_B2_annealed,100,6,2.0,91,VI_best_tau_by_ELBO,8.021280288696289,,0.22575555741786957,4.24766405335799,1.9588563052438563,-1127.1656982421875,0.9,,../data/results/vary_B2_annealed/B_100_n_6/phi_2.0/results_seed_91.pt,6.0,6.0
vary_B2_annealed,100,6,2.0,92,GPArealModel,7.667697429656982,,0.4480480329146395,3.6774624663554927,1.071670880056825,,,8.207741572779339,../data/results/vary_B2_annealed/B_100_n_6/phi_2.0/results_seed_92.pt,,
vary_B2_annealed,100,6,2.0,92,GPmodel,7.977749347686768,,0.5693421723090891,2.2689897441539673,1.0204315437165532,,,3.9852831118263965,../data/results/vary_B2_annealed/B_100_n_6/phi_2.0/results_seed_92.pt,,
vary_B2_annealed,100,6,2.0,92,VI_best_tau_by_ELBO,8.03866195678711,,0.22519220411777496,3.3621094403000664,1.598499722801216,-1076.662353515625,0.9,,../data/results/vary_B2_annealed/B_100_n_6/phi_2.0/results_seed_92.pt,6.0,6.0
vary_B2_annealed,100,6,2.0,93,GPArealModel,8.025382041931152,,0.47332347558724414,5.4881196767515545,1.4299285402751054,,,11.594860512554423,../data/results/vary_B2_annealed/B_100_n_6/phi_2.0/results_seed_93.pt,,
vary_B2_annealed,100,6,2.0,93,GPmodel,7.889955997467041,,0.4666408900708135,3.6365833213331236,1.1730109243721645,,,7.793109002473543,../data/results/vary_B2_annealed/B_100_n_6/phi_2.0/results_seed_93.pt,,
vary_B2_annealed,100,6,2.0,93,VI_best_tau_by_ELBO,8.200322151184082,,0.22548188269138336,5.27715062505224,1.7135984369122992,-1128.5510009765626,0.9,,../data/results/vary_B2_annealed/B_100_n_6/phi_2.0/results_seed_93.pt,6.0,6.0
vary_B2_annealed,100,6,2.0,94,GPArealModel,7.95139741897583,,0.32817959525141316,5.99351698113696,0.8109980867702168,,,18.262917828713338,../data/results/vary_B2_annealed/B_100_n_6/phi_2.0/results_seed_94.pt,,
vary_B2_annealed,100,6,2.0,94,GPmodel,7.983436107635498,,0.4719555243837045,3.2293262258119264,1.221472762234624,,,6.842437600510959,../data/results/vary_B2_annealed/B_100_n_6/phi_2.0/results_seed_94.pt,,
vary_B2_annealed,100,6,2.0,94,VI_best_tau_by_ELBO,8.119132041931152,,0.2254718542098999,5.026092274218488,1.5731494205925065,-1107.422705078125,0.9,,../data/results/vary_B2_annealed/B_100_n_6/phi_2.0/results_seed_94.pt,6.0,6.0
vary_B2_annealed,100,6,2.0,95,GPArealModel,7.899088382720947,,0.5263433742459106,5.240937211561065,1.622366932728066,,,9.957258831403983,../data/results/vary_B2_annealed/B_100_n_6/phi_2.0/results_seed_95.pt,,
vary_B2_annealed,100,6,2.0,95,GPmodel,8.0081205368042,,0.5327676678275016,3.4288786581459823,1.1238601826401218,,,6.435973624540927,../data/results/vary_B2_annealed/B_100_n_6/phi_2.0/results_seed_95.pt,,
vary_B2_annealed,100,6,2.0,95,VI_best_tau_by_ELBO,8.151894569396973,,0.2245783507823944,5.062177091169341,1.8141658455183256,-1155.528173828125,0.9,,../data/results/vary_B2_annealed/B_100_n_6/phi_2.0/results_seed_95.pt,6.0,6.0
vary_B2_annealed,100,6,2.0,96,GPArealModel,7.710280895233154,,0.2753172633198476,7.958415765974246,1.1127119605622142,,,28.906344883751878,../data/results/vary_B2_annealed/B_100_n_6/phi_2.0/results_seed_96.pt,,
vary_B2_annealed,100,6,2.0,96,GPmodel,7.963831901550293,,0.3078317492816649,4.972346440491577,1.0530770301830341,,,16.15280571966571,../data/results/vary_B2_annealed/B_100_n_6/phi_2.0/results_seed_96.pt,,
vary_B2_annealed,100,6,2.0,96,VI_best_tau_by_ELBO,8.124519348144531,,0.22496218979358673,5.310205518900451,1.4538138544866368,-1122.922705078125,0.9,,../data/results/vary_B2_annealed/B_100_n_6/phi_2.0/results_seed_96.pt,6.0,6.0
vary_B2_annealed,100,6,2.0,97,GPArealModel,7.953317165374756,,0.3321713970810924,4.932769794797251,1.8398339956676821,,,14.850073902037455,../data/results/vary_B2_annealed/B_100_n_6/phi_2.0/results_seed_97.pt,,
vary_B2_annealed,100,6,2.0,97,GPmodel,7.999172210693359,,0.49601231196838874,3.5505680541300197,1.0854566129287015,,,7.158225649762299,../data/results/vary_B2_annealed/B_100_n_6/phi_2.0/results_seed_97.pt,,
vary_B2_annealed,100,6,2.0,97,VI_best_tau_by_ELBO,8.1403226852417,,0.2265978753566742,6.291611651360331,1.5120162122108511,-1116.604931640625,0.9,,../data/results/vary_B2_annealed/B_100_n_6/phi_2.0/results_seed_97.pt,6.0,6.0
vary_B2_annealed,100,6,2.0,98,GPArealModel,8.172757148742676,,0.44000569250122873,6.539410837894958,1.059417865077971,,,14.862105080326197,../data/results/vary_B2_annealed/B_100_n_6/phi_2.0/results_seed_98.pt,,
vary_B2_annealed,100,6,2.0,98,GPmodel,8.032265663146973,,0.5078559025603739,3.671646159051922,1.0647641981340692,,,7.229700670093987,../data/results/vary_B2_annealed/B_100_n_6/phi_2.0/results_seed_98.pt,,
vary_B2_annealed,100,6,2.0,98,VI_best_tau_by_ELBO,8.277158737182617,,0.22496983408927917,5.81624797896293,1.6615717309807023,-1133.55341796875,0.9,,../data/results/vary_B2_annealed/B_100_n_6/phi_2.0/results_seed_98.pt,6.0,6.0
vary_B2_annealed,100,6,2.0,99,GPArealModel,7.716787338256836,,1.2640937905798635,2.208981369125044,1.4157766419787865,,,1.7474821770240188,../data/results/vary_B2_annealed/B_100_n_6/phi_2.0/results_seed_99.pt,,
vary_B2_annealed,100,6,2.0,99,GPmodel,7.937862873077393,,1.0496668980297894,1.7105904291072878,0.9787414814524587,,,1.6296507323590397,../data/results/vary_B2_annealed/B_100_n_6/phi_2.0/results_seed_99.pt,,
vary_B2_annealed,100,6,2.0,99,VI_best_tau_by_ELBO,8.05539321899414,,0.22642476856708527,2.460035542826396,1.9528321700126419,-1093.0818359375,0.9,,../data/results/vary_B2_annealed/B_100_n_6/phi_2.0/results_seed_99.pt,6.0,6.0
vary_B2_annealed,100,6,2.0,100,GPArealModel,7.95787239074707,,0.48367082141452494,3.67447037311092,1.0972361894973819,,,7.597047848296299,../data/results/vary_B2_annealed/B_100_n_6/phi_2.0/results_seed_100.pt,,
vary_B2_annealed,100,6,2.0,100,GPmodel,7.922989845275879,,0.6005272257888165,2.263216708531498,1.0187733440486315,,,3.768716240231527,../data/results/vary_B2_annealed/B_100_n_6/phi_2.0/results_seed_100.pt,,
vary_B2_annealed,100,6,2.0,100,VI_best_tau_by_ELBO,8.101161003112793,,0.2256399393081665,3.6595720592767886,1.5708062705368708,-1075.78125,0.9,,../data/results/vary_B2_annealed/B_100_n_6/phi_2.0/results_seed_100.pt,6.0,6.0
vary_B2_annealed,121,6,2.0,1,GPArealModel,7.7922892570495605,,0.2904346621362997,7.61440746282808,1.9438164857327398,,,26.217282079281127,../data/results/vary_B2_annealed/B_121_n_6/phi_2.0/results_seed_1.pt,,
vary_B2_annealed,121,6,2.0,1,GPmodel,7.938745021820068,,0.37884352700373053,4.654487385020093,0.9855393978743558,,,12.28604173821415,../data/results/vary_B2_annealed/B_121_n_6/phi_2.0/results_seed_1.pt,,
vary_B2_annealed,121,6,2.0,1,VI_best_tau_by_ELBO,7.985180854797363,,0.21610769629478455,6.190943050305509,1.5504987790946043,-1298.708056640625,0.9,,../data/results/vary_B2_annealed/B_121_n_6/phi_2.0/results_seed_1.pt,6.0,6.0
vary_B2_annealed,121,6,2.0,2,GPArealModel,7.708966255187988,,0.6157702404796064,3.838376537322394,1.0966149556070437,,,6.233455735588632,../data/results/vary_B2_annealed/B_121_n_6/phi_2.0/results_seed_2.pt,,
vary_B2_annealed,121,6,2.0,2,GPmodel,7.992783546447754,,0.6532881579907289,2.802339254461926,0.9315404186016683,,,4.289591385034251,../data/results/vary_B2_annealed/B_121_n_6/phi_2.0/results_seed_2.pt,,
vary_B2_annealed,121,6,2.0,2,VI_best_tau_by_ELBO,8.179798126220703,,0.21714557707309723,5.5212958587924605,1.3730275581568454,-1277.46806640625,0.9,,../data/results/vary_B2_annealed/B_121_n_6/phi_2.0/results_seed_2.pt,6.0,6.0
vary_B2_annealed,121,6,2.0,3,GPArealModel,7.937136173248291,,0.36081325438666895,4.4940404960870755,1.1132668808295327,,,12.455308782174043,../data/results/vary_B2_annealed/B_121_n_6/phi_2.0/results_seed_3.pt,,
vary_B2_annealed,121,6,2.0,3,GPmodel,7.950353145599365,,0.5313877792467209,2.913418447648538,1.0436716291106563,,,5.482659860523159,../data/results/vary_B2_annealed/B_121_n_6/phi_2.0/results_seed_3.pt,,
vary_B2_annealed,121,6,2.0,3,VI_best_tau_by_ELBO,8.251924514770508,,0.21658772230148315,4.564947946333023,1.519789886685308,-1273.3558837890625,0.9,,../data/results/vary_B2_annealed/B_121_n_6/phi_2.0/results_seed_3.pt,6.0,6.0
vary_B2_annealed,121,6,2.0,4,GPArealModel,7.82808256149292,,0.2366717105931225,6.067641939578546,1.884221320000052,,,25.63737729520964,../data/results/vary_B2_annealed/B_121_n_6/phi_2.0/results_seed_4.pt,,
vary_B2_annealed,121,6,2.0,4,GPmodel,7.943709850311279,,0.3915380821602429,3.95485748991982,1.1127041676603684,,,10.100824594378114,../data/results/vary_B2_annealed/B_121_n_6/phi_2.0/results_seed_4.pt,,
vary_B2_annealed,121,6,2.0,4,VI_best_tau_by_ELBO,8.125307083129883,,0.2173856645822525,6.2681254692678126,1.3468421950784053,-1274.392236328125,0.9,,../data/results/vary_B2_annealed/B_121_n_6/phi_2.0/results_seed_4.pt,6.0,6.0
vary_B2_annealed,121,6,2.0,5,GPArealModel,8.106497764587402,,0.5263314528271761,3.911730799011123,0.9437278844673616,,,7.43206733703517,../data/results/vary_B2_annealed/B_121_n_6/phi_2.0/results_seed_5.pt,,
vary_B2_annealed,121,6,2.0,5,GPmodel,7.979409694671631,,0.6588490331742751,2.439264676773564,1.0394673346318004,,,3.702311992508218,../data/results/vary_B2_annealed/B_121_n_6/phi_2.0/results_seed_5.pt,,
vary_B2_annealed,121,6,2.0,5,VI_best_tau_by_ELBO,8.158610343933105,,0.2178800255060196,4.910002389490127,1.4574640753913801,-1258.79345703125,0.9,,../data/results/vary_B2_annealed/B_121_n_6/phi_2.0/results_seed_5.pt,6.0,6.0
vary_B2_annealed,121,6,2.0,6,GPArealModel,7.979326248168945,,0.4306896961694185,3.823955005322031,2.4718798423492427,,,8.878677710037017,../data/results/vary_B2_annealed/B_121_n_6/phi_2.0/results_seed_6.pt,,
vary_B2_annealed,121,6,2.0,6,GPmodel,7.916810035705566,,0.5887363190497062,2.688938726310247,1.0197593064248969,,,4.567305666907944,../data/results/vary_B2_annealed/B_121_n_6/phi_2.0/results_seed_6.pt,,
vary_B2_annealed,121,6,2.0,6,VI_best_tau_by_ELBO,8.134963989257812,,0.21779273450374603,4.919199296961302,1.4196098051621615,-1263.075927734375,0.9,,../data/results/vary_B2_annealed/B_121_n_6/phi_2.0/results_seed_6.pt,6.0,6.0
vary_B2_annealed,121,6,2.0,7,GPArealModel,7.81283712387085,,0.535519754259877,4.861697413860074,1.2016421416925942,,,9.07846512698538,../data/results/vary_B2_annealed/B_121_n_6/phi_2.0/results_seed_7.pt,,
vary_B2_annealed,121,6,2.0,7,GPmodel,7.924141883850098,,0.5252811077748026,3.0522937707564295,1.0999168519253875,,,5.810781552160833,../data/results/vary_B2_annealed/B_121_n_6/phi_2.0/results_seed_7.pt,,
vary_B2_annealed,121,6,2.0,7,VI_best_tau_by_ELBO,8.106905937194824,,0.217728853225708,5.741177495425987,1.334507059109405,-1266.565234375,0.9,,../data/results/vary_B2_annealed/B_121_n_6/phi_2.0/results_seed_7.pt,6.0,6.0
vary_B2_annealed,121,6,2.0,8,GPArealModel,8.153939247131348,,0.6054853213860681,3.3526653591997757,1.202790796390644,,,5.537153818237745,../data/results/vary_B2_annealed/B_121_n_6/phi_2.0/results_seed_8.pt,,
vary_B2_annealed,121,6,2.0,8,GPmodel,7.880406856536865,,0.6843626953534772,2.2850980247776813,1.158915455294198,,,3.339016051419073,../data/results/vary_B2_annealed/B_121_n_6/phi_2.0/results_seed_8.pt,,
vary_B2_annealed,121,6,2.0,8,VI_best_tau_by_ELBO,8.05902099609375,,0.21749702095985413,4.387674613474351,1.5444015001467135,-1260.1645751953124,0.9,,../data/results/vary_B2_annealed/B_121_n_6/phi_2.0/results_seed_8.pt,6.0,6.0
vary_B2_annealed,121,6,2.0,9,GPArealModel,8.09852123260498,,0.349928838723213,5.421274107438998,1.3302598296476493,,,15.492504496684601,../data/results/vary_B2_annealed/B_121_n_6/phi_2.0/results_seed_9.pt,,
vary_B2_annealed,121,6,2.0,9,GPmodel,7.999138355255127,,0.4131555345373722,3.4682584562623644,1.2294447237924757,,,8.394558867875075,../data/results/vary_B2_annealed/B_121_n_6/phi_2.0/results_seed_9.pt,,
vary_B2_annealed,121,6,2.0,9,VI_best_tau_by_ELBO,8.22654914855957,,0.21705596148967743,5.181432690814002,1.3764148323419376,-1277.751513671875,0.9,,../data/results/vary_B2_annealed/B_121_n_6/phi_2.0/results_seed_9.pt,6.0,6.0
vary_B2_annealed,121,6,2.0,10,GPArealModel,7.66068172454834,,0.3523364333842697,6.774025198294401,1.3325014112963978,,,19.226013992445758,../data/results/vary_B2_annealed/B_121_n_6/phi_2.0/results_seed_10.pt,,
vary_B2_annealed,121,6,2.0,10,GPmodel,7.925393581390381,,0.36162115414324947,4.04759029272749,1.1186853493796292,,,11.192902423855747,../data/results/vary_B2_annealed/B_121_n_6/phi_2.0/results_seed_10.pt,,
vary_B2_annealed,121,6,2.0,10,VI_best_tau_by_ELBO,8.092949867248535,,0.2170397937297821,5.856098216135045,1.2506555253318317,-1265.999072265625,0.9,,../data/results/vary_B2_annealed/B_121_n_6/phi_2.0/results_seed_10.pt,6.0,6.0
vary_B2_annealed,121,6,2.0,11,GPArealModel,7.902263164520264,,0.8196062906394619,2.525569656483894,1.606352565569056,,,3.0814424990728524,../data/results/vary_B2_annealed/B_121_n_6/phi_2.0/results_seed_11.pt,,
vary_B2_annealed,121,6,2.0,11,GPmodel,7.927446365356445,,0.9080064186153693,1.8306792899821207,1.0994524235372192,,,2.0161523668232952,../data/results/vary_B2_annealed/B_121_n_6/phi_2.0/results_seed_11.pt,,
vary_B2_annealed,121,6,2.0,11,VI_best_tau_by_ELBO,8.11684513092041,,0.21881979703903198,4.10458004036782,1.5004872024734188,-1250.0578369140626,0.9,,../data/results/vary_B2_annealed/B_121_n_6/phi_2.0/results_seed_11.pt,6.0,6.0
vary_B2_annealed,121,6,2.0,12,GPArealModel,8.087217330932617,,0.2693177679175555,5.300434843744773,1.074541730158351,,,19.68096975082372,../data/results/vary_B2_annealed/B_121_n_6/phi_2.0/results_seed_12.pt,,
vary_B2_annealed,121,6,2.0,12,GPmodel,7.970669269561768,,0.33513126458864795,3.533516172287553,1.0783018880713815,,,10.543678091701521,../data/results/vary_B2_annealed/B_121_n_6/phi_2.0/results_seed_12.pt,,
vary_B2_annealed,121,6,2.0,12,VI_best_tau_by_ELBO,8.12592601776123,,0.21814611554145813,4.816857448305026,1.2159700770300417,-1233.2071044921875,0.9,,../data/results/vary_B2_annealed/B_121_n_6/phi_2.0/results_seed_12.pt,6.0,6.0
vary_B2_annealed,121,6,2.0,13,GPArealModel,8.036591529846191,,0.3647392448296907,5.738213458650932,1.8433207295482206,,,15.732371934175335,../data/results/vary_B2_annealed/B_121_n_6/phi_2.0/results_seed_13.pt,,
vary_B2_annealed,121,6,2.0,13,GPmodel,7.905175685882568,,0.4184886076343559,3.7328438952275182,1.1415187628998467,,,8.919822014579184,../data/results/vary_B2_annealed/B_121_n_6/phi_2.0/results_seed_13.pt,,
vary_B2_annealed,121,6,2.0,13,VI_best_tau_by_ELBO,8.115777969360352,,0.2170836329460144,5.691984609094518,1.5901652254211542,-1296.817822265625,0.9,,../data/results/vary_B2_annealed/B_121_n_6/phi_2.0/results_seed_13.pt,6.0,6.0
vary_B2_annealed,121,6,2.0,14,GPArealModel,7.860871315002441,,0.539328330218188,3.6260736716153783,1.3896019940697832,,,6.723313922983484,../data/results/vary_B2_annealed/B_121_n_6/phi_2.0/results_seed_14.pt,,
vary_B2_annealed,121,6,2.0,14,GPmodel,7.932142734527588,,0.6767242530616251,2.3151256191632767,1.1890310038959646,,,3.421076766037603,../data/results/vary_B2_annealed/B_121_n_6/phi_2.0/results_seed_14.pt,,
vary_B2_annealed,121,6,2.0,14,VI_best_tau_by_ELBO,8.085844993591309,,0.21685901284217834,3.9265057158977146,1.711124060924986,-1284.369921875,0.9,,../data/results/vary_B2_annealed/B_121_n_6/phi_2.0/results_seed_14.pt,6.0,6.0
vary_B2_annealed,121,6,2.0,15,GPArealModel,8.107604026794434,,0.41620074720828093,3.7889766924464983,1.4744765001704299,,,9.103723906940433,../data/results/vary_B2_annealed/B_121_n_6/phi_2.0/results_seed_15.pt,,
vary_B2_annealed,121,6,2.0,15,GPmodel,7.924266815185547,,0.5133069226954461,2.5171045010275894,1.1475306326724382,,,4.903702618717713,../data/results/vary_B2_annealed/B_121_n_6/phi_2.0/results_seed_15.pt,,
vary_B2_annealed,121,6,2.0,15,VI_best_tau_by_ELBO,8.164878845214844,,0.21659573912620544,3.3349794789724867,1.5697272974165457,-1265.1865966796875,0.9,,../data/results/vary_B2_annealed/B_121_n_6/phi_2.0/results_seed_15.pt,6.0,6.0
vary_B2_annealed,121,6,2.0,16,GPArealModel,7.748562812805176,,0.6152116026600303,4.261234274453117,0.8805658821312647,,,6.926453038318105,../data/results/vary_B2_annealed/B_121_n_6/phi_2.0/results_seed_16.pt,,
vary_B2_annealed,121,6,2.0,16,GPmodel,7.992753028869629,,0.6201571294456915,2.609999240364323,1.057922084148767,,,4.208609586891617,../data/results/vary_B2_annealed/B_121_n_6/phi_2.0/results_seed_16.pt,,
vary_B2_annealed,121,6,2.0,16,VI_best_tau_by_ELBO,8.061896324157715,,0.2175668329000473,5.258986276343724,1.5375018811166632,-1276.04638671875,0.9,,../data/results/vary_B2_annealed/B_121_n_6/phi_2.0/results_seed_16.pt,6.0,6.0
vary_B2_annealed,121,6,2.0,17,GPArealModel,7.897804260253906,,0.6461360673679108,3.650457474403132,1.593990823210398,,,5.6496729694622605,../data/results/vary_B2_annealed/B_121_n_6/phi_2.0/results_seed_17.pt,,
vary_B2_annealed,121,6,2.0,17,GPmodel,7.942497730255127,,0.6532007457649891,2.6107918244700516,1.010370463590027,,,3.99692107119757,../data/results/vary_B2_annealed/B_121_n_6/phi_2.0/results_seed_17.pt,,
vary_B2_annealed,121,6,2.0,17,VI_best_tau_by_ELBO,8.172368049621582,,0.21764029562473297,5.009020594923709,1.4926244382270952,-1274.691015625,0.9,,../data/results/vary_B2_annealed/B_121_n_6/phi_2.0/results_seed_17.pt,6.0,6.0
vary_B2_annealed,121,6,2.0,18,GPArealModel,7.978738307952881,,0.3877318063546709,3.9456089298723134,2.977707594473884,,,10.176129131544952,../data/results/vary_B2_annealed/B_121_n_6/phi_2.0/results_seed_18.pt,,
vary_B2_annealed,121,6,2.0,18,GPmodel,7.981540679931641,,0.5306296212635899,2.9811513774089593,1.1390867055075578,,,5.618139768205805,../data/results/vary_B2_annealed/B_121_n_6/phi_2.0/results_seed_18.pt,,
vary_B2_annealed,121,6,2.0,18,VI_best_tau_by_ELBO,8.190298080444336,,0.2166200578212738,4.930222370913594,1.531759418528635,-1285.57939453125,0.9,,../data/results/vary_B2_annealed/B_121_n_6/phi_2.0/results_seed_18.pt,6.0,6.0
vary_B2_annealed,121,6,2.0,19,GPArealModel,7.9898176193237305,,0.588909169658241,4.948296467128473,1.2530882327833515,,,8.402478212387312,../data/results/vary_B2_annealed/B_121_n_6/phi_2.0/results_seed_19.pt,,
vary_B2_annealed,121,6,2.0,19,GPmodel,7.865207195281982,,0.5500132605218861,2.979509614332993,0.9836742422698839,,,5.417159599944649,../data/results/vary_B2_annealed/B_121_n_6/phi_2.0/results_seed_19.pt,,
vary_B2_annealed,121,6,2.0,19,VI_best_tau_by_ELBO,8.197802543640137,,0.21728473901748657,4.586426725179508,1.5486828947027753,-1299.671142578125,0.9,,../data/results/vary_B2_annealed/B_121_n_6/phi_2.0/results_seed_19.pt,6.0,6.0
vary_B2_annealed,121,6,2.0,20,GPArealModel,8.081332206726074,,0.4729014389057338,3.8371495303661636,0.6983635512274873,,,8.114057633753669,../data/results/vary_B2_annealed/B_121_n_6/phi_2.0/results_seed_20.pt,,
vary_B2_annealed,121,6,2.0,20,GPmodel,7.9805378913879395,,0.6984077591321571,2.3953924440763834,1.190695599320929,,,3.429790710018604,../data/results/vary_B2_annealed/B_121_n_6/phi_2.0/results_seed_20.pt,,
vary_B2_annealed,121,6,2.0,20,VI_best_tau_by_ELBO,8.125028610229492,,0.21755540370941162,4.7873620109905755,1.5270347142212959,-1274.257275390625,0.9,,../data/results/vary_B2_annealed/B_121_n_6/phi_2.0/results_seed_20.pt,6.0,6.0
vary_B2_annealed,121,6,2.0,21,GPArealModel,7.775956630706787,,0.40903720919965675,4.459321689494784,1.67881335623964,,,10.901995195547423,../data/results/vary_B2_annealed/B_121_n_6/phi_2.0/results_seed_21.pt,,
vary_B2_annealed,121,6,2.0,21,GPmodel,7.932065010070801,,0.5383983318276958,2.63135399544832,1.170913162934562,,,4.887373975539053,../data/results/vary_B2_annealed/B_121_n_6/phi_2.0/results_seed_21.pt,,
vary_B2_annealed,121,6,2.0,21,VI_best_tau_by_ELBO,8.042512893676758,,0.21699324250221252,4.741391295459644,1.3836122948436635,-1261.1802734375,0.9,,../data/results/vary_B2_annealed/B_121_n_6/phi_2.0/results_seed_21.pt,6.0,6.0
vary_B2_annealed,121,6,2.0,22,GPArealModel,8.31399917602539,,0.5078090458786971,3.94407117452514,1.8309310401836554,,,7.766839142655367,../data/results/vary_B2_annealed/B_121_n_6/phi_2.0/results_seed_22.pt,,
vary_B2_annealed,121,6,2.0,22,GPmodel,7.971768856048584,,0.5627644118522727,2.9236565843466034,1.0392597294424342,,,5.195169635414103,../data/results/vary_B2_annealed/B_121_n_6/phi_2.0/results_seed_22.pt,,
vary_B2_annealed,121,6,2.0,22,VI_best_tau_by_ELBO,8.160258293151855,,0.2181396484375,5.901369749594379,1.3596993577773318,-1262.6921630859374,0.9,,../data/results/vary_B2_annealed/B_121_n_6/phi_2.0/results_seed_22.pt,6.0,6.0
vary_B2_annealed,121,6,2.0,23,GPArealModel,7.370977878570557,,0.6084777641829084,3.7821931001110847,1.622841076714562,,,6.2158279607636695,../data/results/vary_B2_annealed/B_121_n_6/phi_2.0/results_seed_23.pt,,
vary_B2_annealed,121,6,2.0,23,GPmodel,7.951879501342773,,0.6857984176777997,2.2276739687715623,1.250449830791356,,,3.2482926634837517,../data/results/vary_B2_annealed/B_121_n_6/phi_2.0/results_seed_23.pt,,
vary_B2_annealed,121,6,2.0,23,VI_best_tau_by_ELBO,8.028312683105469,,0.21712960302829742,4.32916817695388,1.5504574821786108,-1267.4703369140625,0.9,,../data/results/vary_B2_annealed/B_121_n_6/phi_2.0/results_seed_23.pt,6.0,6.0
vary_B2_annealed,121,6,2.0,24,GPArealModel,8.110346794128418,,0.25894587716859685,6.063851484329073,1.5296987069291008,,,23.417447501513863,../data/results/vary_B2_annealed/B_121_n_6/phi_2.0/results_seed_24.pt,,
vary_B2_annealed,121,6,2.0,24,GPmodel,7.987302780151367,,0.3353614999664832,3.8683922949743503,1.0087185075299987,,,11.534992225884505,../data/results/vary_B2_annealed/B_121_n_6/phi_2.0/results_seed_24.pt,,
vary_B2_annealed,121,6,2.0,24,VI_best_tau_by_ELBO,8.2323637008667,,0.21704119443893433,4.882741368169186,1.2217353793409969,-1241.5375244140625,0.9,,../data/results/vary_B2_annealed/B_121_n_6/phi_2.0/results_seed_24.pt,6.0,6.0
vary_B2_annealed,121,6,2.0,25,GPArealModel,8.246520042419434,,0.3788044415966974,4.5477439342247195,1.921795782313001,,,12.00551903524557,../data/results/vary_B2_annealed/B_121_n_6/phi_2.0/results_seed_25.pt,,
vary_B2_annealed,121,6,2.0,25,GPmodel,7.951395034790039,,0.4973830748712901,3.0195747484858497,1.1565645709552885,,,6.070923803081232,../data/results/vary_B2_annealed/B_121_n_6/phi_2.0/results_seed_25.pt,,
vary_B2_annealed,121,6,2.0,25,VI_best_tau_by_ELBO,8.191679000854492,,0.21652334928512573,4.330552719272128,1.538482050775856,-1281.304052734375,0.9,,../data/results/vary_B2_annealed/B_121_n_6/phi_2.0/results_seed_25.pt,6.0,6.0
vary_B2_annealed,121,6,2.0,26,GPArealModel,8.087695121765137,,0.35542140859355753,5.320615631761319,2.2066297583635164,,,14.969879425146598,../data/results/vary_B2_annealed/B_121_n_6/phi_2.0/results_seed_26.pt,,
vary_B2_annealed,121,6,2.0,26,GPmodel,7.993041038513184,,0.4296884564244955,3.4819909801062208,1.145497522329145,,,8.10352460729434,../data/results/vary_B2_annealed/B_121_n_6/phi_2.0/results_seed_26.pt,,
vary_B2_annealed,121,6,2.0,26,VI_best_tau_by_ELBO,8.168166160583496,,0.2171211540699005,5.006272074465789,1.5262598492301849,-1284.8701416015624,0.9,,../data/results/vary_B2_annealed/B_121_n_6/phi_2.0/results_seed_26.pt,6.0,6.0
vary_B2_annealed,121,6,2.0,27,GPArealModel,8.16874885559082,,0.40844803986562406,3.7680792349048806,2.482606828869262,,,9.225357614996872,../data/results/vary_B2_annealed/B_121_n_6/phi_2.0/results_seed_27.pt,,
vary_B2_annealed,121,6,2.0,27,GPmodel,7.94114875793457,,0.5995950812281274,2.5300875049646465,1.1589906477692875,,,4.219660207656084,../data/results/vary_B2_annealed/B_121_n_6/phi_2.0/results_seed_27.pt,,
vary_B2_annealed,121,6,2.0,27,VI_best_tau_by_ELBO,8.26556396484375,,0.2167237401008606,4.270024250897542,1.511163045213684,-1262.2909423828125,0.9,,../data/results/vary_B2_annealed/B_121_n_6/phi_2.0/results_seed_27.pt,6.0,6.0
vary_B2_annealed,121,6,2.0,28,GPArealModel,7.883248805999756,,0.7233585829062267,2.5218992555143696,1.2424013531823963,,,3.4863749668693687,../data/results/vary_B2_annealed/B_121_n_6/phi_2.0/results_seed_28.pt,,
vary_B2_annealed,121,6,2.0,28,GPmodel,7.977524280548096,,0.8871053522301227,1.7348236474348455,1.1653937591967227,,,1.9556004741416753,../data/results/vary_B2_annealed/B_121_n_6/phi_2.0/results_seed_28.pt,,
vary_B2_annealed,121,6,2.0,28,VI_best_tau_by_ELBO,8.252049446105957,,0.2181602120399475,2.339944784169169,1.6738440706663387,-1268.2124267578124,0.9,,../data/results/vary_B2_annealed/B_121_n_6/phi_2.0/results_seed_28.pt,6.0,6.0
vary_B2_annealed,121,6,2.0,29,GPArealModel,7.971391677856445,,0.2958416914940328,6.0341768908061795,1.5953879286832668,,,20.396641394027085,../data/results/vary_B2_annealed/B_121_n_6/phi_2.0/results_seed_29.pt,,
vary_B2_annealed,121,6,2.0,29,GPmodel,7.927156448364258,,0.35658359424379976,4.095956243905868,0.9392306330935088,,,11.486664866318616,../data/results/vary_B2_annealed/B_121_n_6/phi_2.0/results_seed_29.pt,,
vary_B2_annealed,121,6,2.0,29,VI_best_tau_by_ELBO,8.19249439239502,,0.21737264096736908,5.738339638782449,1.1239815337721797,-1241.897705078125,0.9,,../data/results/vary_B2_annealed/B_121_n_6/phi_2.0/results_seed_29.pt,6.0,6.0
vary_B2_annealed,121,6,2.0,30,GPArealModel,7.828744411468506,,0.4935139975210071,4.089792495148249,1.600114215288604,,,8.28708509929176,../data/results/vary_B2_annealed/B_121_n_6/phi_2.0/results_seed_30.pt,,
vary_B2_annealed,121,6,2.0,30,GPmodel,7.930624485015869,,0.5752594571313736,2.902503304563665,1.0652810864363111,,,5.045555129223738,../data/results/vary_B2_annealed/B_121_n_6/phi_2.0/results_seed_30.pt,,
vary_B2_annealed,121,6,2.0,30,VI_best_tau_by_ELBO,8.059433937072754,,0.21794497966766357,5.066154288244787,1.5775833193092377,-1287.897265625,0.9,,../data/results/vary_B2_annealed/B_121_n_6/phi_2.0/results_seed_30.pt,6.0,6.0
vary_B2_annealed,121,6,2.0,31,GPArealModel,8.104573249816895,,0.44335309827268876,3.944893587452214,1.840226520164482,,,8.897859522853425,../data/results/vary_B2_annealed/B_121_n_6/phi_2.0/results_seed_31.pt,,
vary_B2_annealed,121,6,2.0,31,GPmodel,7.885237693786621,,0.5815936293949,2.5355185343869415,1.053615923879806,,,4.359605068275831,../data/results/vary_B2_annealed/B_121_n_6/phi_2.0/results_seed_31.pt,,
vary_B2_annealed,121,6,2.0,31,VI_best_tau_by_ELBO,8.094947814941406,,0.21852171421051025,4.739444103730841,1.3720419103353267,-1247.1761474609375,0.9,,../data/results/vary_B2_annealed/B_121_n_6/phi_2.0/results_seed_31.pt,6.0,6.0
vary_B2_annealed,121,6,2.0,32,GPArealModel,7.945162296295166,,0.42586229121414115,4.929797600885995,1.3320892682591796,,,11.576036908154164,../data/results/vary_B2_annealed/B_121_n_6/phi_2.0/results_seed_32.pt,,
vary_B2_annealed,121,6,2.0,32,GPmodel,8.016889572143555,,0.5111257069861763,3.1839764900306484,1.0641400968032286,,,6.229341327410012,../data/results/vary_B2_annealed/B_121_n_6/phi_2.0/results_seed_32.pt,,
vary_B2_annealed,121,6,2.0,32,VI_best_tau_by_ELBO,8.237666130065918,,0.21802401542663574,5.410357509255903,1.4159139840190036,-1271.0398193359374,0.9,,../data/results/vary_B2_annealed/B_121_n_6/phi_2.0/results_seed_32.pt,6.0,6.0
vary_B2_annealed,121,6,2.0,33,GPArealModel,7.956030368804932,,0.32348277284540483,5.867888690294492,2.1935137250558956,,,18.139725459503236,../data/results/vary_B2_annealed/B_121_n_6/phi_2.0/results_seed_33.pt,,
vary_B2_annealed,121,6,2.0,33,GPmodel,7.9486403465271,,0.4216149680875646,3.6270749278458307,1.13256247616162,,,8.60281347291382,../data/results/vary_B2_annealed/B_121_n_6/phi_2.0/results_seed_33.pt,,
vary_B2_annealed,121,6,2.0,33,VI_best_tau_by_ELBO,8.199200630187988,,0.21598514914512634,4.755303467943075,1.4839318588075634,-1294.0874755859375,0.9,,../data/results/vary_B2_annealed/B_121_n_6/phi_2.0/results_seed_33.pt,6.0,6.0
vary_B2_annealed,121,6,2.0,34,GPArealModel,7.943497657775879,,0.34628009873091575,4.534500505130854,1.0561489684157055,,,13.09489203032278,../data/results/vary_B2_annealed/B_121_n_6/phi_2.0/results_seed_34.pt,,
vary_B2_annealed,121,6,2.0,34,GPmodel,7.9788336753845215,,0.519248482435791,2.6004307179971673,1.0102373828507023,,,5.008066091591766,../data/results/vary_B2_annealed/B_121_n_6/phi_2.0/results_seed_34.pt,,
vary_B2_annealed,121,6,2.0,34,VI_best_tau_by_ELBO,8.111201286315918,,0.21732866764068604,4.396469339551401,1.4324612368605012,-1245.3238037109375,0.9,,../data/results/vary_B2_annealed/B_121_n_6/phi_2.0/results_seed_34.pt,6.0,6.0
vary_B2_annealed,121,6,2.0,35,GPArealModel,7.992368221282959,,0.41185447857960034,3.305513418948836,1.4961973253604137,,,8.025925638465456,../data/results/vary_B2_annealed/B_121_n_6/phi_2.0/results_seed_35.pt,,
vary_B2_annealed,121,6,2.0,35,GPmodel,7.920773029327393,,0.6338800467861012,2.107086638694966,1.167499464179152,,,3.324109426347015,../data/results/vary_B2_annealed/B_121_n_6/phi_2.0/results_seed_35.pt,,
vary_B2_annealed,121,6,2.0,35,VI_best_tau_by_ELBO,8.173348426818848,,0.2178351879119873,3.4084118008448976,1.3750366952596398,-1224.8345703125,0.9,,../data/results/vary_B2_annealed/B_121_n_6/phi_2.0/results_seed_35.pt,6.0,6.0
vary_B2_annealed,121,6,2.0,36,GPArealModel,7.826885223388672,,0.7222140605490078,3.021073639524934,0.8543908423071677,,,4.183072311315006,../data/results/vary_B2_annealed/B_121_n_6/phi_2.0/results_seed_36.pt,,
vary_B2_annealed,121,6,2.0,36,GPmodel,7.940112590789795,,0.7057305307428999,2.0722153744606056,0.9687306866105249,,,2.9362699843511813,../data/results/vary_B2_annealed/B_121_n_6/phi_2.0/results_seed_36.pt,,
vary_B2_annealed,121,6,2.0,36,VI_best_tau_by_ELBO,8.068697929382324,,0.21742495894432068,2.9096687778324357,1.596058042495167,-1269.8757568359374,0.9,,../data/results/vary_B2_annealed/B_121_n_6/phi_2.0/results_seed_36.pt,6.0,6.0
vary_B2_annealed,121,6,2.0,37,GPArealModel,7.398537635803223,,0.6788359392166482,3.3155259419786827,0.9171502844910029,,,4.884134369498288,../data/results/vary_B2_annealed/B_121_n_6/phi_2.0/results_seed_37.pt,,
vary_B2_annealed,121,6,2.0,37,GPmodel,7.873818874359131,,0.7614087032062792,2.4046439064904748,0.8789348625579851,,,3.1581513270922175,../data/results/vary_B2_annealed/B_121_n_6/phi_2.0/results_seed_37.pt,,
vary_B2_annealed,121,6,2.0,37,VI_best_tau_by_ELBO,7.9943156242370605,,0.21779845654964447,4.800211251423985,1.4364712516828915,-1258.821875,0.9,,../data/results/vary_B2_annealed/B_121_n_6/phi_2.0/results_seed_37.pt,6.0,6.0
vary_B2_annealed,121,6,2.0,38,GPArealModel,7.880912780761719,,0.4326396847486222,4.80190350808852,1.576708289194254,,,11.09908239434527,../data/results/vary_B2_annealed/B_121_n_6/phi_2.0/results_seed_38.pt,,
vary_B2_annealed,121,6,2.0,38,GPmodel,7.919384479522705,,0.531928874094895,2.8471616454516826,1.0995502514855802,,,5.35252321148439,../data/results/vary_B2_annealed/B_121_n_6/phi_2.0/results_seed_38.pt,,
vary_B2_annealed,121,6,2.0,38,VI_best_tau_by_ELBO,8.06623649597168,,0.2179291993379593,5.0493594224661695,1.4349488282328775,-1270.7421630859376,0.9,,../data/results/vary_B2_annealed/B_121_n_6/phi_2.0/results_seed_38.pt,6.0,6.0
vary_B2_annealed,121,6,2.0,39,GPArealModel,7.779794692993164,,0.4097496913506947,4.516317666210296,0.8840147301765807,,,11.022138055364366,../data/results/vary_B2_annealed/B_121_n_6/phi_2.0/results_seed_39.pt,,
vary_B2_annealed,121,6,2.0,39,GPmodel,7.895811080932617,,0.47348871552141564,2.8908101424293142,0.950783246757661,,,6.105341157383009,../data/results/vary_B2_annealed/B_121_n_6/phi_2.0/results_seed_39.pt,,
vary_B2_annealed,121,6,2.0,39,VI_best_tau_by_ELBO,7.9844536781311035,,0.21745125949382782,4.671485224536557,1.351312796933254,-1241.2754638671875,0.9,,../data/results/vary_B2_annealed/B_121_n_6/phi_2.0/results_seed_39.pt,6.0,6.0
vary_B2_annealed,121,6,2.0,40,GPArealModel,7.496719837188721,,0.5082453010379708,3.8197174851905067,1.5278381842851918,,,7.51549985290496,../data/results/vary_B2_annealed/B_121_n_6/phi_2.0/results_seed_40.pt,,
vary_B2_annealed,121,6,2.0,40,GPmodel,7.953345775604248,,0.6328678584637547,2.5643330670529765,1.0810540018425072,,,4.05192495203932,../data/results/vary_B2_annealed/B_121_n_6/phi_2.0/results_seed_40.pt,,
vary_B2_annealed,121,6,2.0,40,VI_best_tau_by_ELBO,8.113188743591309,,0.21806222200393677,4.253073636750035,1.6272303031577946,-1284.2162841796876,0.9,,../data/results/vary_B2_annealed/B_121_n_6/phi_2.0/results_seed_40.pt,6.0,6.0
vary_B2_annealed,121,6,2.0,41,GPArealModel,8.122457504272461,,0.6296633034563885,3.2646900755995194,1.8380917332718039,,,5.18481870815525,../data/results/vary_B2_annealed/B_121_n_6/phi_2.0/results_seed_41.pt,,
vary_B2_annealed,121,6,2.0,41,GPmodel,7.97089147567749,,0.6462967238541963,2.4212572743145273,1.0003977746690742,,,3.7463554818525737,../data/results/vary_B2_annealed/B_121_n_6/phi_2.0/results_seed_41.pt,,
vary_B2_annealed,121,6,2.0,41,VI_best_tau_by_ELBO,8.200845718383789,,0.21718460321426392,4.200939398646782,1.5448756561658554,-1265.21845703125,0.9,,../data/results/vary_B2_annealed/B_121_n_6/phi_2.0/results_seed_41.pt,6.0,6.0
vary_B2_annealed,121,6,2.0,42,GPArealModel,7.784273147583008,,0.38044120624534344,4.7529428846525015,1.6613225741014481,,,12.493238920043185,../data/results/vary_B2_annealed/B_121_n_6/phi_2.0/results_seed_42.pt,,
vary_B2_annealed,121,6,2.0,42,GPmodel,7.952953815460205,,0.5248676135398539,2.7811535070809743,1.0449529289050055,,,5.2987714146127205,../data/results/vary_B2_annealed/B_121_n_6/phi_2.0/results_seed_42.pt,,
vary_B2_annealed,121,6,2.0,42,VI_best_tau_by_ELBO,8.018749237060547,,0.216647207736969,4.204296753637634,1.5393954711340962,-1267.40966796875,0.9,,../data/results/vary_B2_annealed/B_121_n_6/phi_2.0/results_seed_42.pt,6.0,6.0
vary_B2_annealed,121,6,2.0,43,GPArealModel,7.578015327453613,,0.662736451418298,3.761450086846292,1.263928925750646,,,5.6756348300995825,../data/results/vary_B2_annealed/B_121_n_6/phi_2.0/results_seed_43.pt,,
vary_B2_annealed,121,6,2.0,43,GPmodel,8.000391960144043,,0.6579189998835853,2.4684282677798453,1.147928505305561,,,3.7518725986278225,../data/results/vary_B2_annealed/B_121_n_6/phi_2.0/results_seed_43.pt,,
vary_B2_annealed,121,6,2.0,43,VI_best_tau_by_ELBO,8.10863971710205,,0.21833175420761108,5.067853024242267,1.4639787060290665,-1274.4860595703126,0.9,,../data/results/vary_B2_annealed/B_121_n_6/phi_2.0/results_seed_43.pt,6.0,6.0
vary_B2_annealed,121,6,2.0,44,GPArealModel,7.9218831062316895,,0.39421522817344573,4.384096643254582,1.2510284495361614,,,11.121073794048561,../data/results/vary_B2_annealed/B_121_n_6/phi_2.0/results_seed_44.pt,,
vary_B2_annealed,121,6,2.0,44,GPmodel,7.982442378997803,,0.48875783232882125,2.792719368659363,1.1618070690645863,,,5.7139122566132245,../data/results/vary_B2_annealed/B_121_n_6/phi_2.0/results_seed_44.pt,,
vary_B2_annealed,121,6,2.0,44,VI_best_tau_by_ELBO,8.180180549621582,,0.2167908102273941,4.099390113659901,1.5206269498886702,-1278.660498046875,0.9,,../data/results/vary_B2_annealed/B_121_n_6/phi_2.0/results_seed_44.pt,6.0,6.0
vary_B2_annealed,121,6,2.0,45,GPArealModel,8.133625030517578,,0.5256968391321899,4.149908004397477,1.1887345488065688,,,7.894108724808131,../data/results/vary_B2_annealed/B_121_n_6/phi_2.0/results_seed_45.pt,,
vary_B2_annealed,121,6,2.0,45,GPmodel,7.914007186889648,,0.59587686491591,2.9097941289371847,0.9576221912947693,,,4.883213798454508,../data/results/vary_B2_annealed/B_121_n_6/phi_2.0/results_seed_45.pt,,
vary_B2_annealed,121,6,2.0,45,VI_best_tau_by_ELBO,8.128541946411133,,0.21770313382148743,5.16226181961561,1.4088322371614799,-1271.823388671875,0.9,,../data/results/vary_B2_annealed/B_121_n_6/phi_2.0/results_seed_45.pt,6.0,6.0
vary_B2_annealed,121,6,2.0,46,GPArealModel,8.151581764221191,,0.22144682852525444,7.270594636268208,1.4949972615545783,,,32.83223645462616,../data/results/vary_B2_annealed/B_121_n_6/phi_2.0/results_seed_46.pt,,
vary_B2_annealed,121,6,2.0,46,GPmodel,7.998868465423584,,0.2577400889789625,4.716437569650369,1.0613882273763082,,,18.29920051760104,../data/results/vary_B2_annealed/B_121_n_6/phi_2.0/results_seed_46.pt,,
vary_B2_annealed,121,6,2.0,46,VI_best_tau_by_ELBO,8.218663215637207,,0.2157416045665741,4.972223188626242,1.2389837526807597,-1249.5135986328125,0.9,,../data/results/vary_B2_annealed/B_121_n_6/phi_2.0/results_seed_46.pt,6.0,6.0
vary_B2_annealed,121,6,2.0,47,GPArealModel,7.693195819854736,,0.3628036987217425,5.500890128519221,1.3793256017238602,,,15.162166614894982,../data/results/vary_B2_annealed/B_121_n_6/phi_2.0/results_seed_47.pt,,
vary_B2_annealed,121,6,2.0,47,GPmodel,7.965531349182129,,0.4983080696805922,2.891886909002498,1.0974981329043185,,,5.803411754612268,../data/results/vary_B2_annealed/B_121_n_6/phi_2.0/results_seed_47.pt,,
vary_B2_annealed,121,6,2.0,47,VI_best_tau_by_ELBO,8.104787826538086,,0.21728074550628662,5.477160074802367,1.318094990458221,-1251.9651123046874,0.9,,../data/results/vary_B2_annealed/B_121_n_6/phi_2.0/results_seed_47.pt,6.0,6.0
vary_B2_annealed,121,6,2.0,48,GPArealModel,7.5854411125183105,,0.6120511397101184,3.997616063285725,1.5641119147314029,,,6.53150660773067,../data/results/vary_B2_annealed/B_121_n_6/phi_2.0/results_seed_48.pt,,
vary_B2_annealed,121,6,2.0,48,GPmodel,7.993475437164307,,0.6661715637882757,2.490424937146901,1.1255639966243007,,,3.7384137548363054,../data/results/vary_B2_annealed/B_121_n_6/phi_2.0/results_seed_48.pt,,
vary_B2_annealed,121,6,2.0,48,VI_best_tau_by_ELBO,8.174485206604004,,0.21671520173549652,5.25433742351474,1.4115539567637134,-1278.285693359375,0.9,,../data/results/vary_B2_annealed/B_121_n_6/phi_2.0/results_seed_48.pt,6.0,6.0
vary_B2_annealed,121,6,2.0,49,GPArealModel,8.1431884765625,,0.662514111252547,4.785236961192677,1.364466904369822,,,7.222845340072415,../data/results/vary_B2_annealed/B_121_n_6/phi_2.0/results_seed_49.pt,,
vary_B2_annealed,121,6,2.0,49,GPmodel,7.967233180999756,,0.5898431941498377,3.208295803776998,1.1655837035567829,,,5.439235097730052,../data/results/vary_B2_annealed/B_121_n_6/phi_2.0/results_seed_49.pt,,
vary_B2_annealed,121,6,2.0,49,VI_best_tau_by_ELBO,8.137182235717773,,0.21744628250598907,6.56312097076947,1.6083571068722382,-1309.4677490234376,0.9,,../data/results/vary_B2_annealed/B_121_n_6/phi_2.0/results_seed_49.pt,6.0,6.0
vary_B2_annealed,121,6,2.0,50,GPArealModel,7.669891357421875,,0.5077050867047425,4.029920842336127,1.185835180189856,,,7.937523077604578,../data/results/vary_B2_annealed/B_121_n_6/phi_2.0/results_seed_50.pt,,
vary_B2_annealed,121,6,2.0,50,GPmodel,7.943048477172852,,0.5433650466579333,2.6141428148256955,0.9520092656759924,,,4.811024983856547,../data/results/vary_B2_annealed/B_121_n_6/phi_2.0/results_seed_50.pt,,
vary_B2_annealed,121,6,2.0,50,VI_best_tau_by_ELBO,7.974775791168213,,0.21739795804023743,4.7686927709023745,1.3283460649196959,-1237.66865234375,0.9,,../data/results/vary_B2_annealed/B_121_n_6/phi_2.0/results_seed_50.pt,6.0,6.0
vary_B2_annealed,121,6,2.0,51,GPArealModel,7.848608493804932,,0.5035723492558127,4.444163631952116,1.5489276043143076,,,8.825273346560374,../data/results/vary_B2_annealed/B_121_n_6/phi_2.0/results_seed_51.pt,,
vary_B2_annealed,121,6,2.0,51,GPmodel,7.933671474456787,,0.5290413996120809,3.0563418679550014,1.049118979307173,,,5.777131752252397,../data/results/vary_B2_annealed/B_121_n_6/phi_2.0/results_seed_51.pt,,
vary_B2_annealed,121,6,2.0,51,VI_best_tau_by_ELBO,8.107276916503906,,0.21736767888069153,5.358965941405171,1.4172796477470828,-1281.553515625,0.9,,../data/results/vary_B2_annealed/B_121_n_6/phi_2.0/results_seed_51.pt,6.0,6.0
vary_B2_annealed,121,6,2.0,52,GPArealModel,7.633307933807373,,0.7531987320780388,3.1126848485162384,1.6585599662023205,,,4.132620935152787,../data/results/vary_B2_annealed/B_121_n_6/phi_2.0/results_seed_52.pt,,
vary_B2_annealed,121,6,2.0,52,GPmodel,7.876895427703857,,0.8079149509850158,2.217268764354664,0.9757981003133883,,,2.744433385780711,../data/results/vary_B2_annealed/B_121_n_6/phi_2.0/results_seed_52.pt,,
vary_B2_annealed,121,6,2.0,52,VI_best_tau_by_ELBO,7.967898368835449,,0.2184663712978363,4.665975036031138,1.6620060147188276,-1275.729638671875,0.9,,../data/results/vary_B2_annealed/B_121_n_6/phi_2.0/results_seed_52.pt,6.0,6.0
vary_B2_annealed,121,6,2.0,53,GPArealModel,7.923274993896484,,0.3924697244708512,4.438506476600624,1.0602103307193904,,,11.309169089628142,../data/results/vary_B2_annealed/B_121_n_6/phi_2.0/results_seed_53.pt,,
vary_B2_annealed,121,6,2.0,53,GPmodel,7.926942825317383,,0.4717663268193414,2.6201242198399233,1.073403677609217,,,5.553860186471672,../data/results/vary_B2_annealed/B_121_n_6/phi_2.0/results_seed_53.pt,,
vary_B2_annealed,121,6,2.0,53,VI_best_tau_by_ELBO,8.120394706726074,,0.2170974463224411,4.027156245145505,1.4126504320230513,-1242.7309326171876,0.9,,../data/results/vary_B2_annealed/B_121_n_6/phi_2.0/results_seed_53.pt,6.0,6.0
vary_B2_annealed,121,6,2.0,54,GPArealModel,7.911557197570801,,0.6828836367413046,2.676941710670049,1.4378732473976872,,,3.9200554335205857,../data/results/vary_B2_annealed/B_121_n_6/phi_2.0/results_seed_54.pt,,
vary_B2_annealed,121,6,2.0,54,GPmodel,7.927142143249512,,0.8052961272346726,1.8850717983426653,1.0976944065888201,,,2.3408429950059024,../data/results/vary_B2_annealed/B_121_n_6/phi_2.0/results_seed_54.pt,,
vary_B2_annealed,121,6,2.0,54,VI_best_tau_by_ELBO,8.098490715026855,,0.21821683645248413,3.944405316318869,1.511786207248084,-1250.5165771484376,0.9,,../data/results/vary_B2_annealed/B_121_n_6/phi_2.0/results_seed_54.pt,6.0,6.0
vary_B2_annealed,121,6,2.0,55,GPArealModel,8.220979690551758,,0.3703554593142223,5.101391081939847,1.7917667130741466,,,13.774310472933118,../data/results/vary_B2_annealed/B_121_n_6/phi_2.0/results_seed_55.pt,,
vary_B2_annealed,121,6,2.0,55,GPmodel,7.9554009437561035,,0.5196583861802472,3.1595545009534027,1.2238866427790593,,,6.080060641718363,../data/results/vary_B2_annealed/B_121_n_6/phi_2.0/results_seed_55.pt,,
vary_B2_annealed,121,6,2.0,55,VI_best_tau_by_ELBO,8.248635292053223,,0.21730008721351624,5.7372318700807785,1.4550609319982393,-1286.433984375,0.9,,../data/results/vary_B2_annealed/B_121_n_6/phi_2.0/results_seed_55.pt,6.0,6.0
vary_B2_annealed,121,6,2.0,56,GPArealModel,8.139546394348145,,0.5055446919448217,3.9829418792903564,1.6481559628749958,,,7.878515871599894,../data/results/vary_B2_annealed/B_121_n_6/phi_2.0/results_seed_56.pt,,
vary_B2_annealed,121,6,2.0,56,GPmodel,7.959125518798828,,0.6374705314811363,2.604683299710746,1.248276859231756,,,4.085966599364009,../data/results/vary_B2_annealed/B_121_n_6/phi_2.0/results_seed_56.pt,,
vary_B2_annealed,121,6,2.0,56,VI_best_tau_by_ELBO,8.1339693069458,,0.21854031085968018,5.639162650920843,1.3964160243900596,-1268.0921630859375,0.9,,../data/results/vary_B2_annealed/B_121_n_6/phi_2.0/results_seed_56.pt,6.0,6.0
vary_B2_annealed,121,6,2.0,57,GPArealModel,8.033666610717773,,0.4440617196428084,3.5369348261351043,1.761374373770361,,,7.964962233133092,../data/results/vary_B2_annealed/B_121_n_6/phi_2.0/results_seed_57.pt,,
vary_B2_annealed,121,6,2.0,57,GPmodel,7.9363112449646,,0.728007624046252,2.2779678050539958,1.4407061923529132,,,3.129043886097093,../data/results/vary_B2_annealed/B_121_n_6/phi_2.0/results_seed_57.pt,,
vary_B2_annealed,121,6,2.0,57,VI_best_tau_by_ELBO,8.163559913635254,,0.2153497040271759,3.6763263018675776,1.6064124435260458,-1281.8855224609374,0.9,,../data/results/vary_B2_annealed/B_121_n_6/phi_2.0/results_seed_57.pt,6.0,6.0
vary_B2_annealed,121,6,2.0,58,GPArealModel,8.515657424926758,,0.583494153989103,4.504792609106486,1.711036252531373,,,7.720373166224755,../data/results/vary_B2_annealed/B_121_n_6/phi_2.0/results_seed_58.pt,,
vary_B2_annealed,121,6,2.0,58,GPmodel,8.005537033081055,,0.5945527716761643,3.2793401116482115,1.1964207450494189,,,5.515641786351597,../data/results/vary_B2_annealed/B_121_n_6/phi_2.0/results_seed_58.pt,,
vary_B2_annealed,121,6,2.0,58,VI_best_tau_by_ELBO,8.256319999694824,,0.2175535261631012,6.060460977414733,1.709019435238884,-1320.553759765625,0.9,,../data/results/vary_B2_annealed/B_121_n_6/phi_2.0/results_seed_58.pt,6.0,6.0
vary_B2_annealed,121,6,2.0,59,GPArealModel,7.950222015380859,,0.3063366373574456,4.127845022935566,2.255666934441446,,,13.474865620200156,../data/results/vary_B2_annealed/B_121_n_6/phi_2.0/results_seed_59.pt,,
vary_B2_annealed,121,6,2.0,59,GPmodel,7.944828033447266,,0.48011366437843456,2.8289501392735557,1.0508269936273626,,,5.892250833843638,../data/results/vary_B2_annealed/B_121_n_6/phi_2.0/results_seed_59.pt,,
vary_B2_annealed,121,6,2.0,59,VI_best_tau_by_ELBO,8.133888244628906,,0.21658840775489807,4.0124906146437445,1.4206744228005903,-1253.488818359375,0.9,,../data/results/vary_B2_annealed/B_121_n_6/phi_2.0/results_seed_59.pt,6.0,6.0
vary_B2_annealed,121,6,2.0,60,GPArealModel,8.072551727294922,,0.47664883187908563,4.129652819240373,1.3656693887887938,,,8.663931479618032,../data/results/vary_B2_annealed/B_121_n_6/phi_2.0/results_seed_60.pt,,
vary_B2_annealed,121,6,2.0,60,GPmodel,7.979901313781738,,0.5264013224613014,2.7602450626176402,1.1176349092903826,,,5.24361346531488,../data/results/vary_B2_annealed/B_121_n_6/phi_2.0/results_seed_60.pt,,
vary_B2_annealed,121,6,2.0,60,VI_best_tau_by_ELBO,8.185322761535645,,0.21756041049957275,4.502872782035349,1.465867070722435,-1257.131640625,0.9,,../data/results/vary_B2_annealed/B_121_n_6/phi_2.0/results_seed_60.pt,6.0,6.0
vary_B2_annealed,121,6,2.0,61,GPArealModel,8.362964630126953,,0.38685487342908614,4.051141195631216,1.2127369728096733,,,10.471992144552436,../data/results/vary_B2_annealed/B_121_n_6/phi_2.0/results_seed_61.pt,,
vary_B2_annealed,121,6,2.0,61,GPmodel,8.020792961120605,,0.521240000298822,2.61247129810523,1.072450769150442,,,5.012031495294921,../data/results/vary_B2_annealed/B_121_n_6/phi_2.0/results_seed_61.pt,,
vary_B2_annealed,121,6,2.0,61,VI_best_tau_by_ELBO,8.318509101867676,,0.21718697249889374,3.981877969332539,1.423744890644418,-1249.606201171875,0.9,,../data/results/vary_B2_annealed/B_121_n_6/phi_2.0/results_seed_61.pt,6.0,6.0
vary_B2_annealed,121,6,2.0,62,GPArealModel,7.9523024559021,,0.29284425431446565,6.021458891672134,1.0234860922966138,,,20.561984068180134,../data/results/vary_B2_annealed/B_121_n_6/phi_2.0/results_seed_62.pt,,
vary_B2_annealed,121,6,2.0,62,GPmodel,8.010074615478516,,0.47383854506263146,3.1715943447763624,1.3377406346832013,,,6.693407232957683,../data/results/vary_B2_annealed/B_121_n_6/phi_2.0/results_seed_62.pt,,
vary_B2_annealed,121,6,2.0,62,VI_best_tau_by_ELBO,8.191058158874512,,0.2165018916130066,5.053739929620615,1.6014126511905378,-1293.3380126953125,0.9,,../data/results/vary_B2_annealed/B_121_n_6/phi_2.0/results_seed_62.pt,6.0,6.0
vary_B2_annealed,121,6,2.0,63,GPArealModel,8.158524513244629,,0.5306387302029162,4.058836799653571,1.7823378839711597,,,7.648964481166824,../data/results/vary_B2_annealed/B_121_n_6/phi_2.0/results_seed_63.pt,,
vary_B2_annealed,121,6,2.0,63,GPmodel,8.017684936523438,,0.5807847487454395,2.6124521451783225,1.1028615940043456,,,4.498141782857614,../data/results/vary_B2_annealed/B_121_n_6/phi_2.0/results_seed_63.pt,,
vary_B2_annealed,121,6,2.0,63,VI_best_tau_by_ELBO,8.275978088378906,,0.21622255444526672,3.72438883261271,1.6038323133500758,-1289.4757080078125,0.9,,../data/results/vary_B2_annealed/B_121_n_6/phi_2.0/results_seed_63.pt,6.0,6.0
vary_B2_annealed,121,6,2.0,64,GPArealModel,7.960808277130127,,0.6315750943714984,3.7060259384354066,1.1652881630361365,,,5.867910200169304,../data/results/vary_B2_annealed/B_121_n_6/phi_2.0/results_seed_64.pt,,
vary_B2_annealed,121,6,2.0,64,GPmodel,7.938826560974121,,0.7264452804160932,2.3601128944776097,1.0757577544236405,,,3.2488515764405332,../data/results/vary_B2_annealed/B_121_n_6/phi_2.0/results_seed_64.pt,,
vary_B2_annealed,121,6,2.0,64,VI_best_tau_by_ELBO,8.120260238647461,,0.2180696427822113,4.8653943036281415,1.6130361317337234,-1280.86689453125,0.9,,../data/results/vary_B2_annealed/B_121_n_6/phi_2.0/results_seed_64.pt,6.0,6.0
vary_B2_annealed,121,6,2.0,65,GPArealModel,7.872424125671387,,0.7633707727619746,3.24695013574278,0.9609870081878956,,,4.253437846454211,../data/results/vary_B2_annealed/B_121_n_6/phi_2.0/results_seed_65.pt,,
vary_B2_annealed,121,6,2.0,65,GPmodel,7.921879768371582,,0.7235088992645755,2.133847530335786,1.066214620118649,,,2.9493037784397345,../data/results/vary_B2_annealed/B_121_n_6/phi_2.0/results_seed_65.pt,,
vary_B2_annealed,121,6,2.0,65,VI_best_tau_by_ELBO,8.084589004516602,,0.21845683455467224,4.1712588837251445,1.5692170698054748,-1265.3191162109374,0.9,,../data/results/vary_B2_annealed/B_121_n_6/phi_2.0/results_seed_65.pt,6.0,6.0
vary_B2_annealed,121,6,2.0,66,GPArealModel,7.730726718902588,,0.40005208658405333,5.402886772594707,1.5583743776403445,,,13.505458298514656,../data/results/vary_B2_annealed/B_121_n_6/phi_2.0/results_seed_66.pt,,
vary_B2_annealed,121,6,2.0,66,GPmodel,7.872997760772705,,0.47849424677804614,3.3401977478431286,1.108969083256519,,,6.980643488055374,../data/results/vary_B2_annealed/B_121_n_6/phi_2.0/results_seed_66.pt,,
vary_B2_annealed,121,6,2.0,66,VI_best_tau_by_ELBO,8.030959129333496,,0.2174585908651352,6.163761925875103,1.3157864085747635,-1274.16611328125,0.9,,../data/results/vary_B2_annealed/B_121_n_6/phi_2.0/results_seed_66.pt,6.0,6.0
vary_B2_annealed,121,6,2.0,67,GPArealModel,7.914563179016113,,0.47257379260399024,4.200434346724956,0.8684900729687521,,,8.888419993795248,../data/results/vary_B2_annealed/B_121_n_6/phi_2.0/results_seed_67.pt,,
vary_B2_annealed,121,6,2.0,67,GPmodel,7.838656425476074,,0.4595068267054576,3.165932311112912,0.8108662521745744,,,6.889848261475915,../data/results/vary_B2_annealed/B_121_n_6/phi_2.0/results_seed_67.pt,,
vary_B2_annealed,121,6,2.0,67,VI_best_tau_by_ELBO,8.102784156799316,,0.21818625926971436,5.14066471246289,1.135485506097245,-1217.9512451171875,0.9,,../data/results/vary_B2_annealed/B_121_n_6/phi_2.0/results_seed_67.pt,6.0,6.0
vary_B2_annealed,121,6,2.0,68,GPArealModel,7.772669315338135,,0.38439156334196733,3.9345438927298693,1.357556893524058,,,10.235770677489011,../data/results/vary_B2_annealed/B_121_n_6/phi_2.0/results_seed_68.pt,,
vary_B2_annealed,121,6,2.0,68,GPmodel,7.919165134429932,,0.5125014868351786,2.6399646609453438,1.1214845812673861,,,5.151135613767226,../data/results/vary_B2_annealed/B_121_n_6/phi_2.0/results_seed_68.pt,,
vary_B2_annealed,121,6,2.0,68,VI_best_tau_by_ELBO,8.076740264892578,,0.21690183877944946,4.094690356060998,1.5044021501096037,-1259.0093505859375,0.9,,../data/results/vary_B2_annealed/B_121_n_6/phi_2.0/results_seed_68.pt,6.0,6.0
vary_B2_annealed,121,6,2.0,69,GPArealModel,8.20985221862793,,0.4639448572912465,3.890064028322946,1.286097404596121,,,8.384755143176239,../data/results/vary_B2_annealed/B_121_n_6/phi_2.0/results_seed_69.pt,,
vary_B2_annealed,121,6,2.0,69,GPmodel,7.9794392585754395,,0.46534270230975133,2.9041805309332993,0.9231340171532124,,,6.240949984856874,../data/results/vary_B2_annealed/B_121_n_6/phi_2.0/results_seed_69.pt,,
vary_B2_annealed,121,6,2.0,69,VI_best_tau_by_ELBO,8.273529052734375,,0.21763482689857483,4.023365693933823,1.3369922063785902,-1235.3282470703125,0.9,,../data/results/vary_B2_annealed/B_121_n_6/phi_2.0/results_seed_69.pt,6.0,6.0
vary_B2_annealed,121,6,2.0,70,GPArealModel,7.764243125915527,,0.25563610248232005,5.572628789236024,1.8385095284694897,,,21.799068031173064,../data/results/vary_B2_annealed/B_121_n_6/phi_2.0/results_seed_70.pt,,
vary_B2_annealed,121,6,2.0,70,GPmodel,7.962854385375977,,0.36535949641705406,3.6138892805362803,1.045230600828209,,,9.891324342124292,../data/results/vary_B2_annealed/B_121_n_6/phi_2.0/results_seed_70.pt,,
vary_B2_annealed,121,6,2.0,70,VI_best_tau_by_ELBO,8.141327857971191,,0.21643175184726715,4.075211696419324,1.4293761043975248,-1273.3638427734375,0.9,,../data/results/vary_B2_annealed/B_121_n_6/phi_2.0/results_seed_70.pt,6.0,6.0
vary_B2_annealed,121,6,2.0,71,GPArealModel,7.915452480316162,,0.372901082424573,4.113109554732595,1.333770961336112,,,11.030028467575061,../data/results/vary_B2_annealed/B_121_n_6/phi_2.0/results_seed_71.pt,,
vary_B2_annealed,121,6,2.0,71,GPmodel,7.981053829193115,,0.48417080201941853,2.778487551722833,1.2555239558829905,,,5.738651608345843,../data/results/vary_B2_annealed/B_121_n_6/phi_2.0/results_seed_71.pt,,
vary_B2_annealed,121,6,2.0,71,VI_best_tau_by_ELBO,8.153495788574219,,0.21826651692390442,4.717075334204985,1.4861256521204431,-1267.4030029296875,0.9,,../data/results/vary_B2_annealed/B_121_n_6/phi_2.0/results_seed_71.pt,6.0,6.0
vary_B2_annealed,121,6,2.0,72,GPArealModel,7.401332378387451,,0.5139006650942577,4.216428016305016,0.8412380485807737,,,8.204752985738313,../data/results/vary_B2_annealed/B_121_n_6/phi_2.0/results_seed_72.pt,,
vary_B2_annealed,121,6,2.0,72,GPmodel,7.920513153076172,,0.6570722457373204,2.5127548106122255,1.1282107562760317,,,3.8241682355531363,../data/results/vary_B2_annealed/B_121_n_6/phi_2.0/results_seed_72.pt,,
vary_B2_annealed,121,6,2.0,72,VI_best_tau_by_ELBO,7.964328765869141,,0.21796095371246338,5.400676163676297,1.4658041982748204,-1271.117041015625,0.9,,../data/results/vary_B2_annealed/B_121_n_6/phi_2.0/results_seed_72.pt,6.0,6.0
vary_B2_annealed,121,6,2.0,73,GPArealModel,7.930937767028809,,0.40031496825030033,4.461169356350895,1.7263092676046763,,,11.144148258681927,../data/results/vary_B2_annealed/B_121_n_6/phi_2.0/results_seed_73.pt,,
vary_B2_annealed,121,6,2.0,73,GPmodel,7.9909138679504395,,0.47441983113825203,3.0059554601645946,1.0760392466832167,,,6.336066207334872,../data/results/vary_B2_annealed/B_121_n_6/phi_2.0/results_seed_73.pt,,
vary_B2_annealed,121,6,2.0,73,VI_best_tau_by_ELBO,8.143296241760254,,0.21634578704833984,4.26622729444991,1.4936868646005936,-1280.40869140625,0.9,,../data/results/vary_B2_annealed/B_121_n_6/phi_2.0/results_seed_73.pt,6.0,6.0
vary_B2_annealed,121,6,2.0,74,GPArealModel,7.929611682891846,,0.32964339384095226,5.330057449715161,1.556105748788367,,,16.169162037831796,../data/results/vary_B2_annealed/B_121_n_6/phi_2.0/results_seed_74.pt,,
vary_B2_annealed,121,6,2.0,74,GPmodel,7.989070892333984,,0.4519810311429961,3.207947785270214,1.1568571060255621,,,7.0975274718006816,../data/results/vary_B2_annealed/B_121_n_6/phi_2.0/results_seed_74.pt,,
vary_B2_annealed,121,6,2.0,74,VI_best_tau_by_ELBO,8.191672325134277,,0.2165471464395523,5.050997814398646,1.4480788876950428,-1274.810400390625,0.9,,../data/results/vary_B2_annealed/B_121_n_6/phi_2.0/results_seed_74.pt,6.0,6.0
vary_B2_annealed,121,6,2.0,75,GPArealModel,7.857898235321045,,0.551774671941673,4.947142790672227,2.2008891846162,,,8.965875097643446,../data/results/vary_B2_annealed/B_121_n_6/phi_2.0/results_seed_75.pt,,
vary_B2_annealed,121,6,2.0,75,GPmodel,7.93454122543335,,0.5665880377389223,3.351232053480109,1.075126107906434,,,5.914759631802042,../data/results/vary_B2_annealed/B_121_n_6/phi_2.0/results_seed_75.pt,,
vary_B2_annealed,121,6,2.0,75,VI_best_tau_by_ELBO,8.0971097946167,,0.2175409197807312,5.798681681079121,1.7071819753154343,-1319.1956787109375,0.9,,../data/results/vary_B2_annealed/B_121_n_6/phi_2.0/results_seed_75.pt,6.0,6.0
vary_B2_annealed,121,6,2.0,76,GPArealModel,7.550128936767578,,0.4480332915865467,3.9014150890624495,2.063368871629962,,,8.707868728341612,../data/results/vary_B2_annealed/B_121_n_6/phi_2.0/results_seed_76.pt,,
vary_B2_annealed,121,6,2.0,76,GPmodel,7.946781635284424,,0.6058837748670618,2.578097909728,1.057351508529338,,,4.25510306872579,../data/results/vary_B2_annealed/B_121_n_6/phi_2.0/results_seed_76.pt,,
vary_B2_annealed,121,6,2.0,76,VI_best_tau_by_ELBO,7.997663497924805,,0.2173558473587036,4.547718535862848,1.538476319775269,-1271.5779296875,0.9,,../data/results/vary_B2_annealed/B_121_n_6/phi_2.0/results_seed_76.pt,6.0,6.0
vary_B2_annealed,121,6,2.0,77,GPArealModel,7.801659107208252,,0.12421903546877769,6.0483347813793715,3.3350261780648314,,,48.6908850849966,../data/results/vary_B2_annealed/B_121_n_6/phi_2.0/results_seed_77.pt,,
vary_B2_annealed,121,6,2.0,77,GPmodel,7.923880100250244,,0.2293504127806331,5.535455692395682,1.0072428297556804,,,24.135363984237436,../data/results/vary_B2_annealed/B_121_n_6/phi_2.0/results_seed_77.pt,,
vary_B2_annealed,121,6,2.0,77,VI_best_tau_by_ELBO,8.082487106323242,,0.21605637669563293,4.761300117263014,1.3962224345614125,-1264.2142822265625,0.9,,../data/results/vary_B2_annealed/B_121_n_6/phi_2.0/results_seed_77.pt,6.0,6.0
vary_B2_annealed,121,6,2.0,78,GPArealModel,7.928870677947998,,0.33643450888170134,5.442239998712451,1.534820613932728,,,16.176224064535774,../data/results/vary_B2_annealed/B_121_n_6/phi_2.0/results_seed_78.pt,,
vary_B2_annealed,121,6,2.0,78,GPmodel,7.919271469116211,,0.41639846029609884,3.7443708690389435,1.1167316502859639,,,8.992278372922755,../data/results/vary_B2_annealed/B_121_n_6/phi_2.0/results_seed_78.pt,,
vary_B2_annealed,121,6,2.0,78,VI_best_tau_by_ELBO,8.056550025939941,,0.21858392655849457,6.954567189441797,1.1590244953752846,-1261.0621337890625,0.9,,../data/results/vary_B2_annealed/B_121_n_6/phi_2.0/results_seed_78.pt,6.0,6.0
vary_B2_annealed,121,6,2.0,79,GPArealModel,7.4926862716674805,,0.5994480347098806,3.1426679430324476,1.880336765706375,,,5.242602796343186,../data/results/vary_B2_annealed/B_121_n_6/phi_2.0/results_seed_79.pt,,
vary_B2_annealed,121,6,2.0,79,GPmodel,7.92455530166626,,0.7740453661732035,2.2493760171839186,1.0438373751850853,,,2.906000236529533,../data/results/vary_B2_annealed/B_121_n_6/phi_2.0/results_seed_79.pt,,
vary_B2_annealed,121,6,2.0,79,VI_best_tau_by_ELBO,8.072683334350586,,0.2160297930240631,3.075761939899199,1.814058562465479,-1309.04814453125,0.9,,../data/results/vary_B2_annealed/B_121_n_6/phi_2.0/results_seed_79.pt,6.0,6.0
vary_B2_annealed,121,6,2.0,80,GPArealModel,7.80433988571167,,0.6356526542892008,4.1533847807831945,1.6300189025132814,,,6.534047726784985,../data/results/vary_B2_annealed/B_121_n_6/phi_2.0/results_seed_80.pt,,
vary_B2_annealed,121,6,2.0,80,GPmodel,7.988610744476318,,0.6494308057228164,2.646724738772212,1.0926131246439101,,,4.075453020474456,../data/results/vary_B2_annealed/B_121_n_6/phi_2.0/results_seed_80.pt,,
vary_B2_annealed,121,6,2.0,80,VI_best_tau_by_ELBO,8.215874671936035,,0.21831214427947998,5.77041099230185,1.286181070896118,-1257.6768310546875,0.9,,../data/results/vary_B2_annealed/B_121_n_6/phi_2.0/results_seed_80.pt,6.0,6.0
vary_B2_annealed,121,6,2.0,81,GPArealModel,7.917057037353516,,0.38921793275790384,5.960381886313117,1.2223119511755494,,,15.31373912830608,../data/results/vary_B2_annealed/B_121_n_6/phi_2.0/results_seed_81.pt,,
vary_B2_annealed,121,6,2.0,81,GPmodel,7.974349498748779,,0.483292617202298,3.5618162096249333,0.9810343178267124,,,7.369895758482109,../data/results/vary_B2_annealed/B_121_n_6/phi_2.0/results_seed_81.pt,,
vary_B2_annealed,121,6,2.0,81,VI_best_tau_by_ELBO,8.076292037963867,,0.2167436182498932,6.092319272559376,1.3998344819606978,-1279.495849609375,0.9,,../data/results/vary_B2_annealed/B_121_n_6/phi_2.0/results_seed_81.pt,6.0,6.0
vary_B2_annealed,121,6,2.0,82,GPArealModel,8.19422435760498,,0.936547040913094,2.810814576278314,1.687182275699877,,,3.001252957393243,../data/results/vary_B2_annealed/B_121_n_6/phi_2.0/results_seed_82.pt,,
vary_B2_annealed,121,6,2.0,82,GPmodel,7.9346795082092285,,0.890129234987849,1.9183579548661056,1.1526317173967966,,,2.1551454322161354,../data/results/vary_B2_annealed/B_121_n_6/phi_2.0/results_seed_82.pt,,
vary_B2_annealed,121,6,2.0,82,VI_best_tau_by_ELBO,8.163141250610352,,0.21822279691696167,3.755743811058754,1.6928347524639256,-1275.758154296875,0.9,,../data/results/vary_B2_annealed/B_121_n_6/phi_2.0/results_seed_82.pt,6.0,6.0
vary_B2_annealed,121,6,2.0,83,GPArealModel,7.960551738739014,,0.573278108407302,3.368100822819042,1.2971505613541061,,,5.875160368806683,../data/results/vary_B2_annealed/B_121_n_6/phi_2.0/results_seed_83.pt,,
vary_B2_annealed,121,6,2.0,83,GPmodel,7.972136497497559,,0.6938449225187608,2.0369749416454557,1.234175308276517,,,2.9357784074443205,../data/results/vary_B2_annealed/B_121_n_6/phi_2.0/results_seed_83.pt,,
vary_B2_annealed,121,6,2.0,83,VI_best_tau_by_ELBO,8.069303512573242,,0.21658267080783844,3.300879014127658,1.6771661968594656,-1271.825390625,0.9,,../data/results/vary_B2_annealed/B_121_n_6/phi_2.0/results_seed_83.pt,6.0,6.0
vary_B2_annealed,121,6,2.0,84,GPArealModel,8.022259712219238,,0.4130746460832131,5.4353777939554355,1.4279231132725168,,,13.158342797104254,../data/results/vary_B2_annealed/B_121_n_6/phi_2.0/results_seed_84.pt,,
vary_B2_annealed,121,6,2.0,84,GPmodel,7.981375694274902,,0.4650047715555431,3.2515261623192933,1.1037146469057055,,,6.992457628858784,../data/results/vary_B2_annealed/B_121_n_6/phi_2.0/results_seed_84.pt,,
vary_B2_annealed,121,6,2.0,84,VI_best_tau_by_ELBO,8.161216735839844,,0.2174050509929657,5.28109040848954,1.4285678647559374,-1280.143701171875,0.9,,../data/results/vary_B2_annealed/B_121_n_6/phi_2.0/results_seed_84.pt,6.0,6.0
vary_B2_annealed,121,6,2.0,85,GPArealModel,7.7712812423706055,,0.7427553338686081,4.3041814393712094,1.089193102109491,,,5.794884591340558,../data/results/vary_B2_annealed/B_121_n_6/phi_2.0/results_seed_85.pt,,
vary_B2_annealed,121,6,2.0,85,GPmodel,7.943771839141846,,0.6392400724477573,2.8797496860838447,1.0344682320822562,,,4.50495801218594,../data/results/vary_B2_annealed/B_121_n_6/phi_2.0/results_seed_85.pt,,
vary_B2_annealed,121,6,2.0,85,VI_best_tau_by_ELBO,8.133155822753906,,0.21702459454536438,5.194770751885701,1.6077738932831054,-1313.587548828125,0.9,,../data/results/vary_B2_annealed/B_121_n_6/phi_2.0/results_seed_85.pt,6.0,6.0
vary_B2_annealed,121,6,2.0,86,GPArealModel,7.9197492599487305,,0.31633668717819313,6.665857775671756,1.8760323468695064,,,21.07203510011112,../data/results/vary_B2_annealed/B_121_n_6/phi_2.0/results_seed_86.pt,,
vary_B2_annealed,121,6,2.0,86,GPmodel,8.03570556640625,,0.4381699093864928,3.8631917353211147,1.1281871529658605,,,8.8166522907294,../data/results/vary_B2_annealed/B_121_n_6/phi_2.0/results_seed_86.pt,,
vary_B2_annealed,121,6,2.0,86,VI_best_tau_by_ELBO,8.291719436645508,,0.2165224701166153,5.6125377706650434,1.5615412373135873,-1304.1227783203126,0.9,,../data/results/vary_B2_annealed/B_121_n_6/phi_2.0/results_seed_86.pt,6.0,6.0
vary_B2_annealed,121,6,2.0,87,GPArealModel,7.664710998535156,,0.6486330952057812,3.2875104999256526,2.0033602338753718,,,5.06836688449065,../data/results/vary_B2_annealed/B_121_n_6/phi_2.0/results_seed_87.pt,,
vary_B2_annealed,121,6,2.0,87,GPmodel,7.890990257263184,,0.6789293516507797,2.347698849808961,1.0802727258825855,,,3.4579427802033584,../data/results/vary_B2_annealed/B_121_n_6/phi_2.0/results_seed_87.pt,,
vary_B2_annealed,121,6,2.0,87,VI_best_tau_by_ELBO,8.061331748962402,,0.2177729308605194,4.7061881186783685,1.5375527858865816,-1268.91005859375,0.9,,../data/results/vary_B2_annealed/B_121_n_6/phi_2.0/results_seed_87.pt,6.0,6.0
vary_B2_annealed,121,6,2.0,88,GPArealModel,7.793570041656494,,0.4487848085676009,5.315624391763072,0.9851889744688347,,,11.844483793310875,../data/results/vary_B2_annealed/B_121_n_6/phi_2.0/results_seed_88.pt,,
vary_B2_annealed,121,6,2.0,88,GPmodel,7.954507350921631,,0.49228536376130927,3.280256574458978,0.9919032999728142,,,6.663323380967815,../data/results/vary_B2_annealed/B_121_n_6/phi_2.0/results_seed_88.pt,,
vary_B2_annealed,121,6,2.0,88,VI_best_tau_by_ELBO,8.140296936035156,,0.21782466769218445,6.226130045438069,1.2092789652860483,-1259.2618408203125,0.9,,../data/results/vary_B2_annealed/B_121_n_6/phi_2.0/results_seed_88.pt,6.0,6.0
vary_B2_annealed,121,6,2.0,89,GPArealModel,7.838437557220459,,0.5902942952950581,4.088487068044954,0.9242458152283126,,,6.926184278981263,../data/results/vary_B2_annealed/B_121_n_6/phi_2.0/results_seed_89.pt,,
vary_B2_annealed,121,6,2.0,89,GPmodel,7.925021171569824,,0.6486606614732826,2.756870448360247,1.0424785229552744,,,4.250096563738971,../data/results/vary_B2_annealed/B_121_n_6/phi_2.0/results_seed_89.pt,,
vary_B2_annealed,121,6,2.0,89,VI_best_tau_by_ELBO,8.06131362915039,,0.2187597155570984,5.832027339434894,1.4713791133751035,-1279.721337890625,0.9,,../data/results/vary_B2_annealed/B_121_n_6/phi_2.0/results_seed_89.pt,6.0,6.0
vary_B2_annealed,121,6,2.0,90,GPArealModel,8.054357528686523,,0.6101114921550336,2.976331692184525,1.367822981773372,,,4.87834064831583,../data/results/vary_B2_annealed/B_121_n_6/phi_2.0/results_seed_90.pt,,
vary_B2_annealed,121,6,2.0,90,GPmodel,7.9701361656188965,,0.6750343960997071,2.0217102042878903,0.9088839337752557,,,2.994973613150922,../data/results/vary_B2_annealed/B_121_n_6/phi_2.0/results_seed_90.pt,,
vary_B2_annealed,121,6,2.0,90,VI_best_tau_by_ELBO,8.143759727478027,,0.2169862538576126,4.078431844513774,1.2260253703979391,-1207.2561279296874,0.9,,../data/results/vary_B2_annealed/B_121_n_6/phi_2.0/results_seed_90.pt,6.0,6.0
vary_B2_annealed,121,6,2.0,91,GPArealModel,8.174694061279297,,0.4865622459756677,4.056249505362627,0.9633616901760026,,,8.33654797286815,../data/results/vary_B2_annealed/B_121_n_6/phi_2.0/results_seed_91.pt,,
vary_B2_annealed,121,6,2.0,91,GPmodel,7.948814868927002,,0.5728775363845294,2.934951802342114,1.0056122944445363,,,5.1231748775921675,../data/results/vary_B2_annealed/B_121_n_6/phi_2.0/results_seed_91.pt,,
vary_B2_annealed,121,6,2.0,91,VI_best_tau_by_ELBO,8.230585098266602,,0.21663111448287964,3.2503932814873306,1.8163592220834195,-1313.6357666015624,0.9,,../data/results/vary_B2_annealed/B_121_n_6/phi_2.0/results_seed_91.pt,6.0,6.0
vary_B2_annealed,121,6,2.0,92,GPArealModel,7.853094100952148,,0.5179324728108206,3.527327020678488,1.4239760307623965,,,6.810399435925841,../data/results/vary_B2_annealed/B_121_n_6/phi_2.0/results_seed_92.pt,,
vary_B2_annealed,121,6,2.0,92,GPmodel,7.9493255615234375,,0.5829984514524076,2.426811225327614,1.0504303984603443,,,4.162637515214265,../data/results/vary_B2_annealed/B_121_n_6/phi_2.0/results_seed_92.pt,,
vary_B2_annealed,121,6,2.0,92,VI_best_tau_by_ELBO,8.269432067871094,,0.21662099659442902,2.9496620597512773,1.6409966722439415,-1276.185888671875,0.9,,../data/results/vary_B2_annealed/B_121_n_6/phi_2.0/results_seed_92.pt,6.0,6.0
vary_B2_annealed,121,6,2.0,93,GPArealModel,7.697660446166992,,0.4782413369856731,4.5759924213747505,1.5354964062091723,,,9.56837493433119,../data/results/vary_B2_annealed/B_121_n_6/phi_2.0/results_seed_93.pt,,
vary_B2_annealed,121,6,2.0,93,GPmodel,7.9305009841918945,,0.5535934937320165,3.077189383579391,1.1970967976766227,,,5.558572162462944,../data/results/vary_B2_annealed/B_121_n_6/phi_2.0/results_seed_93.pt,,
vary_B2_annealed,121,6,2.0,93,VI_best_tau_by_ELBO,8.120010375976562,,0.21778200566768646,5.832036778729978,1.5007690328552195,-1296.15107421875,0.9,,../data/results/vary_B2_annealed/B_121_n_6/phi_2.0/results_seed_93.pt,6.0,6.0
vary_B2_annealed,121,6,2.0,94,GPArealModel,8.059494972229004,,0.40624872731881984,4.462396949230629,1.4522974813552982,,,10.984396132590431,../data/results/vary_B2_annealed/B_121_n_6/phi_2.0/results_seed_94.pt,,
vary_B2_annealed,121,6,2.0,94,GPmodel,7.979461669921875,,0.48487015200897243,3.1570127715416194,1.1510026865750396,,,6.511047872221261,../data/results/vary_B2_annealed/B_121_n_6/phi_2.0/results_seed_94.pt,,
vary_B2_annealed,121,6,2.0,94,VI_best_tau_by_ELBO,8.22021770477295,,0.21787884831428528,4.929437223833195,1.4274565563186101,-1276.6481201171875,0.9,,../data/results/vary_B2_annealed/B_121_n_6/phi_2.0/results_seed_94.pt,6.0,6.0
vary_B2_annealed,121,6,2.0,95,GPArealModel,8.187751770019531,,0.5317907831624965,5.244176386764583,1.3841308641158996,,,9.86135253337429,../data/results/vary_B2_annealed/B_121_n_6/phi_2.0/results_seed_95.pt,,
vary_B2_annealed,121,6,2.0,95,GPmodel,7.953239917755127,,0.49619203838949216,3.7340722687804813,1.0024830252514907,,,7.525457846724607,../data/results/vary_B2_annealed/B_121_n_6/phi_2.0/results_seed_95.pt,,
vary_B2_annealed,121,6,2.0,95,VI_best_tau_by_ELBO,8.279354095458984,,0.21686623990535736,5.129884363241335,1.6410747149872271,-1325.283447265625,0.9,,../data/results/vary_B2_annealed/B_121_n_6/phi_2.0/results_seed_95.pt,6.0,6.0
vary_B2_annealed,121,6,2.0,96,GPArealModel,7.894324779510498,,0.34503877486138845,6.662940524884848,1.2786047839926393,,,19.31070073953727,../data/results/vary_B2_annealed/B_121_n_6/phi_2.0/results_seed_96.pt,,
vary_B2_annealed,121,6,2.0,96,GPmodel,7.9289703369140625,,0.35544297534046665,3.923522982446536,1.1614428066775453,,,11.038403498306101,../data/results/vary_B2_annealed/B_121_n_6/phi_2.0/results_seed_96.pt,,
vary_B2_annealed,121,6,2.0,96,VI_best_tau_by_ELBO,8.104928970336914,,0.21635055541992188,5.464187786415182,1.4437020888350938,-1277.853076171875,0.9,,../data/results/vary_B2_annealed/B_121_n_6/phi_2.0/results_seed_96.pt,6.0,6.0
vary_B2_annealed,121,6,2.0,97,GPArealModel,8.019637107849121,,0.4146065279299301,5.63269752708066,1.1251400749925948,,,13.58564602251657,../data/results/vary_B2_annealed/B_121_n_6/phi_2.0/results_seed_97.pt,,
vary_B2_annealed,121,6,2.0,97,GPmodel,7.913843631744385,,0.5061771832655344,3.504810881824588,1.0936999793618574,,,6.9240791519162705,../data/results/vary_B2_annealed/B_121_n_6/phi_2.0/results_seed_97.pt,,
vary_B2_annealed,121,6,2.0,97,VI_best_tau_by_ELBO,8.118148803710938,,0.21795761585235596,7.654513169704501,1.1822690123584645,-1269.33681640625,0.9,,../data/results/vary_B2_annealed/B_121_n_6/phi_2.0/results_seed_97.pt,6.0,6.0
vary_B2_annealed,121,6,2.0,98,GPArealModel,8.072183609008789,,0.39411068012830597,6.82763798650369,1.151283487219185,,,17.32416382190124,../data/results/vary_B2_annealed/B_121_n_6/phi_2.0/results_seed_98.pt,,
vary_B2_annealed,121,6,2.0,98,GPmodel,7.970824718475342,,0.41523571493136974,4.392140942368072,0.931852106887014,,,10.577464279762173,../data/results/vary_B2_annealed/B_121_n_6/phi_2.0/results_seed_98.pt,,
vary_B2_annealed,121,6,2.0,98,VI_best_tau_by_ELBO,8.165514945983887,,0.21681514382362366,6.899841527720243,1.4620367396243268,-1289.9228271484376,0.9,,../data/results/vary_B2_annealed/B_121_n_6/phi_2.0/results_seed_98.pt,6.0,6.0
vary_B2_annealed,121,6,2.0,99,GPArealModel,7.943363189697266,,0.6940021772936563,2.976902630413829,1.4661578173868177,,,4.289471600827843,../data/results/vary_B2_annealed/B_121_n_6/phi_2.0/results_seed_99.pt,,
vary_B2_annealed,121,6,2.0,99,GPmodel,7.956483364105225,,0.710397124904647,2.264977275235041,1.0627222163032544,,,3.1883255095367358,../data/results/vary_B2_annealed/B_121_n_6/phi_2.0/results_seed_99.pt,,
vary_B2_annealed,121,6,2.0,99,VI_best_tau_by_ELBO,8.11058521270752,,0.21838045120239258,4.249409841786626,1.637286017922794,-1273.3830078125,0.9,,../data/results/vary_B2_annealed/B_121_n_6/phi_2.0/results_seed_99.pt,6.0,6.0
vary_B2_annealed,121,6,2.0,100,GPArealModel,8.10628604888916,,0.44460345564682796,3.6341807108924247,1.0910068306784706,,,8.173982151365118,../data/results/vary_B2_annealed/B_121_n_6/phi_2.0/results_seed_100.pt,,
vary_B2_annealed,121,6,2.0,100,GPmodel,7.915212154388428,,0.5614287592662838,2.410127857692865,0.9895865817027499,,,4.2928471652264415,../data/results/vary_B2_annealed/B_121_n_6/phi_2.0/results_seed_100.pt,,
vary_B2_annealed,121,6,2.0,100,VI_best_tau_by_ELBO,8.197754859924316,,0.216563418507576,3.1188705263135184,1.533495911706452,-1266.609033203125,0.9,,../data/results/vary_B2_annealed/B_121_n_6/phi_2.0/results_seed_100.pt,6.0,6.0
vary_B2_annealed,49,12,2.0,1,GPArealModel,7.8279290199279785,,0.21411199277258677,8.831153133236311,0.5542290455882457,,,41.2454856866242,../data/results/vary_B2_annealed/B_49_n_12/phi_2.0/results_seed_1.pt,,
vary_B2_annealed,49,12,2.0,1,GPmodel,7.981034755706787,,0.5096784870249349,2.8899036119439776,1.0886449500537165,,,5.670052171149605,../data/results/vary_B2_annealed/B_49_n_12/phi_2.0/results_seed_1.pt,,
vary_B2_annealed,49,12,2.0,1,VI_best_tau_by_ELBO,8.038514137268066,,0.24920007586479187,1.7725735953626107,4.041058355856576,-1769.8404296875,0.9,,../data/results/vary_B2_annealed/B_49_n_12/phi_2.0/results_seed_1.pt,10.0,12.0
vary_B2_annealed,49,12,2.0,2,GPArealModel,8.187564849853516,,0.9641195914208688,2.6741287432789522,1.2259196947486382,,,2.773648380423389,../data/results/vary_B2_annealed/B_49_n_12/phi_2.0/results_seed_2.pt,,
vary_B2_annealed,49,12,2.0,2,GPmodel,7.943711757659912,,1.3968964904053467,1.4948768358879927,1.1944838163539622,,,1.0701414501043054,../data/results/vary_B2_annealed/B_49_n_12/phi_2.0/results_seed_2.pt,,
vary_B2_annealed,49,12,2.0,2,VI_best_tau_by_ELBO,7.99824333190918,,0.24923188984394073,0.863456817179237,3.427641708181401,-1693.35478515625,0.9,,../data/results/vary_B2_annealed/B_49_n_12/phi_2.0/results_seed_2.pt,10.0,12.0
vary_B2_annealed,49,12,2.0,3,GPArealModel,8.032530784606934,,0.7495664688721587,3.014872638509798,2.506312558994639,,,4.022155157295324,../data/results/vary_B2_annealed/B_49_n_12/phi_2.0/results_seed_3.pt,,
vary_B2_annealed,49,12,2.0,3,GPmodel,7.973050117492676,,0.9032421054503239,1.7982273068600971,1.0507786920487683,,,1.9908585926290117,../data/results/vary_B2_annealed/B_49_n_12/phi_2.0/results_seed_3.pt,,
vary_B2_annealed,49,12,2.0,3,VI_best_tau_by_ELBO,7.929293632507324,,0.24922874569892883,1.0703808860297253,3.5670573749626833,-1709.536962890625,0.9,,../data/results/vary_B2_annealed/B_49_n_12/phi_2.0/results_seed_3.pt,6.0,12.0
vary_B2_annealed,49,12,2.0,4,GPArealModel,8.553528785705566,,0.18455108102623136,3.2261975863518946,2.9908141745858883,,,17.481325866052963,../data/results/vary_B2_annealed/B_49_n_12/phi_2.0/results_seed_4.pt,,
vary_B2_annealed,49,12,2.0,4,GPmodel,8.076278686523438,,0.5448198752335359,2.553961476115894,1.256830020090307,,,4.6877171560988735,../data/results/vary_B2_annealed/B_49_n_12/phi_2.0/results_seed_4.pt,,
vary_B2_annealed,49,12,2.0,4,VI_best_tau_by_ELBO,8.392034530639648,,0.24916505813598633,0.9753751152816871,3.3419617594650926,-1745.0890869140626,0.9,,../data/results/vary_B2_annealed/B_49_n_12/phi_2.0/results_seed_4.pt,7.0,12.0
vary_B2_annealed,49,12,2.0,5,GPArealModel,7.535395622253418,,0.07664551588425611,3.978818446100841,5.066325564941769,,,51.91195336344702,../data/results/vary_B2_annealed/B_49_n_12/phi_2.0/results_seed_5.pt,,
vary_B2_annealed,49,12,2.0,5,GPmodel,7.924932479858398,,0.5145388876115369,2.6286910870675944,1.0687758077053897,,,5.108828798674176,../data/results/vary_B2_annealed/B_49_n_12/phi_2.0/results_seed_5.pt,,
vary_B2_annealed,49,12,2.0,5,VI_best_tau_by_ELBO,8.137274742126465,,0.249111145734787,1.08798300028254,3.4085917009179885,-1754.5941162109375,0.9,,../data/results/vary_B2_annealed/B_49_n_12/phi_2.0/results_seed_5.pt,5.0,12.0
vary_B2_annealed,49,12,2.0,6,GPArealModel,8.022908210754395,,0.42435832321570827,5.132466695559891,1.1993691393939763,,,12.094653067405432,../data/results/vary_B2_annealed/B_49_n_12/phi_2.0/results_seed_6.pt,,
vary_B2_annealed,49,12,2.0,6,GPmodel,8.010218620300293,,0.5453276771540526,2.662182412262926,0.9859195953691943,,,4.881803223625622,../data/results/vary_B2_annealed/B_49_n_12/phi_2.0/results_seed_6.pt,,
vary_B2_annealed,49,12,2.0,6,VI_best_tau_by_ELBO,8.007820129394531,,0.2492063045501709,1.6467615216716243,3.860801610878326,-1751.634033203125,0.9,,../data/results/vary_B2_annealed/B_49_n_12/phi_2.0/results_seed_6.pt,9.0,12.0
vary_B2_annealed,49,12,2.0,7,GPArealModel,8.034445762634277,,0.3158361780106552,3.5173146701186537,0.6438437458837897,,,11.136516064350271,../data/results/vary_B2_annealed/B_49_n_12/phi_2.0/results_seed_7.pt,,
vary_B2_annealed,49,12,2.0,7,GPmodel,7.881076335906982,,0.617904857779917,1.9465969228465771,0.9584007082883231,,,3.15031820568711,../data/results/vary_B2_annealed/B_49_n_12/phi_2.0/results_seed_7.pt,,
vary_B2_annealed,49,12,2.0,7,VI_best_tau_by_ELBO,7.9199299812316895,,0.24921771883964539,1.0409420954412423,3.3011042303048233,-1708.54091796875,0.9,,../data/results/vary_B2_annealed/B_49_n_12/phi_2.0/results_seed_7.pt,7.0,12.0
vary_B2_annealed,49,12,2.0,8,GPArealModel,7.6164631843566895,,0.19929174118126905,4.383310685644729,2.071434544729114,,,21.994442216538303,../data/results/vary_B2_annealed/B_49_n_12/phi_2.0/results_seed_8.pt,,
vary_B2_annealed,49,12,2.0,8,GPmodel,7.952054500579834,,0.6486802253415872,2.208881832212017,1.0997519313351323,,,3.4051937239937384,../data/results/vary_B2_annealed/B_49_n_12/phi_2.0/results_seed_8.pt,,
vary_B2_annealed,49,12,2.0,8,VI_best_tau_by_ELBO,7.996185779571533,,0.24920110404491425,0.7994983872225242,3.4979999793425876,-1722.4288818359375,0.9,,../data/results/vary_B2_annealed/B_49_n_12/phi_2.0/results_seed_8.pt,7.0,12.0
vary_B2_annealed,49,12,2.0,9,GPArealModel,7.725848197937012,,0.6294414601158363,2.740936659088262,1.7081914849989117,,,4.354553731786028,../data/results/vary_B2_annealed/B_49_n_12/phi_2.0/results_seed_9.pt,,
vary_B2_annealed,49,12,2.0,9,GPmodel,7.903230667114258,,0.7652195296027534,1.9684486321124899,1.0104155667484582,,,2.572397274197074,../data/results/vary_B2_annealed/B_49_n_12/phi_2.0/results_seed_9.pt,,
vary_B2_annealed,49,12,2.0,9,VI_best_tau_by_ELBO,7.984269618988037,,0.24921052157878876,0.9470259407118943,3.3800449065485325,-1699.376806640625,0.9,,../data/results/vary_B2_annealed/B_49_n_12/phi_2.0/results_seed_9.pt,8.0,12.0
vary_B2_annealed,49,12,2.0,10,GPArealModel,7.567576885223389,,0.4231453289054199,5.088080022991284,1.031904018629175,,,12.024426775909314,../data/results/vary_B2_annealed/B_49_n_12/phi_2.0/results_seed_10.pt,,
vary_B2_annealed,49,12,2.0,10,GPmodel,7.98550271987915,,0.45364116232099144,3.2077841148941117,0.8456484000112274,,,7.071192787007981,../data/results/vary_B2_annealed/B_49_n_12/phi_2.0/results_seed_10.pt,,
vary_B2_annealed,49,12,2.0,10,VI_best_tau_by_ELBO,7.956566333770752,,0.249269500374794,2.1305459320890905,3.620303104209314,-1780.8373291015625,0.9,,../data/results/vary_B2_annealed/B_49_n_12/phi_2.0/results_seed_10.pt,10.0,12.0
vary_B2_annealed,49,12,2.0,11,GPArealModel,8.140312194824219,,0.9926828208000261,2.513125822891813,1.1371556660923985,,,2.531650362264179,../data/results/vary_B2_annealed/B_49_n_12/phi_2.0/results_seed_11.pt,,
vary_B2_annealed,49,12,2.0,11,GPmodel,7.910021781921387,,0.9289193759559946,1.713587795807874,1.1346451509998694,,,1.8447110052412679,../data/results/vary_B2_annealed/B_49_n_12/phi_2.0/results_seed_11.pt,,
vary_B2_annealed,49,12,2.0,11,VI_best_tau_by_ELBO,8.026703834533691,,0.24921952188014984,0.8832998025218035,3.35059684927819,-1697.17236328125,0.9,,../data/results/vary_B2_annealed/B_49_n_12/phi_2.0/results_seed_11.pt,9.0,12.0
vary_B2_annealed,49,12,2.0,12,GPArealModel,7.52815055847168,,0.3434943686974635,3.66927199753854,1.6195058151953623,,,10.682189671558465,../data/results/vary_B2_annealed/B_49_n_12/phi_2.0/results_seed_12.pt,,
vary_B2_annealed,49,12,2.0,12,GPmodel,7.956744194030762,,0.49257144814729054,2.4833395607002267,1.039575939451442,,,5.041582434468774,../data/results/vary_B2_annealed/B_49_n_12/phi_2.0/results_seed_12.pt,,
vary_B2_annealed,49,12,2.0,12,VI_best_tau_by_ELBO,8.026269912719727,,0.2492586076259613,1.0892176554903403,3.5173812965124953,-1744.3741455078125,0.9,,../data/results/vary_B2_annealed/B_49_n_12/phi_2.0/results_seed_12.pt,8.0,12.0
vary_B2_annealed,49,12,2.0,13,GPArealModel,8.372598648071289,,1.0760566760370196,2.498506377341936,1.1434720012344,,,2.3219096474951657,../data/results/vary_B2_annealed/B_49_n_12/phi_2.0/results_seed_13.pt,,
vary_B2_annealed,49,12,2.0,13,GPmodel,8.055806159973145,,1.0492716162773694,1.8345419542541745,0.9143220659432412,,,1.7483956735271329,../data/results/vary_B2_annealed/B_49_n_12/phi_2.0/results_seed_13.pt,,
vary_B2_annealed,49,12,2.0,13,VI_best_tau_by_ELBO,8.036842346191406,,0.2491745501756668,0.9205523841985457,3.455051928402742,-1685.52763671875,0.9,,../data/results/vary_B2_annealed/B_49_n_12/phi_2.0/results_seed_13.pt,7.0,12.0
vary_B2_annealed,49,12,2.0,14,GPArealModel,8.346296310424805,,0.664835576178077,2.7326863704618183,2.4983964748913636,,,4.1103191050201335,../data/results/vary_B2_annealed/B_49_n_12/phi_2.0/results_seed_14.pt,,
vary_B2_annealed,49,12,2.0,14,GPmodel,7.7865495681762695,,1.6705460896675253,2.0745514689994584,1.6681217712307363,,,1.2418403070892459,../data/results/vary_B2_annealed/B_49_n_12/phi_2.0/results_seed_14.pt,,
vary_B2_annealed,49,12,2.0,14,VI_best_tau_by_ELBO,7.955119609832764,,0.24919360876083374,0.9413046496836084,3.9022442945560387,-1734.2384033203125,0.9,,../data/results/vary_B2_annealed/B_49_n_12/phi_2.0/results_seed_14.pt,10.0,12.0
vary_B2_annealed,49,12,2.0,15,GPArealModel,7.982424259185791,,0.9272996519443968,2.660248983217669,3.453745437405341,,,2.8688126622710994,../data/results/vary_B2_annealed/B_49_n_12/phi_2.0/results_seed_15.pt,,
vary_B2_annealed,49,12,2.0,15,GPmodel,7.973903656005859,,1.0515869032998992,1.677541710815102,1.147948262290767,,,1.5952478159921402,../data/results/vary_B2_annealed/B_49_n_12/phi_2.0/results_seed_15.pt,,
vary_B2_annealed,49,12,2.0,15,VI_best_tau_by_ELBO,8.040339469909668,,0.24923372268676758,0.9270372914600925,3.4713562907150926,-1699.345166015625,0.9,,../data/results/vary_B2_annealed/B_49_n_12/phi_2.0/results_seed_15.pt,12.0,12.0
vary_B2_annealed,49,12,2.0,16,GPArealModel,7.977975368499756,,0.679275759513959,5.061632005267078,1.380144287074785,,,7.451512783098308,../data/results/vary_B2_annealed/B_49_n_12/phi_2.0/results_seed_16.pt,,
vary_B2_annealed,49,12,2.0,16,GPmodel,7.927265644073486,,0.5889327584877466,2.9252581560045954,1.161348730470347,,,4.967049487136753,../data/results/vary_B2_annealed/B_49_n_12/phi_2.0/results_seed_16.pt,,
vary_B2_annealed,49,12,2.0,16,VI_best_tau_by_ELBO,8.074244499206543,,0.24925974011421204,1.785079659312628,4.2180461486587335,-1782.7221923828124,0.9,,../data/results/vary_B2_annealed/B_49_n_12/phi_2.0/results_seed_16.pt,12.0,12.0
vary_B2_annealed,49,12,2.0,17,GPArealModel,7.67282247543335,,0.8670221687160511,2.972600405405251,0.7580464468871284,,,3.428517185214874,../data/results/vary_B2_annealed/B_49_n_12/phi_2.0/results_seed_17.pt,,
vary_B2_annealed,49,12,2.0,17,GPmodel,7.946726322174072,,0.8674892747797863,1.7399750902179845,0.9643218031732366,,,2.0057597722573344,../data/results/vary_B2_annealed/B_49_n_12/phi_2.0/results_seed_17.pt,,
vary_B2_annealed,49,12,2.0,17,VI_best_tau_by_ELBO,8.047592163085938,,0.2492486834526062,0.8854468614727268,3.2633436470461232,-1683.9115234375,0.9,,../data/results/vary_B2_annealed/B_49_n_12/phi_2.0/results_seed_17.pt,5.0,12.0
vary_B2_annealed,49,12,2.0,18,GPArealModel,8.406414985656738,,0.33435512244479254,3.601415667736722,6.517141774260466,,,10.771229228980555,../data/results/vary_B2_annealed/B_49_n_12/phi_2.0/results_seed_18.pt,,
vary_B2_annealed,49,12,2.0,18,GPmodel,7.934243202209473,,0.6010043372984121,3.1906063179658313,1.3805135328489926,,,5.308790835533728,../data/results/vary_B2_annealed/B_49_n_12/phi_2.0/results_seed_18.pt,,
vary_B2_annealed,49,12,2.0,18,VI_best_tau_by_ELBO,8.090710639953613,,0.24924170970916748,1.6114323491409182,4.41000015326467,-1813.5078125,0.9,,../data/results/vary_B2_annealed/B_49_n_12/phi_2.0/results_seed_18.pt,12.0,12.0
vary_B2_annealed,49,12,2.0,19,GPArealModel,7.513789653778076,,0.5334169853511627,5.028504761958028,1.1161465371410562,,,9.426967832019127,../data/results/vary_B2_annealed/B_49_n_12/phi_2.0/results_seed_19.pt,,
vary_B2_annealed,49,12,2.0,19,GPmodel,7.905955791473389,,0.5658798916735114,2.6724196672231346,0.9578726783840272,,,4.722591678102969,../data/results/vary_B2_annealed/B_49_n_12/phi_2.0/results_seed_19.pt,,
vary_B2_annealed,49,12,2.0,19,VI_best_tau_by_ELBO,7.948965549468994,,0.24926672875881195,1.6352856212083653,3.6997962412839045,-1756.4490478515625,0.9,,../data/results/vary_B2_annealed/B_49_n_12/phi_2.0/results_seed_19.pt,8.0,12.0
vary_B2_annealed,49,12,2.0,20,GPArealModel,7.497696876525879,,0.31842902994537514,5.526010351522054,1.2493821785244572,,,17.353977909834455,../data/results/vary_B2_annealed/B_49_n_12/phi_2.0/results_seed_20.pt,,
vary_B2_annealed,49,12,2.0,20,GPmodel,7.972682476043701,,0.49400442470615824,2.6594488351273444,1.2634099670412096,,,5.383451447240026,../data/results/vary_B2_annealed/B_49_n_12/phi_2.0/results_seed_20.pt,,
vary_B2_annealed,49,12,2.0,20,VI_best_tau_by_ELBO,7.917063236236572,,0.24924178421497345,1.8296692665019403,3.488773279570752,-1781.7817626953124,0.9,,../data/results/vary_B2_annealed/B_49_n_12/phi_2.0/results_seed_20.pt,10.0,12.0
vary_B2_annealed,49,12,2.0,21,GPArealModel,8.060354232788086,,0.7216273273817938,3.1105223147382017,1.6359632690557007,,,4.310427552714487,../data/results/vary_B2_annealed/B_49_n_12/phi_2.0/results_seed_21.pt,,
vary_B2_annealed,49,12,2.0,21,GPmodel,7.937012195587158,,0.9278589940771513,1.8260684755531968,1.1219699525570623,,,1.9680452387804945,../data/results/vary_B2_annealed/B_49_n_12/phi_2.0/results_seed_21.pt,,
vary_B2_annealed,49,12,2.0,21,VI_best_tau_by_ELBO,7.989753723144531,,0.24924635887145996,1.0047894376652593,3.3825948058603075,-1704.041748046875,0.9,,../data/results/vary_B2_annealed/B_49_n_12/phi_2.0/results_seed_21.pt,8.0,12.0
vary_B2_annealed,49,12,2.0,22,GPArealModel,8.548498153686523,,0.6598804930230716,2.6729300767132287,2.4146542126684327,,,4.050627507517143,../data/results/vary_B2_annealed/B_49_n_12/phi_2.0/results_seed_22.pt,,
vary_B2_annealed,49,12,2.0,22,GPmodel,7.932486534118652,,0.8293536215525461,1.932231958334068,1.040019991512722,,,2.3298046914137047,../data/results/vary_B2_annealed/B_49_n_12/phi_2.0/results_seed_22.pt,,
vary_B2_annealed,49,12,2.0,22,VI_best_tau_by_ELBO,8.053651809692383,,0.24921190738677979,0.9382365450278275,3.7052004868485584,-1708.3808349609376,0.9,,../data/results/vary_B2_annealed/B_49_n_12/phi_2.0/results_seed_22.pt,9.0,12.0
vary_B2_annealed,49,12,2.0,23,GPArealModel,7.924118518829346,,0.5722149720898632,3.102648281138947,1.9789778440680177,,,5.422172491934891,../data/results/vary_B2_annealed/B_49_n_12/phi_2.0/results_seed_23.pt,,
vary_B2_annealed,49,12,2.0,23,GPmodel,7.9202961921691895,,0.7608243881073629,2.1059213402909926,1.0028096910866937,,,2.767946681532793,../data/results/vary_B2_annealed/B_49_n_12/phi_2.0/results_seed_23.pt,,
vary_B2_annealed,49,12,2.0,23,VI_best_tau_by_ELBO,7.967297554016113,,0.24919819831848145,1.033801648528126,3.6143795079804244,-1721.0926513671875,0.9,,../data/results/vary_B2_annealed/B_49_n_12/phi_2.0/results_seed_23.pt,6.0,12.0
vary_B2_annealed,49,12,2.0,24,GPArealModel,7.7744059562683105,,0.32172197586420737,3.921204709929417,2.7329277704697694,,,12.188178004925849,../data/results/vary_B2_annealed/B_49_n_12/phi_2.0/results_seed_24.pt,,
vary_B2_annealed,49,12,2.0,24,GPmodel,7.925477981567383,,0.6150809082218547,2.2528627444535134,1.0263205971718916,,,3.6627095953381863,../data/results/vary_B2_annealed/B_49_n_12/phi_2.0/results_seed_24.pt,,
vary_B2_annealed,49,12,2.0,24,VI_best_tau_by_ELBO,7.939539432525635,,0.24925392866134644,1.0070786204447073,3.7525838424385873,-1739.0665283203125,0.9,,../data/results/vary_B2_annealed/B_49_n_12/phi_2.0/results_seed_24.pt,7.0,12.0
vary_B2_annealed,49,12,2.0,25,GPArealModel,8.64870548248291,,0.6407291029944245,3.565639674543327,1.8610525384764423,,,5.564972244712216,../data/results/vary_B2_annealed/B_49_n_12/phi_2.0/results_seed_25.pt,,
vary_B2_annealed,49,12,2.0,25,GPmodel,7.895092010498047,,0.7723569001810512,2.3807679820364047,1.0774880885138423,,,3.082471305012384,../data/results/vary_B2_annealed/B_49_n_12/phi_2.0/results_seed_25.pt,,
vary_B2_annealed,49,12,2.0,25,VI_best_tau_by_ELBO,7.966945648193359,,0.2491985559463501,1.1775166392122995,4.042973331280919,-1751.5791259765624,0.9,,../data/results/vary_B2_annealed/B_49_n_12/phi_2.0/results_seed_25.pt,6.0,12.0
vary_B2_annealed,49,12,2.0,26,GPArealModel,8.064287185668945,,0.378092533807597,4.940958461108465,2.119383945911104,,,13.068119624977337,../data/results/vary_B2_annealed/B_49_n_12/phi_2.0/results_seed_26.pt,,
vary_B2_annealed,49,12,2.0,26,GPmodel,7.98886775970459,,0.5585382306487758,2.732146311100567,1.1272489096799976,,,4.891601256957852,../data/results/vary_B2_annealed/B_49_n_12/phi_2.0/results_seed_26.pt,,
vary_B2_annealed,49,12,2.0,26,VI_best_tau_by_ELBO,8.094544410705566,,0.2492138147354126,1.4304007429671506,3.6919580861107555,-1768.290478515625,0.9,,../data/results/vary_B2_annealed/B_49_n_12/phi_2.0/results_seed_26.pt,9.0,12.0
vary_B2_annealed,49,12,2.0,27,GPArealModel,8.325746536254883,,0.7840457030255692,3.1080656021007447,1.4977087581211501,,,3.96413830227877,../data/results/vary_B2_annealed/B_49_n_12/phi_2.0/results_seed_27.pt,,
vary_B2_annealed,49,12,2.0,27,GPmodel,8.002100944519043,,0.8894793592727909,1.9124111764199385,0.9880680521563786,,,2.1500343504131036,../data/results/vary_B2_annealed/B_49_n_12/phi_2.0/results_seed_27.pt,,
vary_B2_annealed,49,12,2.0,27,VI_best_tau_by_ELBO,8.13780689239502,,0.2492302656173706,0.9908029952581243,3.4728350032518764,-1699.53623046875,0.9,,../data/results/vary_B2_annealed/B_49_n_12/phi_2.0/results_seed_27.pt,10.0,12.0
vary_B2_annealed,49,12,2.0,28,GPArealModel,7.675449848175049,,0.7071575692894523,3.23856589137525,0.7983239974418439,,,4.579694868612298,../data/results/vary_B2_annealed/B_49_n_12/phi_2.0/results_seed_28.pt,,
vary_B2_annealed,49,12,2.0,28,GPmodel,7.9123945236206055,,1.47602893797368,1.8163202356646613,1.6438756140762492,,,1.2305451396895644,../data/results/vary_B2_annealed/B_49_n_12/phi_2.0/results_seed_28.pt,,
vary_B2_annealed,49,12,2.0,28,VI_best_tau_by_ELBO,7.981692790985107,,0.24924765527248383,1.0987404726016077,3.622804900071434,-1723.6549560546875,0.9,,../data/results/vary_B2_annealed/B_49_n_12/phi_2.0/results_seed_28.pt,7.0,12.0
vary_B2_annealed,49,12,2.0,29,GPArealModel,8.366194725036621,,0.6503213959157081,4.091683129472324,0.7804347663125143,,,6.291786115557346,../data/results/vary_B2_annealed/B_49_n_12/phi_2.0/results_seed_29.pt,,
vary_B2_annealed,49,12,2.0,29,GPmodel,8.009855270385742,,0.5975991903274771,2.6975242972990685,0.9628862553845512,,,4.513935662832572,../data/results/vary_B2_annealed/B_49_n_12/phi_2.0/results_seed_29.pt,,
vary_B2_annealed,49,12,2.0,29,VI_best_tau_by_ELBO,8.39492130279541,,0.24927431344985962,1.4339534222001875,3.6684715247569084,-1753.9669921875,0.9,,../data/results/vary_B2_annealed/B_49_n_12/phi_2.0/results_seed_29.pt,10.0,12.0
vary_B2_annealed,49,12,2.0,30,GPArealModel,8.712640762329102,,0.10988668315425446,5.749270109968042,5.850248513898671,,,52.31998951044368,../data/results/vary_B2_annealed/B_49_n_12/phi_2.0/results_seed_30.pt,,
vary_B2_annealed,49,12,2.0,30,GPmodel,7.897665500640869,,0.4800210400709016,3.1801497944560944,1.2055460207745785,,,6.62502167402156,../data/results/vary_B2_annealed/B_49_n_12/phi_2.0/results_seed_30.pt,,
vary_B2_annealed,49,12,2.0,30,VI_best_tau_by_ELBO,8.156805992126465,,0.2491312026977539,1.5695283096506096,3.8161653579196515,-1784.992919921875,0.9,,../data/results/vary_B2_annealed/B_49_n_12/phi_2.0/results_seed_30.pt,7.0,12.0
vary_B2_annealed,49,12,2.0,31,GPArealModel,8.194185256958008,,1.079249123914651,2.3459970328446302,1.7769172910273903,,,2.1737307734244276,../data/results/vary_B2_annealed/B_49_n_12/phi_2.0/results_seed_31.pt,,
vary_B2_annealed,49,12,2.0,31,GPmodel,7.924757957458496,,1.1204686112405573,1.5241131144235032,1.2034774065613625,,,1.3602461498105154,../data/results/vary_B2_annealed/B_49_n_12/phi_2.0/results_seed_31.pt,,
vary_B2_annealed,49,12,2.0,31,VI_best_tau_by_ELBO,8.098801612854004,,0.24924620985984802,0.7696282794474741,2.972821301057126,-1673.403125,0.9,,../data/results/vary_B2_annealed/B_49_n_12/phi_2.0/results_seed_31.pt,8.0,12.0
vary_B2_annealed,49,12,2.0,32,GPArealModel,7.384567737579346,,0.8041922625386975,2.3317301510328186,2.97043533625158,,,2.8994685222063006,../data/results/vary_B2_annealed/B_49_n_12/phi_2.0/results_seed_32.pt,,
vary_B2_annealed,49,12,2.0,32,GPmodel,7.950133800506592,,1.2062446648406875,1.515359481477702,1.0540879667685192,,,1.2562621213150322,../data/results/vary_B2_annealed/B_49_n_12/phi_2.0/results_seed_32.pt,,
vary_B2_annealed,49,12,2.0,32,VI_best_tau_by_ELBO,4.218522071838379,,0.24933160841464996,0.9635444779072309,45.32930580433299,-2528.99580078125,0.9,,../data/results/vary_B2_annealed/B_49_n_12/phi_2.0/results_seed_32.pt,2.0,12.0
vary_B2_annealed,49,12,2.0,33,GPArealModel,8.652459144592285,,0.3520389764353987,4.764378039499949,1.4042413725460228,,,13.533666322241,../data/results/vary_B2_annealed/B_49_n_12/phi_2.0/results_seed_33.pt,,
vary_B2_annealed,49,12,2.0,33,GPmodel,7.914831161499023,,0.5892659111597895,2.5515041773621343,1.2338171840394343,,,4.329970780662128,../data/results/vary_B2_annealed/B_49_n_12/phi_2.0/results_seed_33.pt,,
vary_B2_annealed,49,12,2.0,33,VI_best_tau_by_ELBO,8.045451164245605,,0.24921000003814697,1.4723130079391098,3.6621497735681077,-1768.5413818359375,0.9,,../data/results/vary_B2_annealed/B_49_n_12/phi_2.0/results_seed_33.pt,5.0,12.0
vary_B2_annealed,49,12,2.0,34,GPArealModel,7.335758209228516,,0.521270883128781,3.1428301642662837,1.4609091206335387,,,6.029168837135761,../data/results/vary_B2_annealed/B_49_n_12/phi_2.0/results_seed_34.pt,,
vary_B2_annealed,49,12,2.0,34,GPmodel,7.908534526824951,,0.8820539431389095,1.7384663406909266,1.1700137169742175,,,1.9709297307876166,../data/results/vary_B2_annealed/B_49_n_12/phi_2.0/results_seed_34.pt,,
vary_B2_annealed,49,12,2.0,34,VI_best_tau_by_ELBO,7.853487014770508,,0.24921756982803345,0.9965553140526376,3.5025462759350474,-1713.75009765625,0.9,,../data/results/vary_B2_annealed/B_49_n_12/phi_2.0/results_seed_34.pt,7.0,12.0
vary_B2_annealed,49,12,2.0,35,GPArealModel,7.750180721282959,,0.22442146924320894,5.357984050230094,0.31091079229085156,,,23.874650087169538,../data/results/vary_B2_annealed/B_49_n_12/phi_2.0/results_seed_35.pt,,
vary_B2_annealed,49,12,2.0,35,GPmodel,7.9886088371276855,,0.3806477505215268,2.8690191670082337,1.0905294754161976,,,7.537202474144089,../data/results/vary_B2_annealed/B_49_n_12/phi_2.0/results_seed_35.pt,,
vary_B2_annealed,49,12,2.0,35,VI_best_tau_by_ELBO,8.128539085388184,,0.24923402070999146,1.5889592920704856,3.2628345001439354,-1774.733935546875,0.9,,../data/results/vary_B2_annealed/B_49_n_12/phi_2.0/results_seed_35.pt,12.0,12.0
vary_B2_annealed,49,12,2.0,36,GPArealModel,7.672186374664307,,0.5293733919794723,3.4135996429300737,1.4094953571733493,,,6.448377826784395,../data/results/vary_B2_annealed/B_49_n_12/phi_2.0/results_seed_36.pt,,
vary_B2_annealed,49,12,2.0,36,GPmodel,7.944659233093262,,0.7748213127514241,1.7925736439320257,1.1526702943299263,,,2.313531667793854,../data/results/vary_B2_annealed/B_49_n_12/phi_2.0/results_seed_36.pt,,
vary_B2_annealed,49,12,2.0,36,VI_best_tau_by_ELBO,8.037317276000977,,0.24925924837589264,1.0436086091764223,3.106196132465988,-1708.28974609375,0.9,,../data/results/vary_B2_annealed/B_49_n_12/phi_2.0/results_seed_36.pt,4.0,12.0
vary_B2_annealed,49,12,2.0,37,GPArealModel,8.352372169494629,,1.0878486889041783,3.1625355706880955,1.451484962381569,,,2.907146557186928,../data/results/vary_B2_annealed/B_49_n_12/phi_2.0/results_seed_37.pt,,
vary_B2_annealed,49,12,2.0,37,GPmodel,7.936656951904297,,0.9108337633133727,1.852571556897208,0.9587193159731997,,,2.033929385926628,../data/results/vary_B2_annealed/B_49_n_12/phi_2.0/results_seed_37.pt,,
vary_B2_annealed,49,12,2.0,37,VI_best_tau_by_ELBO,8.038012504577637,,0.24925507605075836,1.0729571277067873,3.4974231544268166,-1704.10869140625,0.9,,../data/results/vary_B2_annealed/B_49_n_12/phi_2.0/results_seed_37.pt,12.0,12.0
vary_B2_annealed,49,12,2.0,38,GPArealModel,8.322147369384766,,0.40801518905716505,5.88962054056377,0.4734341088553532,,,14.434807081994693,../data/results/vary_B2_annealed/B_49_n_12/phi_2.0/results_seed_38.pt,,
vary_B2_annealed,49,12,2.0,38,GPmodel,7.960442066192627,,0.5900969444713758,2.754898629162592,1.203753645572816,,,4.668552608132044,../data/results/vary_B2_annealed/B_49_n_12/phi_2.0/results_seed_38.pt,,
vary_B2_annealed,49,12,2.0,38,VI_best_tau_by_ELBO,8.052960395812988,,0.24929456412792206,1.6387443841825529,4.379793685762111,-1779.25400390625,0.9,,../data/results/vary_B2_annealed/B_49_n_12/phi_2.0/results_seed_38.pt,10.0,12.0
vary_B2_annealed,49,12,2.0,39,GPArealModel,7.871310234069824,,0.5871952295056396,4.767441454129653,0.681566963745469,,,8.119005766009659,../data/results/vary_B2_annealed/B_49_n_12/phi_2.0/results_seed_39.pt,,
vary_B2_annealed,49,12,2.0,39,GPmodel,7.944865703582764,,0.5951389232017894,2.672112098588732,1.078915400300578,,,4.489896382869784,../data/results/vary_B2_annealed/B_49_n_12/phi_2.0/results_seed_39.pt,,
vary_B2_annealed,49,12,2.0,39,VI_best_tau_by_ELBO,7.9619269371032715,,0.24925930798053741,1.6841924609441636,4.107473185346298,-1770.8700927734376,0.9,,../data/results/vary_B2_annealed/B_49_n_12/phi_2.0/results_seed_39.pt,12.0,12.0
vary_B2_annealed,49,12,2.0,40,GPArealModel,7.876553535461426,,0.5693265622216392,5.927730293120307,1.4449501668298417,,,10.411828090347623,../data/results/vary_B2_annealed/B_49_n_12/phi_2.0/results_seed_40.pt,,
vary_B2_annealed,49,12,2.0,40,GPmodel,7.987339973449707,,0.5705073824953413,3.137519058208704,0.9263500099325058,,,5.499524028042397,../data/results/vary_B2_annealed/B_49_n_12/phi_2.0/results_seed_40.pt,,
vary_B2_annealed,49,12,2.0,40,VI_best_tau_by_ELBO,8.06292724609375,,0.24925217032432556,1.7890043593803309,4.3035699173436965,-1773.0796875,0.9,,../data/results/vary_B2_annealed/B_49_n_12/phi_2.0/results_seed_40.pt,10.0,12.0
vary_B2_annealed,49,12,2.0,41,GPArealModel,7.528341770172119,,0.7023942884944839,3.1342133295127974,2.0931856869880634,,,4.462185101519958,../data/results/vary_B2_annealed/B_49_n_12/phi_2.0/results_seed_41.pt,,
vary_B2_annealed,49,12,2.0,41,GPmodel,7.961781978607178,,0.7403620862472644,2.065290813256618,1.0081519077458436,,,2.7895685795110494,../data/results/vary_B2_annealed/B_49_n_12/phi_2.0/results_seed_41.pt,,
vary_B2_annealed,49,12,2.0,41,VI_best_tau_by_ELBO,7.940113067626953,,0.24923604726791382,1.0709298067798958,3.6961391296699078,-1720.3657470703124,0.9,,../data/results/vary_B2_annealed/B_49_n_12/phi_2.0/results_seed_41.pt,8.0,12.0
vary_B2_annealed,49,12,2.0,42,GPArealModel,8.037425994873047,,0.3965501810726354,4.21635161611418,1.2946980933693117,,,10.632580231609774,../data/results/vary_B2_annealed/B_49_n_12/phi_2.0/results_seed_42.pt,,
vary_B2_annealed,49,12,2.0,42,GPmodel,7.936779499053955,,0.6616572429675748,2.3690353471807004,1.1855690950104478,,,3.580457060449344,../data/results/vary_B2_annealed/B_49_n_12/phi_2.0/results_seed_42.pt,,
vary_B2_annealed,49,12,2.0,42,VI_best_tau_by_ELBO,8.07901382446289,,0.24918070435523987,1.141712054666176,3.6886487353665554,-1749.3960205078124,0.9,,../data/results/vary_B2_annealed/B_49_n_12/phi_2.0/results_seed_42.pt,8.0,12.0
vary_B2_annealed,49,12,2.0,43,GPArealModel,8.2085599899292,,1.398291942283065,2.6921645558982874,2.5387317509197334,,,1.9253236570201846,../data/results/vary_B2_annealed/B_49_n_12/phi_2.0/results_seed_43.pt,,
vary_B2_annealed,49,12,2.0,43,GPmodel,7.948561668395996,,1.1337446077157995,1.7218183559956997,1.154373688609704,,,1.5187003706811146,../data/results/vary_B2_annealed/B_49_n_12/phi_2.0/results_seed_43.pt,,
vary_B2_annealed,49,12,2.0,43,VI_best_tau_by_ELBO,8.071754455566406,,0.24922090768814087,0.8626129244098644,3.315851998304759,-1690.2266357421875,0.9,,../data/results/vary_B2_annealed/B_49_n_12/phi_2.0/results_seed_43.pt,6.0,12.0
vary_B2_annealed,49,12,2.0,44,GPArealModel,7.312006950378418,,0.5857870682761357,2.606256003451368,1.0337690922640792,,,4.449152507106556,../data/results/vary_B2_annealed/B_49_n_12/phi_2.0/results_seed_44.pt,,
vary_B2_annealed,49,12,2.0,44,GPmodel,7.92759895324707,,0.8900476388508605,1.6569678338921527,1.0208641077707197,,,1.861661962309638,../data/results/vary_B2_annealed/B_49_n_12/phi_2.0/results_seed_44.pt,,
vary_B2_annealed,49,12,2.0,44,VI_best_tau_by_ELBO,7.793862342834473,,0.24921713769435883,1.0236516124109731,3.5191521698279167,-1707.798046875,0.9,,../data/results/vary_B2_annealed/B_49_n_12/phi_2.0/results_seed_44.pt,12.0,12.0
vary_B2_annealed,49,12,2.0,45,GPArealModel,8.015923500061035,,0.5879725588688349,3.7595610046485626,2.0402935570634755,,,6.39410963647922,../data/results/vary_B2_annealed/B_49_n_12/phi_2.0/results_seed_45.pt,,
vary_B2_annealed,49,12,2.0,45,GPmodel,7.958410739898682,,0.707631155203825,2.266623967138998,0.9612806917509293,,,3.2031149992062216,../data/results/vary_B2_annealed/B_49_n_12/phi_2.0/results_seed_45.pt,,
vary_B2_annealed,49,12,2.0,45,VI_best_tau_by_ELBO,8.010887145996094,,0.24920907616615295,1.2438510880458886,3.7565957950838023,-1731.0785888671876,0.9,,../data/results/vary_B2_annealed/B_49_n_12/phi_2.0/results_seed_45.pt,7.0,12.0
vary_B2_annealed,49,12,2.0,46,GPArealModel,7.656050205230713,,0.186606859603476,5.591530473571238,5.89713355888986,,,29.9642279252369,../data/results/vary_B2_annealed/B_49_n_12/phi_2.0/results_seed_46.pt,,
vary_B2_annealed,49,12,2.0,46,GPmodel,7.893798828125,,0.48447686001411594,2.9161460800640127,1.1154938685593947,,,6.019164836849063,../data/results/vary_B2_annealed/B_49_n_12/phi_2.0/results_seed_46.pt,,
vary_B2_annealed,49,12,2.0,46,VI_best_tau_by_ELBO,7.943321228027344,,0.2492193877696991,1.4776066780415706,3.914645405524991,-1782.4724853515625,0.9,,../data/results/vary_B2_annealed/B_49_n_12/phi_2.0/results_seed_46.pt,10.0,12.0
vary_B2_annealed,49,12,2.0,47,GPArealModel,8.09287166595459,,0.4631898743486725,3.1521838191337377,2.513876103077105,,,6.805381537250291,../data/results/vary_B2_annealed/B_49_n_12/phi_2.0/results_seed_47.pt,,
vary_B2_annealed,49,12,2.0,47,GPmodel,7.940530300140381,,0.6355067081017615,2.329777577754381,0.9262276897010809,,,3.666015713214662,../data/results/vary_B2_annealed/B_49_n_12/phi_2.0/results_seed_47.pt,,
vary_B2_annealed,49,12,2.0,47,VI_best_tau_by_ELBO,8.104391098022461,,0.24920682609081268,1.0919407063968674,3.5460397075443533,-1718.907373046875,0.9,,../data/results/vary_B2_annealed/B_49_n_12/phi_2.0/results_seed_47.pt,4.0,12.0
vary_B2_annealed,49,12,2.0,48,GPArealModel,7.730806827545166,,0.5087695324420952,4.721605164315096,1.8586988181016715,,,9.280440087776832,../data/results/vary_B2_annealed/B_49_n_12/phi_2.0/results_seed_48.pt,,
vary_B2_annealed,49,12,2.0,48,GPmodel,7.920834541320801,,0.5812030090674362,2.6588210293330077,0.9665132407190004,,,4.574685588085984,../data/results/vary_B2_annealed/B_49_n_12/phi_2.0/results_seed_48.pt,,
vary_B2_annealed,49,12,2.0,48,VI_best_tau_by_ELBO,7.865975379943848,,0.2492290735244751,1.6336274057555547,3.8547201686977566,-1761.2058349609374,0.9,,../data/results/vary_B2_annealed/B_49_n_12/phi_2.0/results_seed_48.pt,8.0,12.0
vary_B2_annealed,49,12,2.0,49,GPArealModel,7.37279748916626,,0.17926413280749676,9.15258602181295,3.5185551681110403,,,51.05642650580569,../data/results/vary_B2_annealed/B_49_n_12/phi_2.0/results_seed_49.pt,,
vary_B2_annealed,49,12,2.0,49,GPmodel,7.980174541473389,,0.4641751555441948,3.3500237899215657,1.1033687791428413,,,7.217154451090834,../data/results/vary_B2_annealed/B_49_n_12/phi_2.0/results_seed_49.pt,,
vary_B2_annealed,49,12,2.0,49,VI_best_tau_by_ELBO,7.9926438331604,,0.24916565418243408,2.1535926904746674,3.889002726778403,-1796.8579833984375,0.9,,../data/results/vary_B2_annealed/B_49_n_12/phi_2.0/results_seed_49.pt,10.0,12.0
vary_B2_annealed,49,12,2.0,50,GPArealModel,9.703690528869629,,1.159239107755926,1.7090278038565758,1.0511278137890823,,,1.4742668638611922,../data/results/vary_B2_annealed/B_49_n_12/phi_2.0/results_seed_50.pt,,
vary_B2_annealed,49,12,2.0,50,GPmodel,7.9744157791137695,,0.9106526362110638,1.6338917901019219,1.103797573928671,,,1.7941987154399797,../data/results/vary_B2_annealed/B_49_n_12/phi_2.0/results_seed_50.pt,,
vary_B2_annealed,49,12,2.0,50,VI_best_tau_by_ELBO,8.595280647277832,,0.2492649108171463,0.7318059009563714,2.731494623741897,-1669.803076171875,0.9,,../data/results/vary_B2_annealed/B_49_n_12/phi_2.0/results_seed_50.pt,10.0,12.0
vary_B2_annealed,49,12,2.0,51,GPArealModel,8.23128890991211,,0.47341249369293814,4.8821308760141955,2.0870986059671575,,,10.312636318341047,../data/results/vary_B2_annealed/B_49_n_12/phi_2.0/results_seed_51.pt,,
vary_B2_annealed,49,12,2.0,51,GPmodel,8.031468391418457,,0.49224856964862923,3.1227039999601787,0.9832997184211402,,,6.343754339782416,../data/results/vary_B2_annealed/B_49_n_12/phi_2.0/results_seed_51.pt,,
vary_B2_annealed,49,12,2.0,51,VI_best_tau_by_ELBO,8.104536056518555,,0.24924154579639435,1.8257678893189184,4.091248787209996,-1773.9307861328125,0.9,,../data/results/vary_B2_annealed/B_49_n_12/phi_2.0/results_seed_51.pt,10.0,12.0
vary_B2_annealed,49,12,2.0,52,GPArealModel,7.983119487762451,,0.6375841692584787,2.746647897433486,1.9352811841109632,,,4.307898517348517,../data/results/vary_B2_annealed/B_49_n_12/phi_2.0/results_seed_52.pt,,
vary_B2_annealed,49,12,2.0,52,GPmodel,7.900356292724609,,0.8388490365699136,1.721295543832323,1.0173344237941424,,,2.0519729638967785,../data/results/vary_B2_annealed/B_49_n_12/phi_2.0/results_seed_52.pt,,
vary_B2_annealed,49,12,2.0,52,VI_best_tau_by_ELBO,7.977116584777832,,0.24922330677509308,0.8746992805556444,3.314142764041709,-1686.2040771484376,0.9,,../data/results/vary_B2_annealed/B_49_n_12/phi_2.0/results_seed_52.pt,9.0,12.0
vary_B2_annealed,49,12,2.0,53,GPArealModel,7.70612907409668,,0.18338282158098024,4.993887261312696,5.698668704008292,,,27.23203415815826,../data/results/vary_B2_annealed/B_49_n_12/phi_2.0/results_seed_53.pt,,
vary_B2_annealed,49,12,2.0,53,GPmodel,7.968920707702637,,0.4329200322948385,3.0273054388742806,1.1500832310527807,,,6.99275896942682,../data/results/vary_B2_annealed/B_49_n_12/phi_2.0/results_seed_53.pt,,
vary_B2_annealed,49,12,2.0,53,VI_best_tau_by_ELBO,8.056501388549805,,0.24919447302818298,1.6186991977594036,3.444402532665366,-1782.813720703125,0.9,,../data/results/vary_B2_annealed/B_49_n_12/phi_2.0/results_seed_53.pt,6.0,12.0
vary_B2_annealed,49,12,2.0,54,GPArealModel,8.513930320739746,,0.6217333254129699,2.8435146671129616,1.112925789235393,,,4.573527830801465,../data/results/vary_B2_annealed/B_49_n_12/phi_2.0/results_seed_54.pt,,
vary_B2_annealed,49,12,2.0,54,GPmodel,7.944138526916504,,0.7858519572576038,1.8798289022234398,1.045337245424286,,,2.3920903738453476,../data/results/vary_B2_annealed/B_49_n_12/phi_2.0/results_seed_54.pt,,
vary_B2_annealed,49,12,2.0,54,VI_best_tau_by_ELBO,8.167340278625488,,0.249283105134964,0.8128943129311401,3.5288794786602264,-1702.4052001953125,0.9,,../data/results/vary_B2_annealed/B_49_n_12/phi_2.0/results_seed_54.pt,6.0,12.0
vary_B2_annealed,49,12,2.0,55,GPArealModel,7.957787036895752,,0.5142176391238031,4.596816148017921,2.5635759789511923,,,8.939436919843176,../data/results/vary_B2_annealed/B_49_n_12/phi_2.0/results_seed_55.pt,,
vary_B2_annealed,49,12,2.0,55,GPmodel,7.934907913208008,,0.6137516376944396,2.7286775596603055,1.2529157110401408,,,4.445898620996911,../data/results/vary_B2_annealed/B_49_n_12/phi_2.0/results_seed_55.pt,,
vary_B2_annealed,49,12,2.0,55,VI_best_tau_by_ELBO,8.086955070495605,,0.2492397427558899,1.466456569123699,3.987516509270513,-1774.9095947265625,0.9,,../data/results/vary_B2_annealed/B_49_n_12/phi_2.0/results_seed_55.pt,5.0,12.0
vary_B2_annealed,49,12,2.0,56,GPArealModel,9.201128005981445,,0.4880401045246663,4.170871571160685,1.8560539981927573,,,8.546165637807503,../data/results/vary_B2_annealed/B_49_n_12/phi_2.0/results_seed_56.pt,,
vary_B2_annealed,49,12,2.0,56,GPmodel,7.955257892608643,,0.7885387984806728,2.3989999793510552,1.267489075492641,,,3.042336006767656,../data/results/vary_B2_annealed/B_49_n_12/phi_2.0/results_seed_56.pt,,
vary_B2_annealed,49,12,2.0,56,VI_best_tau_by_ELBO,8.128277778625488,,0.24923521280288696,1.218037652465029,3.8667756011973298,-1744.99345703125,0.9,,../data/results/vary_B2_annealed/B_49_n_12/phi_2.0/results_seed_56.pt,9.0,12.0
vary_B2_annealed,49,12,2.0,57,GPArealModel,7.877604961395264,,0.6127160584151262,3.288526858344965,0.944966771879435,,,5.367130195430472,../data/results/vary_B2_annealed/B_49_n_12/phi_2.0/results_seed_57.pt,,
vary_B2_annealed,49,12,2.0,57,GPmodel,7.952774524688721,,0.7668492659346653,2.0088293601648153,1.0214133823519849,,,2.6195882938172694,../data/results/vary_B2_annealed/B_49_n_12/phi_2.0/results_seed_57.pt,,
vary_B2_annealed,49,12,2.0,57,VI_best_tau_by_ELBO,7.925087928771973,,0.24923282861709595,1.1839603149455709,3.7609442636365573,-1729.2027587890625,0.9,,../data/results/vary_B2_annealed/B_49_n_12/phi_2.0/results_seed_57.pt,12.0,12.0
vary_B2_annealed,49,12,2.0,58,GPArealModel,7.982423782348633,,0.34138396325595155,5.603586901916796,3.169269227727761,,,16.414323767503763,../data/results/vary_B2_annealed/B_49_n_12/phi_2.0/results_seed_58.pt,,
vary_B2_annealed,49,12,2.0,58,GPmodel,7.997601509094238,,0.5925418779930991,3.4088946759822667,1.1538716513758271,,,5.753002112741755,../data/results/vary_B2_annealed/B_49_n_12/phi_2.0/results_seed_58.pt,,
vary_B2_annealed,49,12,2.0,58,VI_best_tau_by_ELBO,8.087745666503906,,0.24921205639839172,1.93200175488048,4.731424072015737,-1812.3893310546875,0.9,,../data/results/vary_B2_annealed/B_49_n_12/phi_2.0/results_seed_58.pt,6.0,12.0
vary_B2_annealed,49,12,2.0,59,GPArealModel,8.26864242553711,,0.8144303101808795,2.770964782919152,1.2237432692721966,,,3.402335041169746,../data/results/vary_B2_annealed/B_49_n_12/phi_2.0/results_seed_59.pt,,
vary_B2_annealed,49,12,2.0,59,GPmodel,7.98170280456543,,0.829144965010655,1.9926970188029764,1.0381867432397727,,,2.403315587615453,../data/results/vary_B2_annealed/B_49_n_12/phi_2.0/results_seed_59.pt,,
vary_B2_annealed,49,12,2.0,59,VI_best_tau_by_ELBO,8.03795051574707,,0.24919739365577698,0.9402162831051688,3.5620891840455475,-1713.2058349609374,0.9,,../data/results/vary_B2_annealed/B_49_n_12/phi_2.0/results_seed_59.pt,3.0,12.0
vary_B2_annealed,49,12,2.0,60,GPArealModel,8.256369590759277,,0.18897756654878456,8.24588484832778,2.9367944646217623,,,43.634199545050784,../data/results/vary_B2_annealed/B_49_n_12/phi_2.0/results_seed_60.pt,,
vary_B2_annealed,49,12,2.0,60,GPmodel,7.940895080566406,,0.31175472148912103,3.9461696307674115,0.9096697852527997,,,12.657930606209334,../data/results/vary_B2_annealed/B_49_n_12/phi_2.0/results_seed_60.pt,,
vary_B2_annealed,49,12,2.0,60,VI_best_tau_by_ELBO,8.004125595092773,,0.2491360455751419,2.534886245961809,3.127268983495394,-1803.268408203125,0.9,,../data/results/vary_B2_annealed/B_49_n_12/phi_2.0/results_seed_60.pt,10.0,12.0
vary_B2_annealed,49,12,2.0,61,GPArealModel,7.812341690063477,,0.5880542214758431,2.7282957033022384,0.4788336752568591,,,4.63953085219764,../data/results/vary_B2_annealed/B_49_n_12/phi_2.0/results_seed_61.pt,,
vary_B2_annealed,49,12,2.0,61,GPmodel,7.980594635009766,,0.7446621674035528,1.8115786440091741,1.0313021612086295,,,2.432752358463016,../data/results/vary_B2_annealed/B_49_n_12/phi_2.0/results_seed_61.pt,,
vary_B2_annealed,49,12,2.0,61,VI_best_tau_by_ELBO,8.047085762023926,,0.2492121309041977,0.9521109542924769,3.488453839346639,-1713.9576904296875,0.9,,../data/results/vary_B2_annealed/B_49_n_12/phi_2.0/results_seed_61.pt,8.0,12.0
vary_B2_annealed,49,12,2.0,62,GPArealModel,7.6164445877075195,,0.3989654478750081,4.675741889689765,0.4853463193172721,,,11.719666238251861,../data/results/vary_B2_annealed/B_49_n_12/phi_2.0/results_seed_62.pt,,
vary_B2_annealed,49,12,2.0,62,GPmodel,7.857892990112305,,0.5730694358026608,2.572176876327223,1.4317938721895294,,,4.488420975940801,../data/results/vary_B2_annealed/B_49_n_12/phi_2.0/results_seed_62.pt,,
vary_B2_annealed,49,12,2.0,62,VI_best_tau_by_ELBO,7.928731918334961,,0.2492355853319168,1.6123172651985243,3.847384288505416,-1783.2674072265625,0.9,,../data/results/vary_B2_annealed/B_49_n_12/phi_2.0/results_seed_62.pt,12.0,12.0
vary_B2_annealed,49,12,2.0,63,GPArealModel,7.948962211608887,,0.7674822369420033,2.838103367221517,1.0541986489770017,,,3.6979401354353234,../data/results/vary_B2_annealed/B_49_n_12/phi_2.0/results_seed_63.pt,,
vary_B2_annealed,49,12,2.0,63,GPmodel,7.9905805587768555,,0.9477125022257378,1.559716605796164,1.0751776715323123,,,1.6457697900292674,../data/results/vary_B2_annealed/B_49_n_12/phi_2.0/results_seed_63.pt,,
vary_B2_annealed,49,12,2.0,63,VI_best_tau_by_ELBO,7.9688496589660645,,0.24924075603485107,0.9069272382639244,3.400258975645577,-1694.8720703125,0.9,,../data/results/vary_B2_annealed/B_49_n_12/phi_2.0/results_seed_63.pt,9.0,12.0
vary_B2_annealed,49,12,2.0,64,GPArealModel,7.5454421043396,,0.4350977013291971,3.1846468628028393,4.716478613580504,,,7.319383331775682,../data/results/vary_B2_annealed/B_49_n_12/phi_2.0/results_seed_64.pt,,
vary_B2_annealed,49,12,2.0,64,GPmodel,7.879806995391846,,0.6949312115365811,2.3448073615505245,1.0612737974772568,,,3.3741575031086284,../data/results/vary_B2_annealed/B_49_n_12/phi_2.0/results_seed_64.pt,,
vary_B2_annealed,49,12,2.0,64,VI_best_tau_by_ELBO,7.749600410461426,,0.24921751022338867,1.1630770664742194,4.175240742147517,-1752.486962890625,0.9,,../data/results/vary_B2_annealed/B_49_n_12/phi_2.0/results_seed_64.pt,6.0,12.0
vary_B2_annealed,49,12,2.0,65,GPArealModel,8.561956405639648,,0.2914238113214273,5.639223291228672,0.5155593326496439,,,19.350592066098756,../data/results/vary_B2_annealed/B_49_n_12/phi_2.0/results_seed_65.pt,,
vary_B2_annealed,49,12,2.0,65,GPmodel,7.915365695953369,,0.4577157340278255,3.141406799385393,0.9482254891125687,,,6.863226596432493,../data/results/vary_B2_annealed/B_49_n_12/phi_2.0/results_seed_65.pt,,
vary_B2_annealed,49,12,2.0,65,VI_best_tau_by_ELBO,8.102141380310059,,0.24921751022338867,1.853291808603079,3.534741435836745,-1779.2390380859374,0.9,,../data/results/vary_B2_annealed/B_49_n_12/phi_2.0/results_seed_65.pt,10.0,12.0
vary_B2_annealed,49,12,2.0,66,GPArealModel,7.6732707023620605,,0.3283846588674334,4.024922938452841,0.774775846972021,,,12.256732553629048,../data/results/vary_B2_annealed/B_49_n_12/phi_2.0/results_seed_66.pt,,
vary_B2_annealed,49,12,2.0,66,GPmodel,7.89834451675415,,0.6683055285745471,1.8239270653223942,1.0215110724611973,,,2.7291814706556656,../data/results/vary_B2_annealed/B_49_n_12/phi_2.0/results_seed_66.pt,,
vary_B2_annealed,49,12,2.0,66,VI_best_tau_by_ELBO,7.932985782623291,,0.24919405579566956,1.0675158154146942,3.372068479987632,-1710.8330810546875,0.9,,../data/results/vary_B2_annealed/B_49_n_12/phi_2.0/results_seed_66.pt,7.0,12.0
vary_B2_annealed,49,12,2.0,67,GPArealModel,7.3450927734375,,0.6302801623441314,2.955975772106019,0.30761238298423565,,,4.689939409027542,../data/results/vary_B2_annealed/B_49_n_12/phi_2.0/results_seed_67.pt,,
vary_B2_annealed,49,12,2.0,67,GPmodel,7.966874122619629,,1.0330629435237182,1.6415237065577264,1.243712947811735,,,1.5889871153044979,../data/results/vary_B2_annealed/B_49_n_12/phi_2.0/results_seed_67.pt,,
vary_B2_annealed,49,12,2.0,67,VI_best_tau_by_ELBO,7.9567084312438965,,0.24923807382583618,0.9621287579830902,3.42564926746151,-1710.84306640625,0.9,,../data/results/vary_B2_annealed/B_49_n_12/phi_2.0/results_seed_67.pt,8.0,12.0
vary_B2_annealed,49,12,2.0,68,GPArealModel,7.456629276275635,,0.4873096046325021,4.033422105578116,0.3183993468447767,,,8.27691895918995,../data/results/vary_B2_annealed/B_49_n_12/phi_2.0/results_seed_68.pt,,
vary_B2_annealed,49,12,2.0,68,GPmodel,8.037100791931152,,0.6932096693292599,2.11831260072966,1.1548630376022886,,,3.05580359659338,../data/results/vary_B2_annealed/B_49_n_12/phi_2.0/results_seed_68.pt,,
vary_B2_annealed,49,12,2.0,68,VI_best_tau_by_ELBO,8.073372840881348,,0.2492392361164093,1.1619830774146516,3.4970037589826424,-1723.632666015625,0.9,,../data/results/vary_B2_annealed/B_49_n_12/phi_2.0/results_seed_68.pt,7.0,12.0
vary_B2_annealed,49,12,2.0,69,GPArealModel,8.252532005310059,,0.48298080121889875,4.357826479517479,1.033394687793741,,,9.022773717960696,../data/results/vary_B2_annealed/B_49_n_12/phi_2.0/results_seed_69.pt,,
vary_B2_annealed,49,12,2.0,69,GPmodel,7.989292144775391,,0.7112662586210129,2.044237681509613,1.1092871428175493,,,2.8740821833344596,../data/results/vary_B2_annealed/B_49_n_12/phi_2.0/results_seed_69.pt,,
vary_B2_annealed,49,12,2.0,69,VI_best_tau_by_ELBO,8.092164039611816,,0.24925485253334045,1.3624703424532476,3.627447820043287,-1738.796337890625,0.9,,../data/results/vary_B2_annealed/B_49_n_12/phi_2.0/results_seed_69.pt,12.0,12.0
vary_B2_annealed,49,12,2.0,70,GPArealModel,7.4168620109558105,,0.2527199951523453,5.868139818624368,2.2719503704226613,,,23.219926919858167,../data/results/vary_B2_annealed/B_49_n_12/phi_2.0/results_seed_70.pt,,
vary_B2_annealed,49,12,2.0,70,GPmodel,7.955624103546143,,0.3983343456083315,3.5085735720953095,1.0391676333586344,,,8.808112106770652,../data/results/vary_B2_annealed/B_49_n_12/phi_2.0/results_seed_70.pt,,
vary_B2_annealed,49,12,2.0,70,VI_best_tau_by_ELBO,7.9717912673950195,,0.24918143451213837,2.1767369051998036,3.4565312656596507,-1809.537255859375,0.9,,../data/results/vary_B2_annealed/B_49_n_12/phi_2.0/results_seed_70.pt,8.0,12.0
vary_B2_annealed,49,12,2.0,71,GPArealModel,8.701399803161621,,0.639172102669033,3.274427877280623,2.944618247273079,,,5.122920514846282,../data/results/vary_B2_annealed/B_49_n_12/phi_2.0/results_seed_71.pt,,
vary_B2_annealed,49,12,2.0,71,GPmodel,7.960127353668213,,0.8790113008493796,2.044929884302733,1.2719992647661913,,,2.3263977178982094,../data/results/vary_B2_annealed/B_49_n_12/phi_2.0/results_seed_71.pt,,
vary_B2_annealed,49,12,2.0,71,VI_best_tau_by_ELBO,8.181025505065918,,0.24926845729351044,0.9693375076299151,3.670046652433043,-1728.02880859375,0.9,,../data/results/vary_B2_annealed/B_49_n_12/phi_2.0/results_seed_71.pt,8.0,12.0
vary_B2_annealed,49,12,2.0,72,GPArealModel,7.737800598144531,,0.33866919114651495,7.617049351618541,1.4675753970308425,,,22.491119802873524,../data/results/vary_B2_annealed/B_49_n_12/phi_2.0/results_seed_72.pt,,
vary_B2_annealed,49,12,2.0,72,GPmodel,7.900038719177246,,0.47920896135234425,3.1103183796883873,1.0908681080965703,,,6.4905263267843765,../data/results/vary_B2_annealed/B_49_n_12/phi_2.0/results_seed_72.pt,,
vary_B2_annealed,49,12,2.0,72,VI_best_tau_by_ELBO,7.8960466384887695,,0.24924108386039734,2.153295115454943,4.0938855226192,-1791.45625,0.9,,../data/results/vary_B2_annealed/B_49_n_12/phi_2.0/results_seed_72.pt,12.0,12.0
vary_B2_annealed,49,12,2.0,73,GPArealModel,8.412165641784668,,0.7779105593198217,3.526957849648533,2.230232774548607,,,4.533886071340109,../data/results/vary_B2_annealed/B_49_n_12/phi_2.0/results_seed_73.pt,,
vary_B2_annealed,49,12,2.0,73,GPmodel,7.916871070861816,,0.8068065707981806,2.0204507345627563,1.0873088041308627,,,2.504256667820525,../data/results/vary_B2_annealed/B_49_n_12/phi_2.0/results_seed_73.pt,,
vary_B2_annealed,49,12,2.0,73,VI_best_tau_by_ELBO,8.152565956115723,,0.2492651790380478,1.0978879378705007,3.3729237218392822,-1711.6780029296874,0.9,,../data/results/vary_B2_annealed/B_49_n_12/phi_2.0/results_seed_73.pt,7.0,12.0
vary_B2_annealed,49,12,2.0,74,GPArealModel,7.433296203613281,,0.3867543982016464,4.898042311596374,1.37534917583213,,,12.664477338516594,../data/results/vary_B2_annealed/B_49_n_12/phi_2.0/results_seed_74.pt,,
vary_B2_annealed,49,12,2.0,74,GPmodel,7.860353469848633,,0.5187357457820057,2.901923457512707,1.196702996501724,,,5.59422303380692,../data/results/vary_B2_annealed/B_49_n_12/phi_2.0/results_seed_74.pt,,
vary_B2_annealed,49,12,2.0,74,VI_best_tau_by_ELBO,7.9202680587768555,,0.24923384189605713,1.6617504316399585,4.10220304636856,-1791.7666748046875,0.9,,../data/results/vary_B2_annealed/B_49_n_12/phi_2.0/results_seed_74.pt,12.0,12.0
vary_B2_annealed,49,12,2.0,75,GPArealModel,8.040644645690918,,0.35507275134617855,5.707017037599189,1.2925248437984496,,,16.072810476056855,../data/results/vary_B2_annealed/B_49_n_12/phi_2.0/results_seed_75.pt,,
vary_B2_annealed,49,12,2.0,75,GPmodel,7.987586498260498,,0.4938318485119109,3.379173326452676,0.9965353848271964,,,6.842761026117117,../data/results/vary_B2_annealed/B_49_n_12/phi_2.0/results_seed_75.pt,,
vary_B2_annealed,49,12,2.0,75,VI_best_tau_by_ELBO,7.981091022491455,,0.2492181807756424,1.947809048213067,4.2009138239402075,-1787.65908203125,0.9,,../data/results/vary_B2_annealed/B_49_n_12/phi_2.0/results_seed_75.pt,7.0,12.0
vary_B2_annealed,49,12,2.0,76,GPArealModel,7.931876182556152,,0.671013405783653,3.4884049728896858,0.7486137433109485,,,5.198711296707552,../data/results/vary_B2_annealed/B_49_n_12/phi_2.0/results_seed_76.pt,,
vary_B2_annealed,49,12,2.0,76,GPmodel,7.971542835235596,,0.8506522284601072,2.0999932294548476,1.3400724178855137,,,2.468685979059103,../data/results/vary_B2_annealed/B_49_n_12/phi_2.0/results_seed_76.pt,,
vary_B2_annealed,49,12,2.0,76,VI_best_tau_by_ELBO,8.166569709777832,,0.24924170970916748,1.095092419429429,3.711750469123166,-1736.481298828125,0.9,,../data/results/vary_B2_annealed/B_49_n_12/phi_2.0/results_seed_76.pt,7.0,12.0
vary_B2_annealed,49,12,2.0,77,GPArealModel,7.769466400146484,,0.23818192270091307,8.474566179780467,1.1017326115305854,,,35.58022407276495,../data/results/vary_B2_annealed/B_49_n_12/phi_2.0/results_seed_77.pt,,
vary_B2_annealed,49,12,2.0,77,GPmodel,7.9021735191345215,,0.3392037813574196,4.251055888981776,1.0332691568581198,,,12.532454302160128,../data/results/vary_B2_annealed/B_49_n_12/phi_2.0/results_seed_77.pt,,
vary_B2_annealed,49,12,2.0,77,VI_best_tau_by_ELBO,7.93460750579834,,0.24918228387832642,2.9661251342731787,3.4448648255581498,-1831.2634765625,0.9,,../data/results/vary_B2_annealed/B_49_n_12/phi_2.0/results_seed_77.pt,12.0,12.0
vary_B2_annealed,49,12,2.0,78,GPArealModel,8.028751373291016,,0.4903096595772977,6.557890609158052,0.790282364830976,,,13.374997781629867,../data/results/vary_B2_annealed/B_49_n_12/phi_2.0/results_seed_78.pt,,
vary_B2_annealed,49,12,2.0,78,GPmodel,7.924947261810303,,0.6154515777872388,2.799667008201306,1.176852843419873,,,4.54896389780505,../data/results/vary_B2_annealed/B_49_n_12/phi_2.0/results_seed_78.pt,,
vary_B2_annealed,49,12,2.0,78,VI_best_tau_by_ELBO,7.852107524871826,,0.2492351531982422,1.9052674818348045,4.3597584948609684,-1783.250732421875,0.9,,../data/results/vary_B2_annealed/B_49_n_12/phi_2.0/results_seed_78.pt,12.0,12.0
vary_B2_annealed,49,12,2.0,79,GPArealModel,8.264078140258789,,0.5693177393180541,3.7174381915772243,1.2800756019614385,,,6.529637028401897,../data/results/vary_B2_annealed/B_49_n_12/phi_2.0/results_seed_79.pt,,
vary_B2_annealed,49,12,2.0,79,GPmodel,7.956118106842041,,0.7513393829904196,2.177593602656753,1.3506430327207621,,,2.898282256933841,../data/results/vary_B2_annealed/B_49_n_12/phi_2.0/results_seed_79.pt,,
vary_B2_annealed,49,12,2.0,79,VI_best_tau_by_ELBO,8.203398704528809,,0.24922753870487213,1.150164726202661,3.6420117120863185,-1733.933935546875,0.9,,../data/results/vary_B2_annealed/B_49_n_12/phi_2.0/results_seed_79.pt,10.0,12.0
vary_B2_annealed,49,12,2.0,80,GPArealModel,8.087337493896484,,0.8537653095961003,2.9553806625846026,1.577474546268058,,,3.46158438316349,../data/results/vary_B2_annealed/B_49_n_12/phi_2.0/results_seed_80.pt,,
vary_B2_annealed,49,12,2.0,80,GPmodel,7.905586242675781,,0.977448318749114,1.7746618337037512,0.9098994111252079,,,1.8156068199849875,../data/results/vary_B2_annealed/B_49_n_12/phi_2.0/results_seed_80.pt,,
vary_B2_annealed,49,12,2.0,80,VI_best_tau_by_ELBO,7.871452808380127,,0.24921642243862152,0.9259033203124999,3.40444355928544,-1691.4466064453125,0.9,,../data/results/vary_B2_annealed/B_49_n_12/phi_2.0/results_seed_80.pt,9.0,12.0
vary_B2_annealed,49,12,2.0,81,GPArealModel,7.955989360809326,,0.5346558492986236,6.223627450511421,1.12295211834454,,,11.640436476428244,../data/results/vary_B2_annealed/B_49_n_12/phi_2.0/results_seed_81.pt,,
vary_B2_annealed,49,12,2.0,81,GPmodel,7.958578586578369,,0.6258066695422559,2.8468276874519076,1.1860842518501384,,,4.549052967962469,../data/results/vary_B2_annealed/B_49_n_12/phi_2.0/results_seed_81.pt,,
vary_B2_annealed,49,12,2.0,81,VI_best_tau_by_ELBO,7.904432773590088,,0.24923232197761536,1.8687931973142697,4.485910312180143,-1783.3836181640625,0.9,,../data/results/vary_B2_annealed/B_49_n_12/phi_2.0/results_seed_81.pt,9.0,12.0
vary_B2_annealed,49,12,2.0,82,GPArealModel,8.049030303955078,,0.446293863983346,3.0144791202904155,6.653603905122511,,,6.75447135522998,../data/results/vary_B2_annealed/B_49_n_12/phi_2.0/results_seed_82.pt,,
vary_B2_annealed,49,12,2.0,82,GPmodel,7.931970119476318,,1.0577359915167834,2.068914016602921,1.4348153736399536,,,1.9559833769446742,../data/results/vary_B2_annealed/B_49_n_12/phi_2.0/results_seed_82.pt,,
vary_B2_annealed,49,12,2.0,82,VI_best_tau_by_ELBO,7.996400833129883,,0.2492058128118515,1.1715294256506417,4.151275645177627,-1748.28876953125,0.9,,../data/results/vary_B2_annealed/B_49_n_12/phi_2.0/results_seed_82.pt,6.0,12.0
vary_B2_annealed,49,12,2.0,83,GPArealModel,7.741355895996094,,0.9093050015917788,3.600040382057439,0.5041960318599612,,,3.959112042444953,../data/results/vary_B2_annealed/B_49_n_12/phi_2.0/results_seed_83.pt,,
vary_B2_annealed,49,12,2.0,83,GPmodel,7.8510894775390625,,0.9492911884281783,1.814970504695349,1.1175541317016082,,,1.9119217862967308,../data/results/vary_B2_annealed/B_49_n_12/phi_2.0/results_seed_83.pt,,
vary_B2_annealed,49,12,2.0,83,VI_best_tau_by_ELBO,7.784012317657471,,0.2492302656173706,1.1674286586276015,3.839436599070283,-1722.638232421875,0.9,,../data/results/vary_B2_annealed/B_49_n_12/phi_2.0/results_seed_83.pt,10.0,12.0
vary_B2_annealed,49,12,2.0,84,GPArealModel,8.299323081970215,,0.6716811429722304,3.048039555495286,0.811191962429141,,,4.537926347027585,../data/results/vary_B2_annealed/B_49_n_12/phi_2.0/results_seed_84.pt,,
vary_B2_annealed,49,12,2.0,84,GPmodel,7.927616596221924,,0.8609450842083409,1.8395197293510817,0.9922363034960563,,,2.136628413463285,../data/results/vary_B2_annealed/B_49_n_12/phi_2.0/results_seed_84.pt,,
vary_B2_annealed,49,12,2.0,84,VI_best_tau_by_ELBO,8.074715614318848,,0.24922090768814087,0.9799940876487333,3.330932742131525,-1692.9901611328125,0.9,,../data/results/vary_B2_annealed/B_49_n_12/phi_2.0/results_seed_84.pt,8.0,12.0
vary_B2_annealed,49,12,2.0,85,GPArealModel,8.326255798339844,,0.5770931885914294,3.077525784672616,0.8131876754508348,,,5.33280559450762,../data/results/vary_B2_annealed/B_49_n_12/phi_2.0/results_seed_85.pt,,
vary_B2_annealed,49,12,2.0,85,GPmodel,7.892847537994385,,0.7674587927282064,2.0607242701666233,1.0506375971390434,,,2.6851269275853142,../data/results/vary_B2_annealed/B_49_n_12/phi_2.0/results_seed_85.pt,,
vary_B2_annealed,49,12,2.0,85,VI_best_tau_by_ELBO,8.08897590637207,,0.24920669198036194,1.0207952878776974,3.600811003337171,-1718.010400390625,0.9,,../data/results/vary_B2_annealed/B_49_n_12/phi_2.0/results_seed_85.pt,6.0,12.0
vary_B2_annealed,49,12,2.0,86,GPArealModel,7.193962097167969,,0.48098991442302363,4.3657075588006125,1.5793804983685482,,,9.076505406641513,../data/results/vary_B2_annealed/B_49_n_12/phi_2.0/results_seed_86.pt,,
vary_B2_annealed,49,12,2.0,86,GPmodel,7.870890140533447,,0.758139055284816,2.6887842273479072,1.098496695844926,,,3.5465581262500594,../data/results/vary_B2_annealed/B_49_n_12/phi_2.0/results_seed_86.pt,,
vary_B2_annealed,49,12,2.0,86,VI_best_tau_by_ELBO,7.842424392700195,,0.24918237328529358,1.373232083693172,4.492090460140523,-1768.3404296875,0.9,,../data/results/vary_B2_annealed/B_49_n_12/phi_2.0/results_seed_86.pt,12.0,12.0
vary_B2_annealed,49,12,2.0,87,GPArealModel,8.4691801071167,,0.41184964256533363,5.003481080746063,0.6685824927904086,,,12.148805203715424,../data/results/vary_B2_annealed/B_49_n_12/phi_2.0/results_seed_87.pt,,
vary_B2_annealed,49,12,2.0,87,GPmodel,8.003697395324707,,0.6851286111996842,2.5527247711812286,1.2498059975115394,,,3.7259059532068264,../data/results/vary_B2_annealed/B_49_n_12/phi_2.0/results_seed_87.pt,,
vary_B2_annealed,49,12,2.0,87,VI_best_tau_by_ELBO,8.379816055297852,,0.24923275411128998,1.2911888390667647,3.7915459707384422,-1754.6742919921876,0.9,,../data/results/vary_B2_annealed/B_49_n_12/phi_2.0/results_seed_87.pt,10.0,12.0
vary_B2_annealed,49,12,2.0,88,GPArealModel,8.1552152633667,,0.41347986291369604,4.226777938884495,1.6572204888532964,,,10.222451727393391,../data/results/vary_B2_annealed/B_49_n_12/phi_2.0/results_seed_88.pt,,
vary_B2_annealed,49,12,2.0,88,GPmodel,7.918529510498047,,0.597479520161288,2.31859679175633,1.046837621193032,,,3.88062973460652,../data/results/vary_B2_annealed/B_49_n_12/phi_2.0/results_seed_88.pt,,
vary_B2_annealed,49,12,2.0,88,VI_best_tau_by_ELBO,8.034926414489746,,0.24922534823417664,1.3472959947276952,3.659497628395812,-1741.48095703125,0.9,,../data/results/vary_B2_annealed/B_49_n_12/phi_2.0/results_seed_88.pt,10.0,12.0
vary_B2_annealed,49,12,2.0,89,GPArealModel,7.504273891448975,,0.5115555116002256,4.1607711350700525,0.7776949127308139,,,8.13356720965533,../data/results/vary_B2_annealed/B_49_n_12/phi_2.0/results_seed_89.pt,,
vary_B2_annealed,49,12,2.0,89,GPmodel,7.981955051422119,,0.6778718741029198,2.2787754167476257,1.132905686385911,,,3.3616609624987097,../data/results/vary_B2_annealed/B_49_n_12/phi_2.0/results_seed_89.pt,,
vary_B2_annealed,49,12,2.0,89,VI_best_tau_by_ELBO,7.954548358917236,,0.249231219291687,1.4463372492456712,4.03675153531218,-1752.7984375,0.9,,../data/results/vary_B2_annealed/B_49_n_12/phi_2.0/results_seed_89.pt,9.0,12.0
vary_B2_annealed,49,12,2.0,90,GPArealModel,8.218196868896484,,0.832781497137255,2.992323045488038,1.609506133737113,,,3.5931670621577916,../data/results/vary_B2_annealed/B_49_n_12/phi_2.0/results_seed_90.pt,,
vary_B2_annealed,49,12,2.0,90,GPmodel,8.003434181213379,,0.8697078679714749,1.6644956090433898,0.9609164212163221,,,1.913855985833145,../data/results/vary_B2_annealed/B_49_n_12/phi_2.0/results_seed_90.pt,,
vary_B2_annealed,49,12,2.0,90,VI_best_tau_by_ELBO,8.0507230758667,,0.2492462694644928,0.9535105356133785,3.168134842257335,-1688.1302978515625,0.9,,../data/results/vary_B2_annealed/B_49_n_12/phi_2.0/results_seed_90.pt,9.0,12.0
vary_B2_annealed,49,12,2.0,91,GPArealModel,7.7494120597839355,,0.5699510279059099,5.04812017838014,1.0153039892242282,,,8.857112157386101,../data/results/vary_B2_annealed/B_49_n_12/phi_2.0/results_seed_91.pt,,
vary_B2_annealed,49,12,2.0,91,GPmodel,8.025510787963867,,0.7090667070715672,2.6201905935993,1.1604430053671877,,,3.6952667040603844,../data/results/vary_B2_annealed/B_49_n_12/phi_2.0/results_seed_91.pt,,
vary_B2_annealed,49,12,2.0,91,VI_best_tau_by_ELBO,8.021815299987793,,0.24921263754367828,1.5198626432025117,4.347862574233409,-1765.6169189453126,0.9,,../data/results/vary_B2_annealed/B_49_n_12/phi_2.0/results_seed_91.pt,8.0,12.0
vary_B2_annealed,49,12,2.0,92,GPArealModel,7.789000511169434,,0.317643059033078,6.021152392964755,1.5667881301346789,,,18.95571844476456,../data/results/vary_B2_annealed/B_49_n_12/phi_2.0/results_seed_92.pt,,
vary_B2_annealed,49,12,2.0,92,GPmodel,7.945913791656494,,0.3660620476960309,3.670084797759382,0.8650961715282629,,,10.025854416918227,../data/results/vary_B2_annealed/B_49_n_12/phi_2.0/results_seed_92.pt,,
vary_B2_annealed,49,12,2.0,92,VI_best_tau_by_ELBO,8.038166999816895,,0.2492484152317047,2.4459598349939227,3.410009607362568,-1787.132568359375,0.9,,../data/results/vary_B2_annealed/B_49_n_12/phi_2.0/results_seed_92.pt,12.0,12.0
vary_B2_annealed,49,12,2.0,93,GPArealModel,8.530136108398438,,0.7706396874509055,2.982673507040044,2.310830460173961,,,3.8703865835226123,../data/results/vary_B2_annealed/B_49_n_12/phi_2.0/results_seed_93.pt,,
vary_B2_annealed,49,12,2.0,93,GPmodel,7.896020412445068,,0.9030887625636024,2.1365189882194273,1.398043055505639,,,2.365790691664107,../data/results/vary_B2_annealed/B_49_n_12/phi_2.0/results_seed_93.pt,,
vary_B2_annealed,49,12,2.0,93,VI_best_tau_by_ELBO,8.246374130249023,,0.24921147525310516,0.9454009395457501,3.59410858935197,-1728.7029052734374,0.9,,../data/results/vary_B2_annealed/B_49_n_12/phi_2.0/results_seed_93.pt,9.0,12.0
vary_B2_annealed,49,12,2.0,94,GPArealModel,7.163417816162109,,0.7074190311427172,5.4666968068400825,0.5855819050540055,,,7.727664320833365,../data/results/vary_B2_annealed/B_49_n_12/phi_2.0/results_seed_94.pt,,
vary_B2_annealed,49,12,2.0,94,GPmodel,8.02608871459961,,0.6151778126722891,2.8860312349403165,1.0947305091137804,,,4.691377314802041,../data/results/vary_B2_annealed/B_49_n_12/phi_2.0/results_seed_94.pt,,
vary_B2_annealed,49,12,2.0,94,VI_best_tau_by_ELBO,7.997335433959961,,0.24925479292869568,2.2052572530839516,4.740545402326424,-1796.7636474609376,0.9,,../data/results/vary_B2_annealed/B_49_n_12/phi_2.0/results_seed_94.pt,10.0,12.0
vary_B2_annealed,49,12,2.0,95,GPArealModel,7.827366352081299,,0.3839622809145519,6.883596641675893,0.9943545001055515,,,17.92779391058933,../data/results/vary_B2_annealed/B_49_n_12/phi_2.0/results_seed_95.pt,,
vary_B2_annealed,49,12,2.0,95,GPmodel,7.939436912536621,,0.4864265095002348,3.3788164389376933,1.0951602224781556,,,6.946201271820409,../data/results/vary_B2_annealed/B_49_n_12/phi_2.0/results_seed_95.pt,,
vary_B2_annealed,49,12,2.0,95,VI_best_tau_by_ELBO,7.931333065032959,,0.24923427402973175,2.20661935119733,4.342438337624744,-1802.654150390625,0.9,,../data/results/vary_B2_annealed/B_49_n_12/phi_2.0/results_seed_95.pt,10.0,12.0
vary_B2_annealed,49,12,2.0,96,GPArealModel,8.025426864624023,,0.4393145674528171,6.139231249165895,0.7301161038747594,,,13.974567892800994,../data/results/vary_B2_annealed/B_49_n_12/phi_2.0/results_seed_96.pt,,
vary_B2_annealed,49,12,2.0,96,GPmodel,7.881311893463135,,0.5786451512894618,2.9124662887322477,1.199467135534159,,,5.033251004077478,../data/results/vary_B2_annealed/B_49_n_12/phi_2.0/results_seed_96.pt,,
vary_B2_annealed,49,12,2.0,96,VI_best_tau_by_ELBO,7.884763240814209,,0.24922367930412292,2.0768622740345655,4.484280209132975,-1800.1115966796874,0.9,,../data/results/vary_B2_annealed/B_49_n_12/phi_2.0/results_seed_96.pt,10.0,12.0
vary_B2_annealed,49,12,2.0,97,GPArealModel,7.8312764167785645,,0.393399081449705,8.232862712254628,1.5595438838742466,,,20.927508732140183,../data/results/vary_B2_annealed/B_49_n_12/phi_2.0/results_seed_97.pt,,
vary_B2_annealed,49,12,2.0,97,GPmodel,7.919325351715088,,0.37565698372841944,5.366301543201649,0.9345178526774955,,,14.285110554689455,../data/results/vary_B2_annealed/B_49_n_12/phi_2.0/results_seed_97.pt,,
vary_B2_annealed,49,12,2.0,97,VI_best_tau_by_ELBO,7.867076873779297,,0.24932272732257843,4.994169278829751,3.69191102386131,-1847.2243896484374,0.9,,../data/results/vary_B2_annealed/B_49_n_12/phi_2.0/results_seed_97.pt,12.0,12.0
vary_B2_annealed,49,12,2.0,98,GPArealModel,8.523672103881836,,0.5311074505541903,4.889287092582845,1.3309274575220658,,,9.205834125431796,../data/results/vary_B2_annealed/B_49_n_12/phi_2.0/results_seed_98.pt,,
vary_B2_annealed,49,12,2.0,98,GPmodel,7.997468948364258,,0.5313554735853538,3.1544283381052374,0.9419556924589952,,,5.9365688224128705,../data/results/vary_B2_annealed/B_49_n_12/phi_2.0/results_seed_98.pt,,
vary_B2_annealed,49,12,2.0,98,VI_best_tau_by_ELBO,8.269876480102539,,0.24925434589385986,1.5224336788785289,3.8674856997398495,-1763.1309326171875,0.9,,../data/results/vary_B2_annealed/B_49_n_12/phi_2.0/results_seed_98.pt,8.0,12.0
vary_B2_annealed,49,12,2.0,99,GPArealModel,7.86671781539917,,0.392207436058259,4.881313241017283,2.6810379870250163,,,12.445743737230435,../data/results/vary_B2_annealed/B_49_n_12/phi_2.0/results_seed_99.pt,,
vary_B2_annealed,49,12,2.0,99,GPmodel,7.962120056152344,,0.667578752298276,2.3846101723214788,0.9668922685062864,,,3.572028264997907,../data/results/vary_B2_annealed/B_49_n_12/phi_2.0/results_seed_99.pt,,
vary_B2_annealed,49,12,2.0,99,VI_best_tau_by_ELBO,7.906312942504883,,0.24920065701007843,1.3039659274311775,3.8620231469634936,-1733.6265625,0.9,,../data/results/vary_B2_annealed/B_49_n_12/phi_2.0/results_seed_99.pt,10.0,12.0
vary_B2_annealed,49,12,2.0,100,GPArealModel,7.154092788696289,,0.3065383205521113,5.493709032414042,0.43190449430764577,,,17.921769201707736,../data/results/vary_B2_annealed/B_49_n_12/phi_2.0/results_seed_100.pt,,
vary_B2_annealed,49,12,2.0,100,GPmodel,7.968820095062256,,0.4463821088444786,2.728175042601059,1.0447735662416398,,,6.11174818288151,../data/results/vary_B2_annealed/B_49_n_12/phi_2.0/results_seed_100.pt,,
vary_B2_annealed,49,12,2.0,100,VI_best_tau_by_ELBO,7.919760227203369,,0.24926745891571045,1.7594996608186197,3.7423342675814566,-1778.0920166015626,0.9,,../data/results/vary_B2_annealed/B_49_n_12/phi_2.0/results_seed_100.pt,10.0,12.0
vary_B2_annealed,81,12,2.0,1,GPArealModel,7.90420389175415,,0.4116911411096898,5.358755681326299,1.5645927205255434,,,13.016446423603096,../data/results/vary_B2_annealed/B_81_n_12/phi_2.0/results_seed_1.pt,,
vary_B2_annealed,81,12,2.0,1,GPmodel,7.962457180023193,,0.7213366655253766,2.428139757988102,1.0141588334293965,,,3.3661671089734453,../data/results/vary_B2_annealed/B_81_n_12/phi_2.0/results_seed_1.pt,,
vary_B2_annealed,81,12,2.0,1,VI_best_tau_by_ELBO,7.961692810058594,,0.22406218945980072,2.6081096057030764,2.682751915278422,-2371.8400390625,0.9,,../data/results/vary_B2_annealed/B_81_n_12/phi_2.0/results_seed_1.pt,12.0,12.0
vary_B2_annealed,81,12,2.0,2,GPArealModel,7.787107944488525,,0.6104145463828954,2.662767841377224,0.9978776020477919,,,4.362228680747963,../data/results/vary_B2_annealed/B_81_n_12/phi_2.0/results_seed_2.pt,,
vary_B2_annealed,81,12,2.0,2,GPmodel,7.958291053771973,,0.9193788264605353,1.5584052626581677,1.0618466953661487,,,1.695063251192965,../data/results/vary_B2_annealed/B_81_n_12/phi_2.0/results_seed_2.pt,,
vary_B2_annealed,81,12,2.0,2,VI_best_tau_by_ELBO,8.113572120666504,,0.2241031974554062,0.965203305073213,2.3249814692685784,-2269.962744140625,0.9,,../data/results/vary_B2_annealed/B_81_n_12/phi_2.0/results_seed_2.pt,12.0,12.0
vary_B2_annealed,81,12,2.0,3,GPArealModel,7.787863731384277,,0.6310132321517133,3.1731066611727345,0.6129406654986549,,,5.028589733931016,../data/results/vary_B2_annealed/B_81_n_12/phi_2.0/results_seed_3.pt,,
vary_B2_annealed,81,12,2.0,3,GPmodel,7.98716402053833,,0.9531706543114412,1.8025776400954174,1.254223734348323,,,1.8911384146604653,../data/results/vary_B2_annealed/B_81_n_12/phi_2.0/results_seed_3.pt,,
vary_B2_annealed,81,12,2.0,3,VI_best_tau_by_ELBO,8.23586368560791,,0.22417137026786804,1.4902974610180246,2.4526054651263913,-2324.0783203125,0.9,,../data/results/vary_B2_annealed/B_81_n_12/phi_2.0/results_seed_3.pt,12.0,12.0
vary_B2_annealed,81,12,2.0,4,GPArealModel,8.012553215026855,,0.3081641778909882,5.266231199433347,0.6889794038678374,,,17.08904401372782,../data/results/vary_B2_annealed/B_81_n_12/phi_2.0/results_seed_4.pt,,
vary_B2_annealed,81,12,2.0,4,GPmodel,7.930669784545898,,0.4481867907357126,3.011802763059232,1.0636641784262075,,,6.719972175251448,../data/results/vary_B2_annealed/B_81_n_12/phi_2.0/results_seed_4.pt,,
vary_B2_annealed,81,12,2.0,4,VI_best_tau_by_ELBO,8.116920471191406,,0.22405265271663666,3.251222363945578,2.1818207485408934,-2374.263330078125,0.9,,../data/results/vary_B2_annealed/B_81_n_12/phi_2.0/results_seed_4.pt,12.0,12.0
vary_B2_annealed,81,12,2.0,5,GPArealModel,8.542064666748047,,0.436601188305605,3.3364565299738205,4.1545509568957115,,,7.6418860491933005,../data/results/vary_B2_annealed/B_81_n_12/phi_2.0/results_seed_5.pt,,
vary_B2_annealed,81,12,2.0,5,GPmodel,8.01172161102295,,0.6821841878859382,2.2715036677389864,1.1819242746818348,,,3.329751272568024,../data/results/vary_B2_annealed/B_81_n_12/phi_2.0/results_seed_5.pt,,
vary_B2_annealed,81,12,2.0,5,VI_best_tau_by_ELBO,8.160942077636719,,0.22410503029823303,2.1973962258909245,2.4055227115704234,-2349.203857421875,0.9,,../data/results/vary_B2_annealed/B_81_n_12/phi_2.0/results_seed_5.pt,12.0,12.0
vary_B2_annealed,81,12,2.0,6,GPArealModel,7.991866588592529,,0.2907378364678691,6.735722273891885,2.0251696779653625,,,23.167683834079448,../data/results/vary_B2_annealed/B_81_n_12/phi_2.0/results_seed_6.pt,,
vary_B2_annealed,81,12,2.0,6,GPmodel,7.933341026306152,,0.4508436498062209,3.2433021483416686,0.9135313922746714,,,7.193851238085945,../data/results/vary_B2_annealed/B_81_n_12/phi_2.0/results_seed_6.pt,,
vary_B2_annealed,81,12,2.0,6,VI_best_tau_by_ELBO,8.280583381652832,,0.2239656299352646,2.5281753178307307,2.7295757318078744,-2457.975439453125,0.9,,../data/results/vary_B2_annealed/B_81_n_12/phi_2.0/results_seed_6.pt,12.0,12.0
vary_B2_annealed,81,12,2.0,7,GPArealModel,8.425915718078613,,0.5389632698854973,2.9471161530208696,0.8228960702819387,,,5.468120589454982,../data/results/vary_B2_annealed/B_81_n_12/phi_2.0/results_seed_7.pt,,
vary_B2_annealed,81,12,2.0,7,GPmodel,7.957123756408691,,0.7707860691020237,1.9301956747665419,1.1076306041494182,,,2.504191178513704,../data/results/vary_B2_annealed/B_81_n_12/phi_2.0/results_seed_7.pt,,
vary_B2_annealed,81,12,2.0,7,VI_best_tau_by_ELBO,8.304149627685547,,0.2241113781929016,1.3805433913030174,2.411384904932617,-2312.743603515625,0.9,,../data/results/vary_B2_annealed/B_81_n_12/phi_2.0/results_seed_7.pt,12.0,12.0
vary_B2_annealed,81,12,2.0,8,GPArealModel,7.9492082595825195,,0.20330853601640603,7.40072944804556,0.5787324174140462,,,36.401469377795124,../data/results/vary_B2_annealed/B_81_n_12/phi_2.0/results_seed_8.pt,,
vary_B2_annealed,81,12,2.0,8,GPmodel,7.964748382568359,,0.4568451764020388,2.8260887812687656,1.0490497113676576,,,6.186097451057936,../data/results/vary_B2_annealed/B_81_n_12/phi_2.0/results_seed_8.pt,,
vary_B2_annealed,81,12,2.0,8,VI_best_tau_by_ELBO,8.066080093383789,,0.22396107017993927,2.6982408286467994,2.2890596816378066,-2353.826123046875,0.9,,../data/results/vary_B2_annealed/B_81_n_12/phi_2.0/results_seed_8.pt,12.0,12.0
vary_B2_annealed,81,12,2.0,9,GPArealModel,7.849796772003174,,0.8174268251097344,2.92552772739741,1.0383797324326858,,,3.5789475431084323,../data/results/vary_B2_annealed/B_81_n_12/phi_2.0/results_seed_9.pt,,
vary_B2_annealed,81,12,2.0,9,GPmodel,7.939859867095947,,0.8564485486461335,1.6493046149041646,1.0508554925610103,,,1.9257486249598659,../data/results/vary_B2_annealed/B_81_n_12/phi_2.0/results_seed_9.pt,,
vary_B2_annealed,81,12,2.0,9,VI_best_tau_by_ELBO,8.089886665344238,,0.2242392897605896,1.4405804195494485,2.303550592822356,-2295.4712890625,0.9,,../data/results/vary_B2_annealed/B_81_n_12/phi_2.0/results_seed_9.pt,12.0,12.0
vary_B2_annealed,81,12,2.0,10,GPArealModel,7.79770040512085,,0.4620657344185703,4.152992167556118,3.0961635754995585,,,8.987881719430979,../data/results/vary_B2_annealed/B_81_n_12/phi_2.0/results_seed_10.pt,,
vary_B2_annealed,81,12,2.0,10,GPmodel,7.984940052032471,,0.5737659222773465,2.5788665109928663,0.9724350547571496,,,4.4946317145449015,../data/results/vary_B2_annealed/B_81_n_12/phi_2.0/results_seed_10.pt,,
vary_B2_annealed,81,12,2.0,10,VI_best_tau_by_ELBO,8.049003601074219,,0.22409313917160034,2.8951940180665066,2.2883621369949494,-2360.175732421875,0.9,,../data/results/vary_B2_annealed/B_81_n_12/phi_2.0/results_seed_10.pt,12.0,12.0
vary_B2_annealed,81,12,2.0,11,GPArealModel,7.656471252441406,,0.47563710179000207,3.7546884734363193,0.7044739967683268,,,7.894019325460542,../data/results/vary_B2_annealed/B_81_n_12/phi_2.0/results_seed_11.pt,,
vary_B2_annealed,81,12,2.0,11,GPmodel,7.989486217498779,,0.7155435585487555,2.0055882216148526,1.120191245176111,,,2.8028876756050014,../data/results/vary_B2_annealed/B_81_n_12/phi_2.0/results_seed_11.pt,,
vary_B2_annealed,81,12,2.0,11,VI_best_tau_by_ELBO,8.091404914855957,,0.22410990297794342,1.8450934025362038,2.4161476853999173,-2337.631298828125,0.9,,../data/results/vary_B2_annealed/B_81_n_12/phi_2.0/results_seed_11.pt,12.0,12.0
vary_B2_annealed,81,12,2.0,12,GPArealModel,7.769557476043701,,0.4194822518996667,3.8123711792373953,0.7063376819199104,,,9.088277661266233,../data/results/vary_B2_annealed/B_81_n_12/phi_2.0/results_seed_12.pt,,
vary_B2_annealed,81,12,2.0,12,GPmodel,7.9522175788879395,,0.564830374247058,2.310452680582077,1.0114369484250951,,,4.0905248476801646,../data/results/vary_B2_annealed/B_81_n_12/phi_2.0/results_seed_12.pt,,
vary_B2_annealed,81,12,2.0,12,VI_best_tau_by_ELBO,8.144204139709473,,0.22402894496917725,1.6784353419398061,2.338079304283266,-2320.39130859375,0.9,,../data/results/vary_B2_annealed/B_81_n_12/phi_2.0/results_seed_12.pt,12.0,12.0
vary_B2_annealed,81,12,2.0,13,GPArealModel,8.381413459777832,,0.7922787331874526,3.25207778115697,0.5802537865440229,,,4.104714218534414,../data/results/vary_B2_annealed/B_81_n_12/phi_2.0/results_seed_13.pt,,
vary_B2_annealed,81,12,2.0,13,GPmodel,7.898622512817383,,0.8355509708843921,2.02397826347585,0.9801016155491362,,,2.4223277023226513,../data/results/vary_B2_annealed/B_81_n_12/phi_2.0/results_seed_13.pt,,
vary_B2_annealed,81,12,2.0,13,VI_best_tau_by_ELBO,8.148933410644531,,0.22415691614151,1.533542712480352,2.682096646068465,-2331.39111328125,0.9,,../data/results/vary_B2_annealed/B_81_n_12/phi_2.0/results_seed_13.pt,12.0,12.0
vary_B2_annealed,81,12,2.0,14,GPArealModel,8.132980346679688,,0.28208272360692316,4.850435148755257,2.7809244228367587,,,17.19508053075326,../data/results/vary_B2_annealed/B_81_n_12/phi_2.0/results_seed_14.pt,,
vary_B2_annealed,81,12,2.0,14,GPmodel,7.936598777770996,,0.6279610882823133,2.7629939717411167,1.2925835114585724,,,4.399944555957827,../data/results/vary_B2_annealed/B_81_n_12/phi_2.0/results_seed_14.pt,,
vary_B2_annealed,81,12,2.0,14,VI_best_tau_by_ELBO,8.15782642364502,,0.22404444217681885,2.463392243142522,2.441074337523835,-2389.830859375,0.9,,../data/results/vary_B2_annealed/B_81_n_12/phi_2.0/results_seed_14.pt,12.0,12.0
vary_B2_annealed,81,12,2.0,15,GPArealModel,8.026572227478027,,0.3498105139353238,3.355534209965864,4.246810809531411,,,9.592433835725894,../data/results/vary_B2_annealed/B_81_n_12/phi_2.0/results_seed_15.pt,,
vary_B2_annealed,81,12,2.0,15,GPmodel,7.9169182777404785,,0.8879217369479622,1.8926938730932203,1.147449720506895,,,2.1315998858175766,../data/results/vary_B2_annealed/B_81_n_12/phi_2.0/results_seed_15.pt,,
vary_B2_annealed,81,12,2.0,15,VI_best_tau_by_ELBO,8.054598808288574,,0.22408482432365417,1.4561088403164295,2.5683437733521437,-2332.93701171875,0.9,,../data/results/vary_B2_annealed/B_81_n_12/phi_2.0/results_seed_15.pt,12.0,12.0
vary_B2_annealed,81,12,2.0,16,GPArealModel,8.022273063659668,,0.4868954117197484,5.446588464323433,1.970959305735121,,,11.186362272517016,../data/results/vary_B2_annealed/B_81_n_12/phi_2.0/results_seed_16.pt,,
vary_B2_annealed,81,12,2.0,16,GPmodel,7.947854518890381,,0.5745232137912692,2.6944614757385463,1.2103884951811636,,,4.689908799259545,../data/results/vary_B2_annealed/B_81_n_12/phi_2.0/results_seed_16.pt,,
vary_B2_annealed,81,12,2.0,16,VI_best_tau_by_ELBO,8.088399887084961,,0.2241070717573166,3.4391711377969747,2.327482514075706,-2385.75888671875,0.9,,../data/results/vary_B2_annealed/B_81_n_12/phi_2.0/results_seed_16.pt,12.0,12.0
vary_B2_annealed,81,12,2.0,17,GPArealModel,8.066316604614258,,0.5192433138747502,4.093186214499381,1.9328346217373122,,,7.882982996843602,../data/results/vary_B2_annealed/B_81_n_12/phi_2.0/results_seed_17.pt,,
vary_B2_annealed,81,12,2.0,17,GPmodel,7.943055152893066,,0.6492294722384102,2.213067565853191,1.0574338750002323,,,3.4087601695329504,../data/results/vary_B2_annealed/B_81_n_12/phi_2.0/results_seed_17.pt,,
vary_B2_annealed,81,12,2.0,17,VI_best_tau_by_ELBO,8.08393383026123,,0.2241298109292984,2.1550312093350596,2.3148285711064727,-2331.339892578125,0.9,,../data/results/vary_B2_annealed/B_81_n_12/phi_2.0/results_seed_17.pt,12.0,12.0
vary_B2_annealed,81,12,2.0,18,GPArealModel,7.9067583084106445,,0.4572011578977983,4.360114409341617,2.249217548174756,,,9.53653404857795,../data/results/vary_B2_annealed/B_81_n_12/phi_2.0/results_seed_18.pt,,
vary_B2_annealed,81,12,2.0,18,GPmodel,8.027902603149414,,0.6518455054117711,2.6246461610703085,1.341064067597713,,,4.026485017200998,../data/results/vary_B2_annealed/B_81_n_12/phi_2.0/results_seed_18.pt,,
vary_B2_annealed,81,12,2.0,18,VI_best_tau_by_ELBO,8.195226669311523,,0.22409212589263916,2.466102148719336,2.5523936048140845,-2384.367919921875,0.9,,../data/results/vary_B2_annealed/B_81_n_12/phi_2.0/results_seed_18.pt,12.0,12.0
vary_B2_annealed,81,12,2.0,19,GPArealModel,7.956971645355225,,0.6336255781207557,5.292896420170147,0.8010554861385254,,,8.353350311185563,../data/results/vary_B2_annealed/B_81_n_12/phi_2.0/results_seed_19.pt,,
vary_B2_annealed,81,12,2.0,19,GPmodel,7.937373638153076,,0.6726191441732338,2.4585531538799574,1.1859248958040265,,,3.6551935447837245,../data/results/vary_B2_annealed/B_81_n_12/phi_2.0/results_seed_19.pt,,
vary_B2_annealed,81,12,2.0,19,VI_best_tau_by_ELBO,8.011338233947754,,0.22414405643939972,3.3369667558074365,2.4822178960362553,-2385.98837890625,0.9,,../data/results/vary_B2_annealed/B_81_n_12/phi_2.0/results_seed_19.pt,12.0,12.0
vary_B2_annealed,81,12,2.0,20,GPArealModel,6.965406894683838,,0.336003964678425,4.275226611687693,3.3357044948063392,,,12.723738589749468,../data/results/vary_B2_annealed/B_81_n_12/phi_2.0/results_seed_20.pt,,
vary_B2_annealed,81,12,2.0,20,GPmodel,7.989809513092041,,0.7225625695572147,2.180206638405411,1.2246073754297975,,,3.0173257379515777,../data/results/vary_B2_annealed/B_81_n_12/phi_2.0/results_seed_20.pt,,
vary_B2_annealed,81,12,2.0,20,VI_best_tau_by_ELBO,8.001020431518555,,0.2240922600030899,2.3168421902378373,2.307015920122784,-2351.32197265625,0.9,,../data/results/vary_B2_annealed/B_81_n_12/phi_2.0/results_seed_20.pt,12.0,12.0
vary_B2_annealed,81,12,2.0,21,GPArealModel,7.639678478240967,,0.7505851181695644,2.9307877654412997,1.1559371249878336,,,3.904670762176244,../data/results/vary_B2_annealed/B_81_n_12/phi_2.0/results_seed_21.pt,,
vary_B2_annealed,81,12,2.0,21,GPmodel,7.903238773345947,,0.9835987350556825,1.6686557840049248,1.0786737966973585,,,1.6964802053252543,../data/results/vary_B2_annealed/B_81_n_12/phi_2.0/results_seed_21.pt,,
vary_B2_annealed,81,12,2.0,21,VI_best_tau_by_ELBO,8.116377830505371,,0.22424454987049103,1.8176965314416484,2.7604836027687587,-2412.71884765625,0.9,,../data/results/vary_B2_annealed/B_81_n_12/phi_2.0/results_seed_21.pt,12.0,12.0
vary_B2_annealed,81,12,2.0,22,GPArealModel,7.8593316078186035,,0.44973749093965554,3.9229159283509163,1.6895434571663759,,,8.72267935713921,../data/results/vary_B2_annealed/B_81_n_12/phi_2.0/results_seed_22.pt,,
vary_B2_annealed,81,12,2.0,22,GPmodel,8.01796817779541,,0.6745534150729202,2.4143045012009825,1.0155682760430456,,,3.5791153780460703,../data/results/vary_B2_annealed/B_81_n_12/phi_2.0/results_seed_22.pt,,
vary_B2_annealed,81,12,2.0,22,VI_best_tau_by_ELBO,8.078889846801758,,0.2240924835205078,2.5020219232342558,2.5230939617797876,-2363.964990234375,0.9,,../data/results/vary_B2_annealed/B_81_n_12/phi_2.0/results_seed_22.pt,12.0,12.0
vary_B2_annealed,81,12,2.0,23,GPArealModel,8.233311653137207,,0.6452353442796159,4.268242517723077,0.9011507793636011,,,6.615016606829604,../data/results/vary_B2_annealed/B_81_n_12/phi_2.0/results_seed_23.pt,,
vary_B2_annealed,81,12,2.0,23,GPmodel,8.053794860839844,,0.6609364360049425,2.682605786373587,1.1452653017473928,,,4.0587954305995115,../data/results/vary_B2_annealed/B_81_n_12/phi_2.0/results_seed_23.pt,,
vary_B2_annealed,81,12,2.0,23,VI_best_tau_by_ELBO,8.280776023864746,,0.2242276966571808,2.3947449925756286,3.1195522568639196,-2582.240234375,0.9,,../data/results/vary_B2_annealed/B_81_n_12/phi_2.0/results_seed_23.pt,12.0,12.0
vary_B2_annealed,81,12,2.0,24,GPArealModel,8.090449333190918,,0.428628632924198,5.595245125905339,0.919147924578364,,,13.053829576744224,../data/results/vary_B2_annealed/B_81_n_12/phi_2.0/results_seed_24.pt,,
vary_B2_annealed,81,12,2.0,24,GPmodel,8.003602981567383,,0.5996169894219311,2.648144459929736,1.2734794299483672,,,4.416393308806536,../data/results/vary_B2_annealed/B_81_n_12/phi_2.0/results_seed_24.pt,,
vary_B2_annealed,81,12,2.0,24,VI_best_tau_by_ELBO,8.287663459777832,,0.22408922016620636,2.999426362637858,2.3569910178796896,-2386.258740234375,0.9,,../data/results/vary_B2_annealed/B_81_n_12/phi_2.0/results_seed_24.pt,12.0,12.0
vary_B2_annealed,81,12,2.0,25,GPArealModel,8.36436939239502,,0.4398828652700055,4.153067419675255,2.8772008349707483,,,9.44130300944105,../data/results/vary_B2_annealed/B_81_n_12/phi_2.0/results_seed_25.pt,,
vary_B2_annealed,81,12,2.0,25,GPmodel,7.966232776641846,,0.6775860940529511,2.5956874681089666,1.1434147003093265,,,3.830786214314077,../data/results/vary_B2_annealed/B_81_n_12/phi_2.0/results_seed_25.pt,,
vary_B2_annealed,81,12,2.0,25,VI_best_tau_by_ELBO,8.295944213867188,,0.22407099604606628,2.2006466530741084,2.57892043240118,-2388.88857421875,0.9,,../data/results/vary_B2_annealed/B_81_n_12/phi_2.0/results_seed_25.pt,12.0,12.0
vary_B2_annealed,81,12,2.0,26,GPArealModel,7.851480960845947,,0.45100311180459046,4.708671520826772,1.3386554344128192,,,10.440441313112123,../data/results/vary_B2_annealed/B_81_n_12/phi_2.0/results_seed_26.pt,,
vary_B2_annealed,81,12,2.0,26,GPmodel,7.9415788650512695,,0.6834650624296768,2.3713460306598657,1.342637484567962,,,3.469593635452081,../data/results/vary_B2_annealed/B_81_n_12/phi_2.0/results_seed_26.pt,,
vary_B2_annealed,81,12,2.0,26,VI_best_tau_by_ELBO,8.063620567321777,,0.22407923638820648,2.793493669958514,2.43986420325706,-2378.107763671875,0.9,,../data/results/vary_B2_annealed/B_81_n_12/phi_2.0/results_seed_26.pt,12.0,12.0
vary_B2_annealed,81,12,2.0,27,GPArealModel,7.792065620422363,,0.4294519743759102,4.833021100825089,1.6242730051094216,,,11.253926839778885,../data/results/vary_B2_annealed/B_81_n_12/phi_2.0/results_seed_27.pt,,
vary_B2_annealed,81,12,2.0,27,GPmodel,7.992646217346191,,0.596682509063811,2.785469848285426,1.146642706626589,,,4.6682612712341784,../data/results/vary_B2_annealed/B_81_n_12/phi_2.0/results_seed_27.pt,,
vary_B2_annealed,81,12,2.0,27,VI_best_tau_by_ELBO,8.270475387573242,,0.22407099604606628,2.4468980300453516,3.7950610819611934,-2559.80625,0.9,,../data/results/vary_B2_annealed/B_81_n_12/phi_2.0/results_seed_27.pt,12.0,12.0
vary_B2_annealed,81,12,2.0,28,GPArealModel,7.952983379364014,,0.691712397499914,2.7098462956158533,1.1848222201609402,,,3.917591047103056,../data/results/vary_B2_annealed/B_81_n_12/phi_2.0/results_seed_28.pt,,
vary_B2_annealed,81,12,2.0,28,GPmodel,7.976660251617432,,0.8972660949822042,1.7193166586712123,1.0711392475709818,,,1.9161725471252897,../data/results/vary_B2_annealed/B_81_n_12/phi_2.0/results_seed_28.pt,,
vary_B2_annealed,81,12,2.0,28,VI_best_tau_by_ELBO,8.131331443786621,,0.22419649362564087,1.5457526375843897,3.435146415929061,-2489.784228515625,0.9,,../data/results/vary_B2_annealed/B_81_n_12/phi_2.0/results_seed_28.pt,12.0,12.0
vary_B2_annealed,81,12,2.0,29,GPArealModel,7.895773410797119,,0.5640547594556273,4.0084016371613505,0.8123193310263851,,,7.106405131710764,../data/results/vary_B2_annealed/B_81_n_12/phi_2.0/results_seed_29.pt,,
vary_B2_annealed,81,12,2.0,29,GPmodel,8.036629676818848,,0.709834546218487,2.081690955714332,1.0288340572371806,,,2.9326424964861997,../data/results/vary_B2_annealed/B_81_n_12/phi_2.0/results_seed_29.pt,,
vary_B2_annealed,81,12,2.0,29,VI_best_tau_by_ELBO,8.168509483337402,,0.22420722246170044,2.117124237834338,3.0204717273983457,-2461.876513671875,0.9,,../data/results/vary_B2_annealed/B_81_n_12/phi_2.0/results_seed_29.pt,12.0,12.0
vary_B2_annealed,81,12,2.0,30,GPArealModel,7.181522369384766,,0.4470168307714706,4.503031550366667,1.5979230155255004,,,10.073516790397456,../data/results/vary_B2_annealed/B_81_n_12/phi_2.0/results_seed_30.pt,,
vary_B2_annealed,81,12,2.0,30,GPmodel,7.933201313018799,,0.5837330300028758,2.591075647030916,1.185615222763802,,,4.43880252419184,../data/results/vary_B2_annealed/B_81_n_12/phi_2.0/results_seed_30.pt,,
vary_B2_annealed,81,12,2.0,30,VI_best_tau_by_ELBO,8.021625518798828,,0.22409939765930176,2.911105685763889,2.4028004756590136,-2376.9197265625,0.9,,../data/results/vary_B2_annealed/B_81_n_12/phi_2.0/results_seed_30.pt,12.0,12.0
vary_B2_annealed,81,12,2.0,31,GPArealModel,7.164780139923096,,0.6324449679745416,4.320881241412795,0.9040064624962948,,,6.832027227998637,../data/results/vary_B2_annealed/B_81_n_12/phi_2.0/results_seed_31.pt,,
vary_B2_annealed,81,12,2.0,31,GPmodel,7.953280925750732,,0.8679069302413085,2.0239408658846747,1.2780004991064382,,,2.3319791504855805,../data/results/vary_B2_annealed/B_81_n_12/phi_2.0/results_seed_31.pt,,
vary_B2_annealed,81,12,2.0,31,VI_best_tau_by_ELBO,8.130967140197754,,0.22424060106277466,2.436146984835601,2.2987359746218563,-2452.961376953125,0.9,,../data/results/vary_B2_annealed/B_81_n_12/phi_2.0/results_seed_31.pt,12.0,12.0
vary_B2_annealed,81,12,2.0,32,GPArealModel,7.752096176147461,,0.2816320466529775,4.69534565349226,2.7183032154765874,,,16.671915392063994,../data/results/vary_B2_annealed/B_81_n_12/phi_2.0/results_seed_32.pt,,
vary_B2_annealed,81,12,2.0,32,GPmodel,7.926344871520996,,0.6462933724239478,2.271316428086443,0.9695870711953476,,,3.514373696217531,../data/results/vary_B2_annealed/B_81_n_12/phi_2.0/results_seed_32.pt,,
vary_B2_annealed,81,12,2.0,32,VI_best_tau_by_ELBO,8.106771469116211,,0.22401835024356842,1.8085884404069392,2.350463238088796,-2328.392138671875,0.9,,../data/results/vary_B2_annealed/B_81_n_12/phi_2.0/results_seed_32.pt,10.0,12.0
vary_B2_annealed,81,12,2.0,33,GPArealModel,7.881003379821777,,0.5899890450497507,4.011392111109103,0.7526264370517137,,,6.799095923502857,../data/results/vary_B2_annealed/B_81_n_12/phi_2.0/results_seed_33.pt,,
vary_B2_annealed,81,12,2.0,33,GPmodel,7.965994358062744,,0.6536888074383279,2.2226699515672546,1.0665351497707336,,,3.400195821429835,../data/results/vary_B2_annealed/B_81_n_12/phi_2.0/results_seed_33.pt,,
vary_B2_annealed,81,12,2.0,33,VI_best_tau_by_ELBO,8.13110637664795,,0.22421182692050934,1.983446676788613,2.9256982592989846,-2489.77265625,0.9,,../data/results/vary_B2_annealed/B_81_n_12/phi_2.0/results_seed_33.pt,12.0,12.0
vary_B2_annealed,81,12,2.0,34,GPArealModel,7.816841125488281,,0.3234119419288636,4.414960739193626,1.8541027468634688,,,13.651198879244612,../data/results/vary_B2_annealed/B_81_n_12/phi_2.0/results_seed_34.pt,,
vary_B2_annealed,81,12,2.0,34,GPmodel,7.955698013305664,,0.7630326201317811,1.9389445272047754,1.2204524925689766,,,2.541103061714329,../data/results/vary_B2_annealed/B_81_n_12/phi_2.0/results_seed_34.pt,,
vary_B2_annealed,81,12,2.0,34,VI_best_tau_by_ELBO,8.041946411132812,,0.22405876219272614,1.9579256522092738,2.372696089562719,-2336.66796875,0.9,,../data/results/vary_B2_annealed/B_81_n_12/phi_2.0/results_seed_34.pt,12.0,12.0
vary_B2_annealed,81,12,2.0,35,GPArealModel,7.52650785446167,,0.29792040754360194,4.67735247212157,0.6056725838962049,,,15.700006960540357,../data/results/vary_B2_annealed/B_81_n_12/phi_2.0/results_seed_35.pt,,
vary_B2_annealed,81,12,2.0,35,GPmodel,7.973136901855469,,0.5069780588113828,2.5728900371419043,1.1671375040937932,,,5.074953427322044,../data/results/vary_B2_annealed/B_81_n_12/phi_2.0/results_seed_35.pt,,
vary_B2_annealed,81,12,2.0,35,VI_best_tau_by_ELBO,8.109729766845703,,0.2240293174982071,2.4263408458790714,2.0945606062619175,-2342.4869140625,0.9,,../data/results/vary_B2_annealed/B_81_n_12/phi_2.0/results_seed_35.pt,12.0,12.0
vary_B2_annealed,81,12,2.0,36,GPArealModel,7.7637786865234375,,0.6625109324022534,3.343364002889311,1.2673624818583424,,,5.046503898081092,../data/results/vary_B2_annealed/B_81_n_12/phi_2.0/results_seed_36.pt,,
vary_B2_annealed,81,12,2.0,36,GPmodel,8.012991905212402,,0.789457207128269,1.8501668056246676,1.0442248524733033,,,2.3435935335302567,../data/results/vary_B2_annealed/B_81_n_12/phi_2.0/results_seed_36.pt,,
vary_B2_annealed,81,12,2.0,36,VI_best_tau_by_ELBO,8.186782836914062,,0.2241664081811905,1.7840388700461245,2.292892150941816,-2309.25537109375,0.9,,../data/results/vary_B2_annealed/B_81_n_12/phi_2.0/results_seed_36.pt,12.0,12.0
vary_B2_annealed,81,12,2.0,37,GPArealModel,7.976090431213379,,0.4861913728688631,3.815808521561342,1.6321973470370434,,,7.84836740118495,../data/results/vary_B2_annealed/B_81_n_12/phi_2.0/results_seed_37.pt,,
vary_B2_annealed,81,12,2.0,37,GPmodel,7.975454807281494,,0.8224448626575586,2.056621825920899,1.267497215841221,,,2.5006197002378445,../data/results/vary_B2_annealed/B_81_n_12/phi_2.0/results_seed_37.pt,,
vary_B2_annealed,81,12,2.0,37,VI_best_tau_by_ELBO,8.085037231445312,,0.2241072654724121,1.824412411745001,2.55810355628994,-2348.4376953125,0.9,,../data/results/vary_B2_annealed/B_81_n_12/phi_2.0/results_seed_37.pt,12.0,12.0
vary_B2_annealed,81,12,2.0,38,GPArealModel,7.652651309967041,,0.5020236674400945,2.6730470194523566,2.254556127897811,,,5.324543826952792,../data/results/vary_B2_annealed/B_81_n_12/phi_2.0/results_seed_38.pt,,
vary_B2_annealed,81,12,2.0,38,GPmodel,7.931694984436035,,1.1374886320639777,1.7158747557742706,1.3656266543320603,,,1.5084763991538175,../data/results/vary_B2_annealed/B_81_n_12/phi_2.0/results_seed_38.pt,,
vary_B2_annealed,81,12,2.0,38,VI_best_tau_by_ELBO,8.119916915893555,,0.2241014540195465,1.2032377093237863,2.5476703317453873,-2323.7541015625,0.9,,../data/results/vary_B2_annealed/B_81_n_12/phi_2.0/results_seed_38.pt,12.0,12.0
vary_B2_annealed,81,12,2.0,39,GPArealModel,8.286521911621094,,1.0324085164125831,2.80978273407509,1.1725042761324074,,,2.721580352551268,../data/results/vary_B2_annealed/B_81_n_12/phi_2.0/results_seed_39.pt,,
vary_B2_annealed,81,12,2.0,39,GPmodel,7.982093334197998,,1.1838679512284627,1.588774532899912,1.1613882567785137,,,1.34202005489826,../data/results/vary_B2_annealed/B_81_n_12/phi_2.0/results_seed_39.pt,,
vary_B2_annealed,81,12,2.0,39,VI_best_tau_by_ELBO,8.204313278198242,,0.22419707477092743,1.265689595854914,2.491248482110647,-2308.603759765625,0.9,,../data/results/vary_B2_annealed/B_81_n_12/phi_2.0/results_seed_39.pt,12.0,12.0
vary_B2_annealed,81,12,2.0,40,GPArealModel,8.102326393127441,,0.5421721168758152,5.3128756007575,0.8637638115749655,,,9.799241671394208,../data/results/vary_B2_annealed/B_81_n_12/phi_2.0/results_seed_40.pt,,
vary_B2_annealed,81,12,2.0,40,GPmodel,7.948697566986084,,0.5830023433999459,2.79939802159408,1.0443211276387554,,,4.801692571711778,../data/results/vary_B2_annealed/B_81_n_12/phi_2.0/results_seed_40.pt,,
vary_B2_annealed,81,12,2.0,40,VI_best_tau_by_ELBO,8.201038360595703,,0.22419151663780212,2.934221540178571,2.8352001459911613,-2537.269873046875,0.9,,../data/results/vary_B2_annealed/B_81_n_12/phi_2.0/results_seed_40.pt,12.0,12.0
vary_B2_annealed,81,12,2.0,41,GPArealModel,7.808077335357666,,0.5642486809583604,4.071604378446359,1.109216943545128,,,7.215975005082607,../data/results/vary_B2_annealed/B_81_n_12/phi_2.0/results_seed_41.pt,,
vary_B2_annealed,81,12,2.0,41,GPmodel,7.95887565612793,,0.7870717494089728,2.112701922775571,1.1939946878295375,,,2.6842558183063225,../data/results/vary_B2_annealed/B_81_n_12/phi_2.0/results_seed_41.pt,,
vary_B2_annealed,81,12,2.0,41,VI_best_tau_by_ELBO,8.043213844299316,,0.22409816086292267,2.0533409268063285,2.755491075454803,-2375.548193359375,0.9,,../data/results/vary_B2_annealed/B_81_n_12/phi_2.0/results_seed_41.pt,12.0,12.0
vary_B2_annealed,81,12,2.0,42,GPArealModel,8.065336227416992,,0.4149930380957797,4.701428244923625,1.8573312117965672,,,11.328932809322318,../data/results/vary_B2_annealed/B_81_n_12/phi_2.0/results_seed_42.pt,,
vary_B2_annealed,81,12,2.0,42,GPmodel,7.981207847595215,,0.5719784230262749,2.771915290191278,1.0457613263591754,,,4.846188559920459,../data/results/vary_B2_annealed/B_81_n_12/phi_2.0/results_seed_42.pt,,
vary_B2_annealed,81,12,2.0,42,VI_best_tau_by_ELBO,8.160479545593262,,0.22403362393379211,2.6000682144306584,2.4732212812918726,-2375.40537109375,0.9,,../data/results/vary_B2_annealed/B_81_n_12/phi_2.0/results_seed_42.pt,12.0,12.0
vary_B2_annealed,81,12,2.0,43,GPArealModel,8.243797302246094,,0.5645640002874471,3.946533752706026,1.8643287747969535,,,6.990409857335312,../data/results/vary_B2_annealed/B_81_n_12/phi_2.0/results_seed_43.pt,,
vary_B2_annealed,81,12,2.0,43,GPmodel,7.9636549949646,,0.851729914575038,2.033304169248475,1.1379674488797826,,,2.3872640075850473,../data/results/vary_B2_annealed/B_81_n_12/phi_2.0/results_seed_43.pt,,
vary_B2_annealed,81,12,2.0,43,VI_best_tau_by_ELBO,8.229901313781738,,0.22410422563552856,1.559391120025188,2.5721978836515667,-2341.9546875,0.9,,../data/results/vary_B2_annealed/B_81_n_12/phi_2.0/results_seed_43.pt,10.0,12.0
vary_B2_annealed,81,12,2.0,44,GPArealModel,8.577198028564453,,0.3618368476658117,4.970504515084142,1.3858714834120396,,,13.736866621375283,../data/results/vary_B2_annealed/B_81_n_12/phi_2.0/results_seed_44.pt,,
vary_B2_annealed,81,12,2.0,44,GPmodel,7.915432453155518,,0.5205823262964562,2.636971751808844,1.0039507815029582,,,5.065426962472727,../data/results/vary_B2_annealed/B_81_n_12/phi_2.0/results_seed_44.pt,,
vary_B2_annealed,81,12,2.0,44,VI_best_tau_by_ELBO,8.231437683105469,,0.22402453422546387,2.804319200454803,2.279569098591141,-2351.51328125,0.9,,../data/results/vary_B2_annealed/B_81_n_12/phi_2.0/results_seed_44.pt,12.0,12.0
vary_B2_annealed,81,12,2.0,45,GPArealModel,8.108718872070312,,0.7219479480545946,3.3960803138893056,0.8780775355003481,,,4.704051480498826,../data/results/vary_B2_annealed/B_81_n_12/phi_2.0/results_seed_45.pt,,
vary_B2_annealed,81,12,2.0,45,GPmodel,7.919057846069336,,0.8908688021886699,1.8687513599293588,1.0889370514527208,,,2.097672918097755,../data/results/vary_B2_annealed/B_81_n_12/phi_2.0/results_seed_45.pt,,
vary_B2_annealed,81,12,2.0,45,VI_best_tau_by_ELBO,8.054829597473145,,0.22415685653686523,1.6537155374697226,2.5672199514275404,-2332.88203125,0.9,,../data/results/vary_B2_annealed/B_81_n_12/phi_2.0/results_seed_45.pt,12.0,12.0
vary_B2_annealed,81,12,2.0,46,GPArealModel,8.286599159240723,,0.3668286087601325,5.939618705828605,2.0419390086229234,,,16.191808828390737,../data/results/vary_B2_annealed/B_81_n_12/phi_2.0/results_seed_46.pt,,
vary_B2_annealed,81,12,2.0,46,GPmodel,7.9487128257751465,,0.4808964618032139,2.9007053258349162,1.0953777621514627,,,6.031870800126421,../data/results/vary_B2_annealed/B_81_n_12/phi_2.0/results_seed_46.pt,,
vary_B2_annealed,81,12,2.0,46,VI_best_tau_by_ELBO,8.123790740966797,,0.2240857034921646,3.482833355880231,2.1167004769474076,-2370.05771484375,0.9,,../data/results/vary_B2_annealed/B_81_n_12/phi_2.0/results_seed_46.pt,12.0,12.0
vary_B2_annealed,81,12,2.0,47,GPArealModel,8.417506217956543,,0.36467216088704807,4.942956780736915,1.1685224090825495,,,13.554521871681683,../data/results/vary_B2_annealed/B_81_n_12/phi_2.0/results_seed_47.pt,,
vary_B2_annealed,81,12,2.0,47,GPmodel,7.979762554168701,,0.6209295529033241,2.340426584460182,1.1876077236210694,,,3.769230460229964,../data/results/vary_B2_annealed/B_81_n_12/phi_2.0/results_seed_47.pt,,
vary_B2_annealed,81,12,2.0,47,VI_best_tau_by_ELBO,8.148677825927734,,0.2240610122680664,2.659980806953463,2.334024134038085,-2353.1986328125,0.9,,../data/results/vary_B2_annealed/B_81_n_12/phi_2.0/results_seed_47.pt,12.0,12.0
vary_B2_annealed,81,12,2.0,48,GPArealModel,8.284186363220215,,0.6043895469978494,4.285960482919511,2.0957469024571784,,,7.091387506962891,../data/results/vary_B2_annealed/B_81_n_12/phi_2.0/results_seed_48.pt,,
vary_B2_annealed,81,12,2.0,48,GPmodel,7.981875896453857,,0.6097223057047939,2.7487071959401534,1.022885299779909,,,4.508129635773864,../data/results/vary_B2_annealed/B_81_n_12/phi_2.0/results_seed_48.pt,,
vary_B2_annealed,81,12,2.0,48,VI_best_tau_by_ELBO,8.290107727050781,,0.22414469718933105,3.2064833805207686,2.2979027962984433,-2366.417431640625,0.9,,../data/results/vary_B2_annealed/B_81_n_12/phi_2.0/results_seed_48.pt,12.0,12.0
vary_B2_annealed,81,12,2.0,49,GPArealModel,7.411445617675781,,0.3302817549313111,7.436074780047487,3.1864814293917725,,,22.514337134953067,../data/results/vary_B2_annealed/B_81_n_12/phi_2.0/results_seed_49.pt,,
vary_B2_annealed,81,12,2.0,49,GPmodel,7.946695327758789,,0.4791068306633409,3.7884089716898486,1.1537019244206876,,,7.907232227193793,../data/results/vary_B2_annealed/B_81_n_12/phi_2.0/results_seed_49.pt,,
vary_B2_annealed,81,12,2.0,49,VI_best_tau_by_ELBO,8.342377662658691,,0.22396300733089447,3.909667515798933,2.350027398506751,-2489.90888671875,0.9,,../data/results/vary_B2_annealed/B_81_n_12/phi_2.0/results_seed_49.pt,12.0,12.0
vary_B2_annealed,81,12,2.0,50,GPArealModel,8.430940628051758,,0.6725986378241637,3.8486755913704815,1.139921574908111,,,5.722098403025065,../data/results/vary_B2_annealed/B_81_n_12/phi_2.0/results_seed_50.pt,,
vary_B2_annealed,81,12,2.0,50,GPmodel,7.976527690887451,,0.7411446422688979,2.020014108919222,1.0598236098952056,,,2.725532903719395,../data/results/vary_B2_annealed/B_81_n_12/phi_2.0/results_seed_50.pt,,
vary_B2_annealed,81,12,2.0,50,VI_best_tau_by_ELBO,8.340304374694824,,0.2242463231086731,2.1922879444154555,1.9555896829020434,-2427.16083984375,0.9,,../data/results/vary_B2_annealed/B_81_n_12/phi_2.0/results_seed_50.pt,12.0,12.0
vary_B2_annealed,81,12,2.0,51,GPArealModel,7.928474426269531,,0.4044446382384046,4.432048086552879,2.8200970449333393,,,10.958355402749476,../data/results/vary_B2_annealed/B_81_n_12/phi_2.0/results_seed_51.pt,,
vary_B2_annealed,81,12,2.0,51,GPmodel,7.916164875030518,,0.542735709387781,2.8211225857432103,1.1613241916091066,,,5.197967513369453,../data/results/vary_B2_annealed/B_81_n_12/phi_2.0/results_seed_51.pt,,
vary_B2_annealed,81,12,2.0,51,VI_best_tau_by_ELBO,8.125112533569336,,0.2241225391626358,3.289287365040713,2.2936012710008247,-2383.24609375,0.9,,../data/results/vary_B2_annealed/B_81_n_12/phi_2.0/results_seed_51.pt,12.0,12.0
vary_B2_annealed,81,12,2.0,52,GPArealModel,8.255249977111816,,0.5659133856311511,3.8380841611388874,0.955881240573594,,,6.782105280754852,../data/results/vary_B2_annealed/B_81_n_12/phi_2.0/results_seed_52.pt,,
vary_B2_annealed,81,12,2.0,52,GPmodel,7.957716464996338,,0.6868966329827944,2.1013800629108905,0.9349549339472321,,,3.0592376814919207,../data/results/vary_B2_annealed/B_81_n_12/phi_2.0/results_seed_52.pt,,
vary_B2_annealed,81,12,2.0,52,VI_best_tau_by_ELBO,8.266088485717773,,0.22410821914672852,1.5700769906092171,2.359970932620207,-2312.065673828125,0.9,,../data/results/vary_B2_annealed/B_81_n_12/phi_2.0/results_seed_52.pt,12.0,12.0
vary_B2_annealed,81,12,2.0,53,GPArealModel,8.120002746582031,,0.37466088163393113,4.9675818301396495,3.3817516085488974,,,13.258875088521547,../data/results/vary_B2_annealed/B_81_n_12/phi_2.0/results_seed_53.pt,,
vary_B2_annealed,81,12,2.0,53,GPmodel,7.901819705963135,,0.4842300816821659,3.019967491869194,1.0790943772967039,,,6.236637512023489,../data/results/vary_B2_annealed/B_81_n_12/phi_2.0/results_seed_53.pt,,
vary_B2_annealed,81,12,2.0,53,VI_best_tau_by_ELBO,7.996229648590088,,0.22407273948192596,2.2948645011982065,3.7702323175955987,-2593.900439453125,0.9,,../data/results/vary_B2_annealed/B_81_n_12/phi_2.0/results_seed_53.pt,10.0,12.0
vary_B2_annealed,81,12,2.0,54,GPArealModel,7.637739658355713,,0.7433190596086258,3.303033030364864,1.0359878491980774,,,4.443627521274626,../data/results/vary_B2_annealed/B_81_n_12/phi_2.0/results_seed_54.pt,,
vary_B2_annealed,81,12,2.0,54,GPmodel,7.9102020263671875,,0.8721845308907347,1.9577181247903004,1.0297145245273989,,,2.2446145918122906,../data/results/vary_B2_annealed/B_81_n_12/phi_2.0/results_seed_54.pt,,
vary_B2_annealed,81,12,2.0,54,VI_best_tau_by_ELBO,8.080184936523438,,0.22425636649131775,2.0566483503320834,2.672460867040945,-2449.74970703125,0.9,,../data/results/vary_B2_annealed/B_81_n_12/phi_2.0/results_seed_54.pt,12.0,12.0
vary_B2_annealed,81,12,2.0,55,GPArealModel,7.898640155792236,,0.3944626358161691,5.452584653305346,1.0124606100607454,,,13.82281655656331,../data/results/vary_B2_annealed/B_81_n_12/phi_2.0/results_seed_55.pt,,
vary_B2_annealed,81,12,2.0,55,GPmodel,7.951176166534424,,0.5826213338201555,2.842442018784575,1.2727565234733438,,,4.8787125595747325,../data/results/vary_B2_annealed/B_81_n_12/phi_2.0/results_seed_55.pt,,
vary_B2_annealed,81,12,2.0,55,VI_best_tau_by_ELBO,8.061359405517578,,0.22413143515586853,3.644209000479927,2.3482158458790714,-2395.08349609375,0.9,,../data/results/vary_B2_annealed/B_81_n_12/phi_2.0/results_seed_55.pt,12.0,12.0
vary_B2_annealed,81,12,2.0,56,GPArealModel,8.0684814453125,,0.673578408750937,4.601776426228138,1.946715505253226,,,6.8318348189953575,../data/results/vary_B2_annealed/B_81_n_12/phi_2.0/results_seed_56.pt,,
vary_B2_annealed,81,12,2.0,56,GPmodel,7.90037202835083,,0.5908420166719789,2.832557502288845,0.9652388451288049,,,4.794103029848353,../data/results/vary_B2_annealed/B_81_n_12/phi_2.0/results_seed_56.pt,,
vary_B2_annealed,81,12,2.0,56,VI_best_tau_by_ELBO,8.097797393798828,,0.2241823822259903,2.603645018021413,3.1246087006061893,-2554.95546875,0.9,,../data/results/vary_B2_annealed/B_81_n_12/phi_2.0/results_seed_56.pt,12.0,12.0
vary_B2_annealed,81,12,2.0,57,GPArealModel,8.500988006591797,,0.45708257556608944,3.652306538089391,0.6187583927069976,,,7.990474223538422,../data/results/vary_B2_annealed/B_81_n_12/phi_2.0/results_seed_57.pt,,
vary_B2_annealed,81,12,2.0,57,GPmodel,7.924432277679443,,0.7223366481741899,2.0327505075532484,1.211181914784705,,,2.8141317662495995,../data/results/vary_B2_annealed/B_81_n_12/phi_2.0/results_seed_57.pt,,
vary_B2_annealed,81,12,2.0,57,VI_best_tau_by_ELBO,8.225483894348145,,0.22409939765930176,2.2678776766388373,2.2659398009914193,-2334.85087890625,0.9,,../data/results/vary_B2_annealed/B_81_n_12/phi_2.0/results_seed_57.pt,12.0,12.0
vary_B2_annealed,81,12,2.0,58,GPArealModel,8.100592613220215,,0.41682810502247764,5.020255985645462,1.723047255940294,,,12.04394791319252,../data/results/vary_B2_annealed/B_81_n_12/phi_2.0/results_seed_58.pt,,
vary_B2_annealed,81,12,2.0,58,GPmodel,7.9231181144714355,,0.6351400679588322,2.790344010078247,1.2778091243376177,,,4.3932734696547415,../data/results/vary_B2_annealed/B_81_n_12/phi_2.0/results_seed_58.pt,,
vary_B2_annealed,81,12,2.0,58,VI_best_tau_by_ELBO,8.003252983093262,,0.2240840494632721,3.291151510320037,2.6489969952232784,-2420.30703125,0.9,,../data/results/vary_B2_annealed/B_81_n_12/phi_2.0/results_seed_58.pt,12.0,12.0
vary_B2_annealed,81,12,2.0,59,GPArealModel,8.469132423400879,,0.5822771526622408,3.920061041208875,1.8530927109899034,,,6.732294103050218,../data/results/vary_B2_annealed/B_81_n_12/phi_2.0/results_seed_59.pt,,
vary_B2_annealed,81,12,2.0,59,GPmodel,7.930728435516357,,0.6839774290201529,2.385796858678334,0.9886693365069605,,,3.4881222061613353,../data/results/vary_B2_annealed/B_81_n_12/phi_2.0/results_seed_59.pt,,
vary_B2_annealed,81,12,2.0,59,VI_best_tau_by_ELBO,8.217878341674805,,0.224141925573349,2.0758299472724695,2.3863830126037158,-2338.989697265625,0.9,,../data/results/vary_B2_annealed/B_81_n_12/phi_2.0/results_seed_59.pt,12.0,12.0
vary_B2_annealed,81,12,2.0,60,GPArealModel,7.584166049957275,,0.22748126859273235,7.216957863369507,1.5936054647492828,,,31.72550385363939,../data/results/vary_B2_annealed/B_81_n_12/phi_2.0/results_seed_60.pt,,
vary_B2_annealed,81,12,2.0,60,GPmodel,7.948292255401611,,0.32048630601504247,3.740725852167354,1.06248930520264,,,11.672030230183307,../data/results/vary_B2_annealed/B_81_n_12/phi_2.0/results_seed_60.pt,,
vary_B2_annealed,81,12,2.0,60,VI_best_tau_by_ELBO,8.11868667602539,,0.22398023307323456,3.3344420568890434,1.9005768885442433,-2388.93232421875,0.9,,../data/results/vary_B2_annealed/B_81_n_12/phi_2.0/results_seed_60.pt,12.0,12.0
vary_B2_annealed,81,12,2.0,61,GPArealModel,7.793533802032471,,0.626671138211627,2.445483133242588,1.2348451117491863,,,3.902338857062135,../data/results/vary_B2_annealed/B_81_n_12/phi_2.0/results_seed_61.pt,,
vary_B2_annealed,81,12,2.0,61,GPmodel,7.937807083129883,,0.8741399860470099,1.7060592595137627,0.992461970721284,,,1.9517002845606166,../data/results/vary_B2_annealed/B_81_n_12/phi_2.0/results_seed_61.pt,,
vary_B2_annealed,81,12,2.0,61,VI_best_tau_by_ELBO,8.13440990447998,,0.22412040829658508,1.0287425887139894,2.372200863063028,-2278.68486328125,0.9,,../data/results/vary_B2_annealed/B_81_n_12/phi_2.0/results_seed_61.pt,12.0,12.0
vary_B2_annealed,81,12,2.0,62,GPArealModel,7.408094882965088,,0.4140943325526672,5.503169356858705,1.1787895325187314,,,13.28965147369839,../data/results/vary_B2_annealed/B_81_n_12/phi_2.0/results_seed_62.pt,,
vary_B2_annealed,81,12,2.0,62,GPmodel,7.908762454986572,,0.5557915353795486,2.851488650132559,1.3192782379475838,,,5.130500320026077,../data/results/vary_B2_annealed/B_81_n_12/phi_2.0/results_seed_62.pt,,
vary_B2_annealed,81,12,2.0,62,VI_best_tau_by_ELBO,8.203409194946289,,0.2240506261587143,2.7581745588860542,2.508379846375103,-2496.560546875,0.9,,../data/results/vary_B2_annealed/B_81_n_12/phi_2.0/results_seed_62.pt,12.0,12.0
vary_B2_annealed,81,12,2.0,63,GPArealModel,8.560636520385742,,0.229172767066357,6.603707131274164,1.3528005061572252,,,28.815409508766194,../data/results/vary_B2_annealed/B_81_n_12/phi_2.0/results_seed_63.pt,,
vary_B2_annealed,81,12,2.0,63,GPmodel,7.952904224395752,,0.4046563752702647,3.370376540750458,1.0134966844010105,,,8.328984162178163,../data/results/vary_B2_annealed/B_81_n_12/phi_2.0/results_seed_63.pt,,
vary_B2_annealed,81,12,2.0,63,VI_best_tau_by_ELBO,8.125473022460938,,0.22398674488067627,2.1588684597892187,3.5566455068059417,-2564.477978515625,0.9,,../data/results/vary_B2_annealed/B_81_n_12/phi_2.0/results_seed_63.pt,12.0,12.0
vary_B2_annealed,81,12,2.0,64,GPArealModel,7.999446868896484,,0.33883609185745606,5.887565859724952,2.1313561163262555,,,17.37585222238301,../data/results/vary_B2_annealed/B_81_n_12/phi_2.0/results_seed_64.pt,,
vary_B2_annealed,81,12,2.0,64,GPmodel,7.939332485198975,,0.49027643218170647,3.238549676596001,1.0621147863463578,,,6.605558546195279,../data/results/vary_B2_annealed/B_81_n_12/phi_2.0/results_seed_64.pt,,
vary_B2_annealed,81,12,2.0,64,VI_best_tau_by_ELBO,8.227056503295898,,0.2240166813135147,2.7945752164502164,2.382323564487348,-2390.133349609375,0.9,,../data/results/vary_B2_annealed/B_81_n_12/phi_2.0/results_seed_64.pt,12.0,12.0
vary_B2_annealed,81,12,2.0,65,GPArealModel,7.5148024559021,,0.4046706059661943,5.593695220533744,0.7439697899266576,,,13.822835506369925,../data/results/vary_B2_annealed/B_81_n_12/phi_2.0/results_seed_65.pt,,
vary_B2_annealed,81,12,2.0,65,GPmodel,7.9332780838012695,,0.6033938604355567,2.3571270163353315,1.0492685478413786,,,3.906448459110691,../data/results/vary_B2_annealed/B_81_n_12/phi_2.0/results_seed_65.pt,,
vary_B2_annealed,81,12,2.0,65,VI_best_tau_by_ELBO,8.16875171661377,,0.2241094708442688,2.5575758682971292,2.0849448325731808,-2415.596142578125,0.9,,../data/results/vary_B2_annealed/B_81_n_12/phi_2.0/results_seed_65.pt,12.0,12.0
vary_B2_annealed,81,12,2.0,66,GPArealModel,8.072608947753906,,0.31484871874859566,6.059700032697111,2.873250257660052,,,19.246386190746218,../data/results/vary_B2_annealed/B_81_n_12/phi_2.0/results_seed_66.pt,,
vary_B2_annealed,81,12,2.0,66,GPmodel,7.9511284828186035,,0.5095844720569744,3.039336217398519,1.0567571948378898,,,5.9643422907492045,../data/results/vary_B2_annealed/B_81_n_12/phi_2.0/results_seed_66.pt,,
vary_B2_annealed,81,12,2.0,66,VI_best_tau_by_ELBO,8.058327674865723,,0.22405853867530823,3.306241826749639,2.353589355368094,-2387.95263671875,0.9,,../data/results/vary_B2_annealed/B_81_n_12/phi_2.0/results_seed_66.pt,12.0,12.0
vary_B2_annealed,81,12,2.0,67,GPArealModel,7.793294429779053,,0.27225426974520295,6.419994874247857,1.5529658170241736,,,23.580878567143117,../data/results/vary_B2_annealed/B_81_n_12/phi_2.0/results_seed_67.pt,,
vary_B2_annealed,81,12,2.0,67,GPmodel,7.9282121658325195,,0.49542459022982327,2.92409471564147,1.0807730497685089,,,5.902199392817799,../data/results/vary_B2_annealed/B_81_n_12/phi_2.0/results_seed_67.pt,,
vary_B2_annealed,81,12,2.0,67,VI_best_tau_by_ELBO,8.183368682861328,,0.22404974699020386,2.2627822287769273,3.329596235392831,-2488.7341796875,0.9,,../data/results/vary_B2_annealed/B_81_n_12/phi_2.0/results_seed_67.pt,12.0,12.0
vary_B2_annealed,81,12,2.0,68,GPArealModel,7.77487325668335,,0.5181344714577809,2.871694961444774,1.0955818438128253,,,5.542373880983458,../data/results/vary_B2_annealed/B_81_n_12/phi_2.0/results_seed_68.pt,,
vary_B2_annealed,81,12,2.0,68,GPmodel,7.9499030113220215,,0.8878832089228004,1.6680670868339993,1.1291621502254794,,,1.8787010161592486,../data/results/vary_B2_annealed/B_81_n_12/phi_2.0/results_seed_68.pt,,
vary_B2_annealed,81,12,2.0,68,VI_best_tau_by_ELBO,8.075479507446289,,0.22409604489803314,1.2042336983917619,2.433684692508632,-2297.536279296875,0.9,,../data/results/vary_B2_annealed/B_81_n_12/phi_2.0/results_seed_68.pt,10.0,12.0
vary_B2_annealed,81,12,2.0,69,GPArealModel,8.018228530883789,,0.25691959582163115,7.455410284122577,0.7677084131718358,,,29.01845715691755,../data/results/vary_B2_annealed/B_81_n_12/phi_2.0/results_seed_69.pt,,
vary_B2_annealed,81,12,2.0,69,GPmodel,7.936859607696533,,0.41142002865815724,3.4601065756036675,1.0898582013015223,,,8.410155885917305,../data/results/vary_B2_annealed/B_81_n_12/phi_2.0/results_seed_69.pt,,
vary_B2_annealed,81,12,2.0,69,VI_best_tau_by_ELBO,8.03764820098877,,0.22405309975147247,4.2171926032486855,2.005111829592159,-2386.350048828125,0.9,,../data/results/vary_B2_annealed/B_81_n_12/phi_2.0/results_seed_69.pt,12.0,12.0
vary_B2_annealed,81,12,2.0,70,GPArealModel,8.013192176818848,,0.20962103259608666,4.432961154365449,6.378337850498955,,,21.14750175335319,../data/results/vary_B2_annealed/B_81_n_12/phi_2.0/results_seed_70.pt,,
vary_B2_annealed,81,12,2.0,70,GPmodel,7.929417610168457,,0.4323611165304065,3.5967519576706533,0.9863418599852399,,,8.318860832199062,../data/results/vary_B2_annealed/B_81_n_12/phi_2.0/results_seed_70.pt,,
vary_B2_annealed,81,12,2.0,70,VI_best_tau_by_ELBO,8.209296226501465,,0.2241520881652832,3.604175675360106,1.9249012415690707,-2364.015966796875,0.9,,../data/results/vary_B2_annealed/B_81_n_12/phi_2.0/results_seed_70.pt,12.0,12.0
vary_B2_annealed,81,12,2.0,71,GPArealModel,7.913365840911865,,0.7450997576781052,3.7040648977869024,1.8428348364782945,,,4.971233528956692,../data/results/vary_B2_annealed/B_81_n_12/phi_2.0/results_seed_71.pt,,
vary_B2_annealed,81,12,2.0,71,GPmodel,7.918101787567139,,0.8447285006145523,2.0592844835929767,1.1891090717140205,,,2.4378063272339188,../data/results/vary_B2_annealed/B_81_n_12/phi_2.0/results_seed_71.pt,,
vary_B2_annealed,81,12,2.0,71,VI_best_tau_by_ELBO,8.08296012878418,,0.22417661547660828,1.9141454152091708,2.6461449133393886,-2361.10341796875,0.9,,../data/results/vary_B2_annealed/B_81_n_12/phi_2.0/results_seed_71.pt,12.0,12.0
vary_B2_annealed,81,12,2.0,72,GPArealModel,8.051074028015137,,0.4958180807733146,5.262620170737727,1.7769296828358982,,,10.61401424193679,../data/results/vary_B2_annealed/B_81_n_12/phi_2.0/results_seed_72.pt,,
vary_B2_annealed,81,12,2.0,72,GPmodel,7.914066791534424,,0.5664875095614386,2.9260631077553247,1.1279806954892642,,,5.165273829286394,../data/results/vary_B2_annealed/B_81_n_12/phi_2.0/results_seed_72.pt,,
vary_B2_annealed,81,12,2.0,72,VI_best_tau_by_ELBO,8.011069297790527,,0.2241469919681549,4.111649720257421,2.2753440716959132,-2397.516845703125,0.9,,../data/results/vary_B2_annealed/B_81_n_12/phi_2.0/results_seed_72.pt,12.0,12.0
vary_B2_annealed,81,12,2.0,73,GPArealModel,7.560606479644775,,0.5248589477916904,5.547499005634943,0.7119530037069653,,,10.569504490636353,../data/results/vary_B2_annealed/B_81_n_12/phi_2.0/results_seed_73.pt,,
vary_B2_annealed,81,12,2.0,73,GPmodel,7.990523338317871,,0.6048476990647241,2.629682759026267,1.0848279522639355,,,4.347677544433987,../data/results/vary_B2_annealed/B_81_n_12/phi_2.0/results_seed_73.pt,,
vary_B2_annealed,81,12,2.0,73,VI_best_tau_by_ELBO,8.0725679397583,,0.22412437200546265,3.5147525659174654,2.47286697290185,-2384.698095703125,0.9,,../data/results/vary_B2_annealed/B_81_n_12/phi_2.0/results_seed_73.pt,12.0,12.0
vary_B2_annealed,81,12,2.0,74,GPArealModel,7.949257850646973,,0.4088119952410948,5.553450048181312,1.0944325319393344,,,13.584361791796724,../data/results/vary_B2_annealed/B_81_n_12/phi_2.0/results_seed_74.pt,,
vary_B2_annealed,81,12,2.0,74,GPmodel,7.940211296081543,,0.6530947765623522,2.496647472883402,1.1933143412817893,,,3.822795040598587,../data/results/vary_B2_annealed/B_81_n_12/phi_2.0/results_seed_74.pt,,
vary_B2_annealed,81,12,2.0,74,VI_best_tau_by_ELBO,8.080418586730957,,0.22406676411628723,2.7779327876984126,2.3808182571087144,-2375.90498046875,0.9,,../data/results/vary_B2_annealed/B_81_n_12/phi_2.0/results_seed_74.pt,12.0,12.0
vary_B2_annealed,81,12,2.0,75,GPArealModel,8.107398986816406,,0.4686818790064037,6.276132610477802,0.9741905931246684,,,13.391028950773773,../data/results/vary_B2_annealed/B_81_n_12/phi_2.0/results_seed_75.pt,,
vary_B2_annealed,81,12,2.0,75,GPmodel,8.006756782531738,,0.5394942958453758,3.3159504585161343,1.1395618309471498,,,6.146405039037739,../data/results/vary_B2_annealed/B_81_n_12/phi_2.0/results_seed_75.pt,,
vary_B2_annealed,81,12,2.0,75,VI_best_tau_by_ELBO,8.288291931152344,,0.22409218549728394,3.220005982980313,2.6690866332328387,-2500.76669921875,0.9,,../data/results/vary_B2_annealed/B_81_n_12/phi_2.0/results_seed_75.pt,12.0,12.0
vary_B2_annealed,81,12,2.0,76,GPArealModel,7.7216267585754395,,0.7034825152578245,2.7704937798700464,0.7809129502170206,,,3.938255350745523,../data/results/vary_B2_annealed/B_81_n_12/phi_2.0/results_seed_76.pt,,
vary_B2_annealed,81,12,2.0,76,GPmodel,7.924121856689453,,0.8689428202695079,1.7878703862298686,1.0715134598479468,,,2.057523630467825,../data/results/vary_B2_annealed/B_81_n_12/phi_2.0/results_seed_76.pt,,
vary_B2_annealed,81,12,2.0,76,VI_best_tau_by_ELBO,8.111466407775879,,0.2241467535495758,1.2873552519374227,2.46491944315605,-2314.6056640625,0.9,,../data/results/vary_B2_annealed/B_81_n_12/phi_2.0/results_seed_76.pt,12.0,12.0
vary_B2_annealed,81,12,2.0,77,GPArealModel,7.755064487457275,,0.20309360131994753,5.747175326583802,4.018243798527483,,,28.298160499551514,../data/results/vary_B2_annealed/B_81_n_12/phi_2.0/results_seed_77.pt,,
vary_B2_annealed,81,12,2.0,77,GPmodel,7.9209136962890625,,0.3918544795714502,3.5306997015765273,1.0350489965081593,,,9.010231822379216,../data/results/vary_B2_annealed/B_81_n_12/phi_2.0/results_seed_77.pt,,
vary_B2_annealed,81,12,2.0,77,VI_best_tau_by_ELBO,8.195455551147461,,0.22388014197349548,2.3553498251810194,2.2999274875669964,-2467.397119140625,0.9,,../data/results/vary_B2_annealed/B_81_n_12/phi_2.0/results_seed_77.pt,12.0,12.0
vary_B2_annealed,81,12,2.0,78,GPArealModel,7.565271377563477,,0.20610480062542216,6.229433409914487,5.46101059066631,,,30.22459152339663,../data/results/vary_B2_annealed/B_81_n_12/phi_2.0/results_seed_78.pt,,
vary_B2_annealed,81,12,2.0,78,GPmodel,7.9764251708984375,,0.40038600765275567,3.8044421166229845,1.2880825597804888,,,9.501935741776665,../data/results/vary_B2_annealed/B_81_n_12/phi_2.0/results_seed_78.pt,,
vary_B2_annealed,81,12,2.0,78,VI_best_tau_by_ELBO,8.116199493408203,,0.22405920922756195,3.9523204079216914,2.186651220028731,-2426.879833984375,0.9,,../data/results/vary_B2_annealed/B_81_n_12/phi_2.0/results_seed_78.pt,12.0,12.0
vary_B2_annealed,81,12,2.0,79,GPArealModel,8.058317184448242,,0.3353958430039161,4.099040867976841,0.9838610491425718,,,12.221501707547937,../data/results/vary_B2_annealed/B_81_n_12/phi_2.0/results_seed_79.pt,,
vary_B2_annealed,81,12,2.0,79,GPmodel,7.895899772644043,,0.7429866229289813,2.1048525348251705,1.2101501883752164,,,2.83296154986947,../data/results/vary_B2_annealed/B_81_n_12/phi_2.0/results_seed_79.pt,,
vary_B2_annealed,81,12,2.0,79,VI_best_tau_by_ELBO,8.140746116638184,,0.22402960062026978,1.5794743412279684,2.4943051468930375,-2352.218359375,0.9,,../data/results/vary_B2_annealed/B_81_n_12/phi_2.0/results_seed_79.pt,12.0,12.0
vary_B2_annealed,81,12,2.0,80,GPArealModel,7.758597373962402,,0.9970385493027412,3.0573031594737756,1.3870679044242102,,,3.0663841048190554,../data/results/vary_B2_annealed/B_81_n_12/phi_2.0/results_seed_80.pt,,
vary_B2_annealed,81,12,2.0,80,GPmodel,7.938408851623535,,0.8518569178410564,1.9363852998230227,1.0304892955795606,,,2.2731344422612563,../data/results/vary_B2_annealed/B_81_n_12/phi_2.0/results_seed_80.pt,,
vary_B2_annealed,81,12,2.0,80,VI_best_tau_by_ELBO,8.059206008911133,,0.2241942137479782,1.4468376868976758,2.626432986191636,-2327.036279296875,0.9,,../data/results/vary_B2_annealed/B_81_n_12/phi_2.0/results_seed_80.pt,12.0,12.0
vary_B2_annealed,81,12,2.0,81,GPArealModel,8.029802322387695,,0.5867428245230383,5.186453938263785,1.136217490037171,,,8.839399003268323,../data/results/vary_B2_annealed/B_81_n_12/phi_2.0/results_seed_81.pt,,
vary_B2_annealed,81,12,2.0,81,GPmodel,7.932139873504639,,0.7274946435522319,2.4586740533320817,1.0558736824858819,,,3.3796455755698718,../data/results/vary_B2_annealed/B_81_n_12/phi_2.0/results_seed_81.pt,,
vary_B2_annealed,81,12,2.0,81,VI_best_tau_by_ELBO,8.036611557006836,,0.224094957113266,2.7053738013908215,2.6759068181012933,-2373.987744140625,0.9,,../data/results/vary_B2_annealed/B_81_n_12/phi_2.0/results_seed_81.pt,12.0,12.0
vary_B2_annealed,81,12,2.0,82,GPArealModel,7.5878825187683105,,0.8412120129085154,3.749874558167625,2.0087529703297395,,,4.457704479519167,../data/results/vary_B2_annealed/B_81_n_12/phi_2.0/results_seed_82.pt,,
vary_B2_annealed,81,12,2.0,82,GPmodel,7.955804347991943,,0.873345232723741,2.0685408933587666,1.0920077374483055,,,2.368526003064693,../data/results/vary_B2_annealed/B_81_n_12/phi_2.0/results_seed_82.pt,,
vary_B2_annealed,81,12,2.0,82,VI_best_tau_by_ELBO,8.011051177978516,,0.22417259216308594,2.3356522414837144,2.7269116246167027,-2375.0451171875,0.9,,../data/results/vary_B2_annealed/B_81_n_12/phi_2.0/results_seed_82.pt,12.0,12.0
vary_B2_annealed,81,12,2.0,83,GPArealModel,8.259750366210938,,0.6388989439288966,3.7219495671105043,0.5311836531459141,,,5.825568507317367,../data/results/vary_B2_annealed/B_81_n_12/phi_2.0/results_seed_83.pt,,
vary_B2_annealed,81,12,2.0,83,GPmodel,7.943256855010986,,0.7719592280282084,2.0617994248298577,1.1160633974722192,,,2.670865701153995,../data/results/vary_B2_annealed/B_81_n_12/phi_2.0/results_seed_83.pt,,
vary_B2_annealed,81,12,2.0,83,VI_best_tau_by_ELBO,8.168721199035645,,0.22410452365875244,1.808411286211928,2.561533150783988,-2346.259228515625,0.9,,../data/results/vary_B2_annealed/B_81_n_12/phi_2.0/results_seed_83.pt,12.0,12.0
vary_B2_annealed,81,12,2.0,84,GPArealModel,8.21350383758545,,1.1573531988954493,3.5858828960530165,1.662684196628934,,,3.098347936891952,../data/results/vary_B2_annealed/B_81_n_12/phi_2.0/results_seed_84.pt,,
vary_B2_annealed,81,12,2.0,84,GPmodel,7.9800896644592285,,0.8278933628403782,2.248000578100882,1.0333461519764326,,,2.7153262473180466,../data/results/vary_B2_annealed/B_81_n_12/phi_2.0/results_seed_84.pt,,
vary_B2_annealed,81,12,2.0,84,VI_best_tau_by_ELBO,8.368157386779785,,0.22418706119060516,1.7237072977865389,2.847866670934472,-2362.0912109375,0.9,,../data/results/vary_B2_annealed/B_81_n_12/phi_2.0/results_seed_84.pt,12.0,12.0
vary_B2_annealed,81,12,2.0,85,GPArealModel,8.074316024780273,,0.6488579317191974,3.453145615585147,0.49735402230515047,,,5.321882413359394,../data/results/vary_B2_annealed/B_81_n_12/phi_2.0/results_seed_85.pt,,
vary_B2_annealed,81,12,2.0,85,GPmodel,7.973560810089111,,0.7968905148951485,1.8540790972032801,1.0882599223454021,,,2.326642195568399,../data/results/vary_B2_annealed/B_81_n_12/phi_2.0/results_seed_85.pt,,
vary_B2_annealed,81,12,2.0,85,VI_best_tau_by_ELBO,8.184725761413574,,0.2241804301738739,1.7399062119521103,2.4990586166995206,-2336.30361328125,0.9,,../data/results/vary_B2_annealed/B_81_n_12/phi_2.0/results_seed_85.pt,9.0,12.0
vary_B2_annealed,81,12,2.0,86,GPArealModel,8.127495765686035,,0.5053701928218917,2.862039986928998,2.4277801345287973,,,5.6632544372035625,../data/results/vary_B2_annealed/B_81_n_12/phi_2.0/results_seed_86.pt,,
vary_B2_annealed,81,12,2.0,86,GPmodel,7.943413257598877,,0.8890586156921914,2.0079681671942695,1.0926746367651734,,,2.2585329378209025,../data/results/vary_B2_annealed/B_81_n_12/phi_2.0/results_seed_86.pt,,
vary_B2_annealed,81,12,2.0,86,VI_best_tau_by_ELBO,8.221588134765625,,0.22411493957042694,1.299644820937371,2.6257593472995255,-2338.0919921875,0.9,,../data/results/vary_B2_annealed/B_81_n_12/phi_2.0/results_seed_86.pt,12.0,12.0
vary_B2_annealed,81,12,2.0,87,GPArealModel,8.236855506896973,,0.500039041614169,4.390092635940546,0.7376497342187291,,,8.779499740198183,../data/results/vary_B2_annealed/B_81_n_12/phi_2.0/results_seed_87.pt,,
vary_B2_annealed,81,12,2.0,87,GPmodel,7.941531658172607,,0.646734485219785,2.4754585581717334,1.174131545525766,,,3.827627279424381,../data/results/vary_B2_annealed/B_81_n_12/phi_2.0/results_seed_87.pt,,
vary_B2_annealed,81,12,2.0,87,VI_best_tau_by_ELBO,8.2772216796875,,0.22405396401882172,2.2198663733959494,2.5549308857065554,-2374.313818359375,0.9,,../data/results/vary_B2_annealed/B_81_n_12/phi_2.0/results_seed_87.pt,12.0,12.0
vary_B2_annealed,81,12,2.0,88,GPArealModel,7.752071857452393,,0.35521652623431965,6.087946861402239,0.8268224520403092,,,17.138692633310384,../data/results/vary_B2_annealed/B_81_n_12/phi_2.0/results_seed_88.pt,,
vary_B2_annealed,81,12,2.0,88,GPmodel,7.919546127319336,,0.5352603756858045,2.5916923999151185,1.078809015387631,,,4.84192837288675,../data/results/vary_B2_annealed/B_81_n_12/phi_2.0/results_seed_88.pt,,
vary_B2_annealed,81,12,2.0,88,VI_best_tau_by_ELBO,8.08854866027832,,0.22405390441417694,2.3678852459544424,3.1734182042845545,-2498.04677734375,0.9,,../data/results/vary_B2_annealed/B_81_n_12/phi_2.0/results_seed_88.pt,12.0,12.0
vary_B2_annealed,81,12,2.0,89,GPArealModel,7.625709533691406,,0.3871548865669739,5.2115912132274325,0.9038757518276026,,,13.461256448137016,../data/results/vary_B2_annealed/B_81_n_12/phi_2.0/results_seed_89.pt,,
vary_B2_annealed,81,12,2.0,89,GPmodel,7.939963340759277,,0.5753788265145597,2.5406733259206926,1.1284936225298696,,,4.41565314683404,../data/results/vary_B2_annealed/B_81_n_12/phi_2.0/results_seed_89.pt,,
vary_B2_annealed,81,12,2.0,89,VI_best_tau_by_ELBO,8.011574745178223,,0.22407230734825134,3.041196503459338,2.3147555956568233,-2361.600146484375,0.9,,../data/results/vary_B2_annealed/B_81_n_12/phi_2.0/results_seed_89.pt,12.0,12.0
vary_B2_annealed,81,12,2.0,90,GPArealModel,7.739826679229736,,0.5544981448852301,4.1197690846359185,0.5057856913332667,,,7.4297256404502985,../data/results/vary_B2_annealed/B_81_n_12/phi_2.0/results_seed_90.pt,,
vary_B2_annealed,81,12,2.0,90,GPmodel,7.9589033126831055,,0.7382379659943012,1.9066607936589144,0.981378762093136,,,2.5827184207343143,../data/results/vary_B2_annealed/B_81_n_12/phi_2.0/results_seed_90.pt,,
vary_B2_annealed,81,12,2.0,90,VI_best_tau_by_ELBO,8.10558032989502,,0.22414398193359375,1.9187501660820578,2.2253833173894555,-2301.880224609375,0.9,,../data/results/vary_B2_annealed/B_81_n_12/phi_2.0/results_seed_90.pt,12.0,12.0
vary_B2_annealed,81,12,2.0,91,GPArealModel,8.177170753479004,,0.5886216514601771,5.279055459288568,0.6957866489840742,,,8.968503700455061,../data/results/vary_B2_annealed/B_81_n_12/phi_2.0/results_seed_91.pt,,
vary_B2_annealed,81,12,2.0,91,GPmodel,7.985630512237549,,0.7558554607259335,2.464709276986264,1.1828520007747405,,,3.260820891098842,../data/results/vary_B2_annealed/B_81_n_12/phi_2.0/results_seed_91.pt,,
vary_B2_annealed,81,12,2.0,91,VI_best_tau_by_ELBO,8.087361335754395,,0.22412100434303284,3.069548472206117,2.8558285441307203,-2413.5958984375,0.9,,../data/results/vary_B2_annealed/B_81_n_12/phi_2.0/results_seed_91.pt,12.0,12.0
vary_B2_annealed,81,12,2.0,92,GPArealModel,7.9632568359375,,0.4173474131767206,4.844738434223966,1.3655070863577756,,,11.60840652478783,../data/results/vary_B2_annealed/B_81_n_12/phi_2.0/results_seed_92.pt,,
vary_B2_annealed,81,12,2.0,92,GPmodel,7.908457279205322,,0.5828664533677883,2.672314538798504,1.097328620467927,,,4.584780138499883,../data/results/vary_B2_annealed/B_81_n_12/phi_2.0/results_seed_92.pt,,
vary_B2_annealed,81,12,2.0,92,VI_best_tau_by_ELBO,8.007713317871094,,0.224126398563385,3.409963594812925,2.274542348307694,-2372.074658203125,0.9,,../data/results/vary_B2_annealed/B_81_n_12/phi_2.0/results_seed_92.pt,12.0,12.0
vary_B2_annealed,81,12,2.0,93,GPArealModel,7.673523426055908,,0.776921529565744,3.7192688647665246,1.4182729783469632,,,4.7871872811214145,../data/results/vary_B2_annealed/B_81_n_12/phi_2.0/results_seed_93.pt,,
vary_B2_annealed,81,12,2.0,93,GPmodel,7.93370246887207,,0.8962872543197189,1.927324702651788,1.244438309364814,,,2.15034264223095,../data/results/vary_B2_annealed/B_81_n_12/phi_2.0/results_seed_93.pt,,
vary_B2_annealed,81,12,2.0,93,VI_best_tau_by_ELBO,7.964353084564209,,0.22418305277824402,2.0050811295754096,2.7120802452136155,-2361.2982421875,0.9,,../data/results/vary_B2_annealed/B_81_n_12/phi_2.0/results_seed_93.pt,12.0,12.0
vary_B2_annealed,81,12,2.0,94,GPArealModel,7.426476955413818,,0.5394675424123496,4.198574543673135,0.8083655952474025,,,7.782812150103175,../data/results/vary_B2_annealed/B_81_n_12/phi_2.0/results_seed_94.pt,,
vary_B2_annealed,81,12,2.0,94,GPmodel,7.939268589019775,,0.6411067266361938,2.500532992747792,1.08828223625322,,,3.900338101064348,../data/results/vary_B2_annealed/B_81_n_12/phi_2.0/results_seed_94.pt,,
vary_B2_annealed,81,12,2.0,94,VI_best_tau_by_ELBO,8.051237106323242,,0.22410465776920319,2.5517073839478974,2.5403521523429444,-2371.4126953125,0.9,,../data/results/vary_B2_annealed/B_81_n_12/phi_2.0/results_seed_94.pt,12.0,12.0
vary_B2_annealed,81,12,2.0,95,GPArealModel,7.5998215675354,,0.5284932876935091,3.0395376723885175,2.3674838656712955,,,5.751326919692586,../data/results/vary_B2_annealed/B_81_n_12/phi_2.0/results_seed_95.pt,,
vary_B2_annealed,81,12,2.0,95,GPmodel,7.937930583953857,,0.8520957316964107,2.0523572582707024,1.072776474562744,,,2.4085993884568913,../data/results/vary_B2_annealed/B_81_n_12/phi_2.0/results_seed_95.pt,,
vary_B2_annealed,81,12,2.0,95,VI_best_tau_by_ELBO,8.087430000305176,,0.2240653932094574,1.5992204913452122,2.7893013561958875,-2362.61494140625,0.9,,../data/results/vary_B2_annealed/B_81_n_12/phi_2.0/results_seed_95.pt,12.0,12.0
vary_B2_annealed,81,12,2.0,96,GPArealModel,7.3657450675964355,,0.2756267691973559,5.597780319823474,0.39170056812234777,,,20.30927669371373,../data/results/vary_B2_annealed/B_81_n_12/phi_2.0/results_seed_96.pt,,
vary_B2_annealed,81,12,2.0,96,GPmodel,7.9591546058654785,,0.527750772344595,2.9252616431861393,1.1609896461030051,,,5.542884627511429,../data/results/vary_B2_annealed/B_81_n_12/phi_2.0/results_seed_96.pt,,
vary_B2_annealed,81,12,2.0,96,VI_best_tau_by_ELBO,8.14734935760498,,0.22403550148010254,2.521043351644635,2.481594836679937,-2462.093408203125,0.9,,../data/results/vary_B2_annealed/B_81_n_12/phi_2.0/results_seed_96.pt,12.0,12.0
vary_B2_annealed,81,12,2.0,97,GPArealModel,8.265239715576172,,0.3953978667597967,6.626403905416798,1.2406302533874332,,,16.758825634844214,../data/results/vary_B2_annealed/B_81_n_12/phi_2.0/results_seed_97.pt,,
vary_B2_annealed,81,12,2.0,97,GPmodel,7.975807189941406,,0.47126682420145577,3.6921522891632113,1.2042089630873312,,,7.834526216479224,../data/results/vary_B2_annealed/B_81_n_12/phi_2.0/results_seed_97.pt,,
vary_B2_annealed,81,12,2.0,97,VI_best_tau_by_ELBO,8.160544395446777,,0.22407516837120056,4.9645294019596475,2.297961176658163,-2438.7392578125,0.9,,../data/results/vary_B2_annealed/B_81_n_12/phi_2.0/results_seed_97.pt,12.0,12.0
vary_B2_annealed,81,12,2.0,98,GPArealModel,8.283117294311523,,0.5106892014894617,5.139035914671142,2.24264249899774,,,10.062942195924204,../data/results/vary_B2_annealed/B_81_n_12/phi_2.0/results_seed_98.pt,,
vary_B2_annealed,81,12,2.0,98,GPmodel,7.924232482910156,,0.8462153011540101,2.26228084327637,1.3601547385775523,,,2.6734104668058203,../data/results/vary_B2_annealed/B_81_n_12/phi_2.0/results_seed_98.pt,,
vary_B2_annealed,81,12,2.0,98,VI_best_tau_by_ELBO,8.25741958618164,,0.22416077554225922,2.4747291050653213,2.807277474199907,-2584.752197265625,0.9,,../data/results/vary_B2_annealed/B_81_n_12/phi_2.0/results_seed_98.pt,12.0,12.0
vary_B2_annealed,81,12,2.0,99,GPArealModel,8.121421813964844,,0.3544562723084659,3.78834077865876,4.183288860493252,,,10.687752128031052,../data/results/vary_B2_annealed/B_81_n_12/phi_2.0/results_seed_99.pt,,
vary_B2_annealed,81,12,2.0,99,GPmodel,7.914383888244629,,0.626913733683487,2.495830778597594,0.9372361516027369,,,3.9811391017598545,../data/results/vary_B2_annealed/B_81_n_12/phi_2.0/results_seed_99.pt,,
vary_B2_annealed,81,12,2.0,99,VI_best_tau_by_ELBO,7.929849624633789,,0.22405345737934113,2.6317566710633113,2.503503576501623,-2353.487744140625,0.9,,../data/results/vary_B2_annealed/B_81_n_12/phi_2.0/results_seed_99.pt,12.0,12.0
vary_B2_annealed,81,12,2.0,100,GPArealModel,7.834728240966797,,0.35365548398786917,4.454825090190241,0.5611779040403223,,,12.596510705721297,../data/results/vary_B2_annealed/B_81_n_12/phi_2.0/results_seed_100.pt,,
vary_B2_annealed,81,12,2.0,100,GPmodel,7.944654941558838,,0.6862324618988689,1.9012287744719314,1.1350955555334965,,,2.770531678450557,../data/results/vary_B2_annealed/B_81_n_12/phi_2.0/results_seed_100.pt,,
vary_B2_annealed,81,12,2.0,100,VI_best_tau_by_ELBO,8.058586120605469,,0.22406554222106934,1.789907102755875,2.346118682439832,-2328.102294921875,0.9,,../data/results/vary_B2_annealed/B_81_n_12/phi_2.0/results_seed_100.pt,12.0,12.0
vary_B2_annealed,100,12,2.0,1,GPArealModel,8.311601638793945,,0.29432214016549035,6.853778036017965,0.6027928238960959,,,23.286654657254967,../data/results/vary_B2_annealed/B_100_n_12/phi_2.0/results_seed_1.pt,,
vary_B2_annealed,100,12,2.0,1,GPmodel,7.998142242431641,,0.6149601198510525,2.640510736336018,1.1563788878410952,,,4.293791826656284,../data/results/vary_B2_annealed/B_100_n_12/phi_2.0/results_seed_1.pt,,
vary_B2_annealed,100,12,2.0,1,VI_best_tau_by_ELBO,8.166484832763672,,0.21604977548122406,3.5311993054686193,2.210362459379173,-2726.125830078125,0.9,,../data/results/vary_B2_annealed/B_100_n_12/phi_2.0/results_seed_1.pt,12.0,12.0
vary_B2_annealed,100,12,2.0,2,GPArealModel,7.622188568115234,,0.7118556840676304,2.484068214992351,1.6807299951921078,,,3.489567156081527,../data/results/vary_B2_annealed/B_100_n_12/phi_2.0/results_seed_2.pt,,
vary_B2_annealed,100,12,2.0,2,GPmodel,7.9407525062561035,,1.1950868094683154,1.4972332009541016,1.2746341879859986,,,1.2528238024986726,../data/results/vary_B2_annealed/B_100_n_12/phi_2.0/results_seed_2.pt,,
vary_B2_annealed,100,12,2.0,2,VI_best_tau_by_ELBO,8.110525131225586,,0.21622227132320404,1.2547460921199507,2.1292222757965074,-2619.82626953125,0.9,,../data/results/vary_B2_annealed/B_100_n_12/phi_2.0/results_seed_2.pt,12.0,12.0
vary_B2_annealed,100,12,2.0,3,GPArealModel,7.577442169189453,,0.5589400700420029,3.0231941676777314,1.374321975423027,,,5.40879841992818,../data/results/vary_B2_annealed/B_100_n_12/phi_2.0/results_seed_3.pt,,
vary_B2_annealed,100,12,2.0,3,GPmodel,7.937255382537842,,0.9530785322873152,1.7900715692649176,1.2797290822302823,,,1.8781994438264007,../data/results/vary_B2_annealed/B_100_n_12/phi_2.0/results_seed_3.pt,,
vary_B2_annealed,100,12,2.0,3,VI_best_tau_by_ELBO,8.146378517150879,,0.21622255444526672,1.707558387548771,2.06799497749228,-2734.18857421875,0.9,,../data/results/vary_B2_annealed/B_100_n_12/phi_2.0/results_seed_3.pt,12.0,12.0
vary_B2_annealed,100,12,2.0,4,GPArealModel,7.751986503601074,,0.4140690343312343,4.885599053615628,0.5963735288153187,,,11.798996419779114,../data/results/vary_B2_annealed/B_100_n_12/phi_2.0/results_seed_4.pt,,
vary_B2_annealed,100,12,2.0,4,GPmodel,7.891429901123047,,0.6139200315096613,2.4980840685849017,1.2876441683571933,,,4.069070791584993,../data/results/vary_B2_annealed/B_100_n_12/phi_2.0/results_seed_4.pt,,
vary_B2_annealed,100,12,2.0,4,VI_best_tau_by_ELBO,8.002340316772461,,0.2161506861448288,3.88573134767255,1.9302607068154314,-2692.295751953125,0.9,,../data/results/vary_B2_annealed/B_100_n_12/phi_2.0/results_seed_4.pt,12.0,12.0
vary_B2_annealed,100,12,2.0,5,GPArealModel,7.899281978607178,,0.4133885620833866,2.7922499935984324,4.684942880058067,,,6.754541005019859,../data/results/vary_B2_annealed/B_100_n_12/phi_2.0/results_seed_5.pt,,
vary_B2_annealed,100,12,2.0,5,GPmodel,7.967465877532959,,0.7358938587991849,2.1108180160912715,0.994228199835098,,,2.86837291934418,../data/results/vary_B2_annealed/B_100_n_12/phi_2.0/results_seed_5.pt,,
vary_B2_annealed,100,12,2.0,5,VI_best_tau_by_ELBO,8.163819313049316,,0.2161349356174469,2.428806988151498,2.0468542576234143,-2648.52197265625,0.9,,../data/results/vary_B2_annealed/B_100_n_12/phi_2.0/results_seed_5.pt,12.0,12.0
vary_B2_annealed,100,12,2.0,6,GPArealModel,8.26967716217041,,0.3026475425140059,6.970667229410947,1.2153106880444673,,,23.032294171324253,../data/results/vary_B2_annealed/B_100_n_12/phi_2.0/results_seed_6.pt,,
vary_B2_annealed,100,12,2.0,6,GPmodel,7.940646171569824,,0.46058668960192567,3.250060156241391,0.9431023535493444,,,7.0563484130432474,../data/results/vary_B2_annealed/B_100_n_12/phi_2.0/results_seed_6.pt,,
vary_B2_annealed,100,12,2.0,6,VI_best_tau_by_ELBO,8.384264945983887,,0.21593694388866425,3.0113615247089385,1.8512931751142339,-2790.88857421875,0.9,,../data/results/vary_B2_annealed/B_100_n_12/phi_2.0/results_seed_6.pt,12.0,12.0
vary_B2_annealed,100,12,2.0,7,GPArealModel,7.886476516723633,,0.5177479577652826,4.413517322412963,0.9080218974677126,,,8.524451436684952,../data/results/vary_B2_annealed/B_100_n_12/phi_2.0/results_seed_7.pt,,
vary_B2_annealed,100,12,2.0,7,GPmodel,7.990452289581299,,0.6452610738793193,2.515352297610687,1.0800910104958943,,,3.8981931491517856,../data/results/vary_B2_annealed/B_100_n_12/phi_2.0/results_seed_7.pt,,
vary_B2_annealed,100,12,2.0,7,VI_best_tau_by_ELBO,8.196438789367676,,0.21612808108329773,3.1960656642515857,2.1947643144404103,-2704.2166015625,0.9,,../data/results/vary_B2_annealed/B_100_n_12/phi_2.0/results_seed_7.pt,12.0,12.0
vary_B2_annealed,100,12,2.0,8,GPArealModel,7.98616886138916,,0.3699246754380545,4.063095954320193,1.6003050228301612,,,10.983576452446131,../data/results/vary_B2_annealed/B_100_n_12/phi_2.0/results_seed_8.pt,,
vary_B2_annealed,100,12,2.0,8,GPmodel,7.96462869644165,,0.5904371255719623,2.373020408132136,1.1073726365655778,,,4.019090780975819,../data/results/vary_B2_annealed/B_100_n_12/phi_2.0/results_seed_8.pt,,
vary_B2_annealed,100,12,2.0,8,VI_best_tau_by_ELBO,8.320674896240234,,0.21606183052062988,1.7976472358276998,1.9565434170135412,-2726.58935546875,0.9,,../data/results/vary_B2_annealed/B_100_n_12/phi_2.0/results_seed_8.pt,12.0,12.0
vary_B2_annealed,100,12,2.0,9,GPArealModel,8.103532791137695,,0.9378999417088545,2.9715615987987856,1.2582639588364783,,,3.1683140883713006,../data/results/vary_B2_annealed/B_100_n_12/phi_2.0/results_seed_9.pt,,
vary_B2_annealed,100,12,2.0,9,GPmodel,7.906814098358154,,1.03838217717964,1.5611612278076301,1.1351968425324135,,,1.5034553386190772,../data/results/vary_B2_annealed/B_100_n_12/phi_2.0/results_seed_9.pt,,
vary_B2_annealed,100,12,2.0,9,VI_best_tau_by_ELBO,8.179558753967285,,0.21626877784729004,1.639546518671236,2.0956349074392837,-2626.9109375,0.9,,../data/results/vary_B2_annealed/B_100_n_12/phi_2.0/results_seed_9.pt,12.0,12.0
vary_B2_annealed,100,12,2.0,10,GPArealModel,8.065658569335938,,0.604178948888964,4.88566544866909,1.7523167604917451,,,8.086454282548956,../data/results/vary_B2_annealed/B_100_n_12/phi_2.0/results_seed_10.pt,,
vary_B2_annealed,100,12,2.0,10,GPmodel,7.923070907592773,,0.6104832241819864,2.7999136575923225,0.9567828170899383,,,4.586389185950279,../data/results/vary_B2_annealed/B_100_n_12/phi_2.0/results_seed_10.pt,,
vary_B2_annealed,100,12,2.0,10,VI_best_tau_by_ELBO,8.218656539916992,,0.2160986363887787,3.2916929104594392,2.10993166181564,-2805.567236328125,0.9,,../data/results/vary_B2_annealed/B_100_n_12/phi_2.0/results_seed_10.pt,12.0,12.0
vary_B2_annealed,100,12,2.0,11,GPArealModel,8.065975189208984,,0.6853194479426502,3.6389458755060673,1.0630094966532364,,,5.309853509090241,../data/results/vary_B2_annealed/B_100_n_12/phi_2.0/results_seed_11.pt,,
vary_B2_annealed,100,12,2.0,11,GPmodel,7.933358669281006,,0.9380632072164279,1.9178813179364143,1.2352786513848046,,,2.0445118230651644,../data/results/vary_B2_annealed/B_100_n_12/phi_2.0/results_seed_11.pt,,
vary_B2_annealed,100,12,2.0,11,VI_best_tau_by_ELBO,8.250411033630371,,0.21624699234962463,2.3258155869872517,2.060742073396553,-2757.03271484375,0.9,,../data/results/vary_B2_annealed/B_100_n_12/phi_2.0/results_seed_11.pt,12.0,12.0
vary_B2_annealed,100,12,2.0,12,GPArealModel,7.734089374542236,,0.35870110536088357,3.5665872533149576,1.7669802944962658,,,9.943061786014487,../data/results/vary_B2_annealed/B_100_n_12/phi_2.0/results_seed_12.pt,,
vary_B2_annealed,100,12,2.0,12,GPmodel,7.977595806121826,,0.5279987069764228,2.462266084494729,0.9433625936981658,,,4.663394156010081,../data/results/vary_B2_annealed/B_100_n_12/phi_2.0/results_seed_12.pt,,
vary_B2_annealed,100,12,2.0,12,VI_best_tau_by_ELBO,8.342124938964844,,0.21604295074939728,1.8831105137523994,1.8161079509889835,-2693.17412109375,0.9,,../data/results/vary_B2_annealed/B_100_n_12/phi_2.0/results_seed_12.pt,12.0,12.0
vary_B2_annealed,100,12,2.0,13,GPArealModel,8.165522575378418,,0.5242824809161832,4.27335610786497,1.54434265915648,,,8.15086573252893,../data/results/vary_B2_annealed/B_100_n_12/phi_2.0/results_seed_13.pt,,
vary_B2_annealed,100,12,2.0,13,GPmodel,7.926811695098877,,0.7473338853752685,2.147255456920708,1.2382770991750873,,,2.8732210581385305,../data/results/vary_B2_annealed/B_100_n_12/phi_2.0/results_seed_13.pt,,
vary_B2_annealed,100,12,2.0,13,VI_best_tau_by_ELBO,8.07163143157959,,0.2161104381084442,3.1420708944275786,2.195496002793252,-2694.363134765625,0.9,,../data/results/vary_B2_annealed/B_100_n_12/phi_2.0/results_seed_13.pt,12.0,12.0
vary_B2_annealed,100,12,2.0,14,GPArealModel,8.073380470275879,,0.48188244064078756,3.8852886696385025,1.8931096359311865,,,8.062731367575886,../data/results/vary_B2_annealed/B_100_n_12/phi_2.0/results_seed_14.pt,,
vary_B2_annealed,100,12,2.0,14,GPmodel,7.942933082580566,,0.7378321333353477,2.3748407706723906,1.2939188336044758,,,3.218673548327308,../data/results/vary_B2_annealed/B_100_n_12/phi_2.0/results_seed_14.pt,,
vary_B2_annealed,100,12,2.0,14,VI_best_tau_by_ELBO,8.138761520385742,,0.21609646081924438,2.584764394312823,2.2513518813376314,-2711.197412109375,0.9,,../data/results/vary_B2_annealed/B_100_n_12/phi_2.0/results_seed_14.pt,12.0,12.0
vary_B2_annealed,100,12,2.0,15,GPArealModel,7.756000995635986,,0.484792762611356,3.6988175990748244,1.7085877994087422,,,7.629688156132927,../data/results/vary_B2_annealed/B_100_n_12/phi_2.0/results_seed_15.pt,,
vary_B2_annealed,100,12,2.0,15,GPmodel,7.9209465980529785,,0.666100710558773,2.128588597515252,1.0953533441123284,,,3.1955957466696585,../data/results/vary_B2_annealed/B_100_n_12/phi_2.0/results_seed_15.pt,,
vary_B2_annealed,100,12,2.0,15,VI_best_tau_by_ELBO,8.00285530090332,,0.21608860790729523,2.552048083518507,2.1484678596671047,-2671.876416015625,0.9,,../data/results/vary_B2_annealed/B_100_n_12/phi_2.0/results_seed_15.pt,12.0,12.0
vary_B2_annealed,100,12,2.0,16,GPArealModel,7.619378089904785,,0.5445107799435428,5.011981904641013,1.4132049701395968,,,9.204559559244496,../data/results/vary_B2_annealed/B_100_n_12/phi_2.0/results_seed_16.pt,,
vary_B2_annealed,100,12,2.0,16,GPmodel,7.943532466888428,,0.5958216029816678,2.5158718472069914,1.044667072552241,,,4.222525391185589,../data/results/vary_B2_annealed/B_100_n_12/phi_2.0/results_seed_16.pt,,
vary_B2_annealed,100,12,2.0,16,VI_best_tau_by_ELBO,8.027336120605469,,0.21611306071281433,3.404770241299449,2.0660717231446126,-2693.3841796875,0.9,,../data/results/vary_B2_annealed/B_100_n_12/phi_2.0/results_seed_16.pt,12.0,12.0
vary_B2_annealed,100,12,2.0,17,GPArealModel,7.716910362243652,,0.3458118485459712,4.3835991324417325,1.3531500962142413,,,12.6762548792743,../data/results/vary_B2_annealed/B_100_n_12/phi_2.0/results_seed_17.pt,,
vary_B2_annealed,100,12,2.0,17,GPmodel,8.018972396850586,,0.6170680764316612,2.1021275745900803,1.05798166687561,,,3.406638027275887,../data/results/vary_B2_annealed/B_100_n_12/phi_2.0/results_seed_17.pt,,
vary_B2_annealed,100,12,2.0,17,VI_best_tau_by_ELBO,8.265778541564941,,0.2160651683807373,2.0161643017912283,1.7982362948719954,-2686.175537109375,0.9,,../data/results/vary_B2_annealed/B_100_n_12/phi_2.0/results_seed_17.pt,12.0,12.0
vary_B2_annealed,100,12,2.0,18,GPArealModel,7.857548236846924,,0.4700222152485922,4.317934906092358,2.0011399693765597,,,9.186661323675148,../data/results/vary_B2_annealed/B_100_n_12/phi_2.0/results_seed_18.pt,,
vary_B2_annealed,100,12,2.0,18,GPmodel,7.939732551574707,,0.6066922266387436,2.5539958798680553,1.1532195287079559,,,4.209705955881381,../data/results/vary_B2_annealed/B_100_n_12/phi_2.0/results_seed_18.pt,,
vary_B2_annealed,100,12,2.0,18,VI_best_tau_by_ELBO,8.237638473510742,,0.21612778306007385,2.5363089393204388,2.0536014389422674,-2777.86611328125,0.9,,../data/results/vary_B2_annealed/B_100_n_12/phi_2.0/results_seed_18.pt,12.0,12.0
vary_B2_annealed,100,12,2.0,19,GPArealModel,7.865667819976807,,0.6696025893455615,5.458351890030151,1.0279264936586139,,,8.151629006340748,../data/results/vary_B2_annealed/B_100_n_12/phi_2.0/results_seed_19.pt,,
vary_B2_annealed,100,12,2.0,19,GPmodel,7.981638431549072,,0.613708417053599,2.8750147675733855,1.1114947246592248,,,4.684659176382605,../data/results/vary_B2_annealed/B_100_n_12/phi_2.0/results_seed_19.pt,,
vary_B2_annealed,100,12,2.0,19,VI_best_tau_by_ELBO,8.08218765258789,,0.21613579988479614,4.189868380044024,2.2058244022935445,-2732.4240234375,0.9,,../data/results/vary_B2_annealed/B_100_n_12/phi_2.0/results_seed_19.pt,12.0,12.0
vary_B2_annealed,100,12,2.0,20,GPArealModel,7.7516679763793945,,0.23440876257971618,5.762975242440493,1.8584177725225823,,,24.58515278617479,../data/results/vary_B2_annealed/B_100_n_12/phi_2.0/results_seed_20.pt,,
vary_B2_annealed,100,12,2.0,20,GPmodel,7.945631504058838,,0.4813832737127963,2.5418984350093003,1.0665686280837303,,,5.280404562884443,../data/results/vary_B2_annealed/B_100_n_12/phi_2.0/results_seed_20.pt,,
vary_B2_annealed,100,12,2.0,20,VI_best_tau_by_ELBO,8.09361743927002,,0.21602120995521545,2.8761568866972334,1.8372735291087672,-2663.597900390625,0.9,,../data/results/vary_B2_annealed/B_100_n_12/phi_2.0/results_seed_20.pt,12.0,12.0
vary_B2_annealed,100,12,2.0,21,GPArealModel,7.889317035675049,,0.5452751206177765,3.8516222011903274,0.6984804668234817,,,7.063630918694002,../data/results/vary_B2_annealed/B_100_n_12/phi_2.0/results_seed_21.pt,,
vary_B2_annealed,100,12,2.0,21,GPmodel,8.000540733337402,,0.7469444223486171,2.0044364030929347,1.1294427473398239,,,2.6835147878745595,../data/results/vary_B2_annealed/B_100_n_12/phi_2.0/results_seed_21.pt,,
vary_B2_annealed,100,12,2.0,21,VI_best_tau_by_ELBO,8.076696395874023,,0.21615828573703766,2.87976255561728,2.0677535264485267,-2662.238525390625,0.9,,../data/results/vary_B2_annealed/B_100_n_12/phi_2.0/results_seed_21.pt,12.0,12.0
vary_B2_annealed,100,12,2.0,22,GPArealModel,7.776500225067139,,0.482356938893349,4.168591507758637,1.338436827440686,,,8.642130280788454,../data/results/vary_B2_annealed/B_100_n_12/phi_2.0/results_seed_22.pt,,
vary_B2_annealed,100,12,2.0,22,GPmodel,7.953705787658691,,0.66118311368212,2.3308729290099066,1.096883362172846,,,3.5253061985042327,../data/results/vary_B2_annealed/B_100_n_12/phi_2.0/results_seed_22.pt,,
vary_B2_annealed,100,12,2.0,22,VI_best_tau_by_ELBO,8.043184280395508,,0.2161213755607605,3.493473445845852,2.1025899200363045,-2693.939697265625,0.9,,../data/results/vary_B2_annealed/B_100_n_12/phi_2.0/results_seed_22.pt,12.0,12.0
vary_B2_annealed,100,12,2.0,23,GPArealModel,7.439241409301758,,0.5803322324878301,4.026833028192766,1.4342223607430746,,,6.938840896239917,../data/results/vary_B2_annealed/B_100_n_12/phi_2.0/results_seed_23.pt,,
vary_B2_annealed,100,12,2.0,23,GPmodel,7.96802282333374,,0.6726272827411779,2.413669105813408,1.092148663648511,,,3.588419868990313,../data/results/vary_B2_annealed/B_100_n_12/phi_2.0/results_seed_23.pt,,
vary_B2_annealed,100,12,2.0,23,VI_best_tau_by_ELBO,8.076253890991211,,0.21618282794952393,3.360778879908404,2.0833555427542354,-2692.707373046875,0.9,,../data/results/vary_B2_annealed/B_100_n_12/phi_2.0/results_seed_23.pt,12.0,12.0
vary_B2_annealed,100,12,2.0,24,GPArealModel,8.177669525146484,,0.5426543239744079,4.723748455586651,1.308808610719548,,,8.70489415985825,../data/results/vary_B2_annealed/B_100_n_12/phi_2.0/results_seed_24.pt,,
vary_B2_annealed,100,12,2.0,24,GPmodel,7.999956130981445,,0.5841959630304371,2.6800633700826673,1.191537524044182,,,4.5876102193178525,../data/results/vary_B2_annealed/B_100_n_12/phi_2.0/results_seed_24.pt,,
vary_B2_annealed,100,12,2.0,24,VI_best_tau_by_ELBO,8.292336463928223,,0.2161315679550171,3.686656694025413,2.031132840210837,-2716.13388671875,0.9,,../data/results/vary_B2_annealed/B_100_n_12/phi_2.0/results_seed_24.pt,12.0,12.0
vary_B2_annealed,100,12,2.0,25,GPArealModel,8.254436492919922,,0.5407470487633301,3.7148165360144874,1.1586298408889975,,,6.869786057104046,../data/results/vary_B2_annealed/B_100_n_12/phi_2.0/results_seed_25.pt,,
vary_B2_annealed,100,12,2.0,25,GPmodel,7.898810386657715,,0.7474461906756422,2.2255830062874984,1.1833544623377281,,,2.9775829137288365,../data/results/vary_B2_annealed/B_100_n_12/phi_2.0/results_seed_25.pt,,
vary_B2_annealed,100,12,2.0,25,VI_best_tau_by_ELBO,8.123040199279785,,0.21608291566371918,2.7071380997277164,2.208804539817539,-2693.656494140625,0.9,,../data/results/vary_B2_annealed/B_100_n_12/phi_2.0/results_seed_25.pt,12.0,12.0
vary_B2_annealed,100,12,2.0,26,GPArealModel,8.380711555480957,,0.34704246654744353,5.921940789895295,0.5864283303219429,,,17.064023457445426,../data/results/vary_B2_annealed/B_100_n_12/phi_2.0/results_seed_26.pt,,
vary_B2_annealed,100,12,2.0,26,GPmodel,7.965769290924072,,0.5133149693689111,2.7710344823165314,1.0675156499130387,,,5.398312240384001,../data/results/vary_B2_annealed/B_100_n_12/phi_2.0/results_seed_26.pt,,
vary_B2_annealed,100,12,2.0,26,VI_best_tau_by_ELBO,8.210014343261719,,0.21608860790729523,3.903144348684485,1.7839101996093096,-2670.499462890625,0.9,,../data/results/vary_B2_annealed/B_100_n_12/phi_2.0/results_seed_26.pt,12.0,12.0
vary_B2_annealed,100,12,2.0,27,GPArealModel,7.993120193481445,,0.3216188631963237,7.086225931940024,0.9403078464724085,,,22.032992286321292,../data/results/vary_B2_annealed/B_100_n_12/phi_2.0/results_seed_27.pt,,
vary_B2_annealed,100,12,2.0,27,GPmodel,7.919137954711914,,0.5153286961631381,3.1471476489503285,1.2148661620338583,,,6.107068502845478,../data/results/vary_B2_annealed/B_100_n_12/phi_2.0/results_seed_27.pt,,
vary_B2_annealed,100,12,2.0,27,VI_best_tau_by_ELBO,8.406036376953125,,0.2159833312034607,3.385037680218244,2.0132943963471246,-2809.177734375,0.9,,../data/results/vary_B2_annealed/B_100_n_12/phi_2.0/results_seed_27.pt,12.0,12.0
vary_B2_annealed,100,12,2.0,28,GPArealModel,8.247990608215332,,0.5646714569955273,3.29308335868791,1.010668353331617,,,5.831857300189327,../data/results/vary_B2_annealed/B_100_n_12/phi_2.0/results_seed_28.pt,,
vary_B2_annealed,100,12,2.0,28,GPmodel,8.013618469238281,,0.8578719361059467,1.8337769019658916,1.1955823892188704,,,2.13758816996599,../data/results/vary_B2_annealed/B_100_n_12/phi_2.0/results_seed_28.pt,,
vary_B2_annealed,100,12,2.0,28,VI_best_tau_by_ELBO,8.196688652038574,,0.21611100435256958,2.027471953372767,2.2515835520859415,-2662.430712890625,0.9,,../data/results/vary_B2_annealed/B_100_n_12/phi_2.0/results_seed_28.pt,12.0,12.0
vary_B2_annealed,100,12,2.0,29,GPArealModel,8.148412704467773,,0.5523457772074818,3.9805045085177277,1.1644404413360732,,,7.2065446551291386,../data/results/vary_B2_annealed/B_100_n_12/phi_2.0/results_seed_29.pt,,
vary_B2_annealed,100,12,2.0,29,GPmodel,8.013803482055664,,0.6525104446594737,2.2139957410017788,1.0274388510571308,,,3.393042608164225,../data/results/vary_B2_annealed/B_100_n_12/phi_2.0/results_seed_29.pt,,
vary_B2_annealed,100,12,2.0,29,VI_best_tau_by_ELBO,8.526597023010254,,0.2161598801612854,2.244400332595247,1.9528332211859456,-2737.130419921875,0.9,,../data/results/vary_B2_annealed/B_100_n_12/phi_2.0/results_seed_29.pt,12.0,12.0
vary_B2_annealed,100,12,2.0,30,GPArealModel,8.575713157653809,,0.44739085969203124,3.5104499453699893,2.698111226309922,,,7.846494556876877,../data/results/vary_B2_annealed/B_100_n_12/phi_2.0/results_seed_30.pt,,
vary_B2_annealed,100,12,2.0,30,GPmodel,7.9216628074646,,0.7634627119446173,2.1846375067390738,1.2039265738261915,,,2.8614855349969606,../data/results/vary_B2_annealed/B_100_n_12/phi_2.0/results_seed_30.pt,,
vary_B2_annealed,100,12,2.0,30,VI_best_tau_by_ELBO,8.204200744628906,,0.21611903607845306,2.3677710168768775,2.1661351483605618,-2687.707177734375,0.9,,../data/results/vary_B2_annealed/B_100_n_12/phi_2.0/results_seed_30.pt,12.0,12.0
vary_B2_annealed,100,12,2.0,31,GPArealModel,7.598554611206055,,0.6890525058889673,3.9336425122979604,0.8943287906808967,,,5.708770345770748,../data/results/vary_B2_annealed/B_100_n_12/phi_2.0/results_seed_31.pt,,
vary_B2_annealed,100,12,2.0,31,GPmodel,7.983270645141602,,0.7156139980275933,2.1816260291200447,1.0543314240528932,,,3.04860725912732,../data/results/vary_B2_annealed/B_100_n_12/phi_2.0/results_seed_31.pt,,
vary_B2_annealed,100,12,2.0,31,VI_best_tau_by_ELBO,8.070210456848145,,0.2161838412284851,2.974856368211171,2.07110042505164,-2680.206982421875,0.9,,../data/results/vary_B2_annealed/B_100_n_12/phi_2.0/results_seed_31.pt,12.0,12.0
vary_B2_annealed,100,12,2.0,32,GPArealModel,7.660459041595459,,0.5778025208991254,3.420228902796223,1.8606242971580087,,,5.919373452151029,../data/results/vary_B2_annealed/B_100_n_12/phi_2.0/results_seed_32.pt,,
vary_B2_annealed,100,12,2.0,32,GPmodel,7.9268951416015625,,0.7870745290169542,1.949542850924356,1.0692574467879161,,,2.4769482165295194,../data/results/vary_B2_annealed/B_100_n_12/phi_2.0/results_seed_32.pt,,
vary_B2_annealed,100,12,2.0,32,VI_best_tau_by_ELBO,8.016364097595215,,0.21610723435878754,1.9121050146182814,2.212127598950509,-2655.167626953125,0.9,,../data/results/vary_B2_annealed/B_100_n_12/phi_2.0/results_seed_32.pt,12.0,12.0
vary_B2_annealed,100,12,2.0,33,GPArealModel,7.569169998168945,,0.38297298564854537,5.808356226057362,1.0840948578697571,,,15.166490702265083,../data/results/vary_B2_annealed/B_100_n_12/phi_2.0/results_seed_33.pt,,
vary_B2_annealed,100,12,2.0,33,GPmodel,7.926331996917725,,0.5296949842911575,2.8006447218392925,1.0104547771073753,,,5.2872781598775,../data/results/vary_B2_annealed/B_100_n_12/phi_2.0/results_seed_33.pt,,
vary_B2_annealed,100,12,2.0,33,VI_best_tau_by_ELBO,8.201906204223633,,0.21607783436775208,2.8709570296199507,1.979115116359435,-2767.18486328125,0.9,,../data/results/vary_B2_annealed/B_100_n_12/phi_2.0/results_seed_33.pt,12.0,12.0
vary_B2_annealed,100,12,2.0,34,GPArealModel,8.05773639678955,,0.45029812155631427,3.9238167218447764,0.8353714015788557,,,8.713819876226298,../data/results/vary_B2_annealed/B_100_n_12/phi_2.0/results_seed_34.pt,,
vary_B2_annealed,100,12,2.0,34,GPmodel,7.965243816375732,,0.7617851842698996,1.97323982112972,1.1654415853716527,,,2.5902837989962846,../data/results/vary_B2_annealed/B_100_n_12/phi_2.0/results_seed_34.pt,,
vary_B2_annealed,100,12,2.0,34,VI_best_tau_by_ELBO,8.20229434967041,,0.2160860002040863,2.3714583920151058,2.0970063901190326,-2660.867822265625,0.9,,../data/results/vary_B2_annealed/B_100_n_12/phi_2.0/results_seed_34.pt,12.0,12.0
vary_B2_annealed,100,12,2.0,35,GPArealModel,7.918808460235596,,0.31056185050694896,4.485190902501117,1.0765279287520435,,,14.442182435413969,../data/results/vary_B2_annealed/B_100_n_12/phi_2.0/results_seed_35.pt,,
vary_B2_annealed,100,12,2.0,35,GPmodel,7.980918884277344,,0.5519338744377078,2.3627928419602675,1.0474481371854052,,,4.280934639801559,../data/results/vary_B2_annealed/B_100_n_12/phi_2.0/results_seed_35.pt,,
vary_B2_annealed,100,12,2.0,35,VI_best_tau_by_ELBO,8.133295059204102,,0.216064453125,2.5525348569729593,1.8791682396641838,-2646.371044921875,0.9,,../data/results/vary_B2_annealed/B_100_n_12/phi_2.0/results_seed_35.pt,12.0,12.0
vary_B2_annealed,100,12,2.0,36,GPArealModel,8.248605728149414,,0.5913097064038473,3.693547352675932,0.9645761986863386,,,6.246383769241473,../data/results/vary_B2_annealed/B_100_n_12/phi_2.0/results_seed_36.pt,,
vary_B2_annealed,100,12,2.0,36,GPmodel,7.9838643074035645,,0.5951653866810409,2.2641907483819472,0.9981308826966089,,,3.804305154586157,../data/results/vary_B2_annealed/B_100_n_12/phi_2.0/results_seed_36.pt,,
vary_B2_annealed,100,12,2.0,36,VI_best_tau_by_ELBO,8.124556541442871,,0.21614602208137512,3.0061121548859746,1.8998723100927433,-2643.339453125,0.9,,../data/results/vary_B2_annealed/B_100_n_12/phi_2.0/results_seed_36.pt,12.0,12.0
vary_B2_annealed,100,12,2.0,37,GPArealModel,7.455073833465576,,0.44061887257273885,3.505327745973376,2.569352550144124,,,7.9554643801479585,../data/results/vary_B2_annealed/B_100_n_12/phi_2.0/results_seed_37.pt,,
vary_B2_annealed,100,12,2.0,37,GPmodel,7.884858131408691,,0.6696516821972378,2.129662981879922,1.0546485463442328,,,3.180254807831059,../data/results/vary_B2_annealed/B_100_n_12/phi_2.0/results_seed_37.pt,,
vary_B2_annealed,100,12,2.0,37,VI_best_tau_by_ELBO,8.115948677062988,,0.21613259613513947,2.2348378524818475,1.953937783302558,-2741.1466796875,0.9,,../data/results/vary_B2_annealed/B_100_n_12/phi_2.0/results_seed_37.pt,12.0,12.0
vary_B2_annealed,100,12,2.0,38,GPArealModel,7.830563068389893,,0.4688509199656521,4.210540717455264,2.410787323498862,,,8.980553387340537,../data/results/vary_B2_annealed/B_100_n_12/phi_2.0/results_seed_38.pt,,
vary_B2_annealed,100,12,2.0,38,GPmodel,7.9418487548828125,,0.7731712697486688,2.1369809237431854,1.044111401709315,,,2.76391662152403,../data/results/vary_B2_annealed/B_100_n_12/phi_2.0/results_seed_38.pt,,
vary_B2_annealed,100,12,2.0,38,VI_best_tau_by_ELBO,8.116349220275879,,0.21610110998153687,2.7010042244356116,2.1676987730945374,-2668.867529296875,0.9,,../data/results/vary_B2_annealed/B_100_n_12/phi_2.0/results_seed_38.pt,12.0,12.0
vary_B2_annealed,100,12,2.0,39,GPArealModel,8.479132652282715,,0.7353454506243616,2.9538217549986547,1.2650544761215803,,,4.016917154366897,../data/results/vary_B2_annealed/B_100_n_12/phi_2.0/results_seed_39.pt,,
vary_B2_annealed,100,12,2.0,39,GPmodel,7.958037853240967,,0.9399289699641528,1.8627322928344892,1.133257131603925,,,1.9817798497109103,../data/results/vary_B2_annealed/B_100_n_12/phi_2.0/results_seed_39.pt,,
vary_B2_annealed,100,12,2.0,39,VI_best_tau_by_ELBO,8.242120742797852,,0.2161356806755066,2.1048118809072984,2.276450768274808,-2663.268310546875,0.9,,../data/results/vary_B2_annealed/B_100_n_12/phi_2.0/results_seed_39.pt,12.0,12.0
vary_B2_annealed,100,12,2.0,40,GPArealModel,7.749579906463623,,0.6282304131071987,4.181638034004035,1.0747210065570179,,,6.656217124735884,../data/results/vary_B2_annealed/B_100_n_12/phi_2.0/results_seed_40.pt,,
vary_B2_annealed,100,12,2.0,40,GPmodel,7.9963836669921875,,0.7598769419535386,2.1703740855116678,1.23602088234038,,,2.856217850132333,../data/results/vary_B2_annealed/B_100_n_12/phi_2.0/results_seed_40.pt,,
vary_B2_annealed,100,12,2.0,40,VI_best_tau_by_ELBO,8.073646545410156,,0.2161533236503601,2.973533379496328,2.278038843747392,-2708.01533203125,0.9,,../data/results/vary_B2_annealed/B_100_n_12/phi_2.0/results_seed_40.pt,12.0,12.0
vary_B2_annealed,100,12,2.0,41,GPArealModel,7.384829998016357,,0.8339367700755883,3.4324072035969238,0.6825682203707868,,,4.1159082160219524,../data/results/vary_B2_annealed/B_100_n_12/phi_2.0/results_seed_41.pt,,
vary_B2_annealed,100,12,2.0,41,GPmodel,7.99912691116333,,0.9235523973505845,1.8429986174559072,1.1210100939825764,,,1.9955539314747694,../data/results/vary_B2_annealed/B_100_n_12/phi_2.0/results_seed_41.pt,,
vary_B2_annealed,100,12,2.0,41,VI_best_tau_by_ELBO,8.095605850219727,,0.21619479358196259,2.4240706763269904,2.3134096897299075,-2688.9298828125,0.9,,../data/results/vary_B2_annealed/B_100_n_12/phi_2.0/results_seed_41.pt,12.0,12.0
vary_B2_annealed,100,12,2.0,42,GPArealModel,7.659236907958984,,0.40079509324266305,4.3856078126483045,1.722762795937454,,,10.94226922082856,../data/results/vary_B2_annealed/B_100_n_12/phi_2.0/results_seed_42.pt,,
vary_B2_annealed,100,12,2.0,42,GPmodel,7.956007957458496,,0.6421782903834995,2.4134111680565473,1.110116878586863,,,3.7581637439273967,../data/results/vary_B2_annealed/B_100_n_12/phi_2.0/results_seed_42.pt,,
vary_B2_annealed,100,12,2.0,42,VI_best_tau_by_ELBO,8.095575332641602,,0.21607652306556702,2.8868540848381947,2.1377121835096395,-2695.921875,0.9,,../data/results/vary_B2_annealed/B_100_n_12/phi_2.0/results_seed_42.pt,12.0,12.0
vary_B2_annealed,100,12,2.0,43,GPArealModel,8.013574600219727,,0.6066561383608102,3.9154705637819736,2.783391634586224,,,6.454184366058846,../data/results/vary_B2_annealed/B_100_n_12/phi_2.0/results_seed_43.pt,,
vary_B2_annealed,100,12,2.0,43,GPmodel,7.976731300354004,,0.8213508542838849,2.097374568346861,1.023267753704506,,,2.5535671600116725,../data/results/vary_B2_annealed/B_100_n_12/phi_2.0/results_seed_43.pt,,
vary_B2_annealed,100,12,2.0,43,VI_best_tau_by_ELBO,8.077258110046387,,0.21609674394130707,2.5905319160381195,2.309613305048719,-2688.48486328125,0.9,,../data/results/vary_B2_annealed/B_100_n_12/phi_2.0/results_seed_43.pt,12.0,12.0
vary_B2_annealed,100,12,2.0,44,GPArealModel,7.604707717895508,,0.4614313991811937,4.025551056397909,1.1226042787513943,,,8.724050993368065,../data/results/vary_B2_annealed/B_100_n_12/phi_2.0/results_seed_44.pt,,
vary_B2_annealed,100,12,2.0,44,GPmodel,7.978271961212158,,0.6751117124358833,1.98275179225439,1.0098429519943892,,,2.9369240019557443,../data/results/vary_B2_annealed/B_100_n_12/phi_2.0/results_seed_44.pt,,
vary_B2_annealed,100,12,2.0,44,VI_best_tau_by_ELBO,8.187882423400879,,0.21614515781402588,2.105673158174762,1.8569378318780252,-2702.086181640625,0.9,,../data/results/vary_B2_annealed/B_100_n_12/phi_2.0/results_seed_44.pt,12.0,12.0
vary_B2_annealed,100,12,2.0,45,GPArealModel,8.394255638122559,,0.38152714517177155,5.233348650837884,2.1638266305294085,,,13.716844835461762,../data/results/vary_B2_annealed/B_100_n_12/phi_2.0/results_seed_45.pt,,
vary_B2_annealed,100,12,2.0,45,GPmodel,7.9603447914123535,,0.6124941439174154,2.8122832594111817,1.023259203492784,,,4.59152677187126,../data/results/vary_B2_annealed/B_100_n_12/phi_2.0/results_seed_45.pt,,
vary_B2_annealed,100,12,2.0,45,VI_best_tau_by_ELBO,8.480709075927734,,0.21606677770614624,2.579031307377733,2.0918106081648515,-2819.98173828125,0.9,,../data/results/vary_B2_annealed/B_100_n_12/phi_2.0/results_seed_45.pt,12.0,12.0
vary_B2_annealed,100,12,2.0,46,GPArealModel,7.616563320159912,,0.3987083717192728,5.342069714697892,2.04946606918868,,,13.39843879290099,../data/results/vary_B2_annealed/B_100_n_12/phi_2.0/results_seed_46.pt,,
vary_B2_annealed,100,12,2.0,46,GPmodel,7.93345308303833,,0.4380550620422648,3.03588348640674,1.0404551633759,,,6.930369602974316,../data/results/vary_B2_annealed/B_100_n_12/phi_2.0/results_seed_46.pt,,
vary_B2_annealed,100,12,2.0,46,VI_best_tau_by_ELBO,8.038263320922852,,0.21612924337387085,3.9915679997861373,1.818217438462381,-2692.737548828125,0.9,,../data/results/vary_B2_annealed/B_100_n_12/phi_2.0/results_seed_46.pt,12.0,12.0
vary_B2_annealed,100,12,2.0,47,GPArealModel,7.943881511688232,,0.4349381855693647,5.323635598512454,1.1675189142964055,,,12.239982082841129,../data/results/vary_B2_annealed/B_100_n_12/phi_2.0/results_seed_47.pt,,
vary_B2_annealed,100,12,2.0,47,GPmodel,7.927821159362793,,0.5875255432537275,2.613621665424969,1.0902391969033232,,,4.448524315982388,../data/results/vary_B2_annealed/B_100_n_12/phi_2.0/results_seed_47.pt,,
vary_B2_annealed,100,12,2.0,47,VI_best_tau_by_ELBO,8.104272842407227,,0.216077983379364,3.3063549996218287,2.1440449248090885,-2707.511572265625,0.9,,../data/results/vary_B2_annealed/B_100_n_12/phi_2.0/results_seed_47.pt,12.0,12.0
vary_B2_annealed,100,12,2.0,48,GPArealModel,8.225638389587402,,0.5748043936408097,4.739445397212765,0.960419205305858,,,8.245318667787364,../data/results/vary_B2_annealed/B_100_n_12/phi_2.0/results_seed_48.pt,,
vary_B2_annealed,100,12,2.0,48,GPmodel,7.976569652557373,,0.6515040768170113,2.407418758712347,1.1391266962811615,,,3.6951706741023536,../data/results/vary_B2_annealed/B_100_n_12/phi_2.0/results_seed_48.pt,,
vary_B2_annealed,100,12,2.0,48,VI_best_tau_by_ELBO,8.087822914123535,,0.21610870957374573,3.409912231628693,2.1284420934787596,-2706.785302734375,0.9,,../data/results/vary_B2_annealed/B_100_n_12/phi_2.0/results_seed_48.pt,12.0,12.0
vary_B2_annealed,100,12,2.0,49,GPArealModel,7.824685573577881,,0.4141747541397757,5.174656497787146,2.036849282892804,,,12.493896467771675,../data/results/vary_B2_annealed/B_100_n_12/phi_2.0/results_seed_49.pt,,
vary_B2_annealed,100,12,2.0,49,GPmodel,7.931841850280762,,0.542085872394989,2.993864441233977,1.036666951607129,,,5.522860110717862,../data/results/vary_B2_annealed/B_100_n_12/phi_2.0/results_seed_49.pt,,
vary_B2_annealed,100,12,2.0,49,VI_best_tau_by_ELBO,8.275765419006348,,0.21606561541557312,3.0015954921966284,2.039353789799282,-2791.1302734375,0.9,,../data/results/vary_B2_annealed/B_100_n_12/phi_2.0/results_seed_49.pt,12.0,12.0
vary_B2_annealed,100,12,2.0,50,GPArealModel,8.175216674804688,,0.4961622569056315,4.209333735443438,0.6571339915636715,,,8.48378464274045,../data/results/vary_B2_annealed/B_100_n_12/phi_2.0/results_seed_50.pt,,
vary_B2_annealed,100,12,2.0,50,GPmodel,7.9449687004089355,,0.6697599785864536,1.9427644097085937,0.9989908171299461,,,2.900687517651995,../data/results/vary_B2_annealed/B_100_n_12/phi_2.0/results_seed_50.pt,,
vary_B2_annealed,100,12,2.0,50,VI_best_tau_by_ELBO,8.117266654968262,,0.2160881757736206,2.6844940669467743,1.866207921908905,-2614.474609375,0.9,,../data/results/vary_B2_annealed/B_100_n_12/phi_2.0/results_seed_50.pt,12.0,12.0
vary_B2_annealed,100,12,2.0,51,GPArealModel,8.184501647949219,,0.48356108175808915,3.8284240424606177,1.1857391105453774,,,7.917146740886524,../data/results/vary_B2_annealed/B_100_n_12/phi_2.0/results_seed_51.pt,,
vary_B2_annealed,100,12,2.0,51,GPmodel,7.9879631996154785,,0.6433745007809152,2.271777853428352,1.1923299753387095,,,3.531034958132337,../data/results/vary_B2_annealed/B_100_n_12/phi_2.0/results_seed_51.pt,,
vary_B2_annealed,100,12,2.0,51,VI_best_tau_by_ELBO,8.191686630249023,,0.21614046394824982,3.1867234445418124,2.0332394750980636,-2679.602978515625,0.9,,../data/results/vary_B2_annealed/B_100_n_12/phi_2.0/results_seed_51.pt,12.0,12.0
vary_B2_annealed,100,12,2.0,52,GPArealModel,8.095093727111816,,0.6262927594988075,3.435050672022813,0.9279453218254349,,,5.484736363185361,../data/results/vary_B2_annealed/B_100_n_12/phi_2.0/results_seed_52.pt,,
vary_B2_annealed,100,12,2.0,52,GPmodel,7.975837230682373,,0.8561991629119472,1.7787249716381945,1.046473262432305,,,2.077466375450219,../data/results/vary_B2_annealed/B_100_n_12/phi_2.0/results_seed_52.pt,,
vary_B2_annealed,100,12,2.0,52,VI_best_tau_by_ELBO,8.059228897094727,,0.2161180078983307,1.9166699675163787,2.2702233689075277,-2660.392919921875,0.9,,../data/results/vary_B2_annealed/B_100_n_12/phi_2.0/results_seed_52.pt,12.0,12.0
vary_B2_annealed,100,12,2.0,53,GPArealModel,8.072965621948242,,0.40303682346365505,4.43579508107653,1.358325050675522,,,11.005930036257691,../data/results/vary_B2_annealed/B_100_n_12/phi_2.0/results_seed_53.pt,,
vary_B2_annealed,100,12,2.0,53,GPmodel,7.9852614402771,,0.5619908970624328,2.425830267974478,1.0738373085982615,,,4.316493880335908,../data/results/vary_B2_annealed/B_100_n_12/phi_2.0/results_seed_53.pt,,
vary_B2_annealed,100,12,2.0,53,VI_best_tau_by_ELBO,8.365227699279785,,0.21606531739234924,2.323243165529544,1.8737163362230846,-2751.3615234375,0.9,,../data/results/vary_B2_annealed/B_100_n_12/phi_2.0/results_seed_53.pt,12.0,12.0
vary_B2_annealed,100,12,2.0,54,GPArealModel,7.909961223602295,,0.5874990692962206,3.9177574241046065,1.3618168686447283,,,6.66853383920724,../data/results/vary_B2_annealed/B_100_n_12/phi_2.0/results_seed_54.pt,,
vary_B2_annealed,100,12,2.0,54,GPmodel,7.948739051818848,,0.73954011034847,2.316421728972667,1.0266485737997761,,,3.1322462386538756,../data/results/vary_B2_annealed/B_100_n_12/phi_2.0/results_seed_54.pt,,
vary_B2_annealed,100,12,2.0,54,VI_best_tau_by_ELBO,8.053175926208496,,0.21608160436153412,2.8022139817799614,2.4039436433295776,-2706.283544921875,0.9,,../data/results/vary_B2_annealed/B_100_n_12/phi_2.0/results_seed_54.pt,12.0,12.0
vary_B2_annealed,100,12,2.0,55,GPArealModel,8.088197708129883,,0.2759911012017285,6.612609536301978,3.2655506690497575,,,23.959502706823375,../data/results/vary_B2_annealed/B_100_n_12/phi_2.0/results_seed_55.pt,,
vary_B2_annealed,100,12,2.0,55,GPmodel,7.911673545837402,,0.471911867492384,3.331714904676317,1.2032057490821573,,,7.060036278341921,../data/results/vary_B2_annealed/B_100_n_12/phi_2.0/results_seed_55.pt,,
vary_B2_annealed,100,12,2.0,55,VI_best_tau_by_ELBO,8.148459434509277,,0.21608072519302368,4.516682657449716,1.9481718916265023,-2735.123779296875,0.9,,../data/results/vary_B2_annealed/B_100_n_12/phi_2.0/results_seed_55.pt,12.0,12.0
vary_B2_annealed,100,12,2.0,56,GPArealModel,7.936807632446289,,0.4493279678244556,5.124987539577076,2.4459058800231968,,,11.405894817522949,../data/results/vary_B2_annealed/B_100_n_12/phi_2.0/results_seed_56.pt,,
vary_B2_annealed,100,12,2.0,56,GPmodel,7.960090160369873,,0.6191826127949602,2.7222422655794696,0.9014941902479696,,,4.396509542300293,../data/results/vary_B2_annealed/B_100_n_12/phi_2.0/results_seed_56.pt,,
vary_B2_annealed,100,12,2.0,56,VI_best_tau_by_ELBO,8.116055488586426,,0.21607494354248047,3.416759864731994,2.1357628483741236,-2693.63466796875,0.9,,../data/results/vary_B2_annealed/B_100_n_12/phi_2.0/results_seed_56.pt,12.0,12.0
vary_B2_annealed,100,12,2.0,57,GPArealModel,8.14397144317627,,0.6761624055386581,2.868559537367524,0.9077816058593188,,,4.242412050522558,../data/results/vary_B2_annealed/B_100_n_12/phi_2.0/results_seed_57.pt,,
vary_B2_annealed,100,12,2.0,57,GPmodel,7.944583892822266,,0.9695583057073405,1.824814174078833,1.2259739690697922,,,1.8821087533746013,../data/results/vary_B2_annealed/B_100_n_12/phi_2.0/results_seed_57.pt,,
vary_B2_annealed,100,12,2.0,57,VI_best_tau_by_ELBO,8.165680885314941,,0.21615828573703766,2.04925165254392,2.2247462176337423,-2669.034765625,0.9,,../data/results/vary_B2_annealed/B_100_n_12/phi_2.0/results_seed_57.pt,12.0,12.0
vary_B2_annealed,100,12,2.0,58,GPArealModel,7.738399505615234,,0.6542369332623328,3.925980687075753,1.0938353539411023,,,6.000854564261557,../data/results/vary_B2_annealed/B_100_n_12/phi_2.0/results_seed_58.pt,,
vary_B2_annealed,100,12,2.0,58,GPmodel,7.939899444580078,,0.7612771251319348,2.448710540212706,1.1040748457461032,,,3.2165823185457287,../data/results/vary_B2_annealed/B_100_n_12/phi_2.0/results_seed_58.pt,,
vary_B2_annealed,100,12,2.0,58,VI_best_tau_by_ELBO,8.09274959564209,,0.21611963212490082,2.989508473321962,2.448774072567184,-2734.319482421875,0.9,,../data/results/vary_B2_annealed/B_100_n_12/phi_2.0/results_seed_58.pt,12.0,12.0
vary_B2_annealed,100,12,2.0,59,GPArealModel,8.139153480529785,,0.575804519379955,3.76355815637451,0.9012833656660736,,,6.536173353462442,../data/results/vary_B2_annealed/B_100_n_12/phi_2.0/results_seed_59.pt,,
vary_B2_annealed,100,12,2.0,59,GPmodel,7.947549343109131,,0.8746836524095035,1.9457382862065629,1.1825570862649568,,,2.224505146342463,../data/results/vary_B2_annealed/B_100_n_12/phi_2.0/results_seed_59.pt,,
vary_B2_annealed,100,12,2.0,59,VI_best_tau_by_ELBO,8.15164566040039,,0.21613435447216034,2.501728055951114,2.1716699805567727,-2674.8892578125,0.9,,../data/results/vary_B2_annealed/B_100_n_12/phi_2.0/results_seed_59.pt,12.0,12.0
vary_B2_annealed,100,12,2.0,60,GPArealModel,7.264565467834473,,0.2782496476597596,6.2385935037039895,0.9929226606519499,,,22.42084960816363,../data/results/vary_B2_annealed/B_100_n_12/phi_2.0/results_seed_60.pt,,
vary_B2_annealed,100,12,2.0,60,GPmodel,7.909790515899658,,0.37084991377586063,3.3112829751086186,1.0324448581086925,,,8.92890318186763,../data/results/vary_B2_annealed/B_100_n_12/phi_2.0/results_seed_60.pt,,
vary_B2_annealed,100,12,2.0,60,VI_best_tau_by_ELBO,7.995900630950928,,0.2161320149898529,3.728506985739025,1.6397998894500605,-2680.663525390625,0.9,,../data/results/vary_B2_annealed/B_100_n_12/phi_2.0/results_seed_60.pt,12.0,12.0
vary_B2_annealed,100,12,2.0,61,GPArealModel,7.798880577087402,,0.44527999585690264,4.745888352157334,1.0591147473677784,,,10.65821145417567,../data/results/vary_B2_annealed/B_100_n_12/phi_2.0/results_seed_61.pt,,
vary_B2_annealed,100,12,2.0,61,GPmodel,7.9891743659973145,,0.6244306591866866,2.379597980490783,1.075572887846987,,,3.8108282248507477,../data/results/vary_B2_annealed/B_100_n_12/phi_2.0/results_seed_61.pt,,
vary_B2_annealed,100,12,2.0,61,VI_best_tau_by_ELBO,8.314725875854492,,0.21610140800476074,2.685244908378192,2.007929904296549,-2768.16708984375,0.9,,../data/results/vary_B2_annealed/B_100_n_12/phi_2.0/results_seed_61.pt,12.0,12.0
vary_B2_annealed,100,12,2.0,62,GPArealModel,7.5914692878723145,,0.4018119847355171,5.34540962832667,0.8893736958393791,,,13.303260807029325,../data/results/vary_B2_annealed/B_100_n_12/phi_2.0/results_seed_62.pt,,
vary_B2_annealed,100,12,2.0,62,GPmodel,7.943146705627441,,0.5227595257328449,2.8368092183486646,1.1124752382173244,,,5.4266045451238885,../data/results/vary_B2_annealed/B_100_n_12/phi_2.0/results_seed_62.pt,,
vary_B2_annealed,100,12,2.0,62,VI_best_tau_by_ELBO,8.319904327392578,,0.21606066823005676,2.8502906540800783,2.105954137912598,-2808.10771484375,0.9,,../data/results/vary_B2_annealed/B_100_n_12/phi_2.0/results_seed_62.pt,12.0,12.0
vary_B2_annealed,100,12,2.0,63,GPArealModel,8.009607315063477,,0.31527192354787875,6.872150750457929,0.5414791239157475,,,21.797534880756007,../data/results/vary_B2_annealed/B_100_n_12/phi_2.0/results_seed_63.pt,,
vary_B2_annealed,100,12,2.0,63,GPmodel,7.942291259765625,,0.4790858417336491,3.060567172534464,1.015416410194075,,,6.388348195511915,../data/results/vary_B2_annealed/B_100_n_12/phi_2.0/results_seed_63.pt,,
vary_B2_annealed,100,12,2.0,63,VI_best_tau_by_ELBO,8.085433959960938,,0.21607434749603271,4.556815692288432,1.8938154546272532,-2707.141064453125,0.9,,../data/results/vary_B2_annealed/B_100_n_12/phi_2.0/results_seed_63.pt,12.0,12.0
vary_B2_annealed,100,12,2.0,64,GPArealModel,8.03333568572998,,0.3890762578559487,6.893990671862098,1.2753911908776792,,,17.718867529600132,../data/results/vary_B2_annealed/B_100_n_12/phi_2.0/results_seed_64.pt,,
vary_B2_annealed,100,12,2.0,64,GPmodel,7.981201171875,,0.49704113297646263,3.318948126773758,1.1578005924255947,,,6.677411398325713,../data/results/vary_B2_annealed/B_100_n_12/phi_2.0/results_seed_64.pt,,
vary_B2_annealed,100,12,2.0,64,VI_best_tau_by_ELBO,8.076313972473145,,0.2161749303340912,5.378931434260766,1.8487433705897387,-2719.016064453125,0.9,,../data/results/vary_B2_annealed/B_100_n_12/phi_2.0/results_seed_64.pt,12.0,12.0
vary_B2_annealed,100,12,2.0,65,GPArealModel,8.156144142150879,,0.268850786039147,4.935426062166862,2.2482587941183887,,,18.357491658768,../data/results/vary_B2_annealed/B_100_n_12/phi_2.0/results_seed_65.pt,,
vary_B2_annealed,100,12,2.0,65,GPmodel,7.924154281616211,,0.5395905162716162,2.5362992341933883,1.1164182353239773,,,4.700414773258689,../data/results/vary_B2_annealed/B_100_n_12/phi_2.0/results_seed_65.pt,,
vary_B2_annealed,100,12,2.0,65,VI_best_tau_by_ELBO,8.148015975952148,,0.21601411700248718,2.5997598285449004,1.9955091328398848,-2665.561865234375,0.9,,../data/results/vary_B2_annealed/B_100_n_12/phi_2.0/results_seed_65.pt,12.0,12.0
vary_B2_annealed,100,12,2.0,66,GPArealModel,8.03848648071289,,0.3778917006268351,6.572073787834017,1.7447949624486834,,,17.39142134355548,../data/results/vary_B2_annealed/B_100_n_12/phi_2.0/results_seed_66.pt,,
vary_B2_annealed,100,12,2.0,66,GPmodel,7.967996597290039,,0.4503637229512085,3.4221375790810487,1.116329585983009,,,7.598608423999986,../data/results/vary_B2_annealed/B_100_n_12/phi_2.0/results_seed_66.pt,,
vary_B2_annealed,100,12,2.0,66,VI_best_tau_by_ELBO,8.260510444641113,,0.21604615449905396,3.6232127325102237,1.9461516493490234,-2806.616552734375,0.9,,../data/results/vary_B2_annealed/B_100_n_12/phi_2.0/results_seed_66.pt,12.0,12.0
vary_B2_annealed,100,12,2.0,67,GPArealModel,8.125234603881836,,0.3600551430697699,5.96379342014026,1.0361952948845552,,,16.56355570786729,../data/results/vary_B2_annealed/B_100_n_12/phi_2.0/results_seed_67.pt,,
vary_B2_annealed,100,12,2.0,67,GPmodel,7.941091537475586,,0.5239454990584524,2.8645859933923385,1.1962499287891573,,,5.467335817446844,../data/results/vary_B2_annealed/B_100_n_12/phi_2.0/results_seed_67.pt,,
vary_B2_annealed,100,12,2.0,67,VI_best_tau_by_ELBO,8.128074645996094,,0.21610985696315765,4.114938276555458,1.8573164108141378,-2698.996923828125,0.9,,../data/results/vary_B2_annealed/B_100_n_12/phi_2.0/results_seed_67.pt,12.0,12.0
vary_B2_annealed,100,12,2.0,68,GPArealModel,7.955681324005127,,0.8246947875489586,2.3702565246578535,0.798949553254409,,,2.8741014984493782,../data/results/vary_B2_annealed/B_100_n_12/phi_2.0/results_seed_68.pt,,
vary_B2_annealed,100,12,2.0,68,GPmodel,7.949379920959473,,1.1053808944062538,1.5177008660687619,1.1463517978860287,,,1.3730116684203977,../data/results/vary_B2_annealed/B_100_n_12/phi_2.0/results_seed_68.pt,,
vary_B2_annealed,100,12,2.0,68,VI_best_tau_by_ELBO,8.154485702514648,,0.21626409888267517,1.2077106137722209,2.190792291953555,-2615.2515625,0.9,,../data/results/vary_B2_annealed/B_100_n_12/phi_2.0/results_seed_68.pt,12.0,12.0
vary_B2_annealed,100,12,2.0,69,GPArealModel,7.578298091888428,,0.5880856277981048,5.903163399419932,1.0987379995814963,,,10.037931757527225,../data/results/vary_B2_annealed/B_100_n_12/phi_2.0/results_seed_69.pt,,
vary_B2_annealed,100,12,2.0,69,GPmodel,7.958852767944336,,0.6602769010273551,2.688754578666055,1.2080948259861664,,,4.072162110294179,../data/results/vary_B2_annealed/B_100_n_12/phi_2.0/results_seed_69.pt,,
vary_B2_annealed,100,12,2.0,69,VI_best_tau_by_ELBO,8.235857963562012,,0.21611963212490082,3.888286042344767,2.065353075185695,-2821.175048828125,0.9,,../data/results/vary_B2_annealed/B_100_n_12/phi_2.0/results_seed_69.pt,12.0,12.0
vary_B2_annealed,100,12,2.0,70,GPArealModel,7.508873462677002,,0.28963456672640203,5.347597023322155,2.501121783411111,,,18.46325555600435,../data/results/vary_B2_annealed/B_100_n_12/phi_2.0/results_seed_70.pt,,
vary_B2_annealed,100,12,2.0,70,GPmodel,7.964680194854736,,0.4029125483152475,3.3972966840119536,0.9639896120782977,,,8.431846310613874,../data/results/vary_B2_annealed/B_100_n_12/phi_2.0/results_seed_70.pt,,
vary_B2_annealed,100,12,2.0,70,VI_best_tau_by_ELBO,8.166110038757324,,0.2161499708890915,3.743117524594183,1.6667827057969766,-2700.603662109375,0.9,,../data/results/vary_B2_annealed/B_100_n_12/phi_2.0/results_seed_70.pt,12.0,12.0
vary_B2_annealed,100,12,2.0,71,GPArealModel,7.632705211639404,,0.4142410680292075,5.172100831727799,2.60150910588037,,,12.485726865118844,../data/results/vary_B2_annealed/B_100_n_12/phi_2.0/results_seed_71.pt,,
vary_B2_annealed,100,12,2.0,71,GPmodel,7.958795547485352,,0.5560610618864795,2.864726688774968,1.1351029639956003,,,5.151820339759386,../data/results/vary_B2_annealed/B_100_n_12/phi_2.0/results_seed_71.pt,,
vary_B2_annealed,100,12,2.0,71,VI_best_tau_by_ELBO,8.118542671203613,,0.21614719927310944,3.9491398556167585,1.9966324405227633,-2711.218017578125,0.9,,../data/results/vary_B2_annealed/B_100_n_12/phi_2.0/results_seed_71.pt,12.0,12.0
vary_B2_annealed,100,12,2.0,72,GPArealModel,8.24930191040039,,0.5442132779432616,4.071632044805076,2.293530038249764,,,7.4816844972855945,../data/results/vary_B2_annealed/B_100_n_12/phi_2.0/results_seed_72.pt,,
vary_B2_annealed,100,12,2.0,72,GPmodel,7.961423873901367,,0.6912707462934938,2.454280505911594,1.1655636430534098,,,3.5503896542290203,../data/results/vary_B2_annealed/B_100_n_12/phi_2.0/results_seed_72.pt,,
vary_B2_annealed,100,12,2.0,72,VI_best_tau_by_ELBO,8.207158088684082,,0.21613259613513947,3.1782920148451845,2.224959754084251,-2716.79951171875,0.9,,../data/results/vary_B2_annealed/B_100_n_12/phi_2.0/results_seed_72.pt,12.0,12.0
vary_B2_annealed,100,12,2.0,73,GPArealModel,8.291439056396484,,0.5414517879595863,4.454166097777906,0.9380032215558426,,,8.226339254623282,../data/results/vary_B2_annealed/B_100_n_12/phi_2.0/results_seed_73.pt,,
vary_B2_annealed,100,12,2.0,73,GPmodel,7.971355438232422,,0.6321551659430386,2.4101831654311634,1.1073069887333729,,,3.812644893656279,../data/results/vary_B2_annealed/B_100_n_12/phi_2.0/results_seed_73.pt,,
vary_B2_annealed,100,12,2.0,73,VI_best_tau_by_ELBO,8.258111953735352,,0.2160927951335907,3.4206179875281673,2.0628882369778627,-2698.994677734375,0.9,,../data/results/vary_B2_annealed/B_100_n_12/phi_2.0/results_seed_73.pt,12.0,12.0
vary_B2_annealed,100,12,2.0,74,GPArealModel,7.915909767150879,,0.3008695029265665,5.332982327586699,1.5566568808292645,,,17.72523394931232,../data/results/vary_B2_annealed/B_100_n_12/phi_2.0/results_seed_74.pt,,
vary_B2_annealed,100,12,2.0,74,GPmodel,7.911865234375,,0.549435626466112,2.637193378949783,1.166277262361582,,,4.799822312054676,../data/results/vary_B2_annealed/B_100_n_12/phi_2.0/results_seed_74.pt,,
vary_B2_annealed,100,12,2.0,74,VI_best_tau_by_ELBO,8.364264488220215,,0.21586737036705017,2.5474727390565013,2.072034647022617,-2804.988427734375,0.9,,../data/results/vary_B2_annealed/B_100_n_12/phi_2.0/results_seed_74.pt,12.0,12.0
vary_B2_annealed,100,12,2.0,75,GPArealModel,8.18139934539795,,0.43692860805553047,5.517012548213521,0.7259596655655193,,,12.626805492929291,../data/results/vary_B2_annealed/B_100_n_12/phi_2.0/results_seed_75.pt,,
vary_B2_annealed,100,12,2.0,75,GPmodel,7.959378719329834,,0.5518220989564607,2.9652458846783567,1.0952296055804451,,,5.37355406803365,../data/results/vary_B2_annealed/B_100_n_12/phi_2.0/results_seed_75.pt,,
vary_B2_annealed,100,12,2.0,75,VI_best_tau_by_ELBO,8.280935287475586,,0.21609121561050415,3.083630165300033,2.201456685353551,-2835.94990234375,0.9,,../data/results/vary_B2_annealed/B_100_n_12/phi_2.0/results_seed_75.pt,12.0,12.0
vary_B2_annealed,100,12,2.0,76,GPArealModel,7.885674953460693,,0.7285648033327236,2.8053832352808032,1.0623858657886045,,,3.850561024150423,../data/results/vary_B2_annealed/B_100_n_12/phi_2.0/results_seed_76.pt,,
vary_B2_annealed,100,12,2.0,76,GPmodel,7.9239726066589355,,0.8498926085507535,1.965149536073751,1.1166861391769296,,,2.31223276482513,../data/results/vary_B2_annealed/B_100_n_12/phi_2.0/results_seed_76.pt,,
vary_B2_annealed,100,12,2.0,76,VI_best_tau_by_ELBO,8.116728782653809,,0.21615755558013916,1.6957354366510702,2.3824811924918627,-2682.221337890625,0.9,,../data/results/vary_B2_annealed/B_100_n_12/phi_2.0/results_seed_76.pt,12.0,12.0
vary_B2_annealed,100,12,2.0,77,GPArealModel,7.914613246917725,,0.308877239800712,6.099633766848826,2.4417342376202154,,,19.74776053678904,../data/results/vary_B2_annealed/B_100_n_12/phi_2.0/results_seed_77.pt,,
vary_B2_annealed,100,12,2.0,77,GPmodel,7.962108135223389,,0.3968756909767173,3.7879280337976495,1.0787823786013218,,,9.544368979806999,../data/results/vary_B2_annealed/B_100_n_12/phi_2.0/results_seed_77.pt,,
vary_B2_annealed,100,12,2.0,77,VI_best_tau_by_ELBO,8.139474868774414,,0.21605995297431946,4.660078904163536,1.821743438725797,-2731.15126953125,0.9,,../data/results/vary_B2_annealed/B_100_n_12/phi_2.0/results_seed_77.pt,12.0,12.0
vary_B2_annealed,100,12,2.0,78,GPArealModel,7.568838119506836,,0.31200077027518824,7.355821942624566,1.5645006785805622,,,23.576294174327348,../data/results/vary_B2_annealed/B_100_n_12/phi_2.0/results_seed_78.pt,,
vary_B2_annealed,100,12,2.0,78,GPmodel,7.942625999450684,,0.3785170360094753,4.040880281505876,1.0519951943018224,,,10.675557232791821,../data/results/vary_B2_annealed/B_100_n_12/phi_2.0/results_seed_78.pt,,
vary_B2_annealed,100,12,2.0,78,VI_best_tau_by_ELBO,8.070367813110352,,0.2161247283220291,5.112773326656652,1.698829168231514,-2734.075146484375,0.9,,../data/results/vary_B2_annealed/B_100_n_12/phi_2.0/results_seed_78.pt,12.0,12.0
vary_B2_annealed,100,12,2.0,79,GPArealModel,8.34410572052002,,0.3986470155441526,4.996746795542387,1.0781410759498495,,,12.534263648560959,../data/results/vary_B2_annealed/B_100_n_12/phi_2.0/results_seed_79.pt,,
vary_B2_annealed,100,12,2.0,79,GPmodel,8.015463829040527,,0.5501860558876311,2.7305300283658265,1.1242029083537588,,,4.962921177565257,../data/results/vary_B2_annealed/B_100_n_12/phi_2.0/results_seed_79.pt,,
vary_B2_annealed,100,12,2.0,79,VI_best_tau_by_ELBO,8.448695182800293,,0.21608860790729523,2.5148200001825654,2.01388223285449,-2775.017724609375,0.9,,../data/results/vary_B2_annealed/B_100_n_12/phi_2.0/results_seed_79.pt,12.0,12.0
vary_B2_annealed,100,12,2.0,80,GPArealModel,8.15682315826416,,1.031868372515829,2.898867683100644,1.3981383047798204,,,2.8093386330204386,../data/results/vary_B2_annealed/B_100_n_12/phi_2.0/results_seed_80.pt,,
vary_B2_annealed,100,12,2.0,80,GPmodel,7.953972339630127,,0.9232047864182853,1.9928162714651059,0.8977291546134991,,,2.1585852898321103,../data/results/vary_B2_annealed/B_100_n_12/phi_2.0/results_seed_80.pt,,
vary_B2_annealed,100,12,2.0,80,VI_best_tau_by_ELBO,8.082752227783203,,0.21616865694522858,2.1983860800967077,2.4205850197822776,-2677.776416015625,0.9,,../data/results/vary_B2_annealed/B_100_n_12/phi_2.0/results_seed_80.pt,12.0,12.0
vary_B2_annealed,100,12,2.0,81,GPArealModel,7.461374282836914,,0.6372851749521432,5.241468291608557,1.4132242176437535,,,8.224682603046846,../data/results/vary_B2_annealed/B_100_n_12/phi_2.0/results_seed_81.pt,,
vary_B2_annealed,100,12,2.0,81,GPmodel,7.930335521697998,,0.7236555805250096,2.422995633251917,1.1658699897925846,,,3.348271883005507,../data/results/vary_B2_annealed/B_100_n_12/phi_2.0/results_seed_81.pt,,
vary_B2_annealed,100,12,2.0,81,VI_best_tau_by_ELBO,8.06025505065918,,0.21611276268959045,4.332000523571816,2.0353473325222207,-2713.672509765625,0.9,,../data/results/vary_B2_annealed/B_100_n_12/phi_2.0/results_seed_81.pt,12.0,12.0
vary_B2_annealed,100,12,2.0,82,GPArealModel,7.011279582977295,,0.46468459060763123,5.377190896141286,1.0792712932691717,,,11.571700471302393,../data/results/vary_B2_annealed/B_100_n_12/phi_2.0/results_seed_82.pt,,
vary_B2_annealed,100,12,2.0,82,GPmodel,8.00950813293457,,0.5696748367502992,2.787899549446371,1.058427193297829,,,4.893843592161976,../data/results/vary_B2_annealed/B_100_n_12/phi_2.0/results_seed_82.pt,,
vary_B2_annealed,100,12,2.0,82,VI_best_tau_by_ELBO,8.153879165649414,,0.21613188087940216,3.913827691406902,1.9393773684615465,-2698.325732421875,0.9,,../data/results/vary_B2_annealed/B_100_n_12/phi_2.0/results_seed_82.pt,12.0,12.0
vary_B2_annealed,100,12,2.0,83,GPArealModel,7.8433685302734375,,0.5260196154411184,4.726711931199364,0.9342534745640102,,,8.985809259670967,../data/results/vary_B2_annealed/B_100_n_12/phi_2.0/results_seed_83.pt,,
vary_B2_annealed,100,12,2.0,83,GPmodel,7.96644926071167,,0.6410616942695777,2.4309159321310383,1.0992757294286226,,,3.7920155795626047,../data/results/vary_B2_annealed/B_100_n_12/phi_2.0/results_seed_83.pt,,
vary_B2_annealed,100,12,2.0,83,VI_best_tau_by_ELBO,8.177919387817383,,0.21608175337314606,3.105324083129903,2.151691893308713,-2703.628662109375,0.9,,../data/results/vary_B2_annealed/B_100_n_12/phi_2.0/results_seed_83.pt,12.0,12.0
vary_B2_annealed,100,12,2.0,84,GPArealModel,7.926217555999756,,0.4401181131379558,4.990031091867688,2.565422785966123,,,11.337936210554357,../data/results/vary_B2_annealed/B_100_n_12/phi_2.0/results_seed_84.pt,,
vary_B2_annealed,100,12,2.0,84,GPmodel,7.940950870513916,,0.5908046526922883,2.6785706566625014,1.0812339619565978,,,4.533767031888279,../data/results/vary_B2_annealed/B_100_n_12/phi_2.0/results_seed_84.pt,,
vary_B2_annealed,100,12,2.0,84,VI_best_tau_by_ELBO,8.089310646057129,,0.21608829498291016,2.66189058164069,3.5985883936581953,-2949.402001953125,0.9,,../data/results/vary_B2_annealed/B_100_n_12/phi_2.0/results_seed_84.pt,12.0,12.0
vary_B2_annealed,100,12,2.0,85,GPArealModel,7.899322509765625,,0.5008985109586961,3.792795321717435,1.4915195653970226,,,7.571983622906372,../data/results/vary_B2_annealed/B_100_n_12/phi_2.0/results_seed_85.pt,,
vary_B2_annealed,100,12,2.0,85,GPmodel,7.958887100219727,,0.8227861478351551,2.0228334866515074,1.2472617814840723,,,2.458516702029822,../data/results/vary_B2_annealed/B_100_n_12/phi_2.0/results_seed_85.pt,,
vary_B2_annealed,100,12,2.0,85,VI_best_tau_by_ELBO,8.15968132019043,,0.21606719493865967,2.303260595646073,2.2888118391780377,-2688.173876953125,0.9,,../data/results/vary_B2_annealed/B_100_n_12/phi_2.0/results_seed_85.pt,12.0,12.0
vary_B2_annealed,100,12,2.0,86,GPArealModel,8.211670875549316,,0.40562430896132684,5.695823004264958,1.6070652659094984,,,14.04211453413659,../data/results/vary_B2_annealed/B_100_n_12/phi_2.0/results_seed_86.pt,,
vary_B2_annealed,100,12,2.0,86,GPmodel,7.946176052093506,,0.6140306422600216,2.847055073297549,1.0801872605535046,,,4.636666116235801,../data/results/vary_B2_annealed/B_100_n_12/phi_2.0/results_seed_86.pt,,
vary_B2_annealed,100,12,2.0,86,VI_best_tau_by_ELBO,8.192798614501953,,0.21609455347061157,4.1551324382406944,2.0536890540889456,-2709.999072265625,0.9,,../data/results/vary_B2_annealed/B_100_n_12/phi_2.0/results_seed_86.pt,12.0,12.0
vary_B2_annealed,100,12,2.0,87,GPArealModel,7.938698768615723,,0.5797587288952271,3.8698119698751188,1.5820735500407908,,,6.674866245221232,../data/results/vary_B2_annealed/B_100_n_12/phi_2.0/results_seed_87.pt,,
vary_B2_annealed,100,12,2.0,87,GPmodel,7.960134029388428,,0.6946353205877499,2.2936363972394247,1.0528628552020927,,,3.301928838428078,../data/results/vary_B2_annealed/B_100_n_12/phi_2.0/results_seed_87.pt,,
vary_B2_annealed,100,12,2.0,87,VI_best_tau_by_ELBO,8.295455932617188,,0.21614587306976318,2.136654689064847,2.500380616497663,-2833.5873046875,0.9,,../data/results/vary_B2_annealed/B_100_n_12/phi_2.0/results_seed_87.pt,12.0,12.0
vary_B2_annealed,100,12,2.0,88,GPArealModel,7.629138469696045,,0.5034095428427273,4.29593154999771,0.6977700960019272,,,8.533671264431758,../data/results/vary_B2_annealed/B_100_n_12/phi_2.0/results_seed_88.pt,,
vary_B2_annealed,100,12,2.0,88,GPmodel,7.963290691375732,,0.7510418120081008,2.142834500605875,1.248775980575057,,,2.85314940705693,../data/results/vary_B2_annealed/B_100_n_12/phi_2.0/results_seed_88.pt,,
vary_B2_annealed,100,12,2.0,88,VI_best_tau_by_ELBO,8.180808067321777,,0.21615184843540192,2.4005621061801032,2.0051107341350565,-2759.567626953125,0.9,,../data/results/vary_B2_annealed/B_100_n_12/phi_2.0/results_seed_88.pt,12.0,12.0
vary_B2_annealed,100,12,2.0,89,GPArealModel,7.464372158050537,,0.4883883422396426,3.8785536468117408,1.5502204386622473,,,7.941536092007312,../data/results/vary_B2_annealed/B_100_n_12/phi_2.0/results_seed_89.pt,,
vary_B2_annealed,100,12,2.0,89,GPmodel,7.952569961547852,,0.7467210475863127,2.2163227041015103,1.1454798557986379,,,2.9680731663658215,../data/results/vary_B2_annealed/B_100_n_12/phi_2.0/results_seed_89.pt,,
vary_B2_annealed,100,12,2.0,89,VI_best_tau_by_ELBO,8.342796325683594,,0.21616192162036896,2.11090581999301,2.0703379695193833,-2760.93525390625,0.9,,../data/results/vary_B2_annealed/B_100_n_12/phi_2.0/results_seed_89.pt,12.0,12.0
vary_B2_annealed,100,12,2.0,90,GPArealModel,8.272992134094238,,0.4278452481077786,3.5708108432139745,2.039065777416514,,,8.3460336628875,../data/results/vary_B2_annealed/B_100_n_12/phi_2.0/results_seed_90.pt,,
vary_B2_annealed,100,12,2.0,90,GPmodel,7.946557998657227,,0.6232572255605721,2.116415491327799,0.944070473905768,,,3.3957335824293824,../data/results/vary_B2_annealed/B_100_n_12/phi_2.0/results_seed_90.pt,,
vary_B2_annealed,100,12,2.0,90,VI_best_tau_by_ELBO,8.337606430053711,,0.21612662076950073,2.0501188387398805,1.6526992841149746,-2655.4568359375,0.9,,../data/results/vary_B2_annealed/B_100_n_12/phi_2.0/results_seed_90.pt,12.0,12.0
vary_B2_annealed,100,12,2.0,91,GPArealModel,7.815364360809326,,0.6972758244037442,5.090145125922037,0.738201906898573,,,7.300045330375151,../data/results/vary_B2_annealed/B_100_n_12/phi_2.0/results_seed_91.pt,,
vary_B2_annealed,100,12,2.0,91,GPmodel,7.969173431396484,,0.6785958208284808,2.709331259117247,1.0236333354017197,,,3.992555179325289,../data/results/vary_B2_annealed/B_100_n_12/phi_2.0/results_seed_91.pt,,
vary_B2_annealed,100,12,2.0,91,VI_best_tau_by_ELBO,8.062189102172852,,0.21613435447216034,4.461711284374478,2.3003554403871433,-2741.369091796875,0.9,,../data/results/vary_B2_annealed/B_100_n_12/phi_2.0/results_seed_91.pt,12.0,12.0
vary_B2_annealed,100,12,2.0,92,GPArealModel,8.566922187805176,,0.43231955033984815,4.695330540838453,0.8391825106611311,,,10.860786973773068,../data/results/vary_B2_annealed/B_100_n_12/phi_2.0/results_seed_92.pt,,
vary_B2_annealed,100,12,2.0,92,GPmodel,7.916645050048828,,0.6144088454651001,2.471059614289893,1.1586575341677081,,,4.021849022078012,../data/results/vary_B2_annealed/B_100_n_12/phi_2.0/results_seed_92.pt,,
vary_B2_annealed,100,12,2.0,92,VI_best_tau_by_ELBO,8.248662948608398,,0.2161063551902771,3.3212128984492364,1.9591610723376731,-2688.02392578125,0.9,,../data/results/vary_B2_annealed/B_100_n_12/phi_2.0/results_seed_92.pt,12.0,12.0
vary_B2_annealed,100,12,2.0,93,GPArealModel,7.650200843811035,,0.7438178162022246,4.174952152023796,0.7613278341125347,,,5.612869255189682,../data/results/vary_B2_annealed/B_100_n_12/phi_2.0/results_seed_93.pt,,
vary_B2_annealed,100,12,2.0,93,GPmodel,7.9706292152404785,,0.7690249514717257,2.2443431828647546,1.214334034758961,,,2.9184270010610587,../data/results/vary_B2_annealed/B_100_n_12/phi_2.0/results_seed_93.pt,,
vary_B2_annealed,100,12,2.0,93,VI_best_tau_by_ELBO,8.276748657226562,,0.21626043319702148,2.6850633616440285,2.153268762192768,-2795.24560546875,0.9,,../data/results/vary_B2_annealed/B_100_n_12/phi_2.0/results_seed_93.pt,12.0,12.0
vary_B2_annealed,100,12,2.0,94,GPArealModel,8.140156745910645,,0.515215458773694,4.603886178650474,1.991527556994769,,,8.935846353695512,../data/results/vary_B2_annealed/B_100_n_12/phi_2.0/results_seed_94.pt,,
vary_B2_annealed,100,12,2.0,94,GPmodel,7.989953994750977,,0.6210188836524322,2.5004820204310962,1.0548281425155028,,,4.026418658519488,../data/results/vary_B2_annealed/B_100_n_12/phi_2.0/results_seed_94.pt,,
vary_B2_annealed,100,12,2.0,94,VI_best_tau_by_ELBO,8.161443710327148,,0.2160746306180954,3.3172759220210524,2.13632338155671,-2698.421875,0.9,,../data/results/vary_B2_annealed/B_100_n_12/phi_2.0/results_seed_94.pt,12.0,12.0
vary_B2_annealed,100,12,2.0,95,GPArealModel,7.804375171661377,,0.575373579365149,3.9802406879692156,1.1576583019456312,,,6.9176632899287815,../data/results/vary_B2_annealed/B_100_n_12/phi_2.0/results_seed_95.pt,,
vary_B2_annealed,100,12,2.0,95,GPmodel,7.914900779724121,,0.7637119202943401,2.272407319382302,1.0875823553633452,,,2.975477086316133,../data/results/vary_B2_annealed/B_100_n_12/phi_2.0/results_seed_95.pt,,
vary_B2_annealed,100,12,2.0,95,VI_best_tau_by_ELBO,8.018930435180664,,0.21606940031051636,2.86471231097949,2.5183745263076904,-2727.3572265625,0.9,,../data/results/vary_B2_annealed/B_100_n_12/phi_2.0/results_seed_95.pt,12.0,12.0
vary_B2_annealed,100,12,2.0,96,GPArealModel,7.446013927459717,,0.25979222769211857,6.250980925452283,1.0606865608713125,,,24.061462427045203,../data/results/vary_B2_annealed/B_100_n_12/phi_2.0/results_seed_96.pt,,
vary_B2_annealed,100,12,2.0,96,GPmodel,7.937880039215088,,0.5231780325014123,2.896340580810765,1.1234346092684495,,,5.536051594067927,../data/results/vary_B2_annealed/B_100_n_12/phi_2.0/results_seed_96.pt,,
vary_B2_annealed,100,12,2.0,96,VI_best_tau_by_ELBO,8.101521492004395,,0.21604180335998535,3.81545584979031,1.9166552970732138,-2712.75908203125,0.9,,../data/results/vary_B2_annealed/B_100_n_12/phi_2.0/results_seed_96.pt,12.0,12.0
vary_B2_annealed,100,12,2.0,97,GPArealModel,7.877609729766846,,0.34455248721573456,6.599344994238504,0.8637935957763506,,,19.15338080292672,../data/results/vary_B2_annealed/B_100_n_12/phi_2.0/results_seed_97.pt,,
vary_B2_annealed,100,12,2.0,97,GPmodel,8.007307052612305,,0.5356749372580287,3.1406043808026003,1.1843637320307134,,,5.862892142907567,../data/results/vary_B2_annealed/B_100_n_12/phi_2.0/results_seed_97.pt,,
vary_B2_annealed,100,12,2.0,97,VI_best_tau_by_ELBO,8.252272605895996,,0.21605007350444794,3.1954804765742364,2.220873424394404,-2840.583740234375,0.9,,../data/results/vary_B2_annealed/B_100_n_12/phi_2.0/results_seed_97.pt,12.0,12.0
vary_B2_annealed,100,12,2.0,98,GPArealModel,8.362380027770996,,0.5940487720331263,4.4416822794432855,1.254478384446029,,,7.476965677820812,../data/results/vary_B2_annealed/B_100_n_12/phi_2.0/results_seed_98.pt,,
vary_B2_annealed,100,12,2.0,98,GPmodel,7.937036514282227,,0.6069050030740367,2.6963136973623536,1.0889439071395122,,,4.442727747679201,../data/results/vary_B2_annealed/B_100_n_12/phi_2.0/results_seed_98.pt,,
vary_B2_annealed,100,12,2.0,98,VI_best_tau_by_ELBO,8.22066593170166,,0.2161148190498352,3.354687182140398,2.12198343087548,-2707.13623046875,0.9,,../data/results/vary_B2_annealed/B_100_n_12/phi_2.0/results_seed_98.pt,12.0,12.0
vary_B2_annealed,100,12,2.0,99,GPArealModel,7.754044055938721,,0.27869012791233616,5.77735833497257,1.8481828564542038,,,20.730401820296542,../data/results/vary_B2_annealed/B_100_n_12/phi_2.0/results_seed_99.pt,,
vary_B2_annealed,100,12,2.0,99,GPmodel,7.987238883972168,,0.5081658163735708,2.8730461241111906,0.9768620539522453,,,5.653757162601256,../data/results/vary_B2_annealed/B_100_n_12/phi_2.0/results_seed_99.pt,,
vary_B2_annealed,100,12,2.0,99,VI_best_tau_by_ELBO,8.043122291564941,,0.2160387635231018,3.7245007322181185,1.9381931376883033,-2692.330615234375,0.9,,../data/results/vary_B2_annealed/B_100_n_12/phi_2.0/results_seed_99.pt,12.0,12.0
vary_B2_annealed,100,12,2.0,100,GPArealModel,7.849623680114746,,0.5185547462714393,4.053527590528116,1.007307103534324,,,7.816971341356276,../data/results/vary_B2_annealed/B_100_n_12/phi_2.0/results_seed_100.pt,,
vary_B2_annealed,100,12,2.0,100,GPmodel,7.925938129425049,,0.6879432783657607,2.0782451742940427,0.9145121946180673,,,3.0209542554598463,../data/results/vary_B2_annealed/B_100_n_12/phi_2.0/results_seed_100.pt,,
vary_B2_annealed,100,12,2.0,100,VI_best_tau_by_ELBO,8.30615520477295,,0.21619361639022827,2.117287462769675,1.9086623506222875,-2718.037451171875,0.9,,../data/results/vary_B2_annealed/B_100_n_12/phi_2.0/results_seed_100.pt,10.0,12.0
vary_B2_annealed,121,12,2.0,1,GPArealModel,7.178189277648926,,0.2872248474960568,7.684051139270168,0.6999516267428683,,,26.752738164046406,../data/results/vary_B2_annealed/B_121_n_12/phi_2.0/results_seed_1.pt,,
vary_B2_annealed,121,12,2.0,1,GPmodel,7.962092876434326,,0.5404320177285643,3.0371572990709326,1.1120534042993313,,,5.619869288714803,../data/results/vary_B2_annealed/B_121_n_12/phi_2.0/results_seed_1.pt,,
vary_B2_annealed,121,12,2.0,1,VI_best_tau_by_ELBO,8.074930191040039,,0.20795175433158875,5.026704964185974,1.8020606734739173,-3090.6625,0.9,,../data/results/vary_B2_annealed/B_121_n_12/phi_2.0/results_seed_1.pt,12.0,12.0
vary_B2_annealed,121,12,2.0,3,GPArealModel,8.214641571044922,,0.46118225766267656,4.596131767967866,1.405744872388731,,,9.96597698979483,../data/results/vary_B2_annealed/B_121_n_12/phi_2.0/results_seed_3.pt,,
vary_B2_annealed,121,12,2.0,3,GPmodel,7.9348955154418945,,0.6466969209151672,2.385960683972321,1.0726248537256993,,,3.689457312701985,../data/results/vary_B2_annealed/B_121_n_12/phi_2.0/results_seed_3.pt,,
vary_B2_annealed,121,12,2.0,3,VI_best_tau_by_ELBO,8.084787368774414,,0.2078785002231598,3.4508918759050475,1.9815476354015824,-3048.541064453125,0.9,,../data/results/vary_B2_annealed/B_121_n_12/phi_2.0/results_seed_3.pt,12.0,12.0
vary_B2_annealed,121,12,2.0,4,GPArealModel,7.9971842765808105,,0.3292170663645857,5.070498786639624,0.9652312004991085,,,15.401688747886443,../data/results/vary_B2_annealed/B_121_n_12/phi_2.0/results_seed_4.pt,,
vary_B2_annealed,121,12,2.0,4,GPmodel,7.958224296569824,,0.4623400166173341,2.8312044555440723,1.1032744666465684,,,6.123641376012194,../data/results/vary_B2_annealed/B_121_n_12/phi_2.0/results_seed_4.pt,,
vary_B2_annealed,121,12,2.0,4,VI_best_tau_by_ELBO,8.100690841674805,,0.20804667472839355,4.084557167761343,1.5492555983657426,-3012.99326171875,0.9,,../data/results/vary_B2_annealed/B_121_n_12/phi_2.0/results_seed_4.pt,12.0,12.0
vary_B2_annealed,121,12,2.0,7,GPArealModel,7.947842121124268,,0.5352838256428132,4.112333940258149,1.4835272527078494,,,7.682529796822681,../data/results/vary_B2_annealed/B_121_n_12/phi_2.0/results_seed_7.pt,,
vary_B2_annealed,121,12,2.0,7,GPmodel,7.96323299407959,,0.6488666916537178,2.4252931728000213,1.1340596083819472,,,3.7377372024118833,../data/results/vary_B2_annealed/B_121_n_12/phi_2.0/results_seed_7.pt,,
vary_B2_annealed,121,12,2.0,7,VI_best_tau_by_ELBO,8.246302604675293,,0.20795001089572906,2.7563316630357018,1.984276751159323,-3139.154541015625,0.9,,../data/results/vary_B2_annealed/B_121_n_12/phi_2.0/results_seed_7.pt,12.0,12.0
vary_B2_annealed,121,12,2.0,11,GPArealModel,7.823598861694336,,0.676017936798766,3.0991897579442322,0.8018074184952104,,,4.584478590346612,../data/results/vary_B2_annealed/B_121_n_12/phi_2.0/results_seed_11.pt,,
vary_B2_annealed,121,12,2.0,11,GPmodel,7.958418846130371,,0.8456383821617836,1.919926467576166,1.0732749019041012,,,2.2703870922557705,../data/results/vary_B2_annealed/B_121_n_12/phi_2.0/results_seed_11.pt,,
vary_B2_annealed,121,12,2.0,11,VI_best_tau_by_ELBO,8.108766555786133,,0.20797038078308105,2.606340565363829,2.096242719215453,-3031.78359375,0.9,,../data/results/vary_B2_annealed/B_121_n_12/phi_2.0/results_seed_11.pt,12.0,12.0
vary_B2_annealed,121,12,2.0,12,GPArealModel,8.093290328979492,,0.45457494467304316,3.4864015659009415,0.9321815959029602,,,7.669585855438128,../data/results/vary_B2_annealed/B_121_n_12/phi_2.0/results_seed_12.pt,,
vary_B2_annealed,121,12,2.0,12,GPmodel,7.9364190101623535,,0.6238504061067488,2.153991429582015,1.0009496096257182,,,3.452737080070826,../data/results/vary_B2_annealed/B_121_n_12/phi_2.0/results_seed_12.pt,,
vary_B2_annealed,121,12,2.0,12,VI_best_tau_by_ELBO,8.097701072692871,,0.20797722041606903,3.0693298095736794,1.6793181409245277,-2953.112255859375,0.9,,../data/results/vary_B2_annealed/B_121_n_12/phi_2.0/results_seed_12.pt,12.0,12.0
vary_B2_annealed,121,12,2.0,13,GPArealModel,7.873579978942871,,0.5358479549678689,4.282621348156287,0.6772457350010453,,,7.992232327196409,../data/results/vary_B2_annealed/B_121_n_12/phi_2.0/results_seed_13.pt,,
vary_B2_annealed,121,12,2.0,13,GPmodel,7.943019866943359,,0.7741793587435422,2.12430888603165,1.152413951983566,,,2.74394926968772,../data/results/vary_B2_annealed/B_121_n_12/phi_2.0/results_seed_13.pt,,
vary_B2_annealed,121,12,2.0,13,VI_best_tau_by_ELBO,8.247249603271484,,0.20797082781791687,2.590796339513515,1.993817292711781,-3136.832080078125,0.9,,../data/results/vary_B2_annealed/B_121_n_12/phi_2.0/results_seed_13.pt,12.0,12.0
vary_B2_annealed,121,12,2.0,17,GPArealModel,7.283556938171387,,0.4065764063863121,3.9850016352267827,0.9168084097872429,,,9.801359775511418,../data/results/vary_B2_annealed/B_121_n_12/phi_2.0/results_seed_17.pt,,
vary_B2_annealed,121,12,2.0,17,GPmodel,7.89813756942749,,0.6186072917774104,2.114078499640978,1.0801660703187839,,,3.417480730895868,../data/results/vary_B2_annealed/B_121_n_12/phi_2.0/results_seed_17.pt,,
vary_B2_annealed,121,12,2.0,17,VI_best_tau_by_ELBO,8.050463676452637,,0.20786058902740479,2.4164723238605017,1.8258804618005275,-3089.937158203125,0.9,,../data/results/vary_B2_annealed/B_121_n_12/phi_2.0/results_seed_17.pt,12.0,12.0
vary_B2_annealed,121,12,2.0,68,GPArealModel,7.658046722412109,,0.5063223544084215,3.2417513526584,1.4743622532543286,,,6.402544395745685,../data/results/vary_B2_annealed/B_121_n_12/phi_2.0/results_seed_68.pt,,
vary_B2_annealed,121,12,2.0,68,GPmodel,7.954695701599121,,0.7731604169018019,1.8674787598630616,1.1410662177223683,,,2.415383300850291,../data/results/vary_B2_annealed/B_121_n_12/phi_2.0/results_seed_68.pt,,
vary_B2_annealed,121,12,2.0,68,VI_best_tau_by_ELBO,8.189257621765137,,0.20800244808197021,1.85477683304458,1.8824319625094814,-3067.817041015625,0.9,,../data/results/vary_B2_annealed/B_121_n_12/phi_2.0/results_seed_68.pt,12.0,12.0
vary_B2_annealed,121,12,2.0,69,GPArealModel,7.784952163696289,,0.5617111305462038,5.194441374984708,1.192970349198481,,,9.247531502417749,../data/results/vary_B2_annealed/B_121_n_12/phi_2.0/results_seed_69.pt,,
vary_B2_annealed,121,12,2.0,69,GPmodel,8.017340660095215,,0.5636608337312959,2.7509769295314004,1.034646149331884,,,4.880553632439938,../data/results/vary_B2_annealed/B_121_n_12/phi_2.0/results_seed_69.pt,,
vary_B2_annealed,121,12,2.0,69,VI_best_tau_by_ELBO,8.124393463134766,,0.20798932015895844,4.863069466172769,1.6971334032051613,-3048.317724609375,0.9,,../data/results/vary_B2_annealed/B_121_n_12/phi_2.0/results_seed_69.pt,12.0,12.0
vary_B2_annealed,121,12,2.0,84,GPArealModel,8.224745750427246,,0.4911945052197921,5.806913422804205,1.1810607371416568,,,11.822024393790434,../data/results/vary_B2_annealed/B_121_n_12/phi_2.0/results_seed_84.pt,,
vary_B2_annealed,121,12,2.0,84,GPmodel,7.9501471519470215,,0.5882998384013132,2.806745690211613,1.1535240233219157,,,4.770944180163059,../data/results/vary_B2_annealed/B_121_n_12/phi_2.0/results_seed_84.pt,,
vary_B2_annealed,121,12,2.0,84,VI_best_tau_by_ELBO,8.45305061340332,,0.20781737565994263,3.7134937206936973,1.9885705083242828,-3263.596337890625,0.9,,../data/results/vary_B2_annealed/B_121_n_12/phi_2.0/results_seed_84.pt,12.0,12.0
vary_B2_annealed,121,12,2.0,96,GPArealModel,7.51686429977417,,0.31808211557422295,5.200963435419352,0.837480348588688,,,16.351008688527575,../data/results/vary_B2_annealed/B_121_n_12/phi_2.0/results_seed_96.pt,,
vary_B2_annealed,121,12,2.0,96,GPmodel,7.953071594238281,,0.5950029350895535,2.50144127898857,1.0551645294890246,,,4.20408225148012,../data/results/vary_B2_annealed/B_121_n_12/phi_2.0/results_seed_96.pt,,
vary_B2_annealed,121,12,2.0,96,VI_best_tau_by_ELBO,8.055763244628906,,0.20790904760360718,3.359005304225279,1.971612987378896,-3045.86806640625,0.9,,../data/results/vary_B2_annealed/B_121_n_12/phi_2.0/results_seed_96.pt,12.0,12.0
