/home/debangan/.venvs/gp/bin/python
Running idx=52 with B=49, n_i=6, seed=53, phi=2.0
Minimum eigenvalue of V_X_star - M_X_star.T @ M_X_star: -8.9407e-08
Minimum eigenvalue of V_S_star - M_S_star.T @ M_S_star: -8.9407e-08
Iter 1/100 | mu_lambda_beta: 1.4629 | 
 sigmasq_lambda_beta: 0.0000 | 
 lambda_a1: 147.1000 | lambda_b1: 6480.9727 | lambda_a2: 147.1000 | lambda_b2: 11926.4238
‣  E[ϕ]: 0.2550 | ‣ E[Sigmasq*ϕ]: 11.3134 | ‣ ||mu_W||: 45.9396
Number of correct permutations recognized for piX: 6.0
Number of correct permutations recognized for piS: 2.0
[anneal] global_step=100 | tau_X_t=0.0988 | tau_S_t=0.0975
Total ELBO: -1234.8461
Minimum eigenvalue of V_X_star - M_X_star.T @ M_X_star: 4.6716e-03
Minimum eigenvalue of V_S_star - M_S_star.T @ M_S_star: 4.6053e-03
Iter 2/100 | mu_lambda_beta: 3.2728 | 
 sigmasq_lambda_beta: 0.2789 | 
 lambda_a1: 147.1000 | lambda_b1: 2796.1255 | lambda_a2: 147.1000 | lambda_b2: 9595.0869
‣  E[ϕ]: 0.2607 | ‣ E[Sigmasq*ϕ]: 4.9889 | ‣ ||mu_W||: 42.7201
Number of correct permutations recognized for piX: 6.0
Number of correct permutations recognized for piS: 2.0
[anneal] global_step=200 | tau_X_t=0.0963 | tau_S_t=0.0951
Total ELBO: -1118.7433
Relative change in total ELBO: 9.4022e+00%
Minimum eigenvalue of V_X_star - M_X_star.T @ M_X_star: 6.3556e-03
Minimum eigenvalue of V_S_star - M_S_star.T @ M_S_star: 6.2524e-03
Iter 3/100 | mu_lambda_beta: 6.0527 | 
 sigmasq_lambda_beta: 0.2145 | 
 lambda_a1: 147.1000 | lambda_b1: 2615.7480 | lambda_a2: 147.1000 | lambda_b2: 5509.5610
‣  E[ϕ]: 0.2606 | ‣ E[Sigmasq*ϕ]: 4.6653 | ‣ ||mu_W||: 39.6984
Number of correct permutations recognized for piX: 6.0
Number of correct permutations recognized for piS: 2.0
[anneal] global_step=300 | tau_X_t=0.0940 | tau_S_t=0.0928
Total ELBO: -1017.7138
Relative change in total ELBO: 9.0306e+00%
Minimum eigenvalue of V_X_star - M_X_star.T @ M_X_star: 7.8563e-03
Minimum eigenvalue of V_S_star - M_S_star.T @ M_S_star: 7.9210e-03
Iter 4/100 | mu_lambda_beta: 7.0800 | 
 sigmasq_lambda_beta: 0.1189 | 
 lambda_a1: 147.1000 | lambda_b1: 2434.5095 | lambda_a2: 147.1000 | lambda_b2: 3159.6111
‣  E[ϕ]: 0.2598 | ‣ E[Sigmasq*ϕ]: 4.3283 | ‣ ||mu_W||: 38.9228
Number of correct permutations recognized for piX: 6.0
Number of correct permutations recognized for piS: 2.0
[anneal] global_step=400 | tau_X_t=0.0916 | tau_S_t=0.0905
Total ELBO: -977.9591
Relative change in total ELBO: 3.9063e+00%
Minimum eigenvalue of V_X_star - M_X_star.T @ M_X_star: 8.9098e-03
Minimum eigenvalue of V_S_star - M_S_star.T @ M_S_star: 9.4427e-03
Iter 5/100 | mu_lambda_beta: 7.1566 | 
 sigmasq_lambda_beta: 0.0674 | 
 lambda_a1: 147.1000 | lambda_b1: 2203.7148 | lambda_a2: 147.1000 | lambda_b2: 2842.9456
‣  E[ϕ]: 0.2597 | ‣ E[Sigmasq*ϕ]: 3.9167 | ‣ ||mu_W||: 38.6911
Number of correct permutations recognized for piX: 6.0
Number of correct permutations recognized for piS: 2.0
[anneal] global_step=500 | tau_X_t=0.0894 | tau_S_t=0.0882
Total ELBO: -991.3695
Relative change in total ELBO: -1.3713e+00%
Minimum eigenvalue of V_X_star - M_X_star.T @ M_X_star: 9.5421e-03
Minimum eigenvalue of V_S_star - M_S_star.T @ M_S_star: 1.0664e-02
Iter 6/100 | mu_lambda_beta: 6.9839 | 
 sigmasq_lambda_beta: 0.0602 | 
 lambda_a1: 147.1000 | lambda_b1: 1990.1716 | lambda_a2: 147.1000 | lambda_b2: 3172.5361
‣  E[ϕ]: 0.2600 | ‣ E[Sigmasq*ϕ]: 3.5419 | ‣ ||mu_W||: 38.4618
Number of correct permutations recognized for piX: 6.0
Number of correct permutations recognized for piS: 2.0
[anneal] global_step=600 | tau_X_t=0.0871 | tau_S_t=0.0861
Total ELBO: -1003.8197
Relative change in total ELBO: -1.2559e+00%
Minimum eigenvalue of V_X_star - M_X_star.T @ M_X_star: 1.0029e-02
Minimum eigenvalue of V_S_star - M_S_star.T @ M_S_star: 1.1522e-02
Iter 7/100 | mu_lambda_beta: 6.8073 | 
 sigmasq_lambda_beta: 0.0670 | 
 lambda_a1: 147.1000 | lambda_b1: 1821.2419 | lambda_a2: 147.1000 | lambda_b2: 3541.3816
‣  E[ϕ]: 0.2604 | ‣ E[Sigmasq*ϕ]: 3.2456 | ‣ ||mu_W||: 38.2535
Number of correct permutations recognized for piX: 6.0
Number of correct permutations recognized for piS: 2.0
[anneal] global_step=700 | tau_X_t=0.0850 | tau_S_t=0.0839
Total ELBO: -1000.8011
Relative change in total ELBO: 3.0071e-01%
Smoothed ELBO rel_impr over last 5: 4.3258e+00%
Minimum eigenvalue of V_X_star - M_X_star.T @ M_X_star: 1.0477e-02
Minimum eigenvalue of V_S_star - M_S_star.T @ M_S_star: 1.2018e-02
Stopping early at step 33 due to minimal loss change.
Iter 8/100 | mu_lambda_beta: 6.7901 | 
 sigmasq_lambda_beta: 0.0746 | 
 lambda_a1: 147.1000 | lambda_b1: 1687.5109 | lambda_a2: 147.1000 | lambda_b2: 3562.9341
‣  E[ϕ]: 0.2605 | ‣ E[Sigmasq*ϕ]: 3.0091 | ‣ ||mu_W||: 38.0442
Number of correct permutations recognized for piX: 6.0
Number of correct permutations recognized for piS: 2.0
[anneal] global_step=784 | tau_X_t=0.0829 | tau_S_t=0.0822
Total ELBO: -1031.2137
Relative change in total ELBO: -3.0388e+00%
Smoothed ELBO rel_impr over last 5: 2.3082e+00%
Minimum eigenvalue of V_X_star - M_X_star.T @ M_X_star: 1.0804e-02
Minimum eigenvalue of V_S_star - M_S_star.T @ M_S_star: 1.2107e-02
Iter 9/100 | mu_lambda_beta: 6.4347 | 
 sigmasq_lambda_beta: 0.0748 | 
 lambda_a1: 147.1000 | lambda_b1: 1572.7030 | lambda_a2: 147.1000 | lambda_b2: 4301.0215
‣  E[ϕ]: 0.2609 | ‣ E[Sigmasq*ϕ]: 2.8084 | ‣ ||mu_W||: 37.9147
Number of correct permutations recognized for piX: 6.0
Number of correct permutations recognized for piS: 2.0
[anneal] global_step=884 | tau_X_t=0.0812 | tau_S_t=0.0801
Total ELBO: -1047.6119
Relative change in total ELBO: -1.5902e+00%
Smoothed ELBO rel_impr over last 5: -2.7045e-01%
Minimum eigenvalue of V_X_star - M_X_star.T @ M_X_star: 1.1109e-02
Minimum eigenvalue of V_S_star - M_S_star.T @ M_S_star: 1.2152e-02
Iter 10/100 | mu_lambda_beta: 6.1256 | 
 sigmasq_lambda_beta: 0.0902 | 
 lambda_a1: 147.1000 | lambda_b1: 1483.8231 | lambda_a2: 147.1000 | lambda_b2: 4931.2598
‣  E[ϕ]: 0.2612 | ‣ E[Sigmasq*ϕ]: 2.6526 | ‣ ||mu_W||: 37.8557
Number of correct permutations recognized for piX: 6.0
Number of correct permutations recognized for piS: 2.0
[anneal] global_step=984 | tau_X_t=0.0791 | tau_S_t=0.0782
Total ELBO: -1065.5618
Relative change in total ELBO: -1.7134e+00%
Smoothed ELBO rel_impr over last 5: -1.3916e+00%
Minimum eigenvalue of V_X_star - M_X_star.T @ M_X_star: 1.1289e-02
Minimum eigenvalue of V_S_star - M_S_star.T @ M_S_star: 1.2087e-02
Iter 11/100 | mu_lambda_beta: 5.7739 | 
 sigmasq_lambda_beta: 0.1033 | 
 lambda_a1: 147.1000 | lambda_b1: 1412.8495 | lambda_a2: 147.1000 | lambda_b2: 5613.7471
‣  E[ϕ]: 0.2614 | ‣ E[Sigmasq*ϕ]: 2.5278 | ‣ ||mu_W||: 37.8035
Number of correct permutations recognized for piX: 6.0
Number of correct permutations recognized for piS: 2.0
[anneal] global_step=1084 | tau_X_t=0.0772 | tau_S_t=0.0762
Total ELBO: -1068.0618
Relative change in total ELBO: -2.3462e-01%
Smoothed ELBO rel_impr over last 5: -1.4620e+00%
Minimum eigenvalue of V_X_star - M_X_star.T @ M_X_star: 1.1321e-02
Minimum eigenvalue of V_S_star - M_S_star.T @ M_S_star: 1.1879e-02
Stopping early at step 40 due to minimal loss change.
Stopping early at step 20 due to minimal loss change.
Iter 12/100 | mu_lambda_beta: 5.6730 | 
 sigmasq_lambda_beta: 0.1173 | 
 lambda_a1: 147.1000 | lambda_b1: 1354.7859 | lambda_a2: 147.1000 | lambda_b2: 5803.0854
‣  E[ϕ]: 0.2615 | ‣ E[Sigmasq*ϕ]: 2.4249 | ‣ ||mu_W||: 37.6909
Number of correct permutations recognized for piX: 6.0
Number of correct permutations recognized for piS: 2.0
[anneal] global_step=1146 | tau_X_t=0.0754 | tau_S_t=0.0751
Total ELBO: -1068.4744
Relative change in total ELBO: -3.8631e-02%
Smoothed ELBO rel_impr over last 5: -1.2477e+00%
Minimum eigenvalue of V_X_star - M_X_star.T @ M_X_star: 1.1206e-02
Minimum eigenvalue of V_S_star - M_S_star.T @ M_S_star: 1.1647e-02
Stopping early at step 1 due to minimal loss change.
Stopping early at step 1 due to minimal loss change.
Iter 13/100 | mu_lambda_beta: 5.6649 | 
 sigmasq_lambda_beta: 0.1211 | 
 lambda_a1: 147.1000 | lambda_b1: 1303.5387 | lambda_a2: 147.1000 | lambda_b2: 5815.3872
‣  E[ϕ]: 0.2616 | ‣ E[Sigmasq*ϕ]: 2.3336 | ‣ ||mu_W||: 37.5573
Number of correct permutations recognized for piX: 6.0
Number of correct permutations recognized for piS: 2.0
[anneal] global_step=1150 | tau_X_t=0.0750 | tau_S_t=0.0750
Total ELBO: -1068.4836
Relative change in total ELBO: -8.6828e-04%
Smoothed ELBO rel_impr over last 5: -1.2981e+00%
Minimum eigenvalue of V_X_star - M_X_star.T @ M_X_star: 1.1094e-02
Minimum eigenvalue of V_S_star - M_S_star.T @ M_S_star: 1.1636e-02
Stopping early at step 1 due to minimal loss change.
Stopping early at step 1 due to minimal loss change.
Iter 14/100 | mu_lambda_beta: 5.6672 | 
 sigmasq_lambda_beta: 0.1214 | 
 lambda_a1: 147.1000 | lambda_b1: 1256.5117 | lambda_a2: 147.1000 | lambda_b2: 5813.1069
‣  E[ϕ]: 0.2616 | ‣ E[Sigmasq*ϕ]: 2.2498 | ‣ ||mu_W||: 37.4151
Number of correct permutations recognized for piX: 6.0
Number of correct permutations recognized for piS: 2.0
[anneal] global_step=1154 | tau_X_t=0.0749 | tau_S_t=0.0749
Total ELBO: -1068.3267
Relative change in total ELBO: 1.4692e-02%
Smoothed ELBO rel_impr over last 5: -7.0576e-01%
Minimum eigenvalue of V_X_star - M_X_star.T @ M_X_star: 1.1089e-02
Minimum eigenvalue of V_S_star - M_S_star.T @ M_S_star: 1.1624e-02
Iter 15/100 | mu_lambda_beta: 5.6694 | 
 sigmasq_lambda_beta: 0.1214 | 
 lambda_a1: 147.1000 | lambda_b1: 1212.9705 | lambda_a2: 147.1000 | lambda_b2: 5810.0737
‣  E[ϕ]: 0.2616 | ‣ E[Sigmasq*ϕ]: 2.1721 | ‣ ||mu_W||: 37.2799
Number of correct permutations recognized for piX: 6.0
Number of correct permutations recognized for piS: 2.0
[anneal] global_step=1254 | tau_X_t=0.0740 | tau_S_t=0.0730
Total ELBO: -1068.7230
Relative change in total ELBO: -3.7101e-02%
Smoothed ELBO rel_impr over last 5: -3.8951e-01%
Minimum eigenvalue of V_X_star - M_X_star.T @ M_X_star: 1.1170e-02
Minimum eigenvalue of V_S_star - M_S_star.T @ M_S_star: 1.1308e-02
Iter 16/100 | mu_lambda_beta: 5.6633 | 
 sigmasq_lambda_beta: 0.1212 | 
 lambda_a1: 147.1000 | lambda_b1: 1172.5341 | lambda_a2: 147.1000 | lambda_b2: 5816.4321
‣  E[ϕ]: 0.2617 | ‣ E[Sigmasq*ϕ]: 2.1000 | ‣ ||mu_W||: 37.1851
Number of correct permutations recognized for piX: 6.0
Number of correct permutations recognized for piS: 2.0
[anneal] global_step=1354 | tau_X_t=0.0721 | tau_S_t=0.0712
Total ELBO: -1071.9790
Relative change in total ELBO: -3.0466e-01%
Smoothed ELBO rel_impr over last 5: -5.9207e-02%
Minimum eigenvalue of V_X_star - M_X_star.T @ M_X_star: 1.0906e-02
Minimum eigenvalue of V_S_star - M_S_star.T @ M_S_star: 1.0950e-02
Iter 17/100 | mu_lambda_beta: 5.6121 | 
 sigmasq_lambda_beta: 0.1213 | 
 lambda_a1: 147.1000 | lambda_b1: 1134.9554 | lambda_a2: 147.1000 | lambda_b2: 5910.0430
‣  E[ϕ]: 0.2617 | ‣ E[Sigmasq*ϕ]: 2.0330 | ‣ ||mu_W||: 37.0663
Number of correct permutations recognized for piX: 6.0
Number of correct permutations recognized for piS: 2.0
[anneal] global_step=1454 | tau_X_t=0.0704 | tau_S_t=0.0695
Total ELBO: -1073.1211
Relative change in total ELBO: -1.0654e-01%
Smoothed ELBO rel_impr over last 5: -7.3339e-02%
Minimum eigenvalue of V_X_star - M_X_star.T @ M_X_star: 1.0594e-02
Minimum eigenvalue of V_S_star - M_S_star.T @ M_S_star: 1.0569e-02
Iter 18/100 | mu_lambda_beta: 5.6091 | 
 sigmasq_lambda_beta: 0.1232 | 
 lambda_a1: 147.1000 | lambda_b1: 1100.3624 | lambda_a2: 147.1000 | lambda_b2: 5917.9165
‣  E[ϕ]: 0.2617 | ‣ E[Sigmasq*ϕ]: 1.9713 | ‣ ||mu_W||: 36.9759
Number of correct permutations recognized for piX: 6.0
Number of correct permutations recognized for piS: 2.0
[anneal] global_step=1554 | tau_X_t=0.0686 | tau_S_t=0.0678
Total ELBO: -1077.8492
Relative change in total ELBO: -4.4060e-01%
Smoothed ELBO rel_impr over last 5: -8.6918e-02%
Minimum eigenvalue of V_X_star - M_X_star.T @ M_X_star: 1.0260e-02
Minimum eigenvalue of V_S_star - M_S_star.T @ M_S_star: 1.0113e-02
Iter 19/100 | mu_lambda_beta: 5.5307 | 
 sigmasq_lambda_beta: 0.1233 | 
 lambda_a1: 147.1000 | lambda_b1: 1068.1187 | lambda_a2: 147.1000 | lambda_b2: 6060.4458
‣  E[ϕ]: 0.2618 | ‣ E[Sigmasq*ϕ]: 1.9138 | ‣ ||mu_W||: 36.9001
Number of correct permutations recognized for piX: 6.0
Number of correct permutations recognized for piS: 2.0
[anneal] global_step=1654 | tau_X_t=0.0669 | tau_S_t=0.0661
Total ELBO: -1081.6292
Relative change in total ELBO: -3.5069e-01%
Smoothed ELBO rel_impr over last 5: -1.7503e-01%
Minimum eigenvalue of V_X_star - M_X_star.T @ M_X_star: 9.8985e-03
Minimum eigenvalue of V_S_star - M_S_star.T @ M_S_star: 9.7035e-03
Iter 20/100 | mu_lambda_beta: 5.4726 | 
 sigmasq_lambda_beta: 0.1263 | 
 lambda_a1: 147.1000 | lambda_b1: 1038.5210 | lambda_a2: 147.1000 | lambda_b2: 6170.4390
‣  E[ϕ]: 0.2618 | ‣ E[Sigmasq*ϕ]: 1.8611 | ‣ ||mu_W||: 36.8085
Number of correct permutations recognized for piX: 6.0
Number of correct permutations recognized for piS: 2.0
[anneal] global_step=1754 | tau_X_t=0.0653 | tau_S_t=0.0644
Total ELBO: -1083.0181
Relative change in total ELBO: -1.2841e-01%
Smoothed ELBO rel_impr over last 5: -2.4818e-01%
Minimum eigenvalue of V_X_star - M_X_star.T @ M_X_star: 9.5286e-03
Minimum eigenvalue of V_S_star - M_S_star.T @ M_S_star: 9.3074e-03
Iter 21/100 | mu_lambda_beta: 5.4716 | 
 sigmasq_lambda_beta: 0.1287 | 
 lambda_a1: 147.1000 | lambda_b1: 1011.1625 | lambda_a2: 147.1000 | lambda_b2: 6177.3438
‣  E[ϕ]: 0.2618 | ‣ E[Sigmasq*ϕ]: 1.8122 | ‣ ||mu_W||: 36.7056
Number of correct permutations recognized for piX: 6.0
Number of correct permutations recognized for piS: 2.0
[anneal] global_step=1854 | tau_X_t=0.0636 | tau_S_t=0.0629
Total ELBO: -1086.0076
Relative change in total ELBO: -2.7603e-01%
Smoothed ELBO rel_impr over last 5: -2.6604e-01%
Minimum eigenvalue of V_X_star - M_X_star.T @ M_X_star: 9.1534e-03
Minimum eigenvalue of V_S_star - M_S_star.T @ M_S_star: 8.9165e-03
Iter 22/100 | mu_lambda_beta: 5.4361 | 
 sigmasq_lambda_beta: 0.1289 | 
 lambda_a1: 147.1000 | lambda_b1: 985.4761 | lambda_a2: 147.1000 | lambda_b2: 6244.0610
‣  E[ϕ]: 0.2619 | ‣ E[Sigmasq*ϕ]: 1.7664 | ‣ ||mu_W||: 36.6215
Number of correct permutations recognized for piX: 6.0
Number of correct permutations recognized for piS: 2.0
[anneal] global_step=1954 | tau_X_t=0.0621 | tau_S_t=0.0613
Total ELBO: -1087.5275
Relative change in total ELBO: -1.3995e-01%
Smoothed ELBO rel_impr over last 5: -2.6039e-01%
Minimum eigenvalue of V_X_star - M_X_star.T @ M_X_star: 8.7808e-03
Minimum eigenvalue of V_S_star - M_S_star.T @ M_S_star: 8.5407e-03
Iter 23/100 | mu_lambda_beta: 5.4359 | 
 sigmasq_lambda_beta: 0.1303 | 
 lambda_a1: 147.1000 | lambda_b1: 961.5091 | lambda_a2: 147.1000 | lambda_b2: 6249.0806
‣  E[ϕ]: 0.2619 | ‣ E[Sigmasq*ϕ]: 1.7235 | ‣ ||mu_W||: 36.5235
Number of correct permutations recognized for piX: 6.0
Number of correct permutations recognized for piS: 2.0
[anneal] global_step=2054 | tau_X_t=0.0605 | tau_S_t=0.0598
Total ELBO: -1089.0862
Relative change in total ELBO: -1.4333e-01%
Smoothed ELBO rel_impr over last 5: -2.6670e-01%
Minimum eigenvalue of V_X_star - M_X_star.T @ M_X_star: 8.4127e-03
Minimum eigenvalue of V_S_star - M_S_star.T @ M_S_star: 8.1494e-03
Iter 24/100 | mu_lambda_beta: 5.4362 | 
 sigmasq_lambda_beta: 0.1305 | 
 lambda_a1: 147.1000 | lambda_b1: 938.9026 | lambda_a2: 147.1000 | lambda_b2: 6251.9712
‣  E[ϕ]: 0.2619 | ‣ E[Sigmasq*ϕ]: 1.6831 | ‣ ||mu_W||: 36.4371
Number of correct permutations recognized for piX: 6.0
Number of correct permutations recognized for piS: 2.0
[anneal] global_step=2154 | tau_X_t=0.0590 | tau_S_t=0.0583
Total ELBO: -1090.6831
Relative change in total ELBO: -1.4663e-01%
Smoothed ELBO rel_impr over last 5: -2.0748e-01%
Minimum eigenvalue of V_X_star - M_X_star.T @ M_X_star: 8.0521e-03
Minimum eigenvalue of V_S_star - M_S_star.T @ M_S_star: 7.7868e-03
Iter 25/100 | mu_lambda_beta: 5.4367 | 
 sigmasq_lambda_beta: 0.1306 | 
 lambda_a1: 147.1000 | lambda_b1: 917.5548 | lambda_a2: 147.1000 | lambda_b2: 6254.6699
‣  E[ϕ]: 0.2619 | ‣ E[Sigmasq*ϕ]: 1.6450 | ‣ ||mu_W||: 36.3497
Number of correct permutations recognized for piX: 6.0
Number of correct permutations recognized for piS: 2.0
[anneal] global_step=2254 | tau_X_t=0.0576 | tau_S_t=0.0569
Total ELBO: -1092.3071
Relative change in total ELBO: -1.4890e-01%
Smoothed ELBO rel_impr over last 5: -1.6681e-01%
Minimum eigenvalue of V_X_star - M_X_star.T @ M_X_star: 7.7005e-03
Minimum eigenvalue of V_S_star - M_S_star.T @ M_S_star: 7.4485e-03
Iter 26/100 | mu_lambda_beta: 5.4374 | 
 sigmasq_lambda_beta: 0.1307 | 
 lambda_a1: 147.1000 | lambda_b1: 897.3551 | lambda_a2: 147.1000 | lambda_b2: 6257.4697
‣  E[ϕ]: 0.2619 | ‣ E[Sigmasq*ϕ]: 1.6088 | ‣ ||mu_W||: 36.2596
Number of correct permutations recognized for piX: 6.0
Number of correct permutations recognized for piS: 2.0
[anneal] global_step=2354 | tau_X_t=0.0561 | tau_S_t=0.0554
Total ELBO: -1093.9520
Relative change in total ELBO: -1.5059e-01%
Smoothed ELBO rel_impr over last 5: -1.7088e-01%
Minimum eigenvalue of V_X_star - M_X_star.T @ M_X_star: 7.3589e-03
Minimum eigenvalue of V_S_star - M_S_star.T @ M_S_star: 7.1099e-03
Iter 27/100 | mu_lambda_beta: 5.4380 | 
 sigmasq_lambda_beta: 0.1309 | 
 lambda_a1: 147.1000 | lambda_b1: 878.2166 | lambda_a2: 147.1000 | lambda_b2: 6260.1777
‣  E[ϕ]: 0.2620 | ‣ E[Sigmasq*ϕ]: 1.5746 | ‣ ||mu_W||: 36.1757
Number of correct permutations recognized for piX: 6.0
Number of correct permutations recognized for piS: 2.0
[anneal] global_step=2454 | tau_X_t=0.0548 | tau_S_t=0.0541
Total ELBO: -1095.6167
Relative change in total ELBO: -1.5217e-01%
Smoothed ELBO rel_impr over last 5: -1.4589e-01%
Minimum eigenvalue of V_X_star - M_X_star.T @ M_X_star: 7.0289e-03
Minimum eigenvalue of V_S_star - M_S_star.T @ M_S_star: 6.7841e-03
Iter 28/100 | mu_lambda_beta: 5.4389 | 
 sigmasq_lambda_beta: 0.1310 | 
 lambda_a1: 147.1000 | lambda_b1: 860.0618 | lambda_a2: 147.1000 | lambda_b2: 6262.7739
‣  E[ϕ]: 0.2620 | ‣ E[Sigmasq*ϕ]: 1.5421 | ‣ ||mu_W||: 36.0928
Number of correct permutations recognized for piX: 6.0
Number of correct permutations recognized for piS: 2.0
[anneal] global_step=2554 | tau_X_t=0.0534 | tau_S_t=0.0527
Total ELBO: -1097.2979
Relative change in total ELBO: -1.5344e-01%
Smoothed ELBO rel_impr over last 5: -1.4834e-01%
Minimum eigenvalue of V_X_star - M_X_star.T @ M_X_star: 6.7100e-03
Minimum eigenvalue of V_S_star - M_S_star.T @ M_S_star: 6.4707e-03
Iter 29/100 | mu_lambda_beta: 5.4398 | 
 sigmasq_lambda_beta: 0.1311 | 
 lambda_a1: 147.1000 | lambda_b1: 842.8237 | lambda_a2: 147.1000 | lambda_b2: 6265.3247
‣  E[ϕ]: 0.2620 | ‣ E[Sigmasq*ϕ]: 1.5113 | ‣ ||mu_W||: 36.0098
Number of correct permutations recognized for piX: 6.0
Number of correct permutations recognized for piS: 2.0
[anneal] global_step=2654 | tau_X_t=0.0521 | tau_S_t=0.0514
Total ELBO: -1098.9937
Relative change in total ELBO: -1.5454e-01%
Smoothed ELBO rel_impr over last 5: -1.5035e-01%
Minimum eigenvalue of V_X_star - M_X_star.T @ M_X_star: 6.4030e-03
Minimum eigenvalue of V_S_star - M_S_star.T @ M_S_star: 6.1702e-03
Iter 30/100 | mu_lambda_beta: 5.4407 | 
 sigmasq_lambda_beta: 0.1313 | 
 lambda_a1: 147.1000 | lambda_b1: 826.4362 | lambda_a2: 147.1000 | lambda_b2: 6267.8462
‣  E[ϕ]: 0.2620 | ‣ E[Sigmasq*ϕ]: 1.4820 | ‣ ||mu_W||: 35.9333
Number of correct permutations recognized for piX: 6.0
Number of correct permutations recognized for piS: 2.0
[anneal] global_step=2754 | tau_X_t=0.0508 | tau_S_t=0.0502
Total ELBO: -1100.7006
Relative change in total ELBO: -1.5532e-01%
Smoothed ELBO rel_impr over last 5: -1.5193e-01%
Minimum eigenvalue of V_X_star - M_X_star.T @ M_X_star: 6.1083e-03
Minimum eigenvalue of V_S_star - M_S_star.T @ M_S_star: 5.8722e-03
Iter 31/100 | mu_lambda_beta: 5.4414 | 
 sigmasq_lambda_beta: 0.1314 | 
 lambda_a1: 147.1000 | lambda_b1: 810.8461 | lambda_a2: 147.1000 | lambda_b2: 6270.2471
‣  E[ϕ]: 0.2620 | ‣ E[Sigmasq*ϕ]: 1.4541 | ‣ ||mu_W||: 35.8573
Number of correct permutations recognized for piX: 6.0
Number of correct permutations recognized for piS: 2.0
[anneal] global_step=2854 | tau_X_t=0.0500 | tau_S_t=0.0500
Total ELBO: -1101.2854
Relative change in total ELBO: -5.3133e-02%
Smoothed ELBO rel_impr over last 5: -1.5322e-01%
Minimum eigenvalue of V_X_star - M_X_star.T @ M_X_star: 5.9349e-03
Minimum eigenvalue of V_S_star - M_S_star.T @ M_S_star: 5.8473e-03
Iter 32/100 | mu_lambda_beta: 5.4423 | 
 sigmasq_lambda_beta: 0.1315 | 
 lambda_a1: 147.1000 | lambda_b1: 795.9993 | lambda_a2: 147.1000 | lambda_b2: 6271.7993
‣  E[ϕ]: 0.2620 | ‣ E[Sigmasq*ϕ]: 1.4275 | ‣ ||mu_W||: 35.7748
Number of correct permutations recognized for piX: 6.0
Number of correct permutations recognized for piS: 2.0
[anneal] global_step=2954 | tau_X_t=0.0500 | tau_S_t=0.0500
Total ELBO: -1101.1664
Relative change in total ELBO: 1.0807e-02%
Smoothed ELBO rel_impr over last 5: -1.3365e-01%
Minimum eigenvalue of V_X_star - M_X_star.T @ M_X_star: 5.9491e-03
Minimum eigenvalue of V_S_star - M_S_star.T @ M_S_star: 5.8585e-03
Iter 33/100 | mu_lambda_beta: 5.4432 | 
 sigmasq_lambda_beta: 0.1315 | 
 lambda_a1: 147.1000 | lambda_b1: 781.8420 | lambda_a2: 147.1000 | lambda_b2: 6271.5664
‣  E[ϕ]: 0.2620 | ‣ E[Sigmasq*ϕ]: 1.4022 | ‣ ||mu_W||: 35.6962
Number of correct permutations recognized for piX: 6.0
Number of correct permutations recognized for piS: 2.0
[anneal] global_step=3054 | tau_X_t=0.0500 | tau_S_t=0.0500
Total ELBO: -1101.0587
Relative change in total ELBO: 9.7775e-03%
Smoothed ELBO rel_impr over last 5: -1.0103e-01%
Minimum eigenvalue of V_X_star - M_X_star.T @ M_X_star: 5.9615e-03
Minimum eigenvalue of V_S_star - M_S_star.T @ M_S_star: 5.8791e-03
Iter 34/100 | mu_lambda_beta: 5.4443 | 
 sigmasq_lambda_beta: 0.1315 | 
 lambda_a1: 147.1000 | lambda_b1: 768.3263 | lambda_a2: 147.1000 | lambda_b2: 6271.3828
‣  E[ϕ]: 0.2620 | ‣ E[Sigmasq*ϕ]: 1.3780 | ‣ ||mu_W||: 35.6157
Number of correct permutations recognized for piX: 6.0
Number of correct permutations recognized for piS: 2.0
[anneal] global_step=3154 | tau_X_t=0.0500 | tau_S_t=0.0500
Total ELBO: -1100.9573
Relative change in total ELBO: 9.2130e-03%
Smoothed ELBO rel_impr over last 5: -6.8366e-02%
Minimum eigenvalue of V_X_star - M_X_star.T @ M_X_star: 5.9730e-03
Minimum eigenvalue of V_S_star - M_S_star.T @ M_S_star: 5.8884e-03
Iter 35/100 | mu_lambda_beta: 5.4452 | 
 sigmasq_lambda_beta: 0.1315 | 
 lambda_a1: 147.1000 | lambda_b1: 755.4084 | lambda_a2: 147.1000 | lambda_b2: 6271.1519
‣  E[ϕ]: 0.2620 | ‣ E[Sigmasq*ϕ]: 1.3549 | ‣ ||mu_W||: 35.5389
Number of correct permutations recognized for piX: 6.0
Number of correct permutations recognized for piS: 2.0
[anneal] global_step=3254 | tau_X_t=0.0500 | tau_S_t=0.0500
Total ELBO: -1100.8632
Relative change in total ELBO: 8.5486e-03%
Smoothed ELBO rel_impr over last 5: -3.5679e-02%
Minimum eigenvalue of V_X_star - M_X_star.T @ M_X_star: 5.9835e-03
Minimum eigenvalue of V_S_star - M_S_star.T @ M_S_star: 5.8970e-03
Iter 36/100 | mu_lambda_beta: 5.4461 | 
 sigmasq_lambda_beta: 0.1315 | 
 lambda_a1: 147.1000 | lambda_b1: 743.0540 | lambda_a2: 147.1000 | lambda_b2: 6270.9336
‣  E[ϕ]: 0.2620 | ‣ E[Sigmasq*ϕ]: 1.3328 | ‣ ||mu_W||: 35.4629
Number of correct permutations recognized for piX: 6.0
Number of correct permutations recognized for piS: 2.0
[anneal] global_step=3354 | tau_X_t=0.0500 | tau_S_t=0.0500
Total ELBO: -1100.7759
Relative change in total ELBO: 7.9283e-03%
Smoothed ELBO rel_impr over last 5: -2.9602e-03%
Minimum eigenvalue of V_X_star - M_X_star.T @ M_X_star: 5.9933e-03
Minimum eigenvalue of V_S_star - M_S_star.T @ M_S_star: 5.9049e-03
Iter 37/100 | mu_lambda_beta: 5.4470 | 
 sigmasq_lambda_beta: 0.1315 | 
 lambda_a1: 147.1000 | lambda_b1: 731.2368 | lambda_a2: 147.1000 | lambda_b2: 6270.6875
‣  E[ϕ]: 0.2621 | ‣ E[Sigmasq*ϕ]: 1.3116 | ‣ ||mu_W||: 35.3925
Number of correct permutations recognized for piX: 6.0
Number of correct permutations recognized for piS: 2.0
[anneal] global_step=3454 | tau_X_t=0.0500 | tau_S_t=0.0500
Total ELBO: -1100.6943
Relative change in total ELBO: 7.4078e-03%
Smoothed ELBO rel_impr over last 5: 9.2573e-03%
Stopping: smoothed ELBO improvement is 9.2573e-03% (< 0.01%)
Minimum eigenvalue of V_X_star - M_X_star.T @ M_X_star: -8.9407e-08
Minimum eigenvalue of V_S_star - M_S_star.T @ M_S_star: -8.9407e-08
Iter 1/100 | mu_lambda_beta: 1.4629 | 
 sigmasq_lambda_beta: 0.0000 | 
 lambda_a1: 147.1000 | lambda_b1: 6480.9727 | lambda_a2: 147.1000 | lambda_b2: 11926.4238
‣  E[ϕ]: 0.2549 | ‣ E[Sigmasq*ϕ]: 11.3068 | ‣ ||mu_W||: 45.9396
Number of correct permutations recognized for piX: 4.0
Number of correct permutations recognized for piS: 1.0
[anneal] global_step=100 | tau_X_t=0.1976 | tau_S_t=0.1951
Total ELBO: -1187.6089
Minimum eigenvalue of V_X_star - M_X_star.T @ M_X_star: 1.8756e-02
Minimum eigenvalue of V_S_star - M_S_star.T @ M_S_star: 1.8333e-02
Iter 2/100 | mu_lambda_beta: 3.2875 | 
 sigmasq_lambda_beta: 0.3013 | 
 lambda_a1: 147.1000 | lambda_b1: 2797.7244 | lambda_a2: 147.1000 | lambda_b2: 9704.0557
‣  E[ϕ]: 0.2607 | ‣ E[Sigmasq*ϕ]: 4.9924 | ‣ ||mu_W||: 42.1113
Number of correct permutations recognized for piX: 6.0
Number of correct permutations recognized for piS: 2.0
[anneal] global_step=200 | tau_X_t=0.1927 | tau_S_t=0.1903
Total ELBO: -1069.5935
Relative change in total ELBO: 9.9372e+00%
Minimum eigenvalue of V_X_star - M_X_star.T @ M_X_star: 2.5154e-02
Minimum eigenvalue of V_S_star - M_S_star.T @ M_S_star: 2.4894e-02
Iter 3/100 | mu_lambda_beta: 6.2762 | 
 sigmasq_lambda_beta: 0.2232 | 
 lambda_a1: 147.1000 | lambda_b1: 2619.6865 | lambda_a2: 147.1000 | lambda_b2: 5289.9248
‣  E[ϕ]: 0.2606 | ‣ E[Sigmasq*ϕ]: 4.6721 | ‣ ||mu_W||: 38.8281
Number of correct permutations recognized for piX: 6.0
Number of correct permutations recognized for piS: 3.0
[anneal] global_step=300 | tau_X_t=0.1879 | tau_S_t=0.1856
Total ELBO: -957.0219
Relative change in total ELBO: 1.0525e+01%
Minimum eigenvalue of V_X_star - M_X_star.T @ M_X_star: 2.8666e-02
Minimum eigenvalue of V_S_star - M_S_star.T @ M_S_star: 3.1528e-02
Iter 4/100 | mu_lambda_beta: 7.2713 | 
 sigmasq_lambda_beta: 0.1137 | 
 lambda_a1: 147.1000 | lambda_b1: 2435.8240 | lambda_a2: 147.1000 | lambda_b2: 2740.1680
‣  E[ϕ]: 0.2595 | ‣ E[Sigmasq*ϕ]: 4.3271 | ‣ ||mu_W||: 38.1365
Number of correct permutations recognized for piX: 6.0
Number of correct permutations recognized for piS: 6.0
[anneal] global_step=400 | tau_X_t=0.1832 | tau_S_t=0.1810
Total ELBO: -864.2671
Relative change in total ELBO: 9.6920e+00%
Minimum eigenvalue of V_X_star - M_X_star.T @ M_X_star: 2.6963e-02
Minimum eigenvalue of V_S_star - M_S_star.T @ M_S_star: 3.6893e-02
Iter 5/100 | mu_lambda_beta: 7.7129 | 
 sigmasq_lambda_beta: 0.0579 | 
 lambda_a1: 147.1000 | lambda_b1: 2186.7200 | lambda_a2: 147.1000 | lambda_b2: 1489.7538
‣  E[ϕ]: 0.2585 | ‣ E[Sigmasq*ϕ]: 3.8689 | ‣ ||mu_W||: 37.9781
Number of correct permutations recognized for piX: 6.0
Number of correct permutations recognized for piS: 6.0
[anneal] global_step=500 | tau_X_t=0.1787 | tau_S_t=0.1765
Total ELBO: -797.9537
Relative change in total ELBO: 7.6728e+00%
Minimum eigenvalue of V_X_star - M_X_star.T @ M_X_star: 2.0023e-02
Minimum eigenvalue of V_S_star - M_S_star.T @ M_S_star: 4.0624e-02
Iter 6/100 | mu_lambda_beta: 7.9117 | 
 sigmasq_lambda_beta: 0.0315 | 
 lambda_a1: 147.1000 | lambda_b1: 1881.4896 | lambda_a2: 147.1000 | lambda_b2: 958.7333
‣  E[ϕ]: 0.2579 | ‣ E[Sigmasq*ϕ]: 3.3212 | ‣ ||mu_W||: 37.9104
Number of correct permutations recognized for piX: 6.0
Number of correct permutations recognized for piS: 6.0
[anneal] global_step=600 | tau_X_t=0.1743 | tau_S_t=0.1721
Total ELBO: -739.3770
Relative change in total ELBO: 7.3409e+00%
Minimum eigenvalue of V_X_star - M_X_star.T @ M_X_star: 1.1344e-02
Minimum eigenvalue of V_S_star - M_S_star.T @ M_S_star: 4.2290e-02
Iter 7/100 | mu_lambda_beta: 8.0614 | 
 sigmasq_lambda_beta: 0.0204 | 
 lambda_a1: 147.1000 | lambda_b1: 1573.2045 | lambda_a2: 147.1000 | lambda_b2: 585.6056
‣  E[ϕ]: 0.2574 | ‣ E[Sigmasq*ϕ]: 2.7713 | ‣ ||mu_W||: 37.9685
Number of correct permutations recognized for piX: 6.0
Number of correct permutations recognized for piS: 6.0
[anneal] global_step=700 | tau_X_t=0.1700 | tau_S_t=0.1679
Total ELBO: -707.8970
Relative change in total ELBO: 4.2576e+00%
Smoothed ELBO rel_impr over last 5: 9.1918e+00%
Minimum eigenvalue of V_X_star - M_X_star.T @ M_X_star: 7.3958e-03
Minimum eigenvalue of V_S_star - M_S_star.T @ M_S_star: 4.2138e-02
Stopping early at step 27 due to minimal loss change.
Iter 8/100 | mu_lambda_beta: 8.1210 | 
 sigmasq_lambda_beta: 0.0125 | 
 lambda_a1: 147.1000 | lambda_b1: 1276.3894 | lambda_a2: 147.1000 | lambda_b2: 462.5863
‣  E[ϕ]: 0.2574 | ‣ E[Sigmasq*ϕ]: 2.2491 | ‣ ||mu_W||: 37.9247
Number of correct permutations recognized for piX: 6.0
Number of correct permutations recognized for piS: 6.0
[anneal] global_step=778 | tau_X_t=0.1658 | tau_S_t=0.1646
Total ELBO: -692.3906
Relative change in total ELBO: 2.1905e+00%
Smoothed ELBO rel_impr over last 5: 8.1680e+00%
Minimum eigenvalue of V_X_star - M_X_star.T @ M_X_star: 5.3392e-03
Minimum eigenvalue of V_S_star - M_S_star.T @ M_S_star: 4.1149e-02
Stopping early at step 28 due to minimal loss change.
Iter 9/100 | mu_lambda_beta: 8.1554 | 
 sigmasq_lambda_beta: 0.0099 | 
 lambda_a1: 147.1000 | lambda_b1: 1043.9352 | lambda_a2: 147.1000 | lambda_b2: 398.2487
‣  E[ϕ]: 0.2577 | ‣ E[Sigmasq*ϕ]: 1.8416 | ‣ ||mu_W||: 37.9012
Number of correct permutations recognized for piX: 6.0
Number of correct permutations recognized for piS: 6.0
[anneal] global_step=857 | tau_X_t=0.1626 | tau_S_t=0.1614
Total ELBO: -682.2562
Relative change in total ELBO: 1.4637e+00%
Smoothed ELBO rel_impr over last 5: 6.5076e+00%
Minimum eigenvalue of V_X_star - M_X_star.T @ M_X_star: 4.2807e-03
Minimum eigenvalue of V_S_star - M_S_star.T @ M_S_star: 3.9655e-02
Iter 10/100 | mu_lambda_beta: 8.2019 | 
 sigmasq_lambda_beta: 0.0086 | 
 lambda_a1: 147.1000 | lambda_b1: 872.7871 | lambda_a2: 147.1000 | lambda_b2: 359.5586
‣  E[ϕ]: 0.2581 | ‣ E[Sigmasq*ϕ]: 1.5420 | ‣ ||mu_W||: 37.8119
Number of correct permutations recognized for piX: 6.0
Number of correct permutations recognized for piS: 6.0
[anneal] global_step=957 | tau_X_t=0.1594 | tau_S_t=0.1574
Total ELBO: -674.2422
Relative change in total ELBO: 1.1746e+00%
Smoothed ELBO rel_impr over last 5: 4.7874e+00%
Minimum eigenvalue of V_X_star - M_X_star.T @ M_X_star: 3.6355e-03
Minimum eigenvalue of V_S_star - M_S_star.T @ M_S_star: 3.7650e-02
Iter 11/100 | mu_lambda_beta: 8.2882 | 
 sigmasq_lambda_beta: 0.0079 | 
 lambda_a1: 147.1000 | lambda_b1: 747.7361 | lambda_a2: 147.1000 | lambda_b2: 330.6864
‣  E[ϕ]: 0.2585 | ‣ E[Sigmasq*ϕ]: 1.3232 | ‣ ||mu_W||: 37.6861
Number of correct permutations recognized for piX: 6.0
Number of correct permutations recognized for piS: 6.0
[anneal] global_step=1057 | tau_X_t=0.1554 | tau_S_t=0.1535
Total ELBO: -667.8857
Relative change in total ELBO: 9.4275e-01%
Smoothed ELBO rel_impr over last 5: 3.4176e+00%
Minimum eigenvalue of V_X_star - M_X_star.T @ M_X_star: 3.1632e-03
Minimum eigenvalue of V_S_star - M_S_star.T @ M_S_star: 3.5667e-02
Iter 12/100 | mu_lambda_beta: 8.3323 | 
 sigmasq_lambda_beta: 0.0074 | 
 lambda_a1: 147.1000 | lambda_b1: 655.6671 | lambda_a2: 147.1000 | lambda_b2: 309.4408
‣  E[ϕ]: 0.2590 | ‣ E[Sigmasq*ϕ]: 1.1622 | ‣ ||mu_W||: 37.6461
Number of correct permutations recognized for piX: 6.0
Number of correct permutations recognized for piS: 6.0
[anneal] global_step=1157 | tau_X_t=0.1516 | tau_S_t=0.1497
Total ELBO: -664.0499
Relative change in total ELBO: 5.7432e-01%
Smoothed ELBO rel_impr over last 5: 2.0448e+00%
Minimum eigenvalue of V_X_star - M_X_star.T @ M_X_star: 2.8281e-03
Minimum eigenvalue of V_S_star - M_S_star.T @ M_S_star: 3.4042e-02
Iter 13/100 | mu_lambda_beta: 8.3588 | 
 sigmasq_lambda_beta: 0.0069 | 
 lambda_a1: 147.1000 | lambda_b1: 587.6782 | lambda_a2: 147.1000 | lambda_b2: 294.7020
‣  E[ϕ]: 0.2594 | ‣ E[Sigmasq*ϕ]: 1.0434 | ‣ ||mu_W||: 37.5985
Number of correct permutations recognized for piX: 6.0
Number of correct permutations recognized for piS: 6.0
[anneal] global_step=1257 | tau_X_t=0.1478 | tau_S_t=0.1460
Total ELBO: -661.8691
Relative change in total ELBO: 3.2841e-01%
Smoothed ELBO rel_impr over last 5: 1.2803e+00%
Minimum eigenvalue of V_X_star - M_X_star.T @ M_X_star: 2.5841e-03
Minimum eigenvalue of V_S_star - M_S_star.T @ M_S_star: 3.2540e-02
Stopping early at step 35 due to minimal loss change.
Iter 14/100 | mu_lambda_beta: 8.3825 | 
 sigmasq_lambda_beta: 0.0066 | 
 lambda_a1: 147.1000 | lambda_b1: 536.6777 | lambda_a2: 147.1000 | lambda_b2: 284.9352
‣  E[ϕ]: 0.2597 | ‣ E[Sigmasq*ϕ]: 0.9541 | ‣ ||mu_W||: 37.5283
Number of correct permutations recognized for piX: 6.0
Number of correct permutations recognized for piS: 6.0
[anneal] global_step=1343 | tau_X_t=0.1447 | tau_S_t=0.1429
Total ELBO: -660.4779
Relative change in total ELBO: 2.1020e-01%
Smoothed ELBO rel_impr over last 5: 9.0278e-01%
Minimum eigenvalue of V_X_star - M_X_star.T @ M_X_star: 2.4313e-03
Minimum eigenvalue of V_S_star - M_S_star.T @ M_S_star: 3.1464e-02
Stopping early at step 16 due to minimal loss change.
Iter 15/100 | mu_lambda_beta: 8.4013 | 
 sigmasq_lambda_beta: 0.0064 | 
 lambda_a1: 147.1000 | lambda_b1: 497.7241 | lambda_a2: 147.1000 | lambda_b2: 278.6624
‣  E[ϕ]: 0.2601 | ‣ E[Sigmasq*ϕ]: 0.8859 | ‣ ||mu_W||: 37.4567
Number of correct permutations recognized for piX: 6.0
Number of correct permutations recognized for piS: 6.0
[anneal] global_step=1410 | tau_X_t=0.1423 | tau_S_t=0.1405
Total ELBO: -659.3668
Relative change in total ELBO: 1.6822e-01%
Smoothed ELBO rel_impr over last 5: 6.5005e-01%
Minimum eigenvalue of V_X_star - M_X_star.T @ M_X_star: 2.3377e-03
Minimum eigenvalue of V_S_star - M_S_star.T @ M_S_star: 3.0856e-02
Stopping early at step 12 due to minimal loss change.
Iter 16/100 | mu_lambda_beta: 8.4127 | 
 sigmasq_lambda_beta: 0.0063 | 
 lambda_a1: 147.1000 | lambda_b1: 467.5691 | lambda_a2: 147.1000 | lambda_b2: 274.2742
‣  E[ϕ]: 0.2603 | ‣ E[Sigmasq*ϕ]: 0.8332 | ‣ ||mu_W||: 37.3987
Number of correct permutations recognized for piX: 6.0
Number of correct permutations recognized for piS: 6.0
[anneal] global_step=1473 | tau_X_t=0.1400 | tau_S_t=0.1383
Total ELBO: -658.8786
Relative change in total ELBO: 7.4044e-02%
Smoothed ELBO rel_impr over last 5: 4.4691e-01%
Minimum eigenvalue of V_X_star - M_X_star.T @ M_X_star: 2.2588e-03
Minimum eigenvalue of V_S_star - M_S_star.T @ M_S_star: 3.0339e-02
Stopping early at step 14 due to minimal loss change.
Iter 17/100 | mu_lambda_beta: 8.4198 | 
 sigmasq_lambda_beta: 0.0062 | 
 lambda_a1: 147.1000 | lambda_b1: 444.1715 | lambda_a2: 147.1000 | lambda_b2: 271.3450
‣  E[ϕ]: 0.2606 | ‣ E[Sigmasq*ϕ]: 0.7922 | ‣ ||mu_W||: 37.3412
Number of correct permutations recognized for piX: 6.0
Number of correct permutations recognized for piS: 6.0
[anneal] global_step=1538 | tau_X_t=0.1378 | tau_S_t=0.1361
Total ELBO: -658.5046
Relative change in total ELBO: 5.6767e-02%
Smoothed ELBO rel_impr over last 5: 2.7182e-01%
Minimum eigenvalue of V_X_star - M_X_star.T @ M_X_star: 2.1844e-03
Minimum eigenvalue of V_S_star - M_S_star.T @ M_S_star: 2.9778e-02
Stopping early at step 1 due to minimal loss change.
Iter 18/100 | mu_lambda_beta: 8.4252 | 
 sigmasq_lambda_beta: 0.0062 | 
 lambda_a1: 147.1000 | lambda_b1: 425.6137 | lambda_a2: 147.1000 | lambda_b2: 268.9799
‣  E[ϕ]: 0.2608 | ‣ E[Sigmasq*ϕ]: 0.7597 | ‣ ||mu_W||: 37.2973
Number of correct permutations recognized for piX: 6.0
Number of correct permutations recognized for piS: 6.0
[anneal] global_step=1590 | tau_X_t=0.1360 | tau_S_t=0.1343
Total ELBO: -658.1752
Relative change in total ELBO: 5.0023e-02%
Smoothed ELBO rel_impr over last 5: 1.6779e-01%
Minimum eigenvalue of V_X_star - M_X_star.T @ M_X_star: 2.1281e-03
Minimum eigenvalue of V_S_star - M_S_star.T @ M_S_star: 2.9641e-02
Stopping early at step 1 due to minimal loss change.
Iter 19/100 | mu_lambda_beta: 8.4238 | 
 sigmasq_lambda_beta: 0.0061 | 
 lambda_a1: 147.1000 | lambda_b1: 410.9340 | lambda_a2: 147.1000 | lambda_b2: 266.9651
‣  E[ϕ]: 0.2609 | ‣ E[Sigmasq*ϕ]: 0.7339 | ‣ ||mu_W||: 37.2690
Number of correct permutations recognized for piX: 6.0
Number of correct permutations recognized for piS: 6.0
[anneal] global_step=1642 | tau_X_t=0.1342 | tau_S_t=0.1326
Total ELBO: -658.1043
Relative change in total ELBO: 1.0766e-02%
Smoothed ELBO rel_impr over last 5: 1.1197e-01%
Minimum eigenvalue of V_X_star - M_X_star.T @ M_X_star: 2.0735e-03
Minimum eigenvalue of V_S_star - M_S_star.T @ M_S_star: 2.9359e-02
Stopping early at step 12 due to minimal loss change.
Iter 20/100 | mu_lambda_beta: 8.4217 | 
 sigmasq_lambda_beta: 0.0061 | 
 lambda_a1: 147.1000 | lambda_b1: 399.1803 | lambda_a2: 147.1000 | lambda_b2: 265.4638
‣  E[ϕ]: 0.2611 | ‣ E[Sigmasq*ϕ]: 0.7133 | ‣ ||mu_W||: 37.2438
Number of correct permutations recognized for piX: 6.0
Number of correct permutations recognized for piS: 6.0
[anneal] global_step=1705 | tau_X_t=0.1321 | tau_S_t=0.1305
Total ELBO: -658.1196
Relative change in total ELBO: -2.3186e-03%
Smoothed ELBO rel_impr over last 5: 7.2020e-02%
Minimum eigenvalue of V_X_star - M_X_star.T @ M_X_star: 2.0168e-03
Minimum eigenvalue of V_S_star - M_S_star.T @ M_S_star: 2.8937e-02
Stopping early at step 4 due to minimal loss change.
Iter 21/100 | mu_lambda_beta: 8.4268 | 
 sigmasq_lambda_beta: 0.0060 | 
 lambda_a1: 147.1000 | lambda_b1: 389.6359 | lambda_a2: 147.1000 | lambda_b2: 264.0697
‣  E[ϕ]: 0.2612 | ‣ E[Sigmasq*ϕ]: 0.6965 | ‣ ||mu_W||: 37.2181
Number of correct permutations recognized for piX: 6.0
Number of correct permutations recognized for piS: 6.0
[anneal] global_step=1760 | tau_X_t=0.1303 | tau_S_t=0.1287
Total ELBO: -658.1685
Relative change in total ELBO: -7.4286e-03%
Smoothed ELBO rel_impr over last 5: 3.7894e-02%
Minimum eigenvalue of V_X_star - M_X_star.T @ M_X_star: 1.9673e-03
Minimum eigenvalue of V_S_star - M_S_star.T @ M_S_star: 2.8634e-02
Stopping early at step 21 due to minimal loss change.
Iter 22/100 | mu_lambda_beta: 8.4268 | 
 sigmasq_lambda_beta: 0.0060 | 
 lambda_a1: 147.1000 | lambda_b1: 381.8382 | lambda_a2: 147.1000 | lambda_b2: 262.8943
‣  E[ϕ]: 0.2613 | ‣ E[Sigmasq*ϕ]: 0.6828 | ‣ ||mu_W||: 37.2021
Number of correct permutations recognized for piX: 6.0
Number of correct permutations recognized for piS: 6.0
[anneal] global_step=1832 | tau_X_t=0.1280 | tau_S_t=0.1264
Total ELBO: -658.2847
Relative change in total ELBO: -1.7657e-02%
Smoothed ELBO rel_impr over last 5: 2.1555e-02%
Minimum eigenvalue of V_X_star - M_X_star.T @ M_X_star: 1.9287e-03
Minimum eigenvalue of V_S_star - M_S_star.T @ M_S_star: 2.8112e-02
Stopping early at step 18 due to minimal loss change.
Iter 23/100 | mu_lambda_beta: 8.4311 | 
 sigmasq_lambda_beta: 0.0060 | 
 lambda_a1: 147.1000 | lambda_b1: 375.4404 | lambda_a2: 147.1000 | lambda_b2: 261.9219
‣  E[ϕ]: 0.2613 | ‣ E[Sigmasq*ϕ]: 0.6716 | ‣ ||mu_W||: 37.1901
Number of correct permutations recognized for piX: 6.0
Number of correct permutations recognized for piS: 6.0
[anneal] global_step=1901 | tau_X_t=0.1258 | tau_S_t=0.1242
Total ELBO: -658.3636
Relative change in total ELBO: -1.1998e-02%
Smoothed ELBO rel_impr over last 5: 6.6857e-03%
Stopping: smoothed ELBO improvement is 6.6857e-03% (< 0.01%)
Minimum eigenvalue of V_X_star - M_X_star.T @ M_X_star: -8.9407e-08
Minimum eigenvalue of V_S_star - M_S_star.T @ M_S_star: -8.9407e-08
Iter 1/100 | mu_lambda_beta: 1.4629 | 
 sigmasq_lambda_beta: 0.0000 | 
 lambda_a1: 147.1000 | lambda_b1: 6480.9727 | lambda_a2: 147.1000 | lambda_b2: 11926.4238
‣  E[ϕ]: 0.2549 | ‣ E[Sigmasq*ϕ]: 11.3068 | ‣ ||mu_W||: 45.9396
Number of correct permutations recognized for piX: 4.0
Number of correct permutations recognized for piS: 1.0
[anneal] global_step=100 | tau_X_t=0.2963 | tau_S_t=0.2926
Total ELBO: -1160.2664
Minimum eigenvalue of V_X_star - M_X_star.T @ M_X_star: 4.2195e-02
Minimum eigenvalue of V_S_star - M_S_star.T @ M_S_star: 4.1238e-02
Iter 2/100 | mu_lambda_beta: 3.5282 | 
 sigmasq_lambda_beta: 0.3225 | 
 lambda_a1: 147.1000 | lambda_b1: 2797.7244 | lambda_a2: 147.1000 | lambda_b2: 9616.3506
‣  E[ϕ]: 0.2607 | ‣ E[Sigmasq*ϕ]: 4.9926 | ‣ ||mu_W||: 40.8797
Number of correct permutations recognized for piX: 6.0
Number of correct permutations recognized for piS: 2.0
[anneal] global_step=200 | tau_X_t=0.2890 | tau_S_t=0.2854
Total ELBO: -1039.1697
Relative change in total ELBO: 1.0437e+01%
Minimum eigenvalue of V_X_star - M_X_star.T @ M_X_star: 5.5156e-02
Minimum eigenvalue of V_S_star - M_S_star.T @ M_S_star: 5.5716e-02
Iter 3/100 | mu_lambda_beta: 6.3999 | 
 sigmasq_lambda_beta: 0.2245 | 
 lambda_a1: 147.1000 | lambda_b1: 2618.9270 | lambda_a2: 147.1000 | lambda_b2: 5198.4507
‣  E[ϕ]: 0.2606 | ‣ E[Sigmasq*ϕ]: 4.6707 | ‣ ||mu_W||: 37.6725
Number of correct permutations recognized for piX: 6.0
Number of correct permutations recognized for piS: 6.0
[anneal] global_step=300 | tau_X_t=0.2819 | tau_S_t=0.2783
Total ELBO: -914.1653
Relative change in total ELBO: 1.2029e+01%
Minimum eigenvalue of V_X_star - M_X_star.T @ M_X_star: 5.3752e-02
Minimum eigenvalue of V_S_star - M_S_star.T @ M_S_star: 6.9543e-02
Iter 4/100 | mu_lambda_beta: 7.5597 | 
 sigmasq_lambda_beta: 0.1109 | 
 lambda_a1: 147.1000 | lambda_b1: 2433.9333 | lambda_a2: 147.1000 | lambda_b2: 2056.7405
‣  E[ϕ]: 0.2590 | ‣ E[Sigmasq*ϕ]: 4.3152 | ‣ ||mu_W||: 36.9508
Number of correct permutations recognized for piX: 6.0
Number of correct permutations recognized for piS: 6.0
[anneal] global_step=400 | tau_X_t=0.2749 | tau_S_t=0.2715
Total ELBO: -808.8905
Relative change in total ELBO: 1.1516e+01%
Minimum eigenvalue of V_X_star - M_X_star.T @ M_X_star: 3.4372e-02
Minimum eigenvalue of V_S_star - M_S_star.T @ M_S_star: 7.8282e-02
Iter 5/100 | mu_lambda_beta: 7.8854 | 
 sigmasq_lambda_beta: 0.0436 | 
 lambda_a1: 147.1000 | lambda_b1: 2140.7363 | lambda_a2: 147.1000 | lambda_b2: 1135.3872
‣  E[ϕ]: 0.2580 | ‣ E[Sigmasq*ϕ]: 3.7804 | ‣ ||mu_W||: 36.7349
Number of correct permutations recognized for piX: 6.0
Number of correct permutations recognized for piS: 6.0
[anneal] global_step=500 | tau_X_t=0.2681 | tau_S_t=0.2647
Total ELBO: -749.7183
Relative change in total ELBO: 7.3152e+00%
Minimum eigenvalue of V_X_star - M_X_star.T @ M_X_star: 1.8388e-02
Minimum eigenvalue of V_S_star - M_S_star.T @ M_S_star: 7.9826e-02
Iter 6/100 | mu_lambda_beta: 8.0553 | 
 sigmasq_lambda_beta: 0.0243 | 
 lambda_a1: 147.1000 | lambda_b1: 1796.8146 | lambda_a2: 147.1000 | lambda_b2: 731.1717
‣  E[ϕ]: 0.2575 | ‣ E[Sigmasq*ϕ]: 3.1668 | ‣ ||mu_W||: 36.6979
Number of correct permutations recognized for piX: 6.0
Number of correct permutations recognized for piS: 6.0
[anneal] global_step=600 | tau_X_t=0.2614 | tau_S_t=0.2582
Total ELBO: -718.2030
Relative change in total ELBO: 4.2036e+00%
Minimum eigenvalue of V_X_star - M_X_star.T @ M_X_star: 1.1708e-02
Minimum eigenvalue of V_S_star - M_S_star.T @ M_S_star: 7.5617e-02
Iter 7/100 | mu_lambda_beta: 8.1277 | 
 sigmasq_lambda_beta: 0.0157 | 
 lambda_a1: 147.1000 | lambda_b1: 1467.1993 | lambda_a2: 147.1000 | lambda_b2: 566.9356
‣  E[ϕ]: 0.2575 | ‣ E[Sigmasq*ϕ]: 2.5860 | ‣ ||mu_W||: 36.8081
Number of correct permutations recognized for piX: 6.0
Number of correct permutations recognized for piS: 6.0
[anneal] global_step=700 | tau_X_t=0.2550 | tau_S_t=0.2518
Total ELBO: -700.3181
Relative change in total ELBO: 2.4902e+00%
Smoothed ELBO rel_impr over last 5: 9.4615e+00%
Minimum eigenvalue of V_X_star - M_X_star.T @ M_X_star: 8.4931e-03
Minimum eigenvalue of V_S_star - M_S_star.T @ M_S_star: 6.7975e-02
Iter 8/100 | mu_lambda_beta: 8.1679 | 
 sigmasq_lambda_beta: 0.0123 | 
 lambda_a1: 147.1000 | lambda_b1: 1201.9404 | lambda_a2: 147.1000 | lambda_b2: 477.7453
‣  E[ϕ]: 0.2577 | ‣ E[Sigmasq*ϕ]: 2.1204 | ‣ ||mu_W||: 36.9648
Number of correct permutations recognized for piX: 6.0
Number of correct permutations recognized for piS: 6.0
[anneal] global_step=800 | tau_X_t=0.2487 | tau_S_t=0.2456
Total ELBO: -687.5328
Relative change in total ELBO: 1.8256e+00%
Smoothed ELBO rel_impr over last 5: 8.0104e+00%
Minimum eigenvalue of V_X_star - M_X_star.T @ M_X_star: 6.7397e-03
Minimum eigenvalue of V_S_star - M_S_star.T @ M_S_star: 6.0404e-02
Stopping early at step 48 due to minimal loss change.
Iter 9/100 | mu_lambda_beta: 8.2081 | 
 sigmasq_lambda_beta: 0.0104 | 
 lambda_a1: 147.1000 | lambda_b1: 1001.5551 | lambda_a2: 147.1000 | lambda_b2: 419.6311
‣  E[ϕ]: 0.2581 | ‣ E[Sigmasq*ϕ]: 1.7692 | ‣ ||mu_W||: 37.1295
Number of correct permutations recognized for piX: 6.0
Number of correct permutations recognized for piS: 6.0
[anneal] global_step=899 | tau_X_t=0.2425 | tau_S_t=0.2395
Total ELBO: -677.4891
Relative change in total ELBO: 1.4608e+00%
Smoothed ELBO rel_impr over last 5: 5.8241e+00%
Minimum eigenvalue of V_X_star - M_X_star.T @ M_X_star: 5.6421e-03
Minimum eigenvalue of V_S_star - M_S_star.T @ M_S_star: 5.4209e-02
Stopping early at step 31 due to minimal loss change.
Iter 10/100 | mu_lambda_beta: 8.2699 | 
 sigmasq_lambda_beta: 0.0093 | 
 lambda_a1: 147.1000 | lambda_b1: 853.0781 | lambda_a2: 147.1000 | lambda_b2: 377.2998
‣  E[ϕ]: 0.2585 | ‣ E[Sigmasq*ϕ]: 1.5092 | ‣ ||mu_W||: 37.2206
Number of correct permutations recognized for piX: 6.0
Number of correct permutations recognized for piS: 6.0
[anneal] global_step=981 | tau_X_t=0.2366 | tau_S_t=0.2347
Total ELBO: -670.2250
Relative change in total ELBO: 1.0722e+00%
Smoothed ELBO rel_impr over last 5: 3.5856e+00%
Minimum eigenvalue of V_X_star - M_X_star.T @ M_X_star: 4.8796e-03
Minimum eigenvalue of V_S_star - M_S_star.T @ M_S_star: 5.0440e-02
Stopping early at step 22 due to minimal loss change.
Iter 11/100 | mu_lambda_beta: 8.3200 | 
 sigmasq_lambda_beta: 0.0084 | 
 lambda_a1: 147.1000 | lambda_b1: 742.8381 | lambda_a2: 147.1000 | lambda_b2: 348.4267
‣  E[ϕ]: 0.2589 | ‣ E[Sigmasq*ϕ]: 1.3162 | ‣ ||mu_W||: 37.2180
Number of correct permutations recognized for piX: 6.0
Number of correct permutations recognized for piS: 6.0
[anneal] global_step=1054 | tau_X_t=0.2317 | tau_S_t=0.2304
Total ELBO: -665.6207
Relative change in total ELBO: 6.8697e-01%
Smoothed ELBO rel_impr over last 5: 2.2499e+00%
Minimum eigenvalue of V_X_star - M_X_star.T @ M_X_star: 4.3516e-03
Minimum eigenvalue of V_S_star - M_S_star.T @ M_S_star: 4.7687e-02
Stopping early at step 10 due to minimal loss change.
Iter 12/100 | mu_lambda_beta: 8.3479 | 
 sigmasq_lambda_beta: 0.0078 | 
 lambda_a1: 147.1000 | lambda_b1: 660.0868 | lambda_a2: 147.1000 | lambda_b2: 329.7969
‣  E[ϕ]: 0.2592 | ‣ E[Sigmasq*ϕ]: 1.1713 | ‣ ||mu_W||: 37.1833
Number of correct permutations recognized for piX: 6.0
Number of correct permutations recognized for piS: 6.0
[anneal] global_step=1115 | tau_X_t=0.2275 | tau_S_t=0.2269
Total ELBO: -661.7769
Relative change in total ELBO: 5.7749e-01%
Smoothed ELBO rel_impr over last 5: 1.5225e+00%
Minimum eigenvalue of V_X_star - M_X_star.T @ M_X_star: 3.9668e-03
Minimum eigenvalue of V_S_star - M_S_star.T @ M_S_star: 4.5757e-02
Stopping early at step 9 due to minimal loss change.
Iter 13/100 | mu_lambda_beta: 8.3654 | 
 sigmasq_lambda_beta: 0.0074 | 
 lambda_a1: 147.1000 | lambda_b1: 597.0732 | lambda_a2: 147.1000 | lambda_b2: 315.3910
‣  E[ϕ]: 0.2596 | ‣ E[Sigmasq*ϕ]: 1.0610 | ‣ ||mu_W||: 37.1726
Number of correct permutations recognized for piX: 6.0
Number of correct permutations recognized for piS: 6.0
[anneal] global_step=1175 | tau_X_t=0.2241 | tau_S_t=0.2235
Total ELBO: -659.2968
Relative change in total ELBO: 3.7476e-01%
Smoothed ELBO rel_impr over last 5: 1.1332e+00%
Minimum eigenvalue of V_X_star - M_X_star.T @ M_X_star: 3.6827e-03
Minimum eigenvalue of V_S_star - M_S_star.T @ M_S_star: 4.4147e-02
Stopping early at step 3 due to minimal loss change.
Iter 14/100 | mu_lambda_beta: 8.3813 | 
 sigmasq_lambda_beta: 0.0071 | 
 lambda_a1: 147.1000 | lambda_b1: 549.2344 | lambda_a2: 147.1000 | lambda_b2: 304.8020
‣  E[ϕ]: 0.2600 | ‣ E[Sigmasq*ϕ]: 0.9772 | ‣ ||mu_W||: 37.1415
Number of correct permutations recognized for piX: 6.0
Number of correct permutations recognized for piS: 6.0
[anneal] global_step=1229 | tau_X_t=0.2207 | tau_S_t=0.2205
Total ELBO: -657.4481
Relative change in total ELBO: 2.8040e-01%
Smoothed ELBO rel_impr over last 5: 8.3970e-01%
Minimum eigenvalue of V_X_star - M_X_star.T @ M_X_star: 3.4522e-03
Minimum eigenvalue of V_S_star - M_S_star.T @ M_S_star: 4.2605e-02
Iter 15/100 | mu_lambda_beta: 8.3944 | 
 sigmasq_lambda_beta: 0.0069 | 
 lambda_a1: 147.1000 | lambda_b1: 512.2220 | lambda_a2: 147.1000 | lambda_b2: 296.7853
‣  E[ϕ]: 0.2602 | ‣ E[Sigmasq*ϕ]: 0.9124 | ‣ ||mu_W||: 37.1135
Number of correct permutations recognized for piX: 6.0
Number of correct permutations recognized for piS: 6.0
[anneal] global_step=1329 | tau_X_t=0.2178 | tau_S_t=0.2151
Total ELBO: -656.0823
Relative change in total ELBO: 2.0774e-01%
Smoothed ELBO rel_impr over last 5: 6.0103e-01%
Minimum eigenvalue of V_X_star - M_X_star.T @ M_X_star: 3.2689e-03
Minimum eigenvalue of V_S_star - M_S_star.T @ M_S_star: 4.0055e-02
Iter 16/100 | mu_lambda_beta: 8.4015 | 
 sigmasq_lambda_beta: 0.0067 | 
 lambda_a1: 147.1000 | lambda_b1: 483.3489 | lambda_a2: 147.1000 | lambda_b2: 289.3162
‣  E[ϕ]: 0.2605 | ‣ E[Sigmasq*ϕ]: 0.8618 | ‣ ||mu_W||: 37.1366
Number of correct permutations recognized for piX: 6.0
Number of correct permutations recognized for piS: 6.0
[anneal] global_step=1429 | tau_X_t=0.2124 | tau_S_t=0.2097
Total ELBO: -654.7069
Relative change in total ELBO: 2.0963e-01%
Smoothed ELBO rel_impr over last 5: 4.2672e-01%
Minimum eigenvalue of V_X_star - M_X_star.T @ M_X_star: 3.0473e-03
Minimum eigenvalue of V_S_star - M_S_star.T @ M_S_star: 3.8744e-02
Iter 17/100 | mu_lambda_beta: 8.4084 | 
 sigmasq_lambda_beta: 0.0066 | 
 lambda_a1: 147.1000 | lambda_b1: 460.6070 | lambda_a2: 147.1000 | lambda_b2: 281.8642
‣  E[ϕ]: 0.2607 | ‣ E[Sigmasq*ϕ]: 0.8220 | ‣ ||mu_W||: 37.1544
Number of correct permutations recognized for piX: 6.0
Number of correct permutations recognized for piS: 6.0
[anneal] global_step=1529 | tau_X_t=0.2071 | tau_S_t=0.2046
Total ELBO: -653.6981
Relative change in total ELBO: 1.5408e-01%
Smoothed ELBO rel_impr over last 5: 3.3070e-01%
Minimum eigenvalue of V_X_star - M_X_star.T @ M_X_star: 2.8574e-03
Minimum eigenvalue of V_S_star - M_S_star.T @ M_S_star: 3.7606e-02
Iter 18/100 | mu_lambda_beta: 8.4122 | 
 sigmasq_lambda_beta: 0.0064 | 
 lambda_a1: 147.1000 | lambda_b1: 442.7603 | lambda_a2: 147.1000 | lambda_b2: 275.6298
‣  E[ϕ]: 0.2609 | ‣ E[Sigmasq*ϕ]: 0.7908 | ‣ ||mu_W||: 37.1691
Number of correct permutations recognized for piX: 6.0
Number of correct permutations recognized for piS: 6.0
[anneal] global_step=1629 | tau_X_t=0.2020 | tau_S_t=0.1995
Total ELBO: -653.3459
Relative change in total ELBO: 5.3874e-02%
Smoothed ELBO rel_impr over last 5: 2.4561e-01%
Minimum eigenvalue of V_X_star - M_X_star.T @ M_X_star: 2.6919e-03
Minimum eigenvalue of V_S_star - M_S_star.T @ M_S_star: 3.6688e-02
Stopping early at step 17 due to minimal loss change.
Iter 19/100 | mu_lambda_beta: 8.4172 | 
 sigmasq_lambda_beta: 0.0063 | 
 lambda_a1: 147.1000 | lambda_b1: 428.6619 | lambda_a2: 147.1000 | lambda_b2: 271.2082
‣  E[ϕ]: 0.2611 | ‣ E[Sigmasq*ϕ]: 0.7660 | ‣ ||mu_W||: 37.1615
Number of correct permutations recognized for piX: 6.0
Number of correct permutations recognized for piS: 6.0
[anneal] global_step=1697 | tau_X_t=0.1986 | tau_S_t=0.1961
Total ELBO: -653.2341
Relative change in total ELBO: 1.7114e-02%
Smoothed ELBO rel_impr over last 5: 1.8135e-01%
Minimum eigenvalue of V_X_star - M_X_star.T @ M_X_star: 2.5959e-03
Minimum eigenvalue of V_S_star - M_S_star.T @ M_S_star: 3.6486e-02
Iter 20/100 | mu_lambda_beta: 8.4235 | 
 sigmasq_lambda_beta: 0.0062 | 
 lambda_a1: 147.1000 | lambda_b1: 417.1094 | lambda_a2: 147.1000 | lambda_b2: 268.9014
‣  E[ϕ]: 0.2612 | ‣ E[Sigmasq*ϕ]: 0.7457 | ‣ ||mu_W||: 37.1274
Number of correct permutations recognized for piX: 6.0
Number of correct permutations recognized for piS: 6.0
[anneal] global_step=1797 | tau_X_t=0.1937 | tau_S_t=0.1913
Total ELBO: -652.9512
Relative change in total ELBO: 4.3317e-02%
Smoothed ELBO rel_impr over last 5: 1.2866e-01%
Minimum eigenvalue of V_X_star - M_X_star.T @ M_X_star: 2.4624e-03
Minimum eigenvalue of V_S_star - M_S_star.T @ M_S_star: 3.5853e-02
Iter 21/100 | mu_lambda_beta: 8.4295 | 
 sigmasq_lambda_beta: 0.0061 | 
 lambda_a1: 147.1000 | lambda_b1: 407.5162 | lambda_a2: 147.1000 | lambda_b2: 265.9875
‣  E[ϕ]: 0.2613 | ‣ E[Sigmasq*ϕ]: 0.7288 | ‣ ||mu_W||: 37.1213
Number of correct permutations recognized for piX: 6.0
Number of correct permutations recognized for piS: 6.0
[anneal] global_step=1897 | tau_X_t=0.1889 | tau_S_t=0.1865
Total ELBO: -652.9753
Relative change in total ELBO: -3.7016e-03%
Smoothed ELBO rel_impr over last 5: 9.5721e-02%
Minimum eigenvalue of V_X_star - M_X_star.T @ M_X_star: 2.3448e-03
Minimum eigenvalue of V_S_star - M_S_star.T @ M_S_star: 3.5105e-02
Stopping early at step 40 due to minimal loss change.
Iter 22/100 | mu_lambda_beta: 8.4391 | 
 sigmasq_lambda_beta: 0.0061 | 
 lambda_a1: 147.1000 | lambda_b1: 399.6137 | lambda_a2: 147.1000 | lambda_b2: 263.6585
‣  E[ϕ]: 0.2614 | ‣ E[Sigmasq*ϕ]: 0.7149 | ‣ ||mu_W||: 37.1023
Number of correct permutations recognized for piX: 6.0
Number of correct permutations recognized for piS: 6.0
[anneal] global_step=1988 | tau_X_t=0.1846 | tau_S_t=0.1823
Total ELBO: -653.1361
Relative change in total ELBO: -2.4621e-02%
Smoothed ELBO rel_impr over last 5: 5.2996e-02%
Minimum eigenvalue of V_X_star - M_X_star.T @ M_X_star: 2.2490e-03
Minimum eigenvalue of V_S_star - M_S_star.T @ M_S_star: 3.4869e-02
Stopping early at step 11 due to minimal loss change.
Iter 23/100 | mu_lambda_beta: 8.4489 | 
 sigmasq_lambda_beta: 0.0060 | 
 lambda_a1: 147.1000 | lambda_b1: 392.9838 | lambda_a2: 147.1000 | lambda_b2: 262.1247
‣  E[ϕ]: 0.2614 | ‣ E[Sigmasq*ϕ]: 0.7031 | ‣ ||mu_W||: 37.0719
Number of correct permutations recognized for piX: 6.0
Number of correct permutations recognized for piS: 6.0
[anneal] global_step=2050 | tau_X_t=0.1818 | tau_S_t=0.1795
Total ELBO: -653.0439
Relative change in total ELBO: 1.4120e-02%
Smoothed ELBO rel_impr over last 5: 1.7201e-02%
Minimum eigenvalue of V_X_star - M_X_star.T @ M_X_star: 2.1834e-03
Minimum eigenvalue of V_S_star - M_S_star.T @ M_S_star: 3.4876e-02
Stopping early at step 20 due to minimal loss change.
Iter 24/100 | mu_lambda_beta: 8.4569 | 
 sigmasq_lambda_beta: 0.0060 | 
 lambda_a1: 147.1000 | lambda_b1: 387.2218 | lambda_a2: 147.1000 | lambda_b2: 260.9005
‣  E[ϕ]: 0.2615 | ‣ E[Sigmasq*ϕ]: 0.6930 | ‣ ||mu_W||: 37.0441
Number of correct permutations recognized for piX: 6.0
Number of correct permutations recognized for piS: 6.0
[anneal] global_step=2121 | tau_X_t=0.1786 | tau_S_t=0.1763
Total ELBO: -653.0745
Relative change in total ELBO: -4.6825e-03%
Smoothed ELBO rel_impr over last 5: 9.2422e-03%
Stopping: smoothed ELBO improvement is 9.2422e-03% (< 0.01%)
Minimum eigenvalue of V_X_star - M_X_star.T @ M_X_star: -8.9407e-08
Minimum eigenvalue of V_S_star - M_S_star.T @ M_S_star: -8.9407e-08
Iter 1/100 | mu_lambda_beta: 1.4629 | 
 sigmasq_lambda_beta: 0.0000 | 
 lambda_a1: 147.1000 | lambda_b1: 6480.9727 | lambda_a2: 147.1000 | lambda_b2: 11926.4238
‣  E[ϕ]: 0.2549 | ‣ E[Sigmasq*ϕ]: 11.3068 | ‣ ||mu_W||: 45.9396
Number of correct permutations recognized for piX: 4.0
Number of correct permutations recognized for piS: 1.0
[anneal] global_step=100 | tau_X_t=0.3951 | tau_S_t=0.3902
Total ELBO: -1142.2336
Minimum eigenvalue of V_X_star - M_X_star.T @ M_X_star: 7.4973e-02
Minimum eigenvalue of V_S_star - M_S_star.T @ M_S_star: 7.2960e-02
Iter 2/100 | mu_lambda_beta: 3.7314 | 
 sigmasq_lambda_beta: 0.3402 | 
 lambda_a1: 147.1000 | lambda_b1: 2797.7244 | lambda_a2: 147.1000 | lambda_b2: 9560.8154
‣  E[ϕ]: 0.2607 | ‣ E[Sigmasq*ϕ]: 4.9926 | ‣ ||mu_W||: 39.4460
Number of correct permutations recognized for piX: 6.0
Number of correct permutations recognized for piS: 2.0
[anneal] global_step=200 | tau_X_t=0.3853 | tau_S_t=0.3805
Total ELBO: -1018.7595
Relative change in total ELBO: 1.0810e+01%
Minimum eigenvalue of V_X_star - M_X_star.T @ M_X_star: 9.4361e-02
Minimum eigenvalue of V_S_star - M_S_star.T @ M_S_star: 9.8031e-02
Iter 3/100 | mu_lambda_beta: 6.4867 | 
 sigmasq_lambda_beta: 0.2236 | 
 lambda_a1: 147.1000 | lambda_b1: 2617.6113 | lambda_a2: 147.1000 | lambda_b2: 5121.4424
‣  E[ϕ]: 0.2605 | ‣ E[Sigmasq*ϕ]: 4.6679 | ‣ ||mu_W||: 36.1788
Number of correct permutations recognized for piX: 6.0
Number of correct permutations recognized for piS: 3.0
[anneal] global_step=300 | tau_X_t=0.3758 | tau_S_t=0.3711
Total ELBO: -899.4717
Relative change in total ELBO: 1.1709e+01%
Minimum eigenvalue of V_X_star - M_X_star.T @ M_X_star: 7.5494e-02
Minimum eigenvalue of V_S_star - M_S_star.T @ M_S_star: 1.2013e-01
Iter 4/100 | mu_lambda_beta: 7.5445 | 
 sigmasq_lambda_beta: 0.1087 | 
 lambda_a1: 147.1000 | lambda_b1: 2429.2866 | lambda_a2: 147.1000 | lambda_b2: 2117.9810
‣  E[ϕ]: 0.2591 | ‣ E[Sigmasq*ϕ]: 4.3080 | ‣ ||mu_W||: 35.3536
Number of correct permutations recognized for piX: 6.0
Number of correct permutations recognized for piS: 6.0
[anneal] global_step=400 | tau_X_t=0.3665 | tau_S_t=0.3619
Total ELBO: -801.1110
Relative change in total ELBO: 1.0935e+01%
Minimum eigenvalue of V_X_star - M_X_star.T @ M_X_star: 3.9710e-02
Minimum eigenvalue of V_S_star - M_S_star.T @ M_S_star: 1.2856e-01
Iter 5/100 | mu_lambda_beta: 7.9110 | 
 sigmasq_lambda_beta: 0.0450 | 
 lambda_a1: 147.1000 | lambda_b1: 2140.4458 | lambda_a2: 147.1000 | lambda_b2: 1159.9718
‣  E[ϕ]: 0.2581 | ‣ E[Sigmasq*ϕ]: 3.7806 | ‣ ||mu_W||: 35.1315
Number of correct permutations recognized for piX: 6.0
Number of correct permutations recognized for piS: 6.0
[anneal] global_step=500 | tau_X_t=0.3574 | tau_S_t=0.3530
Total ELBO: -751.1743
Relative change in total ELBO: 6.2334e+00%
Minimum eigenvalue of V_X_star - M_X_star.T @ M_X_star: 2.2852e-02
Minimum eigenvalue of V_S_star - M_S_star.T @ M_S_star: 1.1971e-01
Iter 6/100 | mu_lambda_beta: 8.0610 | 
 sigmasq_lambda_beta: 0.0249 | 
 lambda_a1: 147.1000 | lambda_b1: 1800.2460 | lambda_a2: 147.1000 | lambda_b2: 814.9718
‣  E[ϕ]: 0.2577 | ‣ E[Sigmasq*ϕ]: 3.1759 | ‣ ||mu_W||: 35.3502
Number of correct permutations recognized for piX: 6.0
Number of correct permutations recognized for piS: 6.0
[anneal] global_step=600 | tau_X_t=0.3486 | tau_S_t=0.3442
Total ELBO: -723.8459
Relative change in total ELBO: 3.6381e+00%
Minimum eigenvalue of V_X_star - M_X_star.T @ M_X_star: 1.5450e-02
Minimum eigenvalue of V_S_star - M_S_star.T @ M_S_star: 1.0292e-01
Iter 7/100 | mu_lambda_beta: 8.1261 | 
 sigmasq_lambda_beta: 0.0176 | 
 lambda_a1: 147.1000 | lambda_b1: 1490.8746 | lambda_a2: 147.1000 | lambda_b2: 639.7840
‣  E[ϕ]: 0.2578 | ‣ E[Sigmasq*ϕ]: 2.6307 | ‣ ||mu_W||: 35.8458
Number of correct permutations recognized for piX: 6.0
Number of correct permutations recognized for piS: 6.0
[anneal] global_step=700 | tau_X_t=0.3400 | tau_S_t=0.3357
Total ELBO: -705.7391
Relative change in total ELBO: 2.5015e+00%
Smoothed ELBO rel_impr over last 5: 9.0702e+00%
Minimum eigenvalue of V_X_star - M_X_star.T @ M_X_star: 1.1727e-02
Minimum eigenvalue of V_S_star - M_S_star.T @ M_S_star: 8.5719e-02
Iter 8/100 | mu_lambda_beta: 8.1604 | 
 sigmasq_lambda_beta: 0.0138 | 
 lambda_a1: 147.1000 | lambda_b1: 1241.6482 | lambda_a2: 147.1000 | lambda_b2: 536.0826
‣  E[ϕ]: 0.2580 | ‣ E[Sigmasq*ϕ]: 2.1930 | ‣ ||mu_W||: 36.3596
Number of correct permutations recognized for piX: 6.0
Number of correct permutations recognized for piS: 6.0
[anneal] global_step=800 | tau_X_t=0.3315 | tau_S_t=0.3274
Total ELBO: -692.7207
Relative change in total ELBO: 1.8447e+00%
Smoothed ELBO rel_impr over last 5: 7.4629e+00%
Minimum eigenvalue of V_X_star - M_X_star.T @ M_X_star: 9.5618e-03
Minimum eigenvalue of V_S_star - M_S_star.T @ M_S_star: 7.2088e-02
Iter 9/100 | mu_lambda_beta: 8.1898 | 
 sigmasq_lambda_beta: 0.0117 | 
 lambda_a1: 147.1000 | lambda_b1: 1050.3286 | lambda_a2: 147.1000 | lambda_b2: 468.2573
‣  E[ϕ]: 0.2584 | ‣ E[Sigmasq*ϕ]: 1.8573 | ‣ ||mu_W||: 36.7425
Number of correct permutations recognized for piX: 6.0
Number of correct permutations recognized for piS: 6.0
[anneal] global_step=900 | tau_X_t=0.3233 | tau_S_t=0.3193
Total ELBO: -682.3756
Relative change in total ELBO: 1.4934e+00%
Smoothed ELBO rel_impr over last 5: 5.3268e+00%
Minimum eigenvalue of V_X_star - M_X_star.T @ M_X_star: 8.1549e-03
Minimum eigenvalue of V_S_star - M_S_star.T @ M_S_star: 6.2879e-02
Stopping early at step 15 due to minimal loss change.
Iter 10/100 | mu_lambda_beta: 8.2270 | 
 sigmasq_lambda_beta: 0.0103 | 
 lambda_a1: 147.1000 | lambda_b1: 905.1260 | lambda_a2: 147.1000 | lambda_b2: 419.3397
‣  E[ϕ]: 0.2587 | ‣ E[Sigmasq*ϕ]: 1.6028 | ‣ ||mu_W||: 37.0174
Number of correct permutations recognized for piX: 6.0
Number of correct permutations recognized for piS: 6.0
[anneal] global_step=966 | tau_X_t=0.3153 | tau_S_t=0.3141
Total ELBO: -674.7518
Relative change in total ELBO: 1.1172e+00%
Smoothed ELBO rel_impr over last 5: 3.2313e+00%
Minimum eigenvalue of V_X_star - M_X_star.T @ M_X_star: 7.1572e-03
Minimum eigenvalue of V_S_star - M_S_star.T @ M_S_star: 5.9270e-02
Stopping early at step 36 due to minimal loss change.
Iter 11/100 | mu_lambda_beta: 8.2729 | 
 sigmasq_lambda_beta: 0.0093 | 
 lambda_a1: 147.1000 | lambda_b1: 795.4761 | lambda_a2: 147.1000 | lambda_b2: 387.0667
‣  E[ϕ]: 0.2591 | ‣ E[Sigmasq*ϕ]: 1.4105 | ‣ ||mu_W||: 37.0323
Number of correct permutations recognized for piX: 6.0
Number of correct permutations recognized for piS: 6.0
[anneal] global_step=1053 | tau_X_t=0.3102 | tau_S_t=0.3073
Total ELBO: -669.2076
Relative change in total ELBO: 8.2167e-01%
Smoothed ELBO rel_impr over last 5: 2.1492e+00%
Minimum eigenvalue of V_X_star - M_X_star.T @ M_X_star: 6.5101e-03
Minimum eigenvalue of V_S_star - M_S_star.T @ M_S_star: 5.3777e-02
Stopping early at step 15 due to minimal loss change.
Iter 12/100 | mu_lambda_beta: 8.3014 | 
 sigmasq_lambda_beta: 0.0086 | 
 lambda_a1: 147.1000 | lambda_b1: 710.8730 | lambda_a2: 147.1000 | lambda_b2: 362.7485
‣  E[ϕ]: 0.2594 | ‣ E[Sigmasq*ϕ]: 1.2622 | ‣ ||mu_W||: 37.1407
Number of correct permutations recognized for piX: 6.0
Number of correct permutations recognized for piS: 6.0
[anneal] global_step=1119 | tau_X_t=0.3035 | tau_S_t=0.3023
Total ELBO: -664.7185
Relative change in total ELBO: 6.7080e-01%
Smoothed ELBO rel_impr over last 5: 1.5703e+00%
Minimum eigenvalue of V_X_star - M_X_star.T @ M_X_star: 5.9455e-03
Minimum eigenvalue of V_S_star - M_S_star.T @ M_S_star: 5.1145e-02
Stopping early at step 9 due to minimal loss change.
Iter 13/100 | mu_lambda_beta: 8.3207 | 
 sigmasq_lambda_beta: 0.0081 | 
 lambda_a1: 147.1000 | lambda_b1: 645.8885 | lambda_a2: 147.1000 | lambda_b2: 344.3211
‣  E[ϕ]: 0.2598 | ‣ E[Sigmasq*ϕ]: 1.1484 | ‣ ||mu_W||: 37.1665
Number of correct permutations recognized for piX: 6.0
Number of correct permutations recognized for piS: 6.0
[anneal] global_step=1179 | tau_X_t=0.2985 | tau_S_t=0.2977
Total ELBO: -661.6015
Relative change in total ELBO: 4.6892e-01%
Smoothed ELBO rel_impr over last 5: 1.1978e+00%
Minimum eigenvalue of V_X_star - M_X_star.T @ M_X_star: 5.5432e-03
Minimum eigenvalue of V_S_star - M_S_star.T @ M_S_star: 4.9200e-02
Stopping early at step 7 due to minimal loss change.
Iter 14/100 | mu_lambda_beta: 8.3325 | 
 sigmasq_lambda_beta: 0.0077 | 
 lambda_a1: 147.1000 | lambda_b1: 595.6633 | lambda_a2: 147.1000 | lambda_b2: 331.0588
‣  E[ϕ]: 0.2601 | ‣ E[Sigmasq*ϕ]: 1.0603 | ‣ ||mu_W||: 37.1690
Number of correct permutations recognized for piX: 6.0
Number of correct permutations recognized for piS: 6.0
[anneal] global_step=1237 | tau_X_t=0.2940 | tau_S_t=0.2934
Total ELBO: -659.3206
Relative change in total ELBO: 3.4475e-01%
Smoothed ELBO rel_impr over last 5: 9.1966e-01%
Minimum eigenvalue of V_X_star - M_X_star.T @ M_X_star: 5.2233e-03
Minimum eigenvalue of V_S_star - M_S_star.T @ M_S_star: 4.7396e-02
Iter 15/100 | mu_lambda_beta: 8.3425 | 
 sigmasq_lambda_beta: 0.0074 | 
 lambda_a1: 147.1000 | lambda_b1: 556.2836 | lambda_a2: 147.1000 | lambda_b2: 321.0052
‣  E[ϕ]: 0.2603 | ‣ E[Sigmasq*ϕ]: 0.9913 | ‣ ||mu_W||: 37.1654
Number of correct permutations recognized for piX: 6.0
Number of correct permutations recognized for piS: 6.0
[anneal] global_step=1337 | tau_X_t=0.2898 | tau_S_t=0.2862
Total ELBO: -657.8442
Relative change in total ELBO: 2.2392e-01%
Smoothed ELBO rel_impr over last 5: 6.8766e-01%
Minimum eigenvalue of V_X_star - M_X_star.T @ M_X_star: 4.9551e-03
Minimum eigenvalue of V_S_star - M_S_star.T @ M_S_star: 4.4500e-02
Iter 16/100 | mu_lambda_beta: 8.3508 | 
 sigmasq_lambda_beta: 0.0072 | 
 lambda_a1: 147.1000 | lambda_b1: 525.0831 | lambda_a2: 147.1000 | lambda_b2: 312.2618
‣  E[ϕ]: 0.2606 | ‣ E[Sigmasq*ϕ]: 0.9365 | ‣ ||mu_W||: 37.1976
Number of correct permutations recognized for piX: 6.0
Number of correct permutations recognized for piS: 6.0
[anneal] global_step=1437 | tau_X_t=0.2826 | tau_S_t=0.2791
Total ELBO: -656.0292
Relative change in total ELBO: 2.7591e-01%
Smoothed ELBO rel_impr over last 5: 5.0781e-01%
Minimum eigenvalue of V_X_star - M_X_star.T @ M_X_star: 4.6265e-03
Minimum eigenvalue of V_S_star - M_S_star.T @ M_S_star: 4.2719e-02
Iter 17/100 | mu_lambda_beta: 8.3582 | 
 sigmasq_lambda_beta: 0.0070 | 
 lambda_a1: 147.1000 | lambda_b1: 499.8929 | lambda_a2: 147.1000 | lambda_b2: 303.4983
‣  E[ϕ]: 0.2608 | ‣ E[Sigmasq*ϕ]: 0.8923 | ‣ ||mu_W||: 37.2185
Number of correct permutations recognized for piX: 6.0
Number of correct permutations recognized for piS: 6.0
[anneal] global_step=1537 | tau_X_t=0.2756 | tau_S_t=0.2722
Total ELBO: -654.7197
Relative change in total ELBO: 1.9961e-01%
Smoothed ELBO rel_impr over last 5: 3.9782e-01%
Minimum eigenvalue of V_X_star - M_X_star.T @ M_X_star: 4.3371e-03
Minimum eigenvalue of V_S_star - M_S_star.T @ M_S_star: 4.1525e-02
Iter 18/100 | mu_lambda_beta: 8.3659 | 
 sigmasq_lambda_beta: 0.0068 | 
 lambda_a1: 147.1000 | lambda_b1: 479.7375 | lambda_a2: 147.1000 | lambda_b2: 296.1892
‣  E[ϕ]: 0.2609 | ‣ E[Sigmasq*ϕ]: 0.8569 | ‣ ||mu_W||: 37.2188
Number of correct permutations recognized for piX: 6.0
Number of correct permutations recognized for piS: 6.0
[anneal] global_step=1637 | tau_X_t=0.2688 | tau_S_t=0.2655
Total ELBO: -653.7711
Relative change in total ELBO: 1.4489e-01%
Smoothed ELBO rel_impr over last 5: 3.0304e-01%
Minimum eigenvalue of V_X_star - M_X_star.T @ M_X_star: 4.0774e-03
Minimum eigenvalue of V_S_star - M_S_star.T @ M_S_star: 4.0562e-02
Iter 19/100 | mu_lambda_beta: 8.3727 | 
 sigmasq_lambda_beta: 0.0067 | 
 lambda_a1: 147.1000 | lambda_b1: 463.3096 | lambda_a2: 147.1000 | lambda_b2: 290.2830
‣  E[ϕ]: 0.2611 | ‣ E[Sigmasq*ϕ]: 0.8279 | ‣ ||mu_W||: 37.2096
Number of correct permutations recognized for piX: 6.0
Number of correct permutations recognized for piS: 6.0
[anneal] global_step=1737 | tau_X_t=0.2621 | tau_S_t=0.2589
Total ELBO: -653.0891
Relative change in total ELBO: 1.0431e-01%
Smoothed ELBO rel_impr over last 5: 2.3804e-01%
Minimum eigenvalue of V_X_star - M_X_star.T @ M_X_star: 3.8423e-03
Minimum eigenvalue of V_S_star - M_S_star.T @ M_S_star: 3.9839e-02
Iter 20/100 | mu_lambda_beta: 8.3790 | 
 sigmasq_lambda_beta: 0.0065 | 
 lambda_a1: 147.1000 | lambda_b1: 449.7055 | lambda_a2: 147.1000 | lambda_b2: 285.4608
‣  E[ϕ]: 0.2612 | ‣ E[Sigmasq*ϕ]: 0.8040 | ‣ ||mu_W||: 37.1957
Number of correct permutations recognized for piX: 6.0
Number of correct permutations recognized for piS: 6.0
[anneal] global_step=1837 | tau_X_t=0.2557 | tau_S_t=0.2525
Total ELBO: -652.5528
Relative change in total ELBO: 8.2120e-02%
Smoothed ELBO rel_impr over last 5: 1.8989e-01%
Minimum eigenvalue of V_X_star - M_X_star.T @ M_X_star: 3.6281e-03
Minimum eigenvalue of V_S_star - M_S_star.T @ M_S_star: 3.9260e-02
Iter 21/100 | mu_lambda_beta: 8.3850 | 
 sigmasq_lambda_beta: 0.0064 | 
 lambda_a1: 147.1000 | lambda_b1: 438.2639 | lambda_a2: 147.1000 | lambda_b2: 281.3635
‣  E[ϕ]: 0.2613 | ‣ E[Sigmasq*ϕ]: 0.7838 | ‣ ||mu_W||: 37.1802
Number of correct permutations recognized for piX: 6.0
Number of correct permutations recognized for piS: 6.0
[anneal] global_step=1937 | tau_X_t=0.2493 | tau_S_t=0.2462
Total ELBO: -652.1281
Relative change in total ELBO: 6.5080e-02%
Smoothed ELBO rel_impr over last 5: 1.6155e-01%
Minimum eigenvalue of V_X_star - M_X_star.T @ M_X_star: 3.4319e-03
Minimum eigenvalue of V_S_star - M_S_star.T @ M_S_star: 3.8777e-02
Iter 22/100 | mu_lambda_beta: 8.3909 | 
 sigmasq_lambda_beta: 0.0064 | 
 lambda_a1: 147.1000 | lambda_b1: 428.5667 | lambda_a2: 147.1000 | lambda_b2: 277.7465
‣  E[ϕ]: 0.2614 | ‣ E[Sigmasq*ϕ]: 0.7667 | ‣ ||mu_W||: 37.1650
Number of correct permutations recognized for piX: 6.0
Number of correct permutations recognized for piS: 6.0
[anneal] global_step=2037 | tau_X_t=0.2432 | tau_S_t=0.2401
Total ELBO: -651.7869
Relative change in total ELBO: 5.2319e-02%
Smoothed ELBO rel_impr over last 5: 1.1929e-01%
Minimum eigenvalue of V_X_star - M_X_star.T @ M_X_star: 3.2503e-03
Minimum eigenvalue of V_S_star - M_S_star.T @ M_S_star: 3.8353e-02
Iter 23/100 | mu_lambda_beta: 8.3971 | 
 sigmasq_lambda_beta: 0.0063 | 
 lambda_a1: 147.1000 | lambda_b1: 420.2971 | lambda_a2: 147.1000 | lambda_b2: 274.4772
‣  E[ϕ]: 0.2614 | ‣ E[Sigmasq*ϕ]: 0.7520 | ‣ ||mu_W||: 37.1508
Number of correct permutations recognized for piX: 6.0
Number of correct permutations recognized for piS: 6.0
[anneal] global_step=2137 | tau_X_t=0.2371 | tau_S_t=0.2342
Total ELBO: -651.5114
Relative change in total ELBO: 4.2270e-02%
Smoothed ELBO rel_impr over last 5: 8.9780e-02%
Minimum eigenvalue of V_X_star - M_X_star.T @ M_X_star: 3.0826e-03
Minimum eigenvalue of V_S_star - M_S_star.T @ M_S_star: 3.7962e-02
Iter 24/100 | mu_lambda_beta: 8.4044 | 
 sigmasq_lambda_beta: 0.0062 | 
 lambda_a1: 147.1000 | lambda_b1: 413.2021 | lambda_a2: 147.1000 | lambda_b2: 271.4765
‣  E[ϕ]: 0.2615 | ‣ E[Sigmasq*ϕ]: 0.7395 | ‣ ||mu_W||: 37.1371
Number of correct permutations recognized for piX: 6.0
Number of correct permutations recognized for piS: 6.0
[anneal] global_step=2237 | tau_X_t=0.2313 | tau_S_t=0.2284
Total ELBO: -651.2883
Relative change in total ELBO: 3.4250e-02%
Smoothed ELBO rel_impr over last 5: 6.9249e-02%
Minimum eigenvalue of V_X_star - M_X_star.T @ M_X_star: 2.9271e-03
Minimum eigenvalue of V_S_star - M_S_star.T @ M_S_star: 3.7592e-02
Iter 25/100 | mu_lambda_beta: 8.4138 | 
 sigmasq_lambda_beta: 0.0062 | 
 lambda_a1: 147.1000 | lambda_b1: 407.0793 | lambda_a2: 147.1000 | lambda_b2: 268.6854
‣  E[ϕ]: 0.2615 | ‣ E[Sigmasq*ϕ]: 0.7287 | ‣ ||mu_W||: 37.1227
Number of correct permutations recognized for piX: 6.0
Number of correct permutations recognized for piS: 6.0
[anneal] global_step=2337 | tau_X_t=0.2255 | tau_S_t=0.2227
Total ELBO: -651.0441
Relative change in total ELBO: 3.7495e-02%
Smoothed ELBO rel_impr over last 5: 5.5222e-02%
Minimum eigenvalue of V_X_star - M_X_star.T @ M_X_star: 2.7823e-03
Minimum eigenvalue of V_S_star - M_S_star.T @ M_S_star: 3.7168e-02
Iter 26/100 | mu_lambda_beta: 8.4255 | 
 sigmasq_lambda_beta: 0.0061 | 
 lambda_a1: 147.1000 | lambda_b1: 401.7615 | lambda_a2: 147.1000 | lambda_b2: 265.9580
‣  E[ϕ]: 0.2616 | ‣ E[Sigmasq*ϕ]: 0.7193 | ‣ ||mu_W||: 37.1096
Number of correct permutations recognized for piX: 6.0
Number of correct permutations recognized for piS: 6.0
[anneal] global_step=2437 | tau_X_t=0.2200 | tau_S_t=0.2172
Total ELBO: -650.9557
Relative change in total ELBO: 1.3566e-02%
Smoothed ELBO rel_impr over last 5: 4.6292e-02%
Minimum eigenvalue of V_X_star - M_X_star.T @ M_X_star: 2.6475e-03
Minimum eigenvalue of V_S_star - M_S_star.T @ M_S_star: 3.6858e-02
Stopping early at step 29 due to minimal loss change.
Iter 27/100 | mu_lambda_beta: 8.4360 | 
 sigmasq_lambda_beta: 0.0061 | 
 lambda_a1: 147.1000 | lambda_b1: 397.2362 | lambda_a2: 147.1000 | lambda_b2: 263.4945
‣  E[ϕ]: 0.2616 | ‣ E[Sigmasq*ϕ]: 0.7113 | ‣ ||mu_W||: 37.0975
Number of correct permutations recognized for piX: 6.0
Number of correct permutations recognized for piS: 6.0
[anneal] global_step=2517 | tau_X_t=0.2156 | tau_S_t=0.2129
Total ELBO: -650.8673
Relative change in total ELBO: 1.3586e-02%
Smoothed ELBO rel_impr over last 5: 3.5991e-02%
Minimum eigenvalue of V_X_star - M_X_star.T @ M_X_star: 2.5457e-03
Minimum eigenvalue of V_S_star - M_S_star.T @ M_S_star: 3.6745e-02
Stopping early at step 10 due to minimal loss change.
Iter 28/100 | mu_lambda_beta: 8.4437 | 
 sigmasq_lambda_beta: 0.0060 | 
 lambda_a1: 147.1000 | lambda_b1: 393.1983 | lambda_a2: 147.1000 | lambda_b2: 261.6294
‣  E[ϕ]: 0.2616 | ‣ E[Sigmasq*ϕ]: 0.7041 | ‣ ||mu_W||: 37.0836
Number of correct permutations recognized for piX: 6.0
Number of correct permutations recognized for piS: 6.0
[anneal] global_step=2578 | tau_X_t=0.2123 | tau_S_t=0.2097
Total ELBO: -650.6969
Relative change in total ELBO: 2.6182e-02%
Smoothed ELBO rel_impr over last 5: 2.8235e-02%
Minimum eigenvalue of V_X_star - M_X_star.T @ M_X_star: 2.4698e-03
Minimum eigenvalue of V_S_star - M_S_star.T @ M_S_star: 3.6532e-02
Stopping early at step 35 due to minimal loss change.
Iter 29/100 | mu_lambda_beta: 8.4487 | 
 sigmasq_lambda_beta: 0.0060 | 
 lambda_a1: 147.1000 | lambda_b1: 389.6607 | lambda_a2: 147.1000 | lambda_b2: 260.0073
‣  E[ϕ]: 0.2617 | ‣ E[Sigmasq*ϕ]: 0.6979 | ‣ ||mu_W||: 37.0760
Number of correct permutations recognized for piX: 6.0
Number of correct permutations recognized for piS: 6.0
[anneal] global_step=2664 | tau_X_t=0.2078 | tau_S_t=0.2052
Total ELBO: -650.9114
Relative change in total ELBO: -3.2961e-02%
Smoothed ELBO rel_impr over last 5: 2.5028e-02%
Minimum eigenvalue of V_X_star - M_X_star.T @ M_X_star: 2.3705e-03
Minimum eigenvalue of V_S_star - M_S_star.T @ M_S_star: 3.6242e-02
Stopping early at step 9 due to minimal loss change.
Iter 30/100 | mu_lambda_beta: 8.4550 | 
 sigmasq_lambda_beta: 0.0060 | 
 lambda_a1: 147.1000 | lambda_b1: 386.7348 | lambda_a2: 147.1000 | lambda_b2: 258.5161
‣  E[ϕ]: 0.2617 | ‣ E[Sigmasq*ϕ]: 0.6927 | ‣ ||mu_W||: 37.0650
Number of correct permutations recognized for piX: 6.0
Number of correct permutations recognized for piS: 6.0
[anneal] global_step=2724 | tau_X_t=0.2047 | tau_S_t=0.2021
Total ELBO: -650.9441
Relative change in total ELBO: -5.0260e-03%
Smoothed ELBO rel_impr over last 5: 1.1579e-02%
Minimum eigenvalue of V_X_star - M_X_star.T @ M_X_star: 2.3021e-03
Minimum eigenvalue of V_S_star - M_S_star.T @ M_S_star: 3.6144e-02
Stopping early at step 6 due to minimal loss change.
Iter 31/100 | mu_lambda_beta: 8.4601 | 
 sigmasq_lambda_beta: 0.0059 | 
 lambda_a1: 147.1000 | lambda_b1: 383.9973 | lambda_a2: 147.1000 | lambda_b2: 257.4745
‣  E[ϕ]: 0.2617 | ‣ E[Sigmasq*ϕ]: 0.6878 | ‣ ||mu_W||: 37.0516
Number of correct permutations recognized for piX: 6.0
Number of correct permutations recognized for piS: 6.0
[anneal] global_step=2781 | tau_X_t=0.2018 | tau_S_t=0.1993
Total ELBO: -650.9854
Relative change in total ELBO: -6.3478e-03%
Smoothed ELBO rel_impr over last 5: 3.0569e-03%
Stopping: smoothed ELBO improvement is 3.0569e-03% (< 0.01%)
Minimum eigenvalue of V_X_star - M_X_star.T @ M_X_star: -8.9407e-08
Minimum eigenvalue of V_S_star - M_S_star.T @ M_S_star: -8.9407e-08
Iter 1/100 | mu_lambda_beta: 1.4629 | 
 sigmasq_lambda_beta: 0.0000 | 
 lambda_a1: 147.1000 | lambda_b1: 6480.9727 | lambda_a2: 147.1000 | lambda_b2: 11926.4238
‣  E[ϕ]: 0.2549 | ‣ E[Sigmasq*ϕ]: 11.3068 | ‣ ||mu_W||: 45.9396
Number of correct permutations recognized for piX: 4.0
Number of correct permutations recognized for piS: 1.0
[anneal] global_step=100 | tau_X_t=0.4939 | tau_S_t=0.4877
Total ELBO: -1129.4988
Minimum eigenvalue of V_X_star - M_X_star.T @ M_X_star: 1.1704e-01
Minimum eigenvalue of V_S_star - M_S_star.T @ M_S_star: 1.1457e-01
Iter 2/100 | mu_lambda_beta: 3.8787 | 
 sigmasq_lambda_beta: 0.3527 | 
 lambda_a1: 147.1000 | lambda_b1: 2797.7244 | lambda_a2: 147.1000 | lambda_b2: 9549.2100
‣  E[ϕ]: 0.2607 | ‣ E[Sigmasq*ϕ]: 4.9924 | ‣ ||mu_W||: 37.8226
Number of correct permutations recognized for piX: 6.0
Number of correct permutations recognized for piS: 2.0
[anneal] global_step=200 | tau_X_t=0.4817 | tau_S_t=0.4757
Total ELBO: -1004.8287
Relative change in total ELBO: 1.1038e+01%
Minimum eigenvalue of V_X_star - M_X_star.T @ M_X_star: 1.3896e-01
Minimum eigenvalue of V_S_star - M_S_star.T @ M_S_star: 1.5144e-01
Iter 3/100 | mu_lambda_beta: 6.5227 | 
 sigmasq_lambda_beta: 0.2219 | 
 lambda_a1: 147.1000 | lambda_b1: 2615.0437 | lambda_a2: 147.1000 | lambda_b2: 5094.2915
‣  E[ϕ]: 0.2605 | ‣ E[Sigmasq*ϕ]: 4.6627 | ‣ ||mu_W||: 34.5045
Number of correct permutations recognized for piX: 6.0
Number of correct permutations recognized for piS: 3.0
[anneal] global_step=300 | tau_X_t=0.4698 | tau_S_t=0.4639
Total ELBO: -895.4581
Relative change in total ELBO: 1.0885e+01%
Minimum eigenvalue of V_X_star - M_X_star.T @ M_X_star: 9.2731e-02
Minimum eigenvalue of V_S_star - M_S_star.T @ M_S_star: 1.8124e-01
Iter 4/100 | mu_lambda_beta: 7.4725 | 
 sigmasq_lambda_beta: 0.1079 | 
 lambda_a1: 147.1000 | lambda_b1: 2422.9116 | lambda_a2: 147.1000 | lambda_b2: 2353.0056
‣  E[ϕ]: 0.2593 | ‣ E[Sigmasq*ϕ]: 4.2994 | ‣ ||mu_W||: 33.5244
Number of correct permutations recognized for piX: 6.0
Number of correct permutations recognized for piS: 6.0
[anneal] global_step=400 | tau_X_t=0.4581 | tau_S_t=0.4524
Total ELBO: -810.0540
Relative change in total ELBO: 9.5375e+00%
Minimum eigenvalue of V_X_star - M_X_star.T @ M_X_star: 4.8768e-02
Minimum eigenvalue of V_S_star - M_S_star.T @ M_S_star: 1.8417e-01
Iter 5/100 | mu_lambda_beta: 7.8736 | 
 sigmasq_lambda_beta: 0.0501 | 
 lambda_a1: 147.1000 | lambda_b1: 2147.5781 | lambda_a2: 147.1000 | lambda_b2: 1336.4209
‣  E[ϕ]: 0.2583 | ‣ E[Sigmasq*ϕ]: 3.7972 | ‣ ||mu_W||: 33.4217
Number of correct permutations recognized for piX: 6.0
Number of correct permutations recognized for piS: 6.0
[anneal] global_step=500 | tau_X_t=0.4468 | tau_S_t=0.4412
Total ELBO: -761.6726
Relative change in total ELBO: 5.9726e+00%
Minimum eigenvalue of V_X_star - M_X_star.T @ M_X_star: 2.9058e-02
Minimum eigenvalue of V_S_star - M_S_star.T @ M_S_star: 1.6024e-01
Iter 6/100 | mu_lambda_beta: 8.0369 | 
 sigmasq_lambda_beta: 0.0287 | 
 lambda_a1: 147.1000 | lambda_b1: 1829.7327 | lambda_a2: 147.1000 | lambda_b2: 937.5435
‣  E[ϕ]: 0.2580 | ‣ E[Sigmasq*ϕ]: 3.2317 | ‣ ||mu_W||: 34.0882
Number of correct permutations recognized for piX: 6.0
Number of correct permutations recognized for piS: 6.0
[anneal] global_step=600 | tau_X_t=0.4357 | tau_S_t=0.4303
Total ELBO: -733.5584
Relative change in total ELBO: 3.6911e+00%
Minimum eigenvalue of V_X_star - M_X_star.T @ M_X_star: 2.0280e-02
Minimum eigenvalue of V_S_star - M_S_star.T @ M_S_star: 1.2833e-01
Iter 7/100 | mu_lambda_beta: 8.1049 | 
 sigmasq_lambda_beta: 0.0202 | 
 lambda_a1: 147.1000 | lambda_b1: 1538.9524 | lambda_a2: 147.1000 | lambda_b2: 730.3210
‣  E[ϕ]: 0.2581 | ‣ E[Sigmasq*ϕ]: 2.7187 | ‣ ||mu_W||: 35.0095
Number of correct permutations recognized for piX: 6.0
Number of correct permutations recognized for piS: 6.0
[anneal] global_step=700 | tau_X_t=0.4249 | tau_S_t=0.4196
Total ELBO: -714.5448
Relative change in total ELBO: 2.5920e+00%
Smoothed ELBO rel_impr over last 5: 8.6046e+00%
Minimum eigenvalue of V_X_star - M_X_star.T @ M_X_star: 1.5759e-02
Minimum eigenvalue of V_S_star - M_S_star.T @ M_S_star: 1.0155e-01
Iter 8/100 | mu_lambda_beta: 8.1360 | 
 sigmasq_lambda_beta: 0.0158 | 
 lambda_a1: 147.1000 | lambda_b1: 1301.1395 | lambda_a2: 147.1000 | lambda_b2: 606.9512
‣  E[ϕ]: 0.2583 | ‣ E[Sigmasq*ϕ]: 2.3006 | ‣ ||mu_W||: 35.8416
Number of correct permutations recognized for piX: 6.0
Number of correct permutations recognized for piS: 6.0
[anneal] global_step=800 | tau_X_t=0.4144 | tau_S_t=0.4093
Total ELBO: -700.7328
Relative change in total ELBO: 1.9330e+00%
Smoothed ELBO rel_impr over last 5: 6.9024e+00%
Minimum eigenvalue of V_X_star - M_X_star.T @ M_X_star: 1.3084e-02
Minimum eigenvalue of V_S_star - M_S_star.T @ M_S_star: 8.3504e-02
Stopping early at step 49 due to minimal loss change.
Iter 9/100 | mu_lambda_beta: 8.1563 | 
 sigmasq_lambda_beta: 0.0131 | 
 lambda_a1: 147.1000 | lambda_b1: 1115.3945 | lambda_a2: 147.1000 | lambda_b2: 526.5209
‣  E[ϕ]: 0.2586 | ‣ E[Sigmasq*ϕ]: 1.9745 | ‣ ||mu_W||: 36.4570
Number of correct permutations recognized for piX: 6.0
Number of correct permutations recognized for piS: 6.0
[anneal] global_step=900 | tau_X_t=0.4042 | tau_S_t=0.3991
Total ELBO: -690.3340
Relative change in total ELBO: 1.4840e+00%
Smoothed ELBO rel_impr over last 5: 4.9735e+00%
Minimum eigenvalue of V_X_star - M_X_star.T @ M_X_star: 1.1323e-02
Minimum eigenvalue of V_S_star - M_S_star.T @ M_S_star: 7.0898e-02
Iter 10/100 | mu_lambda_beta: 8.1776 | 
 sigmasq_lambda_beta: 0.0114 | 
 lambda_a1: 147.1000 | lambda_b1: 972.1803 | lambda_a2: 147.1000 | lambda_b2: 471.0030
‣  E[ϕ]: 0.2589 | ‣ E[Sigmasq*ϕ]: 1.7231 | ‣ ||mu_W||: 36.8670
Number of correct permutations recognized for piX: 6.0
Number of correct permutations recognized for piS: 6.0
[anneal] global_step=1000 | tau_X_t=0.3942 | tau_S_t=0.3893
Total ELBO: -682.3401
Relative change in total ELBO: 1.1580e+00%
Smoothed ELBO rel_impr over last 5: 3.2178e+00%
Minimum eigenvalue of V_X_star - M_X_star.T @ M_X_star: 1.0064e-02
Minimum eigenvalue of V_S_star - M_S_star.T @ M_S_star: 6.2582e-02
Stopping early at step 18 due to minimal loss change.
Iter 11/100 | mu_lambda_beta: 8.2047 | 
 sigmasq_lambda_beta: 0.0103 | 
 lambda_a1: 147.1000 | lambda_b1: 861.2022 | lambda_a2: 147.1000 | lambda_b2: 431.1423
‣  E[ϕ]: 0.2593 | ‣ E[Sigmasq*ϕ]: 1.5283 | ‣ ||mu_W||: 37.1046
Number of correct permutations recognized for piX: 6.0
Number of correct permutations recognized for piS: 6.0
[anneal] global_step=1069 | tau_X_t=0.3844 | tau_S_t=0.3826
Total ELBO: -676.0854
Relative change in total ELBO: 9.1665e-01%
Smoothed ELBO rel_impr over last 5: 2.2032e+00%
Minimum eigenvalue of V_X_star - M_X_star.T @ M_X_star: 9.1051e-03
Minimum eigenvalue of V_S_star - M_S_star.T @ M_S_star: 5.9253e-02
Stopping early at step 14 due to minimal loss change.
Iter 12/100 | mu_lambda_beta: 8.2342 | 
 sigmasq_lambda_beta: 0.0095 | 
 lambda_a1: 147.1000 | lambda_b1: 774.6452 | lambda_a2: 147.1000 | lambda_b2: 403.4326
‣  E[ϕ]: 0.2596 | ‣ E[Sigmasq*ϕ]: 1.3763 | ‣ ||mu_W||: 37.1494
Number of correct permutations recognized for piX: 6.0
Number of correct permutations recognized for piS: 6.0
[anneal] global_step=1134 | tau_X_t=0.3778 | tau_S_t=0.3764
Total ELBO: -671.4606
Relative change in total ELBO: 6.8406e-01%
Smoothed ELBO rel_impr over last 5: 1.6321e+00%
Minimum eigenvalue of V_X_star - M_X_star.T @ M_X_star: 8.4656e-03
Minimum eigenvalue of V_S_star - M_S_star.T @ M_S_star: 5.6411e-02
Stopping early at step 11 due to minimal loss change.
Iter 13/100 | mu_lambda_beta: 8.2568 | 
 sigmasq_lambda_beta: 0.0089 | 
 lambda_a1: 147.1000 | lambda_b1: 706.2685 | lambda_a2: 147.1000 | lambda_b2: 383.4574
‣  E[ϕ]: 0.2599 | ‣ E[Sigmasq*ϕ]: 1.2563 | ‣ ||mu_W||: 37.1796
Number of correct permutations recognized for piX: 6.0
Number of correct permutations recognized for piS: 6.0
[anneal] global_step=1196 | tau_X_t=0.3717 | tau_S_t=0.3706
Total ELBO: -668.0656
Relative change in total ELBO: 5.0562e-01%
Smoothed ELBO rel_impr over last 5: 1.2438e+00%
Minimum eigenvalue of V_X_star - M_X_star.T @ M_X_star: 7.9538e-03
Minimum eigenvalue of V_S_star - M_S_star.T @ M_S_star: 5.3662e-02
Stopping early at step 10 due to minimal loss change.
Iter 14/100 | mu_lambda_beta: 8.2711 | 
 sigmasq_lambda_beta: 0.0085 | 
 lambda_a1: 147.1000 | lambda_b1: 652.1620 | lambda_a2: 147.1000 | lambda_b2: 368.3975
‣  E[ϕ]: 0.2602 | ‣ E[Sigmasq*ϕ]: 1.1613 | ‣ ||mu_W||: 37.1907
Number of correct permutations recognized for piX: 6.0
Number of correct permutations recognized for piS: 6.0
[anneal] global_step=1257 | tau_X_t=0.3660 | tau_S_t=0.3650
Total ELBO: -665.6812
Relative change in total ELBO: 3.5690e-01%
Smoothed ELBO rel_impr over last 5: 9.5492e-01%
Minimum eigenvalue of V_X_star - M_X_star.T @ M_X_star: 7.5317e-03
Minimum eigenvalue of V_S_star - M_S_star.T @ M_S_star: 5.1595e-02
Iter 15/100 | mu_lambda_beta: 8.2814 | 
 sigmasq_lambda_beta: 0.0082 | 
 lambda_a1: 147.1000 | lambda_b1: 609.0545 | lambda_a2: 147.1000 | lambda_b2: 357.0754
‣  E[ϕ]: 0.2604 | ‣ E[Sigmasq*ϕ]: 1.0855 | ‣ ||mu_W||: 37.1824
Number of correct permutations recognized for piX: 6.0
Number of correct permutations recognized for piS: 6.0
[anneal] global_step=1357 | tau_X_t=0.3604 | tau_S_t=0.3559
Total ELBO: -663.2997
Relative change in total ELBO: 3.5775e-01%
Smoothed ELBO rel_impr over last 5: 7.2759e-01%
Minimum eigenvalue of V_X_star - M_X_star.T @ M_X_star: 7.1698e-03
Minimum eigenvalue of V_S_star - M_S_star.T @ M_S_star: 4.8712e-02
Iter 16/100 | mu_lambda_beta: 8.2890 | 
 sigmasq_lambda_beta: 0.0079 | 
 lambda_a1: 147.1000 | lambda_b1: 573.9351 | lambda_a2: 147.1000 | lambda_b2: 345.9558
‣  E[ϕ]: 0.2606 | ‣ E[Sigmasq*ϕ]: 1.0238 | ‣ ||mu_W||: 37.2395
Number of correct permutations recognized for piX: 6.0
Number of correct permutations recognized for piS: 6.0
[anneal] global_step=1457 | tau_X_t=0.3515 | tau_S_t=0.3471
Total ELBO: -660.9756
Relative change in total ELBO: 3.5039e-01%
Smoothed ELBO rel_impr over last 5: 5.6607e-01%
Minimum eigenvalue of V_X_star - M_X_star.T @ M_X_star: 6.7195e-03
Minimum eigenvalue of V_S_star - M_S_star.T @ M_S_star: 4.7106e-02
Iter 17/100 | mu_lambda_beta: 8.2953 | 
 sigmasq_lambda_beta: 0.0077 | 
 lambda_a1: 147.1000 | lambda_b1: 545.7541 | lambda_a2: 147.1000 | lambda_b2: 335.0583
‣  E[ϕ]: 0.2608 | ‣ E[Sigmasq*ϕ]: 0.9742 | ‣ ||mu_W||: 37.2608
Number of correct permutations recognized for piX: 6.0
Number of correct permutations recognized for piS: 6.0
[anneal] global_step=1557 | tau_X_t=0.3428 | tau_S_t=0.3385
Total ELBO: -659.3043
Relative change in total ELBO: 2.5286e-01%
Smoothed ELBO rel_impr over last 5: 4.5176e-01%
Minimum eigenvalue of V_X_star - M_X_star.T @ M_X_star: 6.3159e-03
Minimum eigenvalue of V_S_star - M_S_star.T @ M_S_star: 4.5723e-02
Iter 18/100 | mu_lambda_beta: 8.3027 | 
 sigmasq_lambda_beta: 0.0075 | 
 lambda_a1: 147.1000 | lambda_b1: 522.6300 | lambda_a2: 147.1000 | lambda_b2: 326.2813
‣  E[ϕ]: 0.2610 | ‣ E[Sigmasq*ϕ]: 0.9335 | ‣ ||mu_W||: 37.2564
Number of correct permutations recognized for piX: 6.0
Number of correct permutations recognized for piS: 6.0
[anneal] global_step=1657 | tau_X_t=0.3343 | tau_S_t=0.3302
Total ELBO: -657.9404
Relative change in total ELBO: 2.0687e-01%
Smoothed ELBO rel_impr over last 5: 3.6511e-01%
Minimum eigenvalue of V_X_star - M_X_star.T @ M_X_star: 5.9496e-03
Minimum eigenvalue of V_S_star - M_S_star.T @ M_S_star: 4.4656e-02
Iter 19/100 | mu_lambda_beta: 8.3099 | 
 sigmasq_lambda_beta: 0.0073 | 
 lambda_a1: 147.1000 | lambda_b1: 503.2542 | lambda_a2: 147.1000 | lambda_b2: 319.0707
‣  E[ϕ]: 0.2611 | ‣ E[Sigmasq*ϕ]: 0.8993 | ‣ ||mu_W||: 37.2423
Number of correct permutations recognized for piX: 6.0
Number of correct permutations recognized for piS: 6.0
[anneal] global_step=1757 | tau_X_t=0.3260 | tau_S_t=0.3220
Total ELBO: -656.7341
Relative change in total ELBO: 1.8334e-01%
Smoothed ELBO rel_impr over last 5: 3.0522e-01%
Minimum eigenvalue of V_X_star - M_X_star.T @ M_X_star: 5.6148e-03
Minimum eigenvalue of V_S_star - M_S_star.T @ M_S_star: 4.3847e-02
Iter 20/100 | mu_lambda_beta: 8.3173 | 
 sigmasq_lambda_beta: 0.0071 | 
 lambda_a1: 147.1000 | lambda_b1: 486.7782 | lambda_a2: 147.1000 | lambda_b2: 312.7729
‣  E[ϕ]: 0.2612 | ‣ E[Sigmasq*ϕ]: 0.8702 | ‣ ||mu_W||: 37.2261
Number of correct permutations recognized for piX: 6.0
Number of correct permutations recognized for piS: 6.0
[anneal] global_step=1857 | tau_X_t=0.3180 | tau_S_t=0.3140
Total ELBO: -655.6849
Relative change in total ELBO: 1.5975e-01%
Smoothed ELBO rel_impr over last 5: 2.7054e-01%
Minimum eigenvalue of V_X_star - M_X_star.T @ M_X_star: 5.3062e-03
Minimum eigenvalue of V_S_star - M_S_star.T @ M_S_star: 4.3156e-02
Iter 21/100 | mu_lambda_beta: 8.3247 | 
 sigmasq_lambda_beta: 0.0070 | 
 lambda_a1: 147.1000 | lambda_b1: 472.7199 | lambda_a2: 147.1000 | lambda_b2: 307.1047
‣  E[ϕ]: 0.2613 | ‣ E[Sigmasq*ϕ]: 0.8453 | ‣ ||mu_W||: 37.2096
Number of correct permutations recognized for piX: 6.0
Number of correct permutations recognized for piS: 6.0
[anneal] global_step=1957 | tau_X_t=0.3101 | tau_S_t=0.3062
Total ELBO: -654.7664
Relative change in total ELBO: 1.4009e-01%
Smoothed ELBO rel_impr over last 5: 2.3087e-01%
Minimum eigenvalue of V_X_star - M_X_star.T @ M_X_star: 5.0200e-03
Minimum eigenvalue of V_S_star - M_S_star.T @ M_S_star: 4.2535e-02
Iter 22/100 | mu_lambda_beta: 8.3322 | 
 sigmasq_lambda_beta: 0.0069 | 
 lambda_a1: 147.1000 | lambda_b1: 460.6649 | lambda_a2: 147.1000 | lambda_b2: 301.9410
‣  E[ϕ]: 0.2613 | ‣ E[Sigmasq*ϕ]: 0.8240 | ‣ ||mu_W||: 37.1944
Number of correct permutations recognized for piX: 6.0
Number of correct permutations recognized for piS: 6.0
[anneal] global_step=2057 | tau_X_t=0.3024 | tau_S_t=0.2987
Total ELBO: -653.9600
Relative change in total ELBO: 1.2315e-01%
Smoothed ELBO rel_impr over last 5: 1.8869e-01%
Minimum eigenvalue of V_X_star - M_X_star.T @ M_X_star: 4.7536e-03
Minimum eigenvalue of V_S_star - M_S_star.T @ M_S_star: 4.1957e-02
Iter 23/100 | mu_lambda_beta: 8.3398 | 
 sigmasq_lambda_beta: 0.0068 | 
 lambda_a1: 147.1000 | lambda_b1: 450.2915 | lambda_a2: 147.1000 | lambda_b2: 297.1988
‣  E[ϕ]: 0.2614 | ‣ E[Sigmasq*ϕ]: 0.8057 | ‣ ||mu_W||: 37.1813
Number of correct permutations recognized for piX: 6.0
Number of correct permutations recognized for piS: 6.0
[anneal] global_step=2157 | tau_X_t=0.2949 | tau_S_t=0.2913
Total ELBO: -653.2545
Relative change in total ELBO: 1.0789e-01%
Smoothed ELBO rel_impr over last 5: 1.6272e-01%
Minimum eigenvalue of V_X_star - M_X_star.T @ M_X_star: 4.5049e-03
Minimum eigenvalue of V_S_star - M_S_star.T @ M_S_star: 4.1414e-02
Iter 24/100 | mu_lambda_beta: 8.3473 | 
 sigmasq_lambda_beta: 0.0067 | 
 lambda_a1: 147.1000 | lambda_b1: 441.3184 | lambda_a2: 147.1000 | lambda_b2: 292.8026
‣  E[ϕ]: 0.2615 | ‣ E[Sigmasq*ϕ]: 0.7898 | ‣ ||mu_W||: 37.1701
Number of correct permutations recognized for piX: 6.0
Number of correct permutations recognized for piS: 6.0
[anneal] global_step=2257 | tau_X_t=0.2876 | tau_S_t=0.2841
Total ELBO: -652.5774
Relative change in total ELBO: 1.0364e-01%
Smoothed ELBO rel_impr over last 5: 1.4290e-01%
Minimum eigenvalue of V_X_star - M_X_star.T @ M_X_star: 4.2721e-03
Minimum eigenvalue of V_S_star - M_S_star.T @ M_S_star: 4.0904e-02
Iter 25/100 | mu_lambda_beta: 8.3546 | 
 sigmasq_lambda_beta: 0.0066 | 
 lambda_a1: 147.1000 | lambda_b1: 433.5298 | lambda_a2: 147.1000 | lambda_b2: 288.5985
‣  E[ϕ]: 0.2615 | ‣ E[Sigmasq*ϕ]: 0.7760 | ‣ ||mu_W||: 37.1634
Number of correct permutations recognized for piX: 6.0
Number of correct permutations recognized for piS: 6.0
[anneal] global_step=2357 | tau_X_t=0.2805 | tau_S_t=0.2770
Total ELBO: -652.0450
Relative change in total ELBO: 8.1586e-02%
Smoothed ELBO rel_impr over last 5: 1.2695e-01%
Minimum eigenvalue of V_X_star - M_X_star.T @ M_X_star: 4.0532e-03
Minimum eigenvalue of V_S_star - M_S_star.T @ M_S_star: 4.0381e-02
Iter 26/100 | mu_lambda_beta: 8.3625 | 
 sigmasq_lambda_beta: 0.0065 | 
 lambda_a1: 147.1000 | lambda_b1: 426.8233 | lambda_a2: 147.1000 | lambda_b2: 284.6990
‣  E[ϕ]: 0.2616 | ‣ E[Sigmasq*ϕ]: 0.7642 | ‣ ||mu_W||: 37.1569
Number of correct permutations recognized for piX: 6.0
Number of correct permutations recognized for piS: 6.0
[anneal] global_step=2457 | tau_X_t=0.2736 | tau_S_t=0.2702
Total ELBO: -651.4419
Relative change in total ELBO: 9.2492e-02%
Smoothed ELBO rel_impr over last 5: 1.1131e-01%
Minimum eigenvalue of V_X_star - M_X_star.T @ M_X_star: 3.8476e-03
Minimum eigenvalue of V_S_star - M_S_star.T @ M_S_star: 3.9956e-02
Iter 27/100 | mu_lambda_beta: 8.3680 | 
 sigmasq_lambda_beta: 0.0064 | 
 lambda_a1: 147.1000 | lambda_b1: 420.9447 | lambda_a2: 147.1000 | lambda_b2: 280.8219
‣  E[ϕ]: 0.2616 | ‣ E[Sigmasq*ϕ]: 0.7538 | ‣ ||mu_W||: 37.1612
Number of correct permutations recognized for piX: 6.0
Number of correct permutations recognized for piS: 6.0
[anneal] global_step=2557 | tau_X_t=0.2668 | tau_S_t=0.2635
Total ELBO: -651.1917
Relative change in total ELBO: 3.8405e-02%
Smoothed ELBO rel_impr over last 5: 1.0177e-01%
Minimum eigenvalue of V_X_star - M_X_star.T @ M_X_star: 3.6540e-03
Minimum eigenvalue of V_S_star - M_S_star.T @ M_S_star: 3.9402e-02
Iter 28/100 | mu_lambda_beta: 8.3745 | 
 sigmasq_lambda_beta: 0.0063 | 
 lambda_a1: 147.1000 | lambda_b1: 415.9412 | lambda_a2: 147.1000 | lambda_b2: 277.5608
‣  E[ϕ]: 0.2616 | ‣ E[Sigmasq*ϕ]: 0.7449 | ‣ ||mu_W||: 37.1560
Number of correct permutations recognized for piX: 6.0
Number of correct permutations recognized for piS: 6.0
[anneal] global_step=2657 | tau_X_t=0.2602 | tau_S_t=0.2570
Total ELBO: -651.2927
Relative change in total ELBO: -1.5512e-02%
Smoothed ELBO rel_impr over last 5: 8.4821e-02%
Minimum eigenvalue of V_X_star - M_X_star.T @ M_X_star: 3.4717e-03
Minimum eigenvalue of V_S_star - M_S_star.T @ M_S_star: 3.8944e-02
Iter 29/100 | mu_lambda_beta: 8.3809 | 
 sigmasq_lambda_beta: 0.0063 | 
 lambda_a1: 147.1000 | lambda_b1: 411.4020 | lambda_a2: 147.1000 | lambda_b2: 275.3269
‣  E[ϕ]: 0.2616 | ‣ E[Sigmasq*ϕ]: 0.7367 | ‣ ||mu_W||: 37.1352
Number of correct permutations recognized for piX: 6.0
Number of correct permutations recognized for piS: 6.0
[anneal] global_step=2757 | tau_X_t=0.2538 | tau_S_t=0.2506
Total ELBO: -650.9528
Relative change in total ELBO: 5.2199e-02%
Smoothed ELBO rel_impr over last 5: 6.0174e-02%
Minimum eigenvalue of V_X_star - M_X_star.T @ M_X_star: 3.2998e-03
Minimum eigenvalue of V_S_star - M_S_star.T @ M_S_star: 3.8685e-02
Iter 30/100 | mu_lambda_beta: 8.3871 | 
 sigmasq_lambda_beta: 0.0062 | 
 lambda_a1: 147.1000 | lambda_b1: 407.0268 | lambda_a2: 147.1000 | lambda_b2: 272.7414
‣  E[ϕ]: 0.2617 | ‣ E[Sigmasq*ϕ]: 0.7290 | ‣ ||mu_W||: 37.1300
Number of correct permutations recognized for piX: 6.0
Number of correct permutations recognized for piS: 6.0
[anneal] global_step=2857 | tau_X_t=0.2475 | tau_S_t=0.2444
Total ELBO: -650.7249
Relative change in total ELBO: 3.5011e-02%
Smoothed ELBO rel_impr over last 5: 4.9852e-02%
Minimum eigenvalue of V_X_star - M_X_star.T @ M_X_star: 3.1376e-03
Minimum eigenvalue of V_S_star - M_S_star.T @ M_S_star: 3.8354e-02
Iter 31/100 | mu_lambda_beta: 8.3943 | 
 sigmasq_lambda_beta: 0.0062 | 
 lambda_a1: 147.1000 | lambda_b1: 403.1243 | lambda_a2: 147.1000 | lambda_b2: 270.0212
‣  E[ϕ]: 0.2617 | ‣ E[Sigmasq*ϕ]: 0.7220 | ‣ ||mu_W||: 37.1244
Number of correct permutations recognized for piX: 6.0
Number of correct permutations recognized for piS: 6.0
[anneal] global_step=2957 | tau_X_t=0.2414 | tau_S_t=0.2384
Total ELBO: -650.5348
Relative change in total ELBO: 2.9208e-02%
Smoothed ELBO rel_impr over last 5: 4.0535e-02%
Minimum eigenvalue of V_X_star - M_X_star.T @ M_X_star: 2.9849e-03
Minimum eigenvalue of V_S_star - M_S_star.T @ M_S_star: 3.7993e-02
Iter 32/100 | mu_lambda_beta: 8.4033 | 
 sigmasq_lambda_beta: 0.0061 | 
 lambda_a1: 147.1000 | lambda_b1: 399.6225 | lambda_a2: 147.1000 | lambda_b2: 267.3877
‣  E[ϕ]: 0.2617 | ‣ E[Sigmasq*ϕ]: 0.7158 | ‣ ||mu_W||: 37.1194
Number of correct permutations recognized for piX: 6.0
Number of correct permutations recognized for piS: 6.0
[anneal] global_step=3057 | tau_X_t=0.2354 | tau_S_t=0.2325
Total ELBO: -650.3792
Relative change in total ELBO: 2.3925e-02%
Smoothed ELBO rel_impr over last 5: 2.7859e-02%
Minimum eigenvalue of V_X_star - M_X_star.T @ M_X_star: 2.8404e-03
Minimum eigenvalue of V_S_star - M_S_star.T @ M_S_star: 3.7631e-02
Stopping early at step 47 due to minimal loss change.
Iter 33/100 | mu_lambda_beta: 8.4147 | 
 sigmasq_lambda_beta: 0.0061 | 
 lambda_a1: 147.1000 | lambda_b1: 396.4670 | lambda_a2: 147.1000 | lambda_b2: 264.8594
‣  E[ϕ]: 0.2617 | ‣ E[Sigmasq*ϕ]: 0.7102 | ‣ ||mu_W||: 37.1124
Number of correct permutations recognized for piX: 6.0
Number of correct permutations recognized for piS: 6.0
[anneal] global_step=3155 | tau_X_t=0.2297 | tau_S_t=0.2268
Total ELBO: -650.2783
Relative change in total ELBO: 1.5503e-02%
Smoothed ELBO rel_impr over last 5: 2.4970e-02%
Minimum eigenvalue of V_X_star - M_X_star.T @ M_X_star: 2.7070e-03
Minimum eigenvalue of V_S_star - M_S_star.T @ M_S_star: 3.7282e-02
Stopping early at step 20 due to minimal loss change.
Iter 34/100 | mu_lambda_beta: 8.4263 | 
 sigmasq_lambda_beta: 0.0060 | 
 lambda_a1: 147.1000 | lambda_b1: 393.6043 | lambda_a2: 147.1000 | lambda_b2: 262.5220
‣  E[ϕ]: 0.2617 | ‣ E[Sigmasq*ϕ]: 0.7051 | ‣ ||mu_W||: 37.1044
Number of correct permutations recognized for piX: 6.0
Number of correct permutations recognized for piS: 6.0
[anneal] global_step=3226 | tau_X_t=0.2256 | tau_S_t=0.2228
Total ELBO: -650.2316
Relative change in total ELBO: 7.1897e-03%
Smoothed ELBO rel_impr over last 5: 3.1175e-02%
Minimum eigenvalue of V_X_star - M_X_star.T @ M_X_star: 2.6137e-03
Minimum eigenvalue of V_S_star - M_S_star.T @ M_S_star: 3.7041e-02
Stopping early at step 49 due to minimal loss change.
Iter 35/100 | mu_lambda_beta: 8.4371 | 
 sigmasq_lambda_beta: 0.0060 | 
 lambda_a1: 147.1000 | lambda_b1: 390.9971 | lambda_a2: 147.1000 | lambda_b2: 260.7774
‣  E[ϕ]: 0.2617 | ‣ E[Sigmasq*ϕ]: 0.7005 | ‣ ||mu_W||: 37.0913
Number of correct permutations recognized for piX: 6.0
Number of correct permutations recognized for piS: 6.0
[anneal] global_step=3326 | tau_X_t=0.2200 | tau_S_t=0.2173
Total ELBO: -650.2125
Relative change in total ELBO: 2.9286e-03%
Smoothed ELBO rel_impr over last 5: 2.2169e-02%
Minimum eigenvalue of V_X_star - M_X_star.T @ M_X_star: 2.4903e-03
Minimum eigenvalue of V_S_star - M_S_star.T @ M_S_star: 3.6682e-02
Stopping early at step 12 due to minimal loss change.
Iter 36/100 | mu_lambda_beta: 8.4459 | 
 sigmasq_lambda_beta: 0.0060 | 
 lambda_a1: 147.1000 | lambda_b1: 388.6525 | lambda_a2: 147.1000 | lambda_b2: 258.7502
‣  E[ϕ]: 0.2617 | ‣ E[Sigmasq*ϕ]: 0.6963 | ‣ ||mu_W||: 37.0872
Number of correct permutations recognized for piX: 6.0
Number of correct permutations recognized for piS: 6.0
[anneal] global_step=3389 | tau_X_t=0.2166 | tau_S_t=0.2139
Total ELBO: -650.5149
Relative change in total ELBO: -4.6503e-02%
Smoothed ELBO rel_impr over last 5: 1.5755e-02%
Minimum eigenvalue of V_X_star - M_X_star.T @ M_X_star: 2.4143e-03
Minimum eigenvalue of V_S_star - M_S_star.T @ M_S_star: 3.6591e-02
Stopping early at step 9 due to minimal loss change.
Iter 37/100 | mu_lambda_beta: 8.4521 | 
 sigmasq_lambda_beta: 0.0059 | 
 lambda_a1: 147.1000 | lambda_b1: 386.5255 | lambda_a2: 147.1000 | lambda_b2: 257.8275
‣  E[ϕ]: 0.2617 | ‣ E[Sigmasq*ϕ]: 0.6925 | ‣ ||mu_W||: 37.0662
Number of correct permutations recognized for piX: 6.0
Number of correct permutations recognized for piS: 6.0
[anneal] global_step=3449 | tau_X_t=0.2134 | tau_S_t=0.2107
Total ELBO: -650.5699
Relative change in total ELBO: -8.4631e-03%
Smoothed ELBO rel_impr over last 5: 6.1943e-04%
Stopping: smoothed ELBO improvement is 6.1943e-04% (< 0.01%)
Minimum eigenvalue of V_X_star - M_X_star.T @ M_X_star: -8.9407e-08
Minimum eigenvalue of V_S_star - M_S_star.T @ M_S_star: -8.9407e-08
Iter 1/100 | mu_lambda_beta: 1.4629 | 
 sigmasq_lambda_beta: 0.0000 | 
 lambda_a1: 147.1000 | lambda_b1: 6480.9727 | lambda_a2: 147.1000 | lambda_b2: 11926.4238
‣  E[ϕ]: 0.2549 | ‣ E[Sigmasq*ϕ]: 11.3068 | ‣ ||mu_W||: 45.9396
Number of correct permutations recognized for piX: 4.0
Number of correct permutations recognized for piS: 1.0
[anneal] global_step=100 | tau_X_t=0.5927 | tau_S_t=0.5853
Total ELBO: -1120.0217
Minimum eigenvalue of V_X_star - M_X_star.T @ M_X_star: 1.6830e-01
Minimum eigenvalue of V_S_star - M_S_star.T @ M_S_star: 1.6463e-01
Iter 2/100 | mu_lambda_beta: 3.9555 | 
 sigmasq_lambda_beta: 0.3587 | 
 lambda_a1: 147.1000 | lambda_b1: 2797.7244 | lambda_a2: 147.1000 | lambda_b2: 9583.5342
‣  E[ϕ]: 0.2607 | ‣ E[Sigmasq*ϕ]: 4.9921 | ‣ ||mu_W||: 36.1644
Number of correct permutations recognized for piX: 6.0
Number of correct permutations recognized for piS: 2.0
[anneal] global_step=200 | tau_X_t=0.5780 | tau_S_t=0.5708
Total ELBO: -997.4270
Relative change in total ELBO: 1.0946e+01%
Minimum eigenvalue of V_X_star - M_X_star.T @ M_X_star: 1.8508e-01
Minimum eigenvalue of V_S_star - M_S_star.T @ M_S_star: 2.1730e-01
Iter 3/100 | mu_lambda_beta: 6.4149 | 
 sigmasq_lambda_beta: 0.2201 | 
 lambda_a1: 147.1000 | lambda_b1: 2612.3125 | lambda_a2: 147.1000 | lambda_b2: 5313.5679
‣  E[ϕ]: 0.2605 | ‣ E[Sigmasq*ϕ]: 4.6583 | ‣ ||mu_W||: 32.7918
Number of correct permutations recognized for piX: 6.0
Number of correct permutations recognized for piS: 2.0
[anneal] global_step=300 | tau_X_t=0.5637 | tau_S_t=0.5567
Total ELBO: -896.1672
Relative change in total ELBO: 1.0152e+01%
Minimum eigenvalue of V_X_star - M_X_star.T @ M_X_star: 1.1094e-01
Minimum eigenvalue of V_S_star - M_S_star.T @ M_S_star: 2.5220e-01
Iter 4/100 | mu_lambda_beta: 7.4161 | 
 sigmasq_lambda_beta: 0.1119 | 
 lambda_a1: 147.1000 | lambda_b1: 2420.7371 | lambda_a2: 147.1000 | lambda_b2: 2519.2222
‣  E[ϕ]: 0.2593 | ‣ E[Sigmasq*ϕ]: 4.2968 | ‣ ||mu_W||: 31.6613
Number of correct permutations recognized for piX: 6.0
Number of correct permutations recognized for piS: 6.0
[anneal] global_step=400 | tau_X_t=0.5497 | tau_S_t=0.5429
Total ELBO: -817.9318
Relative change in total ELBO: 8.7300e+00%
Minimum eigenvalue of V_X_star - M_X_star.T @ M_X_star: 5.8837e-02
Minimum eigenvalue of V_S_star - M_S_star.T @ M_S_star: 2.4012e-01
Iter 5/100 | mu_lambda_beta: 7.8190 | 
 sigmasq_lambda_beta: 0.0535 | 
 lambda_a1: 147.1000 | lambda_b1: 2150.2847 | lambda_a2: 147.1000 | lambda_b2: 1517.2750
‣  E[ϕ]: 0.2586 | ‣ E[Sigmasq*ϕ]: 3.8055 | ‣ ||mu_W||: 31.8762
Number of correct permutations recognized for piX: 6.0
Number of correct permutations recognized for piS: 6.0
[anneal] global_step=500 | tau_X_t=0.5361 | tau_S_t=0.5295
Total ELBO: -772.8923
Relative change in total ELBO: 5.5065e+00%
Minimum eigenvalue of V_X_star - M_X_star.T @ M_X_star: 3.6543e-02
Minimum eigenvalue of V_S_star - M_S_star.T @ M_S_star: 1.9730e-01
Iter 6/100 | mu_lambda_beta: 7.9923 | 
 sigmasq_lambda_beta: 0.0325 | 
 lambda_a1: 147.1000 | lambda_b1: 1851.5414 | lambda_a2: 147.1000 | lambda_b2: 1071.6385
‣  E[ϕ]: 0.2583 | ‣ E[Sigmasq*ϕ]: 3.2740 | ‣ ||mu_W||: 32.9905
Number of correct permutations recognized for piX: 6.0
Number of correct permutations recognized for piS: 6.0
[anneal] global_step=600 | tau_X_t=0.5229 | tau_S_t=0.5164
Total ELBO: -744.5166
Relative change in total ELBO: 3.6714e+00%
Minimum eigenvalue of V_X_star - M_X_star.T @ M_X_star: 2.6264e-02
Minimum eigenvalue of V_S_star - M_S_star.T @ M_S_star: 1.5177e-01
Iter 7/100 | mu_lambda_beta: 8.0643 | 
 sigmasq_lambda_beta: 0.0230 | 
 lambda_a1: 147.1000 | lambda_b1: 1580.3901 | lambda_a2: 147.1000 | lambda_b2: 833.3598
‣  E[ϕ]: 0.2584 | ‣ E[Sigmasq*ϕ]: 2.7954 | ‣ ||mu_W||: 34.2781
Number of correct permutations recognized for piX: 6.0
Number of correct permutations recognized for piS: 6.0
[anneal] global_step=700 | tau_X_t=0.5099 | tau_S_t=0.5036
Total ELBO: -725.0458
Relative change in total ELBO: 2.6152e+00%
Smoothed ELBO rel_impr over last 5: 8.1553e+00%
Minimum eigenvalue of V_X_star - M_X_star.T @ M_X_star: 2.0809e-02
Minimum eigenvalue of V_S_star - M_S_star.T @ M_S_star: 1.1716e-01
Stopping early at step 20 due to minimal loss change.
Iter 8/100 | mu_lambda_beta: 8.0955 | 
 sigmasq_lambda_beta: 0.0179 | 
 lambda_a1: 147.1000 | lambda_b1: 1356.8593 | lambda_a2: 147.1000 | lambda_b2: 690.7327
‣  E[ϕ]: 0.2586 | ‣ E[Sigmasq*ϕ]: 2.4021 | ‣ ||mu_W||: 35.3656
Number of correct permutations recognized for piX: 6.0
Number of correct permutations recognized for piS: 6.0
[anneal] global_step=771 | tau_X_t=0.4973 | tau_S_t=0.4947
Total ELBO: -711.2670
Relative change in total ELBO: 1.9004e+00%
Smoothed ELBO rel_impr over last 5: 6.4409e+00%
Minimum eigenvalue of V_X_star - M_X_star.T @ M_X_star: 1.7521e-02
Minimum eigenvalue of V_S_star - M_S_star.T @ M_S_star: 1.0481e-01
Iter 9/100 | mu_lambda_beta: 8.1127 | 
 sigmasq_lambda_beta: 0.0149 | 
 lambda_a1: 147.1000 | lambda_b1: 1179.2766 | lambda_a2: 147.1000 | lambda_b2: 607.4132
‣  E[ϕ]: 0.2589 | ‣ E[Sigmasq*ϕ]: 2.0896 | ‣ ||mu_W||: 35.7916
Number of correct permutations recognized for piX: 6.0
Number of correct permutations recognized for piS: 6.0
[anneal] global_step=871 | tau_X_t=0.4885 | tau_S_t=0.4825
Total ELBO: -701.2851
Relative change in total ELBO: 1.4034e+00%
Smoothed ELBO rel_impr over last 5: 4.6733e+00%
Minimum eigenvalue of V_X_star - M_X_star.T @ M_X_star: 1.5549e-02
Minimum eigenvalue of V_S_star - M_S_star.T @ M_S_star: 8.4357e-02
Stopping early at step 39 due to minimal loss change.
Iter 10/100 | mu_lambda_beta: 8.1249 | 
 sigmasq_lambda_beta: 0.0131 | 
 lambda_a1: 147.1000 | lambda_b1: 1037.2137 | lambda_a2: 147.1000 | lambda_b2: 543.2657
‣  E[ϕ]: 0.2592 | ‣ E[Sigmasq*ϕ]: 1.8401 | ‣ ||mu_W||: 36.4848
Number of correct permutations recognized for piX: 6.0
Number of correct permutations recognized for piS: 6.0
[anneal] global_step=961 | tau_X_t=0.4764 | tau_S_t=0.4717
Total ELBO: -692.7474
Relative change in total ELBO: 1.2174e+00%
Smoothed ELBO rel_impr over last 5: 3.0927e+00%
Minimum eigenvalue of V_X_star - M_X_star.T @ M_X_star: 1.3939e-02
Minimum eigenvalue of V_S_star - M_S_star.T @ M_S_star: 7.3956e-02
Stopping early at step 29 due to minimal loss change.
Iter 11/100 | mu_lambda_beta: 8.1387 | 
 sigmasq_lambda_beta: 0.0118 | 
 lambda_a1: 147.1000 | lambda_b1: 926.5844 | lambda_a2: 147.1000 | lambda_b2: 496.2129
‣  E[ϕ]: 0.2595 | ‣ E[Sigmasq*ϕ]: 1.6458 | ‣ ||mu_W||: 36.8369
Number of correct permutations recognized for piX: 6.0
Number of correct permutations recognized for piS: 6.0
[anneal] global_step=1041 | tau_X_t=0.4658 | tau_S_t=0.4623
Total ELBO: -686.5022
Relative change in total ELBO: 9.0152e-01%
Smoothed ELBO rel_impr over last 5: 2.1927e+00%
Minimum eigenvalue of V_X_star - M_X_star.T @ M_X_star: 1.2757e-02
Minimum eigenvalue of V_S_star - M_S_star.T @ M_S_star: 6.8211e-02
Iter 12/100 | mu_lambda_beta: 8.1572 | 
 sigmasq_lambda_beta: 0.0108 | 
 lambda_a1: 147.1000 | lambda_b1: 839.1957 | lambda_a2: 147.1000 | lambda_b2: 463.2976
‣  E[ϕ]: 0.2598 | ‣ E[Sigmasq*ϕ]: 1.4920 | ‣ ||mu_W||: 36.9958
Number of correct permutations recognized for piX: 6.0
Number of correct permutations recognized for piS: 6.0
[anneal] global_step=1141 | tau_X_t=0.4566 | tau_S_t=0.4509
Total ELBO: -681.5748
Relative change in total ELBO: 7.1775e-01%
Smoothed ELBO rel_impr over last 5: 1.6228e+00%
Minimum eigenvalue of V_X_star - M_X_star.T @ M_X_star: 1.1861e-02
Minimum eigenvalue of V_S_star - M_S_star.T @ M_S_star: 6.1963e-02
Stopping early at step 3 due to minimal loss change.
Iter 13/100 | mu_lambda_beta: 8.1765 | 
 sigmasq_lambda_beta: 0.0101 | 
 lambda_a1: 147.1000 | lambda_b1: 768.5293 | lambda_a2: 147.1000 | lambda_b2: 437.4052
‣  E[ϕ]: 0.2600 | ‣ E[Sigmasq*ϕ]: 1.3678 | ‣ ||mu_W||: 37.1488
Number of correct permutations recognized for piX: 6.0
Number of correct permutations recognized for piS: 6.0
[anneal] global_step=1195 | tau_X_t=0.4453 | tau_S_t=0.4448
Total ELBO: -677.4060
Relative change in total ELBO: 6.1165e-01%
Smoothed ELBO rel_impr over last 5: 1.2361e+00%
Minimum eigenvalue of V_X_star - M_X_star.T @ M_X_star: 1.1004e-02
Minimum eigenvalue of V_S_star - M_S_star.T @ M_S_star: 6.0124e-02
Stopping early at step 5 due to minimal loss change.
Iter 14/100 | mu_lambda_beta: 8.1939 | 
 sigmasq_lambda_beta: 0.0096 | 
 lambda_a1: 147.1000 | lambda_b1: 711.5049 | lambda_a2: 147.1000 | lambda_b2: 417.7864
‣  E[ϕ]: 0.2602 | ‣ E[Sigmasq*ϕ]: 1.2674 | ‣ ||mu_W||: 37.1326
Number of correct permutations recognized for piX: 6.0
Number of correct permutations recognized for piS: 6.0
[anneal] global_step=1251 | tau_X_t=0.4393 | tau_S_t=0.4386
Total ELBO: -674.2632
Relative change in total ELBO: 4.6394e-01%
Smoothed ELBO rel_impr over last 5: 9.7488e-01%
Minimum eigenvalue of V_X_star - M_X_star.T @ M_X_star: 1.0501e-02
Minimum eigenvalue of V_S_star - M_S_star.T @ M_S_star: 5.8366e-02
Iter 15/100 | mu_lambda_beta: 8.2060 | 
 sigmasq_lambda_beta: 0.0091 | 
 lambda_a1: 147.1000 | lambda_b1: 664.6515 | lambda_a2: 147.1000 | lambda_b2: 404.1686
‣  E[ϕ]: 0.2605 | ‣ E[Sigmasq*ϕ]: 1.1849 | ‣ ||mu_W||: 37.1384
Number of correct permutations recognized for piX: 6.0
Number of correct permutations recognized for piS: 6.0
[anneal] global_step=1351 | tau_X_t=0.4332 | tau_S_t=0.4278
Total ELBO: -671.6707
Relative change in total ELBO: 3.8451e-01%
Smoothed ELBO rel_impr over last 5: 7.8563e-01%
Minimum eigenvalue of V_X_star - M_X_star.T @ M_X_star: 1.0049e-02
Minimum eigenvalue of V_S_star - M_S_star.T @ M_S_star: 5.5143e-02
Iter 16/100 | mu_lambda_beta: 8.2151 | 
 sigmasq_lambda_beta: 0.0089 | 
 lambda_a1: 147.1000 | lambda_b1: 626.4211 | lambda_a2: 147.1000 | lambda_b2: 391.0518
‣  E[ϕ]: 0.2607 | ‣ E[Sigmasq*ϕ]: 1.1177 | ‣ ||mu_W||: 37.1986
Number of correct permutations recognized for piX: 6.0
Number of correct permutations recognized for piS: 6.0
[anneal] global_step=1451 | tau_X_t=0.4224 | tau_S_t=0.4172
Total ELBO: -669.0739
Relative change in total ELBO: 3.8662e-01%
Smoothed ELBO rel_impr over last 5: 6.1764e-01%
Minimum eigenvalue of V_X_star - M_X_star.T @ M_X_star: 9.4377e-03
Minimum eigenvalue of V_S_star - M_S_star.T @ M_S_star: 5.3419e-02
Iter 17/100 | mu_lambda_beta: 8.2239 | 
 sigmasq_lambda_beta: 0.0086 | 
 lambda_a1: 147.1000 | lambda_b1: 595.0515 | lambda_a2: 147.1000 | lambda_b2: 378.1942
‣  E[ϕ]: 0.2608 | ‣ E[Sigmasq*ϕ]: 1.0623 | ‣ ||mu_W||: 37.2076
Number of correct permutations recognized for piX: 6.0
Number of correct permutations recognized for piS: 6.0
[anneal] global_step=1551 | tau_X_t=0.4120 | tau_S_t=0.4069
Total ELBO: -666.6937
Relative change in total ELBO: 3.5573e-01%
Smoothed ELBO rel_impr over last 5: 5.1389e-01%
Minimum eigenvalue of V_X_star - M_X_star.T @ M_X_star: 8.8863e-03
Minimum eigenvalue of V_S_star - M_S_star.T @ M_S_star: 5.1850e-02
Iter 18/100 | mu_lambda_beta: 8.2325 | 
 sigmasq_lambda_beta: 0.0083 | 
 lambda_a1: 147.1000 | lambda_b1: 568.5655 | lambda_a2: 147.1000 | lambda_b2: 366.9250
‣  E[ϕ]: 0.2610 | ‣ E[Sigmasq*ϕ]: 1.0156 | ‣ ||mu_W||: 37.2107
Number of correct permutations recognized for piX: 6.0
Number of correct permutations recognized for piS: 6.0
[anneal] global_step=1651 | tau_X_t=0.4018 | tau_S_t=0.3968
Total ELBO: -664.7036
Relative change in total ELBO: 2.9851e-01%
Smoothed ELBO rel_impr over last 5: 4.4106e-01%
Minimum eigenvalue of V_X_star - M_X_star.T @ M_X_star: 8.3817e-03
Minimum eigenvalue of V_S_star - M_S_star.T @ M_S_star: 5.0527e-02
Iter 19/100 | mu_lambda_beta: 8.2414 | 
 sigmasq_lambda_beta: 0.0081 | 
 lambda_a1: 147.1000 | lambda_b1: 546.2037 | lambda_a2: 147.1000 | lambda_b2: 357.1223
‣  E[ϕ]: 0.2611 | ‣ E[Sigmasq*ϕ]: 0.9761 | ‣ ||mu_W||: 37.2043
Number of correct permutations recognized for piX: 6.0
Number of correct permutations recognized for piS: 6.0
[anneal] global_step=1751 | tau_X_t=0.3918 | tau_S_t=0.3870
Total ELBO: -662.9311
Relative change in total ELBO: 2.6665e-01%
Smoothed ELBO rel_impr over last 5: 3.7814e-01%
Minimum eigenvalue of V_X_star - M_X_star.T @ M_X_star: 7.9175e-03
Minimum eigenvalue of V_S_star - M_S_star.T @ M_S_star: 4.9440e-02
Iter 20/100 | mu_lambda_beta: 8.2500 | 
 sigmasq_lambda_beta: 0.0079 | 
 lambda_a1: 147.1000 | lambda_b1: 527.1190 | lambda_a2: 147.1000 | lambda_b2: 348.4802
‣  E[ϕ]: 0.2612 | ‣ E[Sigmasq*ϕ]: 0.9423 | ‣ ||mu_W||: 37.1973
Number of correct permutations recognized for piX: 6.0
Number of correct permutations recognized for piS: 6.0
[anneal] global_step=1851 | tau_X_t=0.3821 | tau_S_t=0.3774
Total ELBO: -660.6402
Relative change in total ELBO: 3.4557e-01%
Smoothed ELBO rel_impr over last 5: 3.3864e-01%
Minimum eigenvalue of V_X_star - M_X_star.T @ M_X_star: 7.4875e-03
Minimum eigenvalue of V_S_star - M_S_star.T @ M_S_star: 4.8561e-02
Iter 21/100 | mu_lambda_beta: 8.2579 | 
 sigmasq_lambda_beta: 0.0077 | 
 lambda_a1: 147.1000 | lambda_b1: 510.7076 | lambda_a2: 147.1000 | lambda_b2: 339.0290
‣  E[ϕ]: 0.2613 | ‣ E[Sigmasq*ϕ]: 0.9135 | ‣ ||mu_W||: 37.2279
Number of correct permutations recognized for piX: 6.0
Number of correct permutations recognized for piS: 6.0
[anneal] global_step=1951 | tau_X_t=0.3727 | tau_S_t=0.3680
Total ELBO: -659.3198
Relative change in total ELBO: 1.9986e-01%
Smoothed ELBO rel_impr over last 5: 3.3074e-01%
Minimum eigenvalue of V_X_star - M_X_star.T @ M_X_star: 7.0869e-03
Minimum eigenvalue of V_S_star - M_S_star.T @ M_S_star: 4.7531e-02
Iter 22/100 | mu_lambda_beta: 8.2648 | 
 sigmasq_lambda_beta: 0.0075 | 
 lambda_a1: 147.1000 | lambda_b1: 497.3801 | lambda_a2: 147.1000 | lambda_b2: 331.1671
‣  E[ϕ]: 0.2614 | ‣ E[Sigmasq*ϕ]: 0.8899 | ‣ ||mu_W||: 37.2346
Number of correct permutations recognized for piX: 6.0
Number of correct permutations recognized for piS: 6.0
[anneal] global_step=2051 | tau_X_t=0.3635 | tau_S_t=0.3589
Total ELBO: -657.8772
Relative change in total ELBO: 2.1881e-01%
Smoothed ELBO rel_impr over last 5: 2.9344e-01%
Minimum eigenvalue of V_X_star - M_X_star.T @ M_X_star: 6.7128e-03
Minimum eigenvalue of V_S_star - M_S_star.T @ M_S_star: 4.6561e-02
Iter 23/100 | mu_lambda_beta: 8.2723 | 
 sigmasq_lambda_beta: 0.0073 | 
 lambda_a1: 147.1000 | lambda_b1: 485.7249 | lambda_a2: 147.1000 | lambda_b2: 324.1515
‣  E[ϕ]: 0.2615 | ‣ E[Sigmasq*ϕ]: 0.8693 | ‣ ||mu_W||: 37.2485
Number of correct permutations recognized for piX: 6.0
Number of correct permutations recognized for piS: 6.0
[anneal] global_step=2151 | tau_X_t=0.3545 | tau_S_t=0.3501
Total ELBO: -656.6635
Relative change in total ELBO: 1.8448e-01%
Smoothed ELBO rel_impr over last 5: 2.6602e-01%
Minimum eigenvalue of V_X_star - M_X_star.T @ M_X_star: 6.3623e-03
Minimum eigenvalue of V_S_star - M_S_star.T @ M_S_star: 4.5679e-02
Iter 24/100 | mu_lambda_beta: 8.2792 | 
 sigmasq_lambda_beta: 0.0072 | 
 lambda_a1: 147.1000 | lambda_b1: 475.7386 | lambda_a2: 147.1000 | lambda_b2: 317.6758
‣  E[ϕ]: 0.2615 | ‣ E[Sigmasq*ϕ]: 0.8517 | ‣ ||mu_W||: 37.2579
Number of correct permutations recognized for piX: 6.0
Number of correct permutations recognized for piS: 6.0
[anneal] global_step=2251 | tau_X_t=0.3457 | tau_S_t=0.3414
Total ELBO: -655.6880
Relative change in total ELBO: 1.4855e-01%
Smoothed ELBO rel_impr over last 5: 2.4323e-01%
Minimum eigenvalue of V_X_star - M_X_star.T @ M_X_star: 6.0329e-03
Minimum eigenvalue of V_S_star - M_S_star.T @ M_S_star: 4.4841e-02
Iter 25/100 | mu_lambda_beta: 8.2856 | 
 sigmasq_lambda_beta: 0.0070 | 
 lambda_a1: 147.1000 | lambda_b1: 467.0576 | lambda_a2: 147.1000 | lambda_b2: 312.0115
‣  E[ϕ]: 0.2616 | ‣ E[Sigmasq*ϕ]: 0.8363 | ‣ ||mu_W||: 37.2615
Number of correct permutations recognized for piX: 6.0
Number of correct permutations recognized for piS: 6.0
[anneal] global_step=2351 | tau_X_t=0.3371 | tau_S_t=0.3329
Total ELBO: -655.3030
Relative change in total ELBO: 5.8728e-02%
Smoothed ELBO rel_impr over last 5: 2.1966e-01%
Minimum eigenvalue of V_X_star - M_X_star.T @ M_X_star: 5.7236e-03
Minimum eigenvalue of V_S_star - M_S_star.T @ M_S_star: 4.3890e-02
Iter 26/100 | mu_lambda_beta: 8.2927 | 
 sigmasq_lambda_beta: 0.0069 | 
 lambda_a1: 147.1000 | lambda_b1: 459.3498 | lambda_a2: 147.1000 | lambda_b2: 307.9525
‣  E[ϕ]: 0.2616 | ‣ E[Sigmasq*ϕ]: 0.8224 | ‣ ||mu_W||: 37.2400
Number of correct permutations recognized for piX: 6.0
Number of correct permutations recognized for piS: 6.0
[anneal] global_step=2451 | tau_X_t=0.3288 | tau_S_t=0.3247
Total ELBO: -654.2776
Relative change in total ELBO: 1.5648e-01%
Smoothed ELBO rel_impr over last 5: 1.6222e-01%
Minimum eigenvalue of V_X_star - M_X_star.T @ M_X_star: 5.4320e-03
Minimum eigenvalue of V_S_star - M_S_star.T @ M_S_star: 4.3393e-02
Iter 27/100 | mu_lambda_beta: 8.3006 | 
 sigmasq_lambda_beta: 0.0068 | 
 lambda_a1: 147.1000 | lambda_b1: 451.8984 | lambda_a2: 147.1000 | lambda_b2: 303.3973
‣  E[ϕ]: 0.2616 | ‣ E[Sigmasq*ϕ]: 0.8092 | ‣ ||mu_W||: 37.2369
Number of correct permutations recognized for piX: 6.0
Number of correct permutations recognized for piS: 6.0
[anneal] global_step=2551 | tau_X_t=0.3207 | tau_S_t=0.3167
Total ELBO: -653.7721
Relative change in total ELBO: 7.7260e-02%
Smoothed ELBO rel_impr over last 5: 1.5351e-01%
Minimum eigenvalue of V_X_star - M_X_star.T @ M_X_star: 5.1572e-03
Minimum eigenvalue of V_S_star - M_S_star.T @ M_S_star: 4.3024e-02
Iter 28/100 | mu_lambda_beta: 8.3072 | 
 sigmasq_lambda_beta: 0.0067 | 
 lambda_a1: 147.1000 | lambda_b1: 445.3478 | lambda_a2: 147.1000 | lambda_b2: 299.2751
‣  E[ϕ]: 0.2616 | ‣ E[Sigmasq*ϕ]: 0.7975 | ‣ ||mu_W||: 37.2235
Number of correct permutations recognized for piX: 6.0
Number of correct permutations recognized for piS: 6.0
[anneal] global_step=2651 | tau_X_t=0.3127 | tau_S_t=0.3088
Total ELBO: -653.0721
Relative change in total ELBO: 1.0707e-01%
Smoothed ELBO rel_impr over last 5: 1.2517e-01%
Minimum eigenvalue of V_X_star - M_X_star.T @ M_X_star: 4.8979e-03
Minimum eigenvalue of V_S_star - M_S_star.T @ M_S_star: 4.2344e-02
Iter 29/100 | mu_lambda_beta: 8.3148 | 
 sigmasq_lambda_beta: 0.0067 | 
 lambda_a1: 147.1000 | lambda_b1: 439.2384 | lambda_a2: 147.1000 | lambda_b2: 295.2471
‣  E[ϕ]: 0.2617 | ‣ E[Sigmasq*ϕ]: 0.7867 | ‣ ||mu_W||: 37.2213
Number of correct permutations recognized for piX: 6.0
Number of correct permutations recognized for piS: 6.0
[anneal] global_step=2751 | tau_X_t=0.3050 | tau_S_t=0.3012
Total ELBO: -652.3990
Relative change in total ELBO: 1.0306e-01%
Smoothed ELBO rel_impr over last 5: 1.0963e-01%
Minimum eigenvalue of V_X_star - M_X_star.T @ M_X_star: 4.6525e-03
Minimum eigenvalue of V_S_star - M_S_star.T @ M_S_star: 4.1827e-02
Iter 30/100 | mu_lambda_beta: 8.3228 | 
 sigmasq_lambda_beta: 0.0066 | 
 lambda_a1: 147.1000 | lambda_b1: 433.7620 | lambda_a2: 147.1000 | lambda_b2: 291.1216
‣  E[ϕ]: 0.2617 | ‣ E[Sigmasq*ϕ]: 0.7769 | ‣ ||mu_W||: 37.2210
Number of correct permutations recognized for piX: 6.0
Number of correct permutations recognized for piS: 6.0
[anneal] global_step=2851 | tau_X_t=0.2974 | tau_S_t=0.2937
Total ELBO: -652.3924
Relative change in total ELBO: 1.0197e-03%
Smoothed ELBO rel_impr over last 5: 1.0051e-01%
Minimum eigenvalue of V_X_star - M_X_star.T @ M_X_star: 4.4205e-03
Minimum eigenvalue of V_S_star - M_S_star.T @ M_S_star: 4.1243e-02
Iter 31/100 | mu_lambda_beta: 8.3319 | 
 sigmasq_lambda_beta: 0.0065 | 
 lambda_a1: 147.1000 | lambda_b1: 428.8777 | lambda_a2: 147.1000 | lambda_b2: 288.2965
‣  E[ϕ]: 0.2617 | ‣ E[Sigmasq*ϕ]: 0.7681 | ‣ ||mu_W||: 37.1962
Number of correct permutations recognized for piX: 6.0
Number of correct permutations recognized for piS: 6.0
[anneal] global_step=2951 | tau_X_t=0.2901 | tau_S_t=0.2865
Total ELBO: -652.0612
Relative change in total ELBO: 5.0773e-02%
Smoothed ELBO rel_impr over last 5: 8.9046e-02%
Minimum eigenvalue of V_X_star - M_X_star.T @ M_X_star: 4.2011e-03
Minimum eigenvalue of V_S_star - M_S_star.T @ M_S_star: 4.0760e-02
Iter 32/100 | mu_lambda_beta: 8.3404 | 
 sigmasq_lambda_beta: 0.0065 | 
 lambda_a1: 147.1000 | lambda_b1: 423.9126 | lambda_a2: 147.1000 | lambda_b2: 285.6255
‣  E[ϕ]: 0.2617 | ‣ E[Sigmasq*ϕ]: 0.7592 | ‣ ||mu_W||: 37.1771
Number of correct permutations recognized for piX: 6.0
Number of correct permutations recognized for piS: 6.0
[anneal] global_step=3051 | tau_X_t=0.2829 | tau_S_t=0.2794
Total ELBO: -651.6714
Relative change in total ELBO: 5.9775e-02%
Smoothed ELBO rel_impr over last 5: 6.7867e-02%
Minimum eigenvalue of V_X_star - M_X_star.T @ M_X_star: 3.9934e-03
Minimum eigenvalue of V_S_star - M_S_star.T @ M_S_star: 4.0330e-02
Iter 33/100 | mu_lambda_beta: 8.3499 | 
 sigmasq_lambda_beta: 0.0064 | 
 lambda_a1: 147.1000 | lambda_b1: 419.1717 | lambda_a2: 147.1000 | lambda_b2: 282.6540
‣  E[ϕ]: 0.2617 | ‣ E[Sigmasq*ϕ]: 0.7508 | ‣ ||mu_W||: 37.1629
Number of correct permutations recognized for piX: 6.0
Number of correct permutations recognized for piS: 6.0
[anneal] global_step=3151 | tau_X_t=0.2759 | tau_S_t=0.2724
Total ELBO: -650.8189
Relative change in total ELBO: 1.3081e-01%
Smoothed ELBO rel_impr over last 5: 6.4360e-02%
Minimum eigenvalue of V_X_star - M_X_star.T @ M_X_star: 3.7966e-03
Minimum eigenvalue of V_S_star - M_S_star.T @ M_S_star: 4.0083e-02
Iter 34/100 | mu_lambda_beta: 8.3572 | 
 sigmasq_lambda_beta: 0.0063 | 
 lambda_a1: 147.1000 | lambda_b1: 414.8015 | lambda_a2: 147.1000 | lambda_b2: 278.6507
‣  E[ϕ]: 0.2617 | ‣ E[Sigmasq*ϕ]: 0.7431 | ‣ ||mu_W||: 37.1788
Number of correct permutations recognized for piX: 6.0
Number of correct permutations recognized for piS: 6.0
[anneal] global_step=3251 | tau_X_t=0.2691 | tau_S_t=0.2657
Total ELBO: -650.7635
Relative change in total ELBO: 8.5060e-03%
Smoothed ELBO rel_impr over last 5: 6.9089e-02%
Minimum eigenvalue of V_X_star - M_X_star.T @ M_X_star: 3.6102e-03
Minimum eigenvalue of V_S_star - M_S_star.T @ M_S_star: 3.9420e-02
Iter 35/100 | mu_lambda_beta: 8.3645 | 
 sigmasq_lambda_beta: 0.0063 | 
 lambda_a1: 147.1000 | lambda_b1: 411.2469 | lambda_a2: 147.1000 | lambda_b2: 275.5656
‣  E[ϕ]: 0.2617 | ‣ E[Sigmasq*ϕ]: 0.7367 | ‣ ||mu_W||: 37.1725
Number of correct permutations recognized for piX: 6.0
Number of correct permutations recognized for piS: 6.0
[anneal] global_step=3351 | tau_X_t=0.2624 | tau_S_t=0.2591
Total ELBO: -650.4672
Relative change in total ELBO: 4.5544e-02%
Smoothed ELBO rel_impr over last 5: 5.0168e-02%
Minimum eigenvalue of V_X_star - M_X_star.T @ M_X_star: 3.4335e-03
Minimum eigenvalue of V_S_star - M_S_star.T @ M_S_star: 3.8995e-02
Iter 36/100 | mu_lambda_beta: 8.3709 | 
 sigmasq_lambda_beta: 0.0062 | 
 lambda_a1: 147.1000 | lambda_b1: 407.8417 | lambda_a2: 147.1000 | lambda_b2: 272.7326
‣  E[ϕ]: 0.2617 | ‣ E[Sigmasq*ϕ]: 0.7307 | ‣ ||mu_W||: 37.1736
Number of correct permutations recognized for piX: 6.0
Number of correct permutations recognized for piS: 6.0
[anneal] global_step=3451 | tau_X_t=0.2559 | tau_S_t=0.2527
Total ELBO: -650.3207
Relative change in total ELBO: 2.2520e-02%
Smoothed ELBO rel_impr over last 5: 5.9101e-02%
Minimum eigenvalue of V_X_star - M_X_star.T @ M_X_star: 3.2658e-03
Minimum eigenvalue of V_S_star - M_S_star.T @ M_S_star: 3.8645e-02
Iter 37/100 | mu_lambda_beta: 8.3758 | 
 sigmasq_lambda_beta: 0.0061 | 
 lambda_a1: 147.1000 | lambda_b1: 404.7503 | lambda_a2: 147.1000 | lambda_b2: 270.1148
‣  E[ϕ]: 0.2617 | ‣ E[Sigmasq*ϕ]: 0.7251 | ‣ ||mu_W||: 37.1744
Number of correct permutations recognized for piX: 6.0
Number of correct permutations recognized for piS: 6.0
[anneal] global_step=3551 | tau_X_t=0.2496 | tau_S_t=0.2465
Total ELBO: -650.1226
Relative change in total ELBO: 3.0465e-02%
Smoothed ELBO rel_impr over last 5: 5.3447e-02%
Minimum eigenvalue of V_X_star - M_X_star.T @ M_X_star: 3.1070e-03
Minimum eigenvalue of V_S_star - M_S_star.T @ M_S_star: 3.8276e-02
Iter 38/100 | mu_lambda_beta: 8.3815 | 
 sigmasq_lambda_beta: 0.0061 | 
 lambda_a1: 147.1000 | lambda_b1: 401.8780 | lambda_a2: 147.1000 | lambda_b2: 267.5471
‣  E[ϕ]: 0.2618 | ‣ E[Sigmasq*ϕ]: 0.7200 | ‣ ||mu_W||: 37.1756
Number of correct permutations recognized for piX: 6.0
Number of correct permutations recognized for piS: 6.0
[anneal] global_step=3651 | tau_X_t=0.2434 | tau_S_t=0.2404
Total ELBO: -650.1403
Relative change in total ELBO: -2.7226e-03%
Smoothed ELBO rel_impr over last 5: 4.7614e-02%
Minimum eigenvalue of V_X_star - M_X_star.T @ M_X_star: 2.9568e-03
Minimum eigenvalue of V_S_star - M_S_star.T @ M_S_star: 3.7875e-02
Iter 39/100 | mu_lambda_beta: 8.3874 | 
 sigmasq_lambda_beta: 0.0060 | 
 lambda_a1: 147.1000 | lambda_b1: 399.2381 | lambda_a2: 147.1000 | lambda_b2: 265.3126
‣  E[ϕ]: 0.2617 | ‣ E[Sigmasq*ϕ]: 0.7153 | ‣ ||mu_W||: 37.1707
Number of correct permutations recognized for piX: 6.0
Number of correct permutations recognized for piS: 6.0
[anneal] global_step=3751 | tau_X_t=0.2374 | tau_S_t=0.2344
Total ELBO: -650.3185
Relative change in total ELBO: -2.7413e-02%
Smoothed ELBO rel_impr over last 5: 2.0858e-02%
Minimum eigenvalue of V_X_star - M_X_star.T @ M_X_star: 2.8144e-03
Minimum eigenvalue of V_S_star - M_S_star.T @ M_S_star: 3.7549e-02
Iter 40/100 | mu_lambda_beta: 8.3954 | 
 sigmasq_lambda_beta: 0.0060 | 
 lambda_a1: 147.1000 | lambda_b1: 396.6717 | lambda_a2: 147.1000 | lambda_b2: 263.5831
‣  E[ϕ]: 0.2617 | ‣ E[Sigmasq*ϕ]: 0.7106 | ‣ ||mu_W||: 37.1548
Number of correct permutations recognized for piX: 6.0
Number of correct permutations recognized for piS: 6.0
[anneal] global_step=3851 | tau_X_t=0.2315 | tau_S_t=0.2286
Total ELBO: -650.3012
Relative change in total ELBO: 2.6561e-03%
Smoothed ELBO rel_impr over last 5: 1.3692e-02%
Minimum eigenvalue of V_X_star - M_X_star.T @ M_X_star: 2.6797e-03
Minimum eigenvalue of V_S_star - M_S_star.T @ M_S_star: 3.7295e-02
Stopping early at step 40 due to minimal loss change.
Iter 41/100 | mu_lambda_beta: 8.4055 | 
 sigmasq_lambda_beta: 0.0060 | 
 lambda_a1: 147.1000 | lambda_b1: 394.0660 | lambda_a2: 147.1000 | lambda_b2: 261.7316
‣  E[ϕ]: 0.2617 | ‣ E[Sigmasq*ϕ]: 0.7059 | ‣ ||mu_W||: 37.1421
Number of correct permutations recognized for piX: 6.0
Number of correct permutations recognized for piS: 6.0
[anneal] global_step=3942 | tau_X_t=0.2263 | tau_S_t=0.2235
Total ELBO: -650.2371
Relative change in total ELBO: 9.8643e-03%
Smoothed ELBO rel_impr over last 5: 5.1060e-03%
Stopping: smoothed ELBO improvement is 5.1060e-03% (< 0.01%)
Minimum eigenvalue of V_X_star - M_X_star.T @ M_X_star: -8.9407e-08
Minimum eigenvalue of V_S_star - M_S_star.T @ M_S_star: -8.9407e-08
Iter 1/100 | mu_lambda_beta: 1.4629 | 
 sigmasq_lambda_beta: 0.0000 | 
 lambda_a1: 147.1000 | lambda_b1: 6480.9727 | lambda_a2: 147.1000 | lambda_b2: 11926.4238
‣  E[ϕ]: 0.2549 | ‣ E[Sigmasq*ϕ]: 11.3068 | ‣ ||mu_W||: 45.9396
Number of correct permutations recognized for piX: 4.0
Number of correct permutations recognized for piS: 1.0
[anneal] global_step=100 | tau_X_t=0.6915 | tau_S_t=0.6828
Total ELBO: -1112.7806
Minimum eigenvalue of V_X_star - M_X_star.T @ M_X_star: 2.2867e-01
Minimum eigenvalue of V_S_star - M_S_star.T @ M_S_star: 2.2296e-01
Iter 2/100 | mu_lambda_beta: 3.9396 | 
 sigmasq_lambda_beta: 0.3577 | 
 lambda_a1: 147.1000 | lambda_b1: 2797.7244 | lambda_a2: 147.1000 | lambda_b2: 9685.0469
‣  E[ϕ]: 0.2607 | ‣ E[Sigmasq*ϕ]: 4.9918 | ‣ ||mu_W||: 34.4866
Number of correct permutations recognized for piX: 6.0
Number of correct permutations recognized for piS: 2.0
[anneal] global_step=200 | tau_X_t=0.6743 | tau_S_t=0.6659
Total ELBO: -993.4915
Relative change in total ELBO: 1.0720e+01%
Minimum eigenvalue of V_X_star - M_X_star.T @ M_X_star: 2.2971e-01
Minimum eigenvalue of V_S_star - M_S_star.T @ M_S_star: 2.9226e-01
Iter 3/100 | mu_lambda_beta: 6.2830 | 
 sigmasq_lambda_beta: 0.2186 | 
 lambda_a1: 147.1000 | lambda_b1: 2609.2341 | lambda_a2: 147.1000 | lambda_b2: 5551.5952
‣  E[ϕ]: 0.2605 | ‣ E[Sigmasq*ϕ]: 4.6528 | ‣ ||mu_W||: 30.9987
Number of correct permutations recognized for piX: 6.0
Number of correct permutations recognized for piS: 1.0
[anneal] global_step=300 | tau_X_t=0.6577 | tau_S_t=0.6495
Total ELBO: -900.9435
Relative change in total ELBO: 9.3154e+00%
Minimum eigenvalue of V_X_star - M_X_star.T @ M_X_star: 1.3070e-01
Minimum eigenvalue of V_S_star - M_S_star.T @ M_S_star: 3.2898e-01
Iter 4/100 | mu_lambda_beta: 7.2999 | 
 sigmasq_lambda_beta: 0.1158 | 
 lambda_a1: 147.1000 | lambda_b1: 2416.6819 | lambda_a2: 147.1000 | lambda_b2: 2800.3960
‣  E[ϕ]: 0.2594 | ‣ E[Sigmasq*ϕ]: 4.2916 | ‣ ||mu_W||: 29.8591
Number of correct permutations recognized for piX: 6.0
Number of correct permutations recognized for piS: 2.0
[anneal] global_step=400 | tau_X_t=0.6414 | tau_S_t=0.6334
Total ELBO: -829.2718
Relative change in total ELBO: 7.9552e+00%
Minimum eigenvalue of V_X_star - M_X_star.T @ M_X_star: 7.0934e-02
Minimum eigenvalue of V_S_star - M_S_star.T @ M_S_star: 2.9709e-01
Iter 5/100 | mu_lambda_beta: 7.7357 | 
 sigmasq_lambda_beta: 0.0591 | 
 lambda_a1: 147.1000 | lambda_b1: 2155.6501 | lambda_a2: 147.1000 | lambda_b2: 1729.7008
‣  E[ϕ]: 0.2588 | ‣ E[Sigmasq*ϕ]: 3.8185 | ‣ ||mu_W||: 30.4493
Number of correct permutations recognized for piX: 6.0
Number of correct permutations recognized for piS: 6.0
[anneal] global_step=500 | tau_X_t=0.6255 | tau_S_t=0.6177
Total ELBO: -785.1156
Relative change in total ELBO: 5.3247e+00%
Minimum eigenvalue of V_X_star - M_X_star.T @ M_X_star: 4.5279e-02
Minimum eigenvalue of V_S_star - M_S_star.T @ M_S_star: 2.3423e-01
Iter 6/100 | mu_lambda_beta: 7.9287 | 
 sigmasq_lambda_beta: 0.0368 | 
 lambda_a1: 147.1000 | lambda_b1: 1874.6165 | lambda_a2: 147.1000 | lambda_b2: 1222.3632
‣  E[ϕ]: 0.2586 | ‣ E[Sigmasq*ϕ]: 3.3186 | ‣ ||mu_W||: 31.9899
Number of correct permutations recognized for piX: 6.0
Number of correct permutations recognized for piS: 6.0
[anneal] global_step=600 | tau_X_t=0.6100 | tau_S_t=0.6024
Total ELBO: -756.1815
Relative change in total ELBO: 3.6853e+00%
Minimum eigenvalue of V_X_star - M_X_star.T @ M_X_star: 3.3172e-02
Minimum eigenvalue of V_S_star - M_S_star.T @ M_S_star: 1.7576e-01
Iter 7/100 | mu_lambda_beta: 8.0095 | 
 sigmasq_lambda_beta: 0.0261 | 
 lambda_a1: 147.1000 | lambda_b1: 1620.8333 | lambda_a2: 147.1000 | lambda_b2: 948.0659
‣  E[ϕ]: 0.2587 | ‣ E[Sigmasq*ϕ]: 2.8704 | ‣ ||mu_W||: 33.5945
Number of correct permutations recognized for piX: 6.0
Number of correct permutations recognized for piS: 6.0
[anneal] global_step=700 | tau_X_t=0.5949 | tau_S_t=0.5875
Total ELBO: -736.3094
Relative change in total ELBO: 2.6279e+00%
Smoothed ELBO rel_impr over last 5: 7.7159e+00%
Minimum eigenvalue of V_X_star - M_X_star.T @ M_X_star: 2.6646e-02
Minimum eigenvalue of V_S_star - M_S_star.T @ M_S_star: 1.3382e-01
Iter 8/100 | mu_lambda_beta: 8.0434 | 
 sigmasq_lambda_beta: 0.0203 | 
 lambda_a1: 147.1000 | lambda_b1: 1410.1853 | lambda_a2: 147.1000 | lambda_b2: 784.9974
‣  E[ϕ]: 0.2590 | ‣ E[Sigmasq*ϕ]: 2.4995 | ‣ ||mu_W||: 34.8820
Number of correct permutations recognized for piX: 6.0
Number of correct permutations recognized for piS: 6.0
[anneal] global_step=800 | tau_X_t=0.5802 | tau_S_t=0.5730
Total ELBO: -722.1207
Relative change in total ELBO: 1.9270e+00%
Smoothed ELBO rel_impr over last 5: 6.0301e+00%
Minimum eigenvalue of V_X_star - M_X_star.T @ M_X_star: 2.2673e-02
Minimum eigenvalue of V_S_star - M_S_star.T @ M_S_star: 1.0774e-01
Stopping early at step 34 due to minimal loss change.
Iter 9/100 | mu_lambda_beta: 8.0604 | 
 sigmasq_lambda_beta: 0.0168 | 
 lambda_a1: 147.1000 | lambda_b1: 1240.7538 | lambda_a2: 147.1000 | lambda_b2: 680.5969
‣  E[ϕ]: 0.2592 | ‣ E[Sigmasq*ϕ]: 2.2013 | ‣ ||mu_W||: 35.7898
Number of correct permutations recognized for piX: 6.0
Number of correct permutations recognized for piS: 6.0
[anneal] global_step=885 | tau_X_t=0.5658 | tau_S_t=0.5609
Total ELBO: -711.4705
Relative change in total ELBO: 1.4749e+00%
Smoothed ELBO rel_impr over last 5: 4.4618e+00%
Minimum eigenvalue of V_X_star - M_X_star.T @ M_X_star: 1.9997e-02
Minimum eigenvalue of V_S_star - M_S_star.T @ M_S_star: 9.3944e-02
Stopping early at step 35 due to minimal loss change.
Iter 10/100 | mu_lambda_beta: 8.0702 | 
 sigmasq_lambda_beta: 0.0146 | 
 lambda_a1: 147.1000 | lambda_b1: 1105.0297 | lambda_a2: 147.1000 | lambda_b2: 611.7445
‣  E[ϕ]: 0.2594 | ‣ E[Sigmasq*ϕ]: 1.9623 | ‣ ||mu_W||: 36.2836
Number of correct permutations recognized for piX: 6.0
Number of correct permutations recognized for piS: 6.0
[anneal] global_step=971 | tau_X_t=0.5539 | tau_S_t=0.5489
Total ELBO: -703.6852
Relative change in total ELBO: 1.0943e+00%
Smoothed ELBO rel_impr over last 5: 3.0766e+00%
Minimum eigenvalue of V_X_star - M_X_star.T @ M_X_star: 1.8174e-02
Minimum eigenvalue of V_S_star - M_S_star.T @ M_S_star: 8.3287e-02
Stopping early at step 26 due to minimal loss change.
Iter 11/100 | mu_lambda_beta: 8.0790 | 
 sigmasq_lambda_beta: 0.0131 | 
 lambda_a1: 147.1000 | lambda_b1: 995.1556 | lambda_a2: 147.1000 | lambda_b2: 563.1439
‣  E[ϕ]: 0.2597 | ‣ E[Sigmasq*ϕ]: 1.7688 | ‣ ||mu_W||: 36.6363
Number of correct permutations recognized for piX: 6.0
Number of correct permutations recognized for piS: 6.0
[anneal] global_step=1048 | tau_X_t=0.5421 | tau_S_t=0.5384
Total ELBO: -697.4607
Relative change in total ELBO: 8.8456e-01%
Smoothed ELBO rel_impr over last 5: 2.1942e+00%
Minimum eigenvalue of V_X_star - M_X_star.T @ M_X_star: 1.6753e-02
Minimum eigenvalue of V_S_star - M_S_star.T @ M_S_star: 7.6709e-02
Stopping early at step 19 due to minimal loss change.
Iter 12/100 | mu_lambda_beta: 8.0908 | 
 sigmasq_lambda_beta: 0.0121 | 
 lambda_a1: 147.1000 | lambda_b1: 905.7377 | lambda_a2: 147.1000 | lambda_b2: 527.3508
‣  E[ϕ]: 0.2599 | ‣ E[Sigmasq*ϕ]: 1.6113 | ‣ ||mu_W||: 36.8198
Number of correct permutations recognized for piX: 6.0
Number of correct permutations recognized for piS: 6.0
[anneal] global_step=1118 | tau_X_t=0.5317 | tau_S_t=0.5291
Total ELBO: -692.1560
Relative change in total ELBO: 7.6057e-01%
Smoothed ELBO rel_impr over last 5: 1.6178e+00%
Minimum eigenvalue of V_X_star - M_X_star.T @ M_X_star: 1.5665e-02
Minimum eigenvalue of V_S_star - M_S_star.T @ M_S_star: 7.2282e-02
Stopping early at step 17 due to minimal loss change.
Iter 13/100 | mu_lambda_beta: 8.1038 | 
 sigmasq_lambda_beta: 0.0113 | 
 lambda_a1: 147.1000 | lambda_b1: 832.3768 | lambda_a2: 147.1000 | lambda_b2: 499.1804
‣  E[ϕ]: 0.2601 | ‣ E[Sigmasq*ϕ]: 1.4821 | ‣ ||mu_W||: 36.9462
Number of correct permutations recognized for piX: 6.0
Number of correct permutations recognized for piS: 6.0
[anneal] global_step=1186 | tau_X_t=0.5225 | tau_S_t=0.5201
Total ELBO: -687.8671
Relative change in total ELBO: 6.1965e-01%
Smoothed ELBO rel_impr over last 5: 1.2364e+00%
Minimum eigenvalue of V_X_star - M_X_star.T @ M_X_star: 1.4796e-02
Minimum eigenvalue of V_S_star - M_S_star.T @ M_S_star: 6.8767e-02
Stopping early at step 11 due to minimal loss change.
Iter 14/100 | mu_lambda_beta: 8.1172 | 
 sigmasq_lambda_beta: 0.0108 | 
 lambda_a1: 147.1000 | lambda_b1: 772.2862 | lambda_a2: 147.1000 | lambda_b2: 476.5945
‣  E[ϕ]: 0.2604 | ‣ E[Sigmasq*ϕ]: 1.3763 | ‣ ||mu_W||: 37.0274
Number of correct permutations recognized for piX: 6.0
Number of correct permutations recognized for piS: 6.0
[anneal] global_step=1248 | tau_X_t=0.5137 | tau_S_t=0.5121
Total ELBO: -684.6133
Relative change in total ELBO: 4.7302e-01%
Smoothed ELBO rel_impr over last 5: 9.7121e-01%
Minimum eigenvalue of V_X_star - M_X_star.T @ M_X_star: 1.4056e-02
Minimum eigenvalue of V_S_star - M_S_star.T @ M_S_star: 6.6216e-02
Stopping early at step 6 due to minimal loss change.
Iter 15/100 | mu_lambda_beta: 8.1302 | 
 sigmasq_lambda_beta: 0.0103 | 
 lambda_a1: 147.1000 | lambda_b1: 722.7299 | lambda_a2: 147.1000 | lambda_b2: 459.2976
‣  E[ϕ]: 0.2605 | ‣ E[Sigmasq*ϕ]: 1.2889 | ‣ ||mu_W||: 37.0465
Number of correct permutations recognized for piX: 6.0
Number of correct permutations recognized for piS: 6.0
[anneal] global_step=1305 | tau_X_t=0.5057 | tau_S_t=0.5049
Total ELBO: -681.7343
Relative change in total ELBO: 4.2053e-01%
Smoothed ELBO rel_impr over last 5: 7.6898e-01%
Minimum eigenvalue of V_X_star - M_X_star.T @ M_X_star: 1.3438e-02
Minimum eigenvalue of V_S_star - M_S_star.T @ M_S_star: 6.4058e-02
Iter 16/100 | mu_lambda_beta: 8.1428 | 
 sigmasq_lambda_beta: 0.0099 | 
 lambda_a1: 147.1000 | lambda_b1: 681.1785 | lambda_a2: 147.1000 | lambda_b2: 445.3105
‣  E[ϕ]: 0.2607 | ‣ E[Sigmasq*ϕ]: 1.2156 | ‣ ||mu_W||: 37.0580
Number of correct permutations recognized for piX: 6.0
Number of correct permutations recognized for piS: 6.0
[anneal] global_step=1405 | tau_X_t=0.4986 | tau_S_t=0.4924
Total ELBO: -679.5205
Relative change in total ELBO: 3.2473e-01%
Smoothed ELBO rel_impr over last 5: 6.3335e-01%
Minimum eigenvalue of V_X_star - M_X_star.T @ M_X_star: 1.2914e-02
Minimum eigenvalue of V_S_star - M_S_star.T @ M_S_star: 6.0822e-02
Iter 17/100 | mu_lambda_beta: 8.1510 | 
 sigmasq_lambda_beta: 0.0097 | 
 lambda_a1: 147.1000 | lambda_b1: 646.4634 | lambda_a2: 147.1000 | lambda_b2: 432.9938
‣  E[ϕ]: 0.2609 | ‣ E[Sigmasq*ϕ]: 1.1543 | ‣ ||mu_W||: 37.0915
Number of correct permutations recognized for piX: 6.0
Number of correct permutations recognized for piS: 6.0
[anneal] global_step=1505 | tau_X_t=0.4862 | tau_S_t=0.4802
Total ELBO: -676.5975
Relative change in total ELBO: 4.3015e-01%
Smoothed ELBO rel_impr over last 5: 5.2094e-01%
Minimum eigenvalue of V_X_star - M_X_star.T @ M_X_star: 1.2173e-02
Minimum eigenvalue of V_S_star - M_S_star.T @ M_S_star: 5.9234e-02
Iter 18/100 | mu_lambda_beta: 8.1608 | 
 sigmasq_lambda_beta: 0.0094 | 
 lambda_a1: 147.1000 | lambda_b1: 616.8708 | lambda_a2: 147.1000 | lambda_b2: 419.1031
‣  E[ϕ]: 0.2610 | ‣ E[Sigmasq*ϕ]: 1.1020 | ‣ ||mu_W||: 37.1014
Number of correct permutations recognized for piX: 6.0
Number of correct permutations recognized for piS: 6.0
[anneal] global_step=1605 | tau_X_t=0.4742 | tau_S_t=0.4683
Total ELBO: -673.9515
Relative change in total ELBO: 3.9108e-01%
Smoothed ELBO rel_impr over last 5: 4.5414e-01%
Minimum eigenvalue of V_X_star - M_X_star.T @ M_X_star: 1.1493e-02
Minimum eigenvalue of V_S_star - M_S_star.T @ M_S_star: 5.7763e-02
Iter 19/100 | mu_lambda_beta: 8.1702 | 
 sigmasq_lambda_beta: 0.0091 | 
 lambda_a1: 147.1000 | lambda_b1: 591.6108 | lambda_a2: 147.1000 | lambda_b2: 406.1646
‣  E[ϕ]: 0.2611 | ‣ E[Sigmasq*ϕ]: 1.0573 | ‣ ||mu_W||: 37.1119
Number of correct permutations recognized for piX: 6.0
Number of correct permutations recognized for piS: 6.0
[anneal] global_step=1705 | tau_X_t=0.4625 | tau_S_t=0.4567
Total ELBO: -671.6313
Relative change in total ELBO: 3.4426e-01%
Smoothed ELBO rel_impr over last 5: 4.0805e-01%
Minimum eigenvalue of V_X_star - M_X_star.T @ M_X_star: 1.0864e-02
Minimum eigenvalue of V_S_star - M_S_star.T @ M_S_star: 5.6220e-02
Iter 20/100 | mu_lambda_beta: 8.1802 | 
 sigmasq_lambda_beta: 0.0088 | 
 lambda_a1: 147.1000 | lambda_b1: 569.8942 | lambda_a2: 147.1000 | lambda_b2: 394.5810
‣  E[ϕ]: 0.2612 | ‣ E[Sigmasq*ϕ]: 1.0189 | ‣ ||mu_W||: 37.1155
Number of correct permutations recognized for piX: 6.0
Number of correct permutations recognized for piS: 6.0
[anneal] global_step=1805 | tau_X_t=0.4510 | tau_S_t=0.4454
Total ELBO: -669.5000
Relative change in total ELBO: 3.1734e-01%
Smoothed ELBO rel_impr over last 5: 3.8221e-01%
Minimum eigenvalue of V_X_star - M_X_star.T @ M_X_star: 1.0281e-02
Minimum eigenvalue of V_S_star - M_S_star.T @ M_S_star: 5.4886e-02
Iter 21/100 | mu_lambda_beta: 8.1896 | 
 sigmasq_lambda_beta: 0.0086 | 
 lambda_a1: 147.1000 | lambda_b1: 551.1009 | lambda_a2: 147.1000 | lambda_b2: 384.0822
‣  E[ϕ]: 0.2613 | ‣ E[Sigmasq*ϕ]: 0.9856 | ‣ ||mu_W||: 37.1199
Number of correct permutations recognized for piX: 6.0
Number of correct permutations recognized for piS: 6.0
[anneal] global_step=1905 | tau_X_t=0.4398 | tau_S_t=0.4344
Total ELBO: -667.5293
Relative change in total ELBO: 2.9435e-01%
Smoothed ELBO rel_impr over last 5: 3.6160e-01%
Minimum eigenvalue of V_X_star - M_X_star.T @ M_X_star: 9.7356e-03
Minimum eigenvalue of V_S_star - M_S_star.T @ M_S_star: 5.3655e-02
Iter 22/100 | mu_lambda_beta: 8.1987 | 
 sigmasq_lambda_beta: 0.0084 | 
 lambda_a1: 147.1000 | lambda_b1: 534.7432 | lambda_a2: 147.1000 | lambda_b2: 374.4063
‣  E[ϕ]: 0.2614 | ‣ E[Sigmasq*ϕ]: 0.9567 | ‣ ||mu_W||: 37.1254
Number of correct permutations recognized for piX: 6.0
Number of correct permutations recognized for piS: 6.0
[anneal] global_step=2005 | tau_X_t=0.4290 | tau_S_t=0.4236
Total ELBO: -665.6951
Relative change in total ELBO: 2.7477e-01%
Smoothed ELBO rel_impr over last 5: 3.5570e-01%
Minimum eigenvalue of V_X_star - M_X_star.T @ M_X_star: 9.2254e-03
Minimum eigenvalue of V_S_star - M_S_star.T @ M_S_star: 5.2503e-02
Iter 23/100 | mu_lambda_beta: 8.2076 | 
 sigmasq_lambda_beta: 0.0082 | 
 lambda_a1: 147.1000 | lambda_b1: 520.4789 | lambda_a2: 147.1000 | lambda_b2: 365.3977
‣  E[ϕ]: 0.2615 | ‣ E[Sigmasq*ϕ]: 0.9314 | ‣ ||mu_W||: 37.1322
Number of correct permutations recognized for piX: 6.0
Number of correct permutations recognized for piS: 6.0
[anneal] global_step=2105 | tau_X_t=0.4183 | tau_S_t=0.4131
Total ELBO: -663.9833
Relative change in total ELBO: 2.5715e-01%
Smoothed ELBO rel_impr over last 5: 3.2455e-01%
Minimum eigenvalue of V_X_star - M_X_star.T @ M_X_star: 8.7464e-03
Minimum eigenvalue of V_S_star - M_S_star.T @ M_S_star: 5.1412e-02
Iter 24/100 | mu_lambda_beta: 8.2166 | 
 sigmasq_lambda_beta: 0.0080 | 
 lambda_a1: 147.1000 | lambda_b1: 508.0116 | lambda_a2: 147.1000 | lambda_b2: 356.9572
‣  E[ϕ]: 0.2615 | ‣ E[Sigmasq*ϕ]: 0.9093 | ‣ ||mu_W||: 37.1411
Number of correct permutations recognized for piX: 6.0
Number of correct permutations recognized for piS: 6.0
[anneal] global_step=2205 | tau_X_t=0.4080 | tau_S_t=0.4029
Total ELBO: -662.2083
Relative change in total ELBO: 2.6733e-01%
Smoothed ELBO rel_impr over last 5: 2.9770e-01%
Minimum eigenvalue of V_X_star - M_X_star.T @ M_X_star: 8.2958e-03
Minimum eigenvalue of V_S_star - M_S_star.T @ M_S_star: 5.0305e-02
Iter 25/100 | mu_lambda_beta: 8.2248 | 
 sigmasq_lambda_beta: 0.0078 | 
 lambda_a1: 147.1000 | lambda_b1: 497.0904 | lambda_a2: 147.1000 | lambda_b2: 348.5856
‣  E[ϕ]: 0.2616 | ‣ E[Sigmasq*ϕ]: 0.8900 | ‣ ||mu_W||: 37.1632
Number of correct permutations recognized for piX: 6.0
Number of correct permutations recognized for piS: 6.0
[anneal] global_step=2305 | tau_X_t=0.3979 | tau_S_t=0.3929
Total ELBO: -660.8541
Relative change in total ELBO: 2.0450e-01%
Smoothed ELBO rel_impr over last 5: 2.8227e-01%
Minimum eigenvalue of V_X_star - M_X_star.T @ M_X_star: 7.8716e-03
Minimum eigenvalue of V_S_star - M_S_star.T @ M_S_star: 4.9274e-02
Iter 26/100 | mu_lambda_beta: 8.2336 | 
 sigmasq_lambda_beta: 0.0077 | 
 lambda_a1: 147.1000 | lambda_b1: 487.7078 | lambda_a2: 147.1000 | lambda_b2: 341.1095
‣  E[ϕ]: 0.2616 | ‣ E[Sigmasq*ϕ]: 0.8734 | ‣ ||mu_W||: 37.1759
Number of correct permutations recognized for piX: 6.0
Number of correct permutations recognized for piS: 6.0
[anneal] global_step=2405 | tau_X_t=0.3880 | tau_S_t=0.3832
Total ELBO: -659.1979
Relative change in total ELBO: 2.5060e-01%
Smoothed ELBO rel_impr over last 5: 2.5973e-01%
Minimum eigenvalue of V_X_star - M_X_star.T @ M_X_star: 7.4712e-03
Minimum eigenvalue of V_S_star - M_S_star.T @ M_S_star: 4.8437e-02
Iter 27/100 | mu_lambda_beta: 8.2423 | 
 sigmasq_lambda_beta: 0.0075 | 
 lambda_a1: 147.1000 | lambda_b1: 479.2979 | lambda_a2: 147.1000 | lambda_b2: 333.5493
‣  E[ϕ]: 0.2617 | ‣ E[Sigmasq*ϕ]: 0.8585 | ‣ ||mu_W||: 37.2024
Number of correct permutations recognized for piX: 6.0
Number of correct permutations recognized for piS: 6.0
[anneal] global_step=2505 | tau_X_t=0.3784 | tau_S_t=0.3737
Total ELBO: -658.1592
Relative change in total ELBO: 1.5758e-01%
Smoothed ELBO rel_impr over last 5: 2.5092e-01%
Minimum eigenvalue of V_X_star - M_X_star.T @ M_X_star: 7.0933e-03
Minimum eigenvalue of V_S_star - M_S_star.T @ M_S_star: 4.7298e-02
Iter 28/100 | mu_lambda_beta: 8.2501 | 
 sigmasq_lambda_beta: 0.0073 | 
 lambda_a1: 147.1000 | lambda_b1: 472.1551 | lambda_a2: 147.1000 | lambda_b2: 327.0396
‣  E[ϕ]: 0.2617 | ‣ E[Sigmasq*ϕ]: 0.8458 | ‣ ||mu_W||: 37.2164
Number of correct permutations recognized for piX: 6.0
Number of correct permutations recognized for piS: 6.0
[anneal] global_step=2605 | tau_X_t=0.3691 | tau_S_t=0.3645
Total ELBO: -656.9519
Relative change in total ELBO: 1.8343e-01%
Smoothed ELBO rel_impr over last 5: 2.2753e-01%
Minimum eigenvalue of V_X_star - M_X_star.T @ M_X_star: 6.7358e-03
Minimum eigenvalue of V_S_star - M_S_star.T @ M_S_star: 4.6437e-02
Iter 29/100 | mu_lambda_beta: 8.2581 | 
 sigmasq_lambda_beta: 0.0072 | 
 lambda_a1: 147.1000 | lambda_b1: 465.6093 | lambda_a2: 147.1000 | lambda_b2: 320.9921
‣  E[ϕ]: 0.2617 | ‣ E[Sigmasq*ϕ]: 0.8342 | ‣ ||mu_W||: 37.2333
Number of correct permutations recognized for piX: 6.0
Number of correct permutations recognized for piS: 6.0
[anneal] global_step=2705 | tau_X_t=0.3599 | tau_S_t=0.3555
Total ELBO: -656.0721
Relative change in total ELBO: 1.3392e-01%
Smoothed ELBO rel_impr over last 5: 2.1279e-01%
Minimum eigenvalue of V_X_star - M_X_star.T @ M_X_star: 6.3978e-03
Minimum eigenvalue of V_S_star - M_S_star.T @ M_S_star: 4.5622e-02
Iter 30/100 | mu_lambda_beta: 8.2671 | 
 sigmasq_lambda_beta: 0.0071 | 
 lambda_a1: 147.1000 | lambda_b1: 459.7902 | lambda_a2: 147.1000 | lambda_b2: 315.5890
‣  E[ϕ]: 0.2618 | ‣ E[Sigmasq*ϕ]: 0.8238 | ‣ ||mu_W||: 37.2390
Number of correct permutations recognized for piX: 6.0
Number of correct permutations recognized for piS: 6.0
[anneal] global_step=2805 | tau_X_t=0.3510 | tau_S_t=0.3467
Total ELBO: -655.2319
Relative change in total ELBO: 1.2807e-01%
Smoothed ELBO rel_impr over last 5: 1.8609e-01%
Minimum eigenvalue of V_X_star - M_X_star.T @ M_X_star: 6.0777e-03
Minimum eigenvalue of V_S_star - M_S_star.T @ M_S_star: 4.4941e-02
Iter 31/100 | mu_lambda_beta: 8.2742 | 
 sigmasq_lambda_beta: 0.0070 | 
 lambda_a1: 147.1000 | lambda_b1: 454.3366 | lambda_a2: 147.1000 | lambda_b2: 310.7225
‣  E[ϕ]: 0.2618 | ‣ E[Sigmasq*ϕ]: 0.8140 | ‣ ||mu_W||: 37.2444
Number of correct permutations recognized for piX: 6.0
Number of correct permutations recognized for piS: 6.0
[anneal] global_step=2905 | tau_X_t=0.3423 | tau_S_t=0.3381
Total ELBO: -654.2823
Relative change in total ELBO: 1.4491e-01%
Smoothed ELBO rel_impr over last 5: 1.7082e-01%
Minimum eigenvalue of V_X_star - M_X_star.T @ M_X_star: 5.7747e-03
Minimum eigenvalue of V_S_star - M_S_star.T @ M_S_star: 4.4299e-02
Iter 32/100 | mu_lambda_beta: 8.2814 | 
 sigmasq_lambda_beta: 0.0069 | 
 lambda_a1: 147.1000 | lambda_b1: 449.2047 | lambda_a2: 147.1000 | lambda_b2: 305.7823
‣  E[ϕ]: 0.2618 | ‣ E[Sigmasq*ϕ]: 0.8049 | ‣ ||mu_W||: 37.2553
Number of correct permutations recognized for piX: 6.0
Number of correct permutations recognized for piS: 6.0
[anneal] global_step=3005 | tau_X_t=0.3339 | tau_S_t=0.3297
Total ELBO: -653.3309
Relative change in total ELBO: 1.4541e-01%
Smoothed ELBO rel_impr over last 5: 1.4961e-01%
Minimum eigenvalue of V_X_star - M_X_star.T @ M_X_star: 5.4878e-03
Minimum eigenvalue of V_S_star - M_S_star.T @ M_S_star: 4.3676e-02
Iter 33/100 | mu_lambda_beta: 8.2876 | 
 sigmasq_lambda_beta: 0.0068 | 
 lambda_a1: 147.1000 | lambda_b1: 444.5830 | lambda_a2: 147.1000 | lambda_b2: 300.6846
‣  E[ϕ]: 0.2618 | ‣ E[Sigmasq*ϕ]: 0.7967 | ‣ ||mu_W||: 37.2754
Number of correct permutations recognized for piX: 6.0
Number of correct permutations recognized for piS: 6.0
[anneal] global_step=3105 | tau_X_t=0.3256 | tau_S_t=0.3215
Total ELBO: -652.9614
Relative change in total ELBO: 5.6567e-02%
Smoothed ELBO rel_impr over last 5: 1.4718e-01%
Minimum eigenvalue of V_X_star - M_X_star.T @ M_X_star: 5.2158e-03
Minimum eigenvalue of V_S_star - M_S_star.T @ M_S_star: 4.2912e-02
Iter 34/100 | mu_lambda_beta: 8.2937 | 
 sigmasq_lambda_beta: 0.0067 | 
 lambda_a1: 147.1000 | lambda_b1: 440.5187 | lambda_a2: 147.1000 | lambda_b2: 296.7160
‣  E[ϕ]: 0.2618 | ‣ E[Sigmasq*ϕ]: 0.7893 | ‣ ||mu_W||: 37.2769
Number of correct permutations recognized for piX: 6.0
Number of correct permutations recognized for piS: 6.0
[anneal] global_step=3205 | tau_X_t=0.3175 | tau_S_t=0.3136
Total ELBO: -652.7549
Relative change in total ELBO: 3.1613e-02%
Smoothed ELBO rel_impr over last 5: 1.2181e-01%
Minimum eigenvalue of V_X_star - M_X_star.T @ M_X_star: 4.9580e-03
Minimum eigenvalue of V_S_star - M_S_star.T @ M_S_star: 4.2182e-02
Iter 35/100 | mu_lambda_beta: 8.3006 | 
 sigmasq_lambda_beta: 0.0066 | 
 lambda_a1: 147.1000 | lambda_b1: 436.4120 | lambda_a2: 147.1000 | lambda_b2: 293.7575
‣  E[ϕ]: 0.2618 | ‣ E[Sigmasq*ϕ]: 0.7819 | ‣ ||mu_W||: 37.2598
Number of correct permutations recognized for piX: 6.0
Number of correct permutations recognized for piS: 6.0
[anneal] global_step=3305 | tau_X_t=0.3097 | tau_S_t=0.3058
Total ELBO: -651.9988
Relative change in total ELBO: 1.1584e-01%
Smoothed ELBO rel_impr over last 5: 1.0140e-01%
Minimum eigenvalue of V_X_star - M_X_star.T @ M_X_star: 4.7135e-03
Minimum eigenvalue of V_S_star - M_S_star.T @ M_S_star: 4.1746e-02
Iter 36/100 | mu_lambda_beta: 8.3080 | 
 sigmasq_lambda_beta: 0.0065 | 
 lambda_a1: 147.1000 | lambda_b1: 432.1255 | lambda_a2: 147.1000 | lambda_b2: 290.0735
‣  E[ϕ]: 0.2618 | ‣ E[Sigmasq*ϕ]: 0.7743 | ‣ ||mu_W||: 37.2617
Number of correct permutations recognized for piX: 6.0
Number of correct permutations recognized for piS: 6.0
[anneal] global_step=3405 | tau_X_t=0.3020 | tau_S_t=0.2983
Total ELBO: -651.7051
Relative change in total ELBO: 4.5046e-02%
Smoothed ELBO rel_impr over last 5: 9.8913e-02%
Minimum eigenvalue of V_X_star - M_X_star.T @ M_X_star: 4.4813e-03
Minimum eigenvalue of V_S_star - M_S_star.T @ M_S_star: 4.1203e-02
Iter 37/100 | mu_lambda_beta: 8.3157 | 
 sigmasq_lambda_beta: 0.0065 | 
 lambda_a1: 147.1000 | lambda_b1: 428.2541 | lambda_a2: 147.1000 | lambda_b2: 286.7262
‣  E[ϕ]: 0.2618 | ‣ E[Sigmasq*ϕ]: 0.7673 | ‣ ||mu_W||: 37.2549
Number of correct permutations recognized for piX: 6.0
Number of correct permutations recognized for piS: 6.0
[anneal] global_step=3505 | tau_X_t=0.2945 | tau_S_t=0.2909
Total ELBO: -651.4500
Relative change in total ELBO: 3.9138e-02%
Smoothed ELBO rel_impr over last 5: 7.8936e-02%
Minimum eigenvalue of V_X_star - M_X_star.T @ M_X_star: 4.2615e-03
Minimum eigenvalue of V_S_star - M_S_star.T @ M_S_star: 4.0549e-02
Iter 38/100 | mu_lambda_beta: 8.3237 | 
 sigmasq_lambda_beta: 0.0064 | 
 lambda_a1: 147.1000 | lambda_b1: 424.4758 | lambda_a2: 147.1000 | lambda_b2: 283.8321
‣  E[ϕ]: 0.2618 | ‣ E[Sigmasq*ϕ]: 0.7605 | ‣ ||mu_W||: 37.2453
Number of correct permutations recognized for piX: 6.0
Number of correct permutations recognized for piS: 6.0
[anneal] global_step=3605 | tau_X_t=0.2872 | tau_S_t=0.2837
Total ELBO: -651.2266
Relative change in total ELBO: 3.4300e-02%
Smoothed ELBO rel_impr over last 5: 5.7645e-02%
Minimum eigenvalue of V_X_star - M_X_star.T @ M_X_star: 4.0526e-03
Minimum eigenvalue of V_S_star - M_S_star.T @ M_S_star: 4.0298e-02
Iter 39/100 | mu_lambda_beta: 8.3321 | 
 sigmasq_lambda_beta: 0.0063 | 
 lambda_a1: 147.1000 | lambda_b1: 420.7347 | lambda_a2: 147.1000 | lambda_b2: 281.1598
‣  E[ϕ]: 0.2617 | ‣ E[Sigmasq*ϕ]: 0.7537 | ‣ ||mu_W||: 37.2318
Number of correct permutations recognized for piX: 6.0
Number of correct permutations recognized for piS: 6.0
[anneal] global_step=3705 | tau_X_t=0.2801 | tau_S_t=0.2767
Total ELBO: -650.9708
Relative change in total ELBO: 3.9279e-02%
Smoothed ELBO rel_impr over last 5: 5.3204e-02%
Minimum eigenvalue of V_X_star - M_X_star.T @ M_X_star: 3.8542e-03
Minimum eigenvalue of V_S_star - M_S_star.T @ M_S_star: 3.9903e-02
Iter 40/100 | mu_lambda_beta: 8.3412 | 
 sigmasq_lambda_beta: 0.0063 | 
 lambda_a1: 147.1000 | lambda_b1: 416.9925 | lambda_a2: 147.1000 | lambda_b2: 278.5170
‣  E[ϕ]: 0.2617 | ‣ E[Sigmasq*ϕ]: 0.7470 | ‣ ||mu_W||: 37.2193
Number of correct permutations recognized for piX: 6.0
Number of correct permutations recognized for piS: 6.0
[anneal] global_step=3805 | tau_X_t=0.2732 | tau_S_t=0.2698
Total ELBO: -650.6013
Relative change in total ELBO: 5.6762e-02%
Smoothed ELBO rel_impr over last 5: 5.4740e-02%
Minimum eigenvalue of V_X_star - M_X_star.T @ M_X_star: 3.6658e-03
Minimum eigenvalue of V_S_star - M_S_star.T @ M_S_star: 3.9547e-02
Iter 41/100 | mu_lambda_beta: 8.3502 | 
 sigmasq_lambda_beta: 0.0062 | 
 lambda_a1: 147.1000 | lambda_b1: 413.3874 | lambda_a2: 147.1000 | lambda_b2: 275.6172
‣  E[ϕ]: 0.2617 | ‣ E[Sigmasq*ϕ]: 0.7406 | ‣ ||mu_W||: 37.2137
Number of correct permutations recognized for piX: 6.0
Number of correct permutations recognized for piS: 6.0
[anneal] global_step=3905 | tau_X_t=0.2664 | tau_S_t=0.2631
Total ELBO: -650.5252
Relative change in total ELBO: 1.1689e-02%
Smoothed ELBO rel_impr over last 5: 4.2900e-02%
Minimum eigenvalue of V_X_star - M_X_star.T @ M_X_star: 3.4868e-03
Minimum eigenvalue of V_S_star - M_S_star.T @ M_S_star: 3.9100e-02
Iter 42/100 | mu_lambda_beta: 8.3589 | 
 sigmasq_lambda_beta: 0.0062 | 
 lambda_a1: 147.1000 | lambda_b1: 410.0704 | lambda_a2: 147.1000 | lambda_b2: 273.1103
‣  E[ϕ]: 0.2617 | ‣ E[Sigmasq*ϕ]: 0.7346 | ‣ ||mu_W||: 37.2011
Number of correct permutations recognized for piX: 6.0
Number of correct permutations recognized for piS: 6.0
[anneal] global_step=4005 | tau_X_t=0.2598 | tau_S_t=0.2566
Total ELBO: -650.4342
Relative change in total ELBO: 1.3989e-02%
Smoothed ELBO rel_impr over last 5: 3.6235e-02%
Minimum eigenvalue of V_X_star - M_X_star.T @ M_X_star: 3.3171e-03
Minimum eigenvalue of V_S_star - M_S_star.T @ M_S_star: 3.8756e-02
Iter 43/100 | mu_lambda_beta: 8.3664 | 
 sigmasq_lambda_beta: 0.0061 | 
 lambda_a1: 147.1000 | lambda_b1: 406.8371 | lambda_a2: 147.1000 | lambda_b2: 270.8358
‣  E[ϕ]: 0.2617 | ‣ E[Sigmasq*ϕ]: 0.7288 | ‣ ||mu_W||: 37.1898
Number of correct permutations recognized for piX: 6.0
Number of correct permutations recognized for piS: 6.0
[anneal] global_step=4105 | tau_X_t=0.2534 | tau_S_t=0.2503
Total ELBO: -650.0757
Relative change in total ELBO: 5.5120e-02%
Smoothed ELBO rel_impr over last 5: 3.1214e-02%
Minimum eigenvalue of V_X_star - M_X_star.T @ M_X_star: 3.1560e-03
Minimum eigenvalue of V_S_star - M_S_star.T @ M_S_star: 3.8450e-02
Iter 44/100 | mu_lambda_beta: 8.3731 | 
 sigmasq_lambda_beta: 0.0061 | 
 lambda_a1: 147.1000 | lambda_b1: 403.7199 | lambda_a2: 147.1000 | lambda_b2: 268.1265
‣  E[ϕ]: 0.2618 | ‣ E[Sigmasq*ϕ]: 0.7233 | ‣ ||mu_W||: 37.1921
Number of correct permutations recognized for piX: 6.0
Number of correct permutations recognized for piS: 6.0
[anneal] global_step=4205 | tau_X_t=0.2471 | tau_S_t=0.2441
Total ELBO: -650.2809
Relative change in total ELBO: -3.1566e-02%
Smoothed ELBO rel_impr over last 5: 3.5378e-02%
Minimum eigenvalue of V_X_star - M_X_star.T @ M_X_star: 3.0033e-03
Minimum eigenvalue of V_S_star - M_S_star.T @ M_S_star: 3.8053e-02
Iter 45/100 | mu_lambda_beta: 8.3796 | 
 sigmasq_lambda_beta: 0.0060 | 
 lambda_a1: 147.1000 | lambda_b1: 400.9984 | lambda_a2: 147.1000 | lambda_b2: 266.1048
‣  E[ϕ]: 0.2617 | ‣ E[Sigmasq*ϕ]: 0.7184 | ‣ ||mu_W||: 37.1791
Number of correct permutations recognized for piX: 6.0
Number of correct permutations recognized for piS: 6.0
[anneal] global_step=4305 | tau_X_t=0.2410 | tau_S_t=0.2380
Total ELBO: -650.4514
Relative change in total ELBO: -2.6224e-02%
Smoothed ELBO rel_impr over last 5: 2.1204e-02%
Minimum eigenvalue of V_X_star - M_X_star.T @ M_X_star: 2.8584e-03
Minimum eigenvalue of V_S_star - M_S_star.T @ M_S_star: 3.7799e-02
Stopping early at step 18 due to minimal loss change.
Iter 46/100 | mu_lambda_beta: 8.3841 | 
 sigmasq_lambda_beta: 0.0060 | 
 lambda_a1: 147.1000 | lambda_b1: 398.2253 | lambda_a2: 147.1000 | lambda_b2: 264.5556
‣  E[ϕ]: 0.2617 | ‣ E[Sigmasq*ϕ]: 0.7134 | ‣ ||mu_W||: 37.1657
Number of correct permutations recognized for piX: 6.0
Number of correct permutations recognized for piS: 6.0
[anneal] global_step=4374 | tau_X_t=0.2369 | tau_S_t=0.2339
Total ELBO: -650.2316
Relative change in total ELBO: 3.3790e-02%
Smoothed ELBO rel_impr over last 5: 4.6172e-03%
Stopping: smoothed ELBO improvement is 4.6172e-03% (< 0.01%)
Minimum eigenvalue of V_X_star - M_X_star.T @ M_X_star: -8.9407e-08
Minimum eigenvalue of V_S_star - M_S_star.T @ M_S_star: -8.9407e-08
Iter 1/100 | mu_lambda_beta: 1.4629 | 
 sigmasq_lambda_beta: 0.0000 | 
 lambda_a1: 147.1000 | lambda_b1: 6480.9727 | lambda_a2: 147.1000 | lambda_b2: 11926.4238
‣  E[ϕ]: 0.2549 | ‣ E[Sigmasq*ϕ]: 11.3068 | ‣ ||mu_W||: 45.9396
Number of correct permutations recognized for piX: 4.0
Number of correct permutations recognized for piS: 1.0
[anneal] global_step=100 | tau_X_t=0.7902 | tau_S_t=0.7804
Total ELBO: -1106.8406
Minimum eigenvalue of V_X_star - M_X_star.T @ M_X_star: 2.9729e-01
Minimum eigenvalue of V_S_star - M_S_star.T @ M_S_star: 2.8948e-01
Iter 2/100 | mu_lambda_beta: 3.9054 | 
 sigmasq_lambda_beta: 0.3499 | 
 lambda_a1: 147.1000 | lambda_b1: 2797.7244 | lambda_a2: 147.1000 | lambda_b2: 9785.6396
‣  E[ϕ]: 0.2606 | ‣ E[Sigmasq*ϕ]: 4.9911 | ‣ ||mu_W||: 32.7691
Number of correct permutations recognized for piX: 6.0
Number of correct permutations recognized for piS: 1.0
[anneal] global_step=200 | tau_X_t=0.7707 | tau_S_t=0.7611
Total ELBO: -991.5980
Relative change in total ELBO: 1.0412e+01%
Minimum eigenvalue of V_X_star - M_X_star.T @ M_X_star: 2.7360e-01
Minimum eigenvalue of V_S_star - M_S_star.T @ M_S_star: 3.7565e-01
Iter 3/100 | mu_lambda_beta: 6.1224 | 
 sigmasq_lambda_beta: 0.2168 | 
 lambda_a1: 147.1000 | lambda_b1: 2604.9685 | lambda_a2: 147.1000 | lambda_b2: 5846.7856
‣  E[ϕ]: 0.2605 | ‣ E[Sigmasq*ϕ]: 4.6450 | ‣ ||mu_W||: 29.1835
Number of correct permutations recognized for piX: 6.0
Number of correct permutations recognized for piS: 2.0
[anneal] global_step=300 | tau_X_t=0.7516 | tau_S_t=0.7422
Total ELBO: -908.0491
Relative change in total ELBO: 8.4257e+00%
Minimum eigenvalue of V_X_star - M_X_star.T @ M_X_star: 1.5138e-01
Minimum eigenvalue of V_S_star - M_S_star.T @ M_S_star: 4.0768e-01
Stopping early at step 5 due to minimal loss change.
Iter 4/100 | mu_lambda_beta: 7.1532 | 
 sigmasq_lambda_beta: 0.1206 | 
 lambda_a1: 147.1000 | lambda_b1: 2410.9023 | lambda_a2: 147.1000 | lambda_b2: 3134.8577
‣  E[ϕ]: 0.2596 | ‣ E[Sigmasq*ϕ]: 4.2835 | ‣ ||mu_W||: 28.1943
Number of correct permutations recognized for piX: 6.0
Number of correct permutations recognized for piS: 2.0
[anneal] global_step=356 | tau_X_t=0.7330 | tau_S_t=0.7319
Total ELBO: -841.5995
Relative change in total ELBO: 7.3178e+00%
Minimum eigenvalue of V_X_star - M_X_star.T @ M_X_star: 8.4370e-02
Minimum eigenvalue of V_S_star - M_S_star.T @ M_S_star: 3.9768e-01
Iter 5/100 | mu_lambda_beta: 7.6360 | 
 sigmasq_lambda_beta: 0.0656 | 
 lambda_a1: 147.1000 | lambda_b1: 2159.8389 | lambda_a2: 147.1000 | lambda_b2: 1992.8505
‣  E[ϕ]: 0.2589 | ‣ E[Sigmasq*ϕ]: 3.8280 | ‣ ||mu_W||: 28.2453
Number of correct permutations recognized for piX: 6.0
Number of correct permutations recognized for piS: 2.0
[anneal] global_step=456 | tau_X_t=0.7228 | tau_S_t=0.7138
Total ELBO: -799.0580
Relative change in total ELBO: 5.0548e+00%
Minimum eigenvalue of V_X_star - M_X_star.T @ M_X_star: 5.6086e-02
Minimum eigenvalue of V_S_star - M_S_star.T @ M_S_star: 2.9382e-01
Iter 6/100 | mu_lambda_beta: 7.8501 | 
 sigmasq_lambda_beta: 0.0421 | 
 lambda_a1: 147.1000 | lambda_b1: 1887.7574 | lambda_a2: 147.1000 | lambda_b2: 1418.4524
‣  E[ϕ]: 0.2589 | ‣ E[Sigmasq*ϕ]: 3.3449 | ‣ ||mu_W||: 30.4713
Number of correct permutations recognized for piX: 6.0
Number of correct permutations recognized for piS: 6.0
[anneal] global_step=556 | tau_X_t=0.7049 | tau_S_t=0.6961
Total ELBO: -769.6991
Relative change in total ELBO: 3.6742e+00%
Minimum eigenvalue of V_X_star - M_X_star.T @ M_X_star: 4.1755e-02
Minimum eigenvalue of V_S_star - M_S_star.T @ M_S_star: 2.1463e-01
Iter 7/100 | mu_lambda_beta: 7.9423 | 
 sigmasq_lambda_beta: 0.0301 | 
 lambda_a1: 147.1000 | lambda_b1: 1647.8569 | lambda_a2: 147.1000 | lambda_b2: 1098.1483
‣  E[ϕ]: 0.2590 | ‣ E[Sigmasq*ϕ]: 2.9214 | ‣ ||mu_W||: 32.4944
Number of correct permutations recognized for piX: 6.0
Number of correct permutations recognized for piS: 6.0
[anneal] global_step=656 | tau_X_t=0.6874 | tau_S_t=0.6789
Total ELBO: -749.3979
Relative change in total ELBO: 2.6375e+00%
Smoothed ELBO rel_impr over last 5: 7.2548e+00%
Minimum eigenvalue of V_X_star - M_X_star.T @ M_X_star: 3.3939e-02
Minimum eigenvalue of V_S_star - M_S_star.T @ M_S_star: 1.6127e-01
Iter 8/100 | mu_lambda_beta: 7.9821 | 
 sigmasq_lambda_beta: 0.0233 | 
 lambda_a1: 147.1000 | lambda_b1: 1449.4692 | lambda_a2: 147.1000 | lambda_b2: 908.4235
‣  E[ϕ]: 0.2592 | ‣ E[Sigmasq*ϕ]: 2.5719 | ‣ ||mu_W||: 34.0490
Number of correct permutations recognized for piX: 6.0
Number of correct permutations recognized for piS: 6.0
[anneal] global_step=756 | tau_X_t=0.6704 | tau_S_t=0.6621
Total ELBO: -735.1489
Relative change in total ELBO: 1.9014e+00%
Smoothed ELBO rel_impr over last 5: 5.6195e+00%
Minimum eigenvalue of V_X_star - M_X_star.T @ M_X_star: 2.9134e-02
Minimum eigenvalue of V_S_star - M_S_star.T @ M_S_star: 1.2822e-01
Stopping early at step 45 due to minimal loss change.
Iter 9/100 | mu_lambda_beta: 8.0011 | 
 sigmasq_lambda_beta: 0.0193 | 
 lambda_a1: 147.1000 | lambda_b1: 1288.8903 | lambda_a2: 147.1000 | lambda_b2: 788.3416
‣  E[ϕ]: 0.2595 | ‣ E[Sigmasq*ϕ]: 2.2891 | ‣ ||mu_W||: 35.1166
Number of correct permutations recognized for piX: 6.0
Number of correct permutations recognized for piS: 6.0
[anneal] global_step=852 | tau_X_t=0.6538 | tau_S_t=0.6463
Total ELBO: -724.5359
Relative change in total ELBO: 1.4436e+00%
Smoothed ELBO rel_impr over last 5: 4.2505e+00%
Minimum eigenvalue of V_X_star - M_X_star.T @ M_X_star: 2.5868e-02
Minimum eigenvalue of V_S_star - M_S_star.T @ M_S_star: 1.0875e-01
Stopping early at step 36 due to minimal loss change.
Iter 10/100 | mu_lambda_beta: 8.0125 | 
 sigmasq_lambda_beta: 0.0168 | 
 lambda_a1: 147.1000 | lambda_b1: 1158.5448 | lambda_a2: 147.1000 | lambda_b2: 707.6209
‣  E[ϕ]: 0.2597 | ‣ E[Sigmasq*ϕ]: 2.0593 | ‣ ||mu_W||: 35.7914
Number of correct permutations recognized for piX: 6.0
Number of correct permutations recognized for piS: 6.0
[anneal] global_step=939 | tau_X_t=0.6383 | tau_S_t=0.6324
Total ELBO: -716.3745
Relative change in total ELBO: 1.1264e+00%
Smoothed ELBO rel_impr over last 5: 3.0056e+00%
Minimum eigenvalue of V_X_star - M_X_star.T @ M_X_star: 2.3504e-02
Minimum eigenvalue of V_S_star - M_S_star.T @ M_S_star: 9.7252e-02
Stopping early at step 30 due to minimal loss change.
Iter 11/100 | mu_lambda_beta: 8.0210 | 
 sigmasq_lambda_beta: 0.0151 | 
 lambda_a1: 147.1000 | lambda_b1: 1051.7335 | lambda_a2: 147.1000 | lambda_b2: 650.8153
‣  E[ϕ]: 0.2599 | ‣ E[Sigmasq*ϕ]: 1.8709 | ‣ ||mu_W||: 36.1931
Number of correct permutations recognized for piX: 6.0
Number of correct permutations recognized for piS: 6.0
[anneal] global_step=1020 | tau_X_t=0.6245 | tau_S_t=0.6197
Total ELBO: -709.8778
Relative change in total ELBO: 9.0688e-01%
Smoothed ELBO rel_impr over last 5: 2.1887e+00%
Minimum eigenvalue of V_X_star - M_X_star.T @ M_X_star: 2.1742e-02
Minimum eigenvalue of V_S_star - M_S_star.T @ M_S_star: 8.8937e-02
Stopping early at step 25 due to minimal loss change.
Iter 12/100 | mu_lambda_beta: 8.0294 | 
 sigmasq_lambda_beta: 0.0139 | 
 lambda_a1: 147.1000 | lambda_b1: 962.9906 | lambda_a2: 147.1000 | lambda_b2: 608.3721
‣  E[ϕ]: 0.2601 | ‣ E[Sigmasq*ϕ]: 1.7143 | ‣ ||mu_W||: 36.4575
Number of correct permutations recognized for piX: 6.0
Number of correct permutations recognized for piS: 6.0
[anneal] global_step=1096 | tau_X_t=0.6120 | tau_S_t=0.6080
Total ELBO: -704.5970
Relative change in total ELBO: 7.4390e-01%
Smoothed ELBO rel_impr over last 5: 1.6189e+00%
Minimum eigenvalue of V_X_star - M_X_star.T @ M_X_star: 2.0351e-02
Minimum eigenvalue of V_S_star - M_S_star.T @ M_S_star: 8.2976e-02
Stopping early at step 21 due to minimal loss change.
Iter 13/100 | mu_lambda_beta: 8.0372 | 
 sigmasq_lambda_beta: 0.0130 | 
 lambda_a1: 147.1000 | lambda_b1: 889.0477 | lambda_a2: 147.1000 | lambda_b2: 575.5823
‣  E[ϕ]: 0.2603 | ‣ E[Sigmasq*ϕ]: 1.5838 | ‣ ||mu_W||: 36.6235
Number of correct permutations recognized for piX: 6.0
Number of correct permutations recognized for piS: 6.0
[anneal] global_step=1168 | tau_X_t=0.6004 | tau_S_t=0.5971
Total ELBO: -700.0759
Relative change in total ELBO: 6.4167e-01%
Smoothed ELBO rel_impr over last 5: 1.2324e+00%
Minimum eigenvalue of V_X_star - M_X_star.T @ M_X_star: 1.9212e-02
Minimum eigenvalue of V_S_star - M_S_star.T @ M_S_star: 7.9205e-02
Stopping early at step 11 due to minimal loss change.
Iter 14/100 | mu_lambda_beta: 8.0477 | 
 sigmasq_lambda_beta: 0.0123 | 
 lambda_a1: 147.1000 | lambda_b1: 826.9256 | lambda_a2: 147.1000 | lambda_b2: 549.0283
‣  E[ϕ]: 0.2605 | ‣ E[Sigmasq*ϕ]: 1.4742 | ‣ ||mu_W||: 36.7378
Number of correct permutations recognized for piX: 6.0
Number of correct permutations recognized for piS: 6.0
[anneal] global_step=1230 | tau_X_t=0.5897 | tau_S_t=0.5879
Total ELBO: -696.4036
Relative change in total ELBO: 5.2455e-01%
Smoothed ELBO rel_impr over last 5: 9.7681e-01%
Minimum eigenvalue of V_X_star - M_X_star.T @ M_X_star: 1.8251e-02
Minimum eigenvalue of V_S_star - M_S_star.T @ M_S_star: 7.6341e-02
Stopping early at step 13 due to minimal loss change.
Iter 15/100 | mu_lambda_beta: 8.0585 | 
 sigmasq_lambda_beta: 0.0117 | 
 lambda_a1: 147.1000 | lambda_b1: 774.6384 | lambda_a2: 147.1000 | lambda_b2: 527.8828
‣  E[ϕ]: 0.2606 | ‣ E[Sigmasq*ϕ]: 1.3818 | ‣ ||mu_W||: 36.7820
Number of correct permutations recognized for piX: 6.0
Number of correct permutations recognized for piS: 6.0
[anneal] global_step=1294 | tau_X_t=0.5806 | tau_S_t=0.5786
Total ELBO: -693.2917
Relative change in total ELBO: 4.4685e-01%
Smoothed ELBO rel_impr over last 5: 7.9125e-01%
Minimum eigenvalue of V_X_star - M_X_star.T @ M_X_star: 1.7478e-02
Minimum eigenvalue of V_S_star - M_S_star.T @ M_S_star: 7.3268e-02
Stopping early at step 8 due to minimal loss change.
Iter 16/100 | mu_lambda_beta: 8.0691 | 
 sigmasq_lambda_beta: 0.0113 | 
 lambda_a1: 147.1000 | lambda_b1: 730.1251 | lambda_a2: 147.1000 | lambda_b2: 510.6155
‣  E[ϕ]: 0.2608 | ‣ E[Sigmasq*ϕ]: 1.3031 | ‣ ||mu_W||: 36.8269
Number of correct permutations recognized for piX: 6.0
Number of correct permutations recognized for piS: 6.0
[anneal] global_step=1353 | tau_X_t=0.5714 | tau_S_t=0.5701
Total ELBO: -690.3892
Relative change in total ELBO: 4.1867e-01%
Smoothed ELBO rel_impr over last 5: 6.5439e-01%
Minimum eigenvalue of V_X_star - M_X_star.T @ M_X_star: 1.6759e-02
Minimum eigenvalue of V_S_star - M_S_star.T @ M_S_star: 7.0966e-02
Stopping early at step 6 due to minimal loss change.
Iter 17/100 | mu_lambda_beta: 8.0801 | 
 sigmasq_lambda_beta: 0.0109 | 
 lambda_a1: 147.1000 | lambda_b1: 692.1965 | lambda_a2: 147.1000 | lambda_b2: 494.8512
‣  E[ϕ]: 0.2609 | ‣ E[Sigmasq*ϕ]: 1.2362 | ‣ ||mu_W||: 36.8589
Number of correct permutations recognized for piX: 6.0
Number of correct permutations recognized for piS: 6.0
[anneal] global_step=1410 | tau_X_t=0.5630 | tau_S_t=0.5620
Total ELBO: -687.9775
Relative change in total ELBO: 3.4931e-01%
Smoothed ELBO rel_impr over last 5: 5.5615e-01%
Minimum eigenvalue of V_X_star - M_X_star.T @ M_X_star: 1.6137e-02
Minimum eigenvalue of V_S_star - M_S_star.T @ M_S_star: 6.8925e-02
Stopping early at step 5 due to minimal loss change.
Iter 18/100 | mu_lambda_beta: 8.0901 | 
 sigmasq_lambda_beta: 0.0106 | 
 lambda_a1: 147.1000 | lambda_b1: 660.1465 | lambda_a2: 147.1000 | lambda_b2: 481.7854
‣  E[ϕ]: 0.2610 | ‣ E[Sigmasq*ϕ]: 1.1795 | ‣ ||mu_W||: 36.8772
Number of correct permutations recognized for piX: 6.0
Number of correct permutations recognized for piS: 6.0
[anneal] global_step=1466 | tau_X_t=0.5550 | tau_S_t=0.5542
Total ELBO: -685.7740
Relative change in total ELBO: 3.2029e-01%
Smoothed ELBO rel_impr over last 5: 4.7692e-01%
Minimum eigenvalue of V_X_star - M_X_star.T @ M_X_star: 1.5576e-02
Minimum eigenvalue of V_S_star - M_S_star.T @ M_S_star: 6.7038e-02
Stopping early at step 8 due to minimal loss change.
Iter 19/100 | mu_lambda_beta: 8.0987 | 
 sigmasq_lambda_beta: 0.0104 | 
 lambda_a1: 147.1000 | lambda_b1: 632.7351 | lambda_a2: 147.1000 | lambda_b2: 470.1527
‣  E[ϕ]: 0.2612 | ‣ E[Sigmasq*ϕ]: 1.1311 | ‣ ||mu_W||: 36.8968
Number of correct permutations recognized for piX: 6.0
Number of correct permutations recognized for piS: 6.0
[anneal] global_step=1525 | tau_X_t=0.5473 | tau_S_t=0.5460
Total ELBO: -683.8317
Relative change in total ELBO: 2.8323e-01%
Smoothed ELBO rel_impr over last 5: 4.1238e-01%
Minimum eigenvalue of V_X_star - M_X_star.T @ M_X_star: 1.5057e-02
Minimum eigenvalue of V_S_star - M_S_star.T @ M_S_star: 6.5104e-02
Stopping early at step 6 due to minimal loss change.
Iter 20/100 | mu_lambda_beta: 8.1064 | 
 sigmasq_lambda_beta: 0.0101 | 
 lambda_a1: 147.1000 | lambda_b1: 609.2815 | lambda_a2: 147.1000 | lambda_b2: 459.6836
‣  E[ϕ]: 0.2613 | ‣ E[Sigmasq*ϕ]: 1.0896 | ‣ ||mu_W||: 36.9134
Number of correct permutations recognized for piX: 6.0
Number of correct permutations recognized for piS: 6.0
[anneal] global_step=1582 | tau_X_t=0.5392 | tau_S_t=0.5383
Total ELBO: -682.0220
Relative change in total ELBO: 2.6465e-01%
Smoothed ELBO rel_impr over last 5: 3.6400e-01%
Minimum eigenvalue of V_X_star - M_X_star.T @ M_X_star: 1.4545e-02
Minimum eigenvalue of V_S_star - M_S_star.T @ M_S_star: 6.3468e-02
Stopping early at step 7 due to minimal loss change.
Iter 21/100 | mu_lambda_beta: 8.1134 | 
 sigmasq_lambda_beta: 0.0099 | 
 lambda_a1: 147.1000 | lambda_b1: 589.0123 | lambda_a2: 147.1000 | lambda_b2: 449.9039
‣  E[ϕ]: 0.2614 | ‣ E[Sigmasq*ϕ]: 1.0537 | ‣ ||mu_W||: 36.9272
Number of correct permutations recognized for piX: 6.0
Number of correct permutations recognized for piS: 6.0
[anneal] global_step=1640 | tau_X_t=0.5316 | tau_S_t=0.5305
Total ELBO: -680.3683
Relative change in total ELBO: 2.4247e-01%
Smoothed ELBO rel_impr over last 5: 3.2748e-01%
Minimum eigenvalue of V_X_star - M_X_star.T @ M_X_star: 1.4076e-02
Minimum eigenvalue of V_S_star - M_S_star.T @ M_S_star: 6.1974e-02
Stopping early at step 15 due to minimal loss change.
Iter 22/100 | mu_lambda_beta: 8.1200 | 
 sigmasq_lambda_beta: 0.0097 | 
 lambda_a1: 147.1000 | lambda_b1: 571.4127 | lambda_a2: 147.1000 | lambda_b2: 441.0925
‣  E[ϕ]: 0.2615 | ‣ E[Sigmasq*ϕ]: 1.0226 | ‣ ||mu_W||: 36.9389
Number of correct permutations recognized for piX: 6.0
Number of correct permutations recognized for piS: 6.0
[anneal] global_step=1706 | tau_X_t=0.5239 | tau_S_t=0.5218
Total ELBO: -678.4911
Relative change in total ELBO: 2.7591e-01%
Smoothed ELBO rel_impr over last 5: 2.9215e-01%
Minimum eigenvalue of V_X_star - M_X_star.T @ M_X_star: 1.3622e-02
Minimum eigenvalue of V_S_star - M_S_star.T @ M_S_star: 6.0885e-02
Stopping early at step 1 due to minimal loss change.
Iter 23/100 | mu_lambda_beta: 8.1261 | 
 sigmasq_lambda_beta: 0.0095 | 
 lambda_a1: 147.1000 | lambda_b1: 556.0541 | lambda_a2: 147.1000 | lambda_b2: 432.0155
‣  E[ϕ]: 0.2616 | ‣ E[Sigmasq*ϕ]: 0.9955 | ‣ ||mu_W||: 36.9575
Number of correct permutations recognized for piX: 6.0
Number of correct permutations recognized for piS: 6.0
[anneal] global_step=1758 | tau_X_t=0.5153 | tau_S_t=0.5150
Total ELBO: -677.0452
Relative change in total ELBO: 2.1311e-01%
Smoothed ELBO rel_impr over last 5: 2.7738e-01%
Minimum eigenvalue of V_X_star - M_X_star.T @ M_X_star: 1.3136e-02
Minimum eigenvalue of V_S_star - M_S_star.T @ M_S_star: 5.9356e-02
Stopping early at step 16 due to minimal loss change.
Iter 24/100 | mu_lambda_beta: 8.1325 | 
 sigmasq_lambda_beta: 0.0093 | 
 lambda_a1: 147.1000 | lambda_b1: 542.9898 | lambda_a2: 147.1000 | lambda_b2: 423.4308
‣  E[ϕ]: 0.2616 | ‣ E[Sigmasq*ϕ]: 0.9723 | ‣ ||mu_W||: 36.9729
Number of correct permutations recognized for piX: 6.0
Number of correct permutations recognized for piS: 6.0
[anneal] global_step=1825 | tau_X_t=0.5086 | tau_S_t=0.5065
Total ELBO: -675.3904
Relative change in total ELBO: 2.4440e-01%
Smoothed ELBO rel_impr over last 5: 2.5594e-01%
Minimum eigenvalue of V_X_star - M_X_star.T @ M_X_star: 1.2762e-02
Minimum eigenvalue of V_S_star - M_S_star.T @ M_S_star: 5.8010e-02
Stopping early at step 11 due to minimal loss change.
Iter 25/100 | mu_lambda_beta: 8.1379 | 
 sigmasq_lambda_beta: 0.0092 | 
 lambda_a1: 147.1000 | lambda_b1: 531.4717 | lambda_a2: 147.1000 | lambda_b2: 415.9906
‣  E[ϕ]: 0.2617 | ‣ E[Sigmasq*ϕ]: 0.9520 | ‣ ||mu_W||: 36.9900
Number of correct permutations recognized for piX: 6.0
Number of correct permutations recognized for piS: 6.0
[anneal] global_step=1887 | tau_X_t=0.5002 | tau_S_t=0.4987
Total ELBO: -673.8347
Relative change in total ELBO: 2.3035e-01%
Smoothed ELBO rel_impr over last 5: 2.4815e-01%
Minimum eigenvalue of V_X_star - M_X_star.T @ M_X_star: 1.2310e-02
Minimum eigenvalue of V_S_star - M_S_star.T @ M_S_star: 5.7043e-02
Stopping early at step 10 due to minimal loss change.
Iter 26/100 | mu_lambda_beta: 8.1437 | 
 sigmasq_lambda_beta: 0.0090 | 
 lambda_a1: 147.1000 | lambda_b1: 521.6872 | lambda_a2: 147.1000 | lambda_b2: 407.7451
‣  E[ϕ]: 0.2618 | ‣ E[Sigmasq*ϕ]: 0.9347 | ‣ ||mu_W||: 37.0071
Number of correct permutations recognized for piX: 6.0
Number of correct permutations recognized for piS: 6.0
[anneal] global_step=1948 | tau_X_t=0.4925 | tau_S_t=0.4911
Total ELBO: -672.4364
Relative change in total ELBO: 2.0751e-01%
Smoothed ELBO rel_impr over last 5: 2.4128e-01%
Minimum eigenvalue of V_X_star - M_X_star.T @ M_X_star: 1.1906e-02
Minimum eigenvalue of V_S_star - M_S_star.T @ M_S_star: 5.6060e-02
Stopping early at step 8 due to minimal loss change.
Iter 27/100 | mu_lambda_beta: 8.1494 | 
 sigmasq_lambda_beta: 0.0088 | 
 lambda_a1: 147.1000 | lambda_b1: 513.1459 | lambda_a2: 147.1000 | lambda_b2: 400.5005
‣  E[ϕ]: 0.2618 | ‣ E[Sigmasq*ϕ]: 0.9195 | ‣ ||mu_W||: 37.0253
Number of correct permutations recognized for piX: 6.0
Number of correct permutations recognized for piS: 6.0
[anneal] global_step=2007 | tau_X_t=0.4850 | tau_S_t=0.4839
Total ELBO: -671.1144
Relative change in total ELBO: 1.9659e-01%
Smoothed ELBO rel_impr over last 5: 2.3431e-01%
Minimum eigenvalue of V_X_star - M_X_star.T @ M_X_star: 1.1525e-02
Minimum eigenvalue of V_S_star - M_S_star.T @ M_S_star: 5.5028e-02
Stopping early at step 9 due to minimal loss change.
Iter 28/100 | mu_lambda_beta: 8.1551 | 
 sigmasq_lambda_beta: 0.0087 | 
 lambda_a1: 147.1000 | lambda_b1: 505.6567 | lambda_a2: 147.1000 | lambda_b2: 393.6194
‣  E[ϕ]: 0.2619 | ‣ E[Sigmasq*ϕ]: 0.9063 | ‣ ||mu_W||: 37.0487
Number of correct permutations recognized for piX: 6.0
Number of correct permutations recognized for piS: 6.0
[anneal] global_step=2067 | tau_X_t=0.4779 | tau_S_t=0.4767
Total ELBO: -669.8733
Relative change in total ELBO: 1.8494e-01%
Smoothed ELBO rel_impr over last 5: 2.1843e-01%
Minimum eigenvalue of V_X_star - M_X_star.T @ M_X_star: 1.1169e-02
Minimum eigenvalue of V_S_star - M_S_star.T @ M_S_star: 5.4085e-02
Stopping early at step 14 due to minimal loss change.
Iter 29/100 | mu_lambda_beta: 8.1606 | 
 sigmasq_lambda_beta: 0.0085 | 
 lambda_a1: 147.1000 | lambda_b1: 499.1391 | lambda_a2: 147.1000 | lambda_b2: 387.2117
‣  E[ϕ]: 0.2619 | ‣ E[Sigmasq*ϕ]: 0.8948 | ‣ ||mu_W||: 37.0705
Number of correct permutations recognized for piX: 6.0
Number of correct permutations recognized for piS: 6.0
[anneal] global_step=2132 | tau_X_t=0.4707 | tau_S_t=0.4690
Total ELBO: -668.9353
Relative change in total ELBO: 1.4002e-01%
Smoothed ELBO rel_impr over last 5: 2.1283e-01%
Minimum eigenvalue of V_X_star - M_X_star.T @ M_X_star: 1.0821e-02
Minimum eigenvalue of V_S_star - M_S_star.T @ M_S_star: 5.3301e-02
Stopping early at step 1 due to minimal loss change.
Iter 30/100 | mu_lambda_beta: 8.1664 | 
 sigmasq_lambda_beta: 0.0084 | 
 lambda_a1: 147.1000 | lambda_b1: 493.4543 | lambda_a2: 147.1000 | lambda_b2: 381.9255
‣  E[ϕ]: 0.2619 | ‣ E[Sigmasq*ϕ]: 0.8846 | ‣ ||mu_W||: 37.0674
Number of correct permutations recognized for piX: 6.0
Number of correct permutations recognized for piS: 6.0
[anneal] global_step=2184 | tau_X_t=0.4631 | tau_S_t=0.4629
Total ELBO: -667.6852
Relative change in total ELBO: 1.8688e-01%
Smoothed ELBO rel_impr over last 5: 1.9196e-01%
Minimum eigenvalue of V_X_star - M_X_star.T @ M_X_star: 1.0459e-02
Minimum eigenvalue of V_S_star - M_S_star.T @ M_S_star: 5.2066e-02
Stopping early at step 15 due to minimal loss change.
Iter 31/100 | mu_lambda_beta: 8.1731 | 
 sigmasq_lambda_beta: 0.0083 | 
 lambda_a1: 147.1000 | lambda_b1: 488.0733 | lambda_a2: 147.1000 | lambda_b2: 375.6924
‣  E[ϕ]: 0.2619 | ‣ E[Sigmasq*ϕ]: 0.8751 | ‣ ||mu_W||: 37.1023
Number of correct permutations recognized for piX: 6.0
Number of correct permutations recognized for piS: 6.0
[anneal] global_step=2250 | tau_X_t=0.4571 | tau_S_t=0.4553
Total ELBO: -666.9238
Relative change in total ELBO: 1.1403e-01%
Smoothed ELBO rel_impr over last 5: 1.8323e-01%
Minimum eigenvalue of V_X_star - M_X_star.T @ M_X_star: 1.0176e-02
Minimum eigenvalue of V_S_star - M_S_star.T @ M_S_star: 5.2197e-02
Stopping early at step 12 due to minimal loss change.
Iter 32/100 | mu_lambda_beta: 8.1791 | 
 sigmasq_lambda_beta: 0.0082 | 
 lambda_a1: 147.1000 | lambda_b1: 483.4104 | lambda_a2: 147.1000 | lambda_b2: 371.3013
‣  E[ϕ]: 0.2619 | ‣ E[Sigmasq*ϕ]: 0.8667 | ‣ ||mu_W||: 37.0948
Number of correct permutations recognized for piX: 6.0
Number of correct permutations recognized for piS: 6.0
[anneal] global_step=2313 | tau_X_t=0.4496 | tau_S_t=0.4482
Total ELBO: -665.7374
Relative change in total ELBO: 1.7789e-01%
Smoothed ELBO rel_impr over last 5: 1.6455e-01%
Minimum eigenvalue of V_X_star - M_X_star.T @ M_X_star: 9.8335e-03
Minimum eigenvalue of V_S_star - M_S_star.T @ M_S_star: 5.1584e-02
Stopping early at step 8 due to minimal loss change.
Iter 33/100 | mu_lambda_beta: 8.1854 | 
 sigmasq_lambda_beta: 0.0081 | 
 lambda_a1: 147.1000 | lambda_b1: 478.9142 | lambda_a2: 147.1000 | lambda_b2: 365.9714
‣  E[ϕ]: 0.2620 | ‣ E[Sigmasq*ϕ]: 0.8587 | ‣ ||mu_W||: 37.1056
Number of correct permutations recognized for piX: 6.0
Number of correct permutations recognized for piS: 6.0
[anneal] global_step=2372 | tau_X_t=0.4426 | tau_S_t=0.4416
Total ELBO: -664.6361
Relative change in total ELBO: 1.6543e-01%
Smoothed ELBO rel_impr over last 5: 1.6078e-01%
Minimum eigenvalue of V_X_star - M_X_star.T @ M_X_star: 9.5178e-03
Minimum eigenvalue of V_S_star - M_S_star.T @ M_S_star: 5.0781e-02
Stopping early at step 11 due to minimal loss change.
Iter 34/100 | mu_lambda_beta: 8.1915 | 
 sigmasq_lambda_beta: 0.0080 | 
 lambda_a1: 147.1000 | lambda_b1: 474.8960 | lambda_a2: 147.1000 | lambda_b2: 360.4512
‣  E[ϕ]: 0.2620 | ‣ E[Sigmasq*ϕ]: 0.8516 | ‣ ||mu_W||: 37.1279
Number of correct permutations recognized for piX: 6.0
Number of correct permutations recognized for piS: 6.0
[anneal] global_step=2434 | tau_X_t=0.4361 | tau_S_t=0.4348
Total ELBO: -663.6628
Relative change in total ELBO: 1.4645e-01%
Smoothed ELBO rel_impr over last 5: 1.5684e-01%
Minimum eigenvalue of V_X_star - M_X_star.T @ M_X_star: 9.2314e-03
Minimum eigenvalue of V_S_star - M_S_star.T @ M_S_star: 4.9980e-02
Stopping early at step 10 due to minimal loss change.
Iter 35/100 | mu_lambda_beta: 8.1968 | 
 sigmasq_lambda_beta: 0.0079 | 
 lambda_a1: 147.1000 | lambda_b1: 471.3898 | lambda_a2: 147.1000 | lambda_b2: 355.5030
‣  E[ϕ]: 0.2620 | ‣ E[Sigmasq*ϕ]: 0.8454 | ‣ ||mu_W||: 37.1442
Number of correct permutations recognized for piX: 6.0
Number of correct permutations recognized for piS: 6.0
[anneal] global_step=2495 | tau_X_t=0.4294 | tau_S_t=0.4282
Total ELBO: -662.6558
Relative change in total ELBO: 1.5174e-01%
Smoothed ELBO rel_impr over last 5: 1.5814e-01%
Minimum eigenvalue of V_X_star - M_X_star.T @ M_X_star: 8.9410e-03
Minimum eigenvalue of V_S_star - M_S_star.T @ M_S_star: 4.9315e-02
Stopping early at step 10 due to minimal loss change.
Iter 36/100 | mu_lambda_beta: 8.2022 | 
 sigmasq_lambda_beta: 0.0078 | 
 lambda_a1: 147.1000 | lambda_b1: 468.2242 | lambda_a2: 147.1000 | lambda_b2: 350.5267
‣  E[ϕ]: 0.2620 | ‣ E[Sigmasq*ϕ]: 0.8397 | ‣ ||mu_W||: 37.1645
Number of correct permutations recognized for piX: 6.0
Number of correct permutations recognized for piS: 6.0
[anneal] global_step=2556 | tau_X_t=0.4228 | tau_S_t=0.4217
Total ELBO: -661.6891
Relative change in total ELBO: 1.4587e-01%
Smoothed ELBO rel_impr over last 5: 1.5110e-01%
Minimum eigenvalue of V_X_star - M_X_star.T @ M_X_star: 8.6643e-03
Minimum eigenvalue of V_S_star - M_S_star.T @ M_S_star: 4.8663e-02
Stopping early at step 6 due to minimal loss change.
Iter 37/100 | mu_lambda_beta: 8.2079 | 
 sigmasq_lambda_beta: 0.0077 | 
 lambda_a1: 147.1000 | lambda_b1: 465.4087 | lambda_a2: 147.1000 | lambda_b2: 345.6767
‣  E[ϕ]: 0.2620 | ‣ E[Sigmasq*ϕ]: 0.8348 | ‣ ||mu_W||: 37.1865
Number of correct permutations recognized for piX: 6.0
Number of correct permutations recognized for piS: 6.0
[anneal] global_step=2613 | tau_X_t=0.4164 | tau_S_t=0.4157
Total ELBO: -660.8665
Relative change in total ELBO: 1.2432e-01%
Smoothed ELBO rel_impr over last 5: 1.5751e-01%
Minimum eigenvalue of V_X_star - M_X_star.T @ M_X_star: 8.3971e-03
Minimum eigenvalue of V_S_star - M_S_star.T @ M_S_star: 4.7918e-02
Stopping early at step 10 due to minimal loss change.
Iter 38/100 | mu_lambda_beta: 8.2131 | 
 sigmasq_lambda_beta: 0.0076 | 
 lambda_a1: 147.1000 | lambda_b1: 462.9393 | lambda_a2: 147.1000 | lambda_b2: 341.0739
‣  E[ϕ]: 0.2620 | ‣ E[Sigmasq*ϕ]: 0.8303 | ‣ ||mu_W||: 37.2145
Number of correct permutations recognized for piX: 6.0
Number of correct permutations recognized for piS: 6.0
[anneal] global_step=2674 | tau_X_t=0.4105 | tau_S_t=0.4094
Total ELBO: -660.2585
Relative change in total ELBO: 9.1996e-02%
Smoothed ELBO rel_impr over last 5: 1.4678e-01%
Minimum eigenvalue of V_X_star - M_X_star.T @ M_X_star: 8.1550e-03
Minimum eigenvalue of V_S_star - M_S_star.T @ M_S_star: 4.7368e-02
Stopping early at step 10 due to minimal loss change.
Iter 39/100 | mu_lambda_beta: 8.2185 | 
 sigmasq_lambda_beta: 0.0075 | 
 lambda_a1: 147.1000 | lambda_b1: 460.6543 | lambda_a2: 147.1000 | lambda_b2: 337.4121
‣  E[ϕ]: 0.2620 | ‣ E[Sigmasq*ϕ]: 0.8262 | ‣ ||mu_W||: 37.2215
Number of correct permutations recognized for piX: 6.0
Number of correct permutations recognized for piS: 6.0
[anneal] global_step=2735 | tau_X_t=0.4043 | tau_S_t=0.4032
Total ELBO: -659.6412
Relative change in total ELBO: 9.3495e-02%
Smoothed ELBO rel_impr over last 5: 1.3212e-01%
Minimum eigenvalue of V_X_star - M_X_star.T @ M_X_star: 7.9044e-03
Minimum eigenvalue of V_S_star - M_S_star.T @ M_S_star: 4.6835e-02
Stopping early at step 11 due to minimal loss change.
Iter 40/100 | mu_lambda_beta: 8.2241 | 
 sigmasq_lambda_beta: 0.0074 | 
 lambda_a1: 147.1000 | lambda_b1: 458.3311 | lambda_a2: 147.1000 | lambda_b2: 333.9519
‣  E[ϕ]: 0.2620 | ‣ E[Sigmasq*ϕ]: 0.8220 | ‣ ||mu_W||: 37.2273
Number of correct permutations recognized for piX: 6.0
Number of correct permutations recognized for piS: 6.0
[anneal] global_step=2797 | tau_X_t=0.3982 | tau_S_t=0.3970
Total ELBO: -658.8136
Relative change in total ELBO: 1.2547e-01%
Smoothed ELBO rel_impr over last 5: 1.2153e-01%
Minimum eigenvalue of V_X_star - M_X_star.T @ M_X_star: 7.6619e-03
Minimum eigenvalue of V_S_star - M_S_star.T @ M_S_star: 4.6369e-02
Stopping early at step 7 due to minimal loss change.
Iter 41/100 | mu_lambda_beta: 8.2292 | 
 sigmasq_lambda_beta: 0.0073 | 
 lambda_a1: 147.1000 | lambda_b1: 455.9679 | lambda_a2: 147.1000 | lambda_b2: 330.1718
‣  E[ϕ]: 0.2620 | ‣ E[Sigmasq*ϕ]: 0.8178 | ‣ ||mu_W||: 37.2406
Number of correct permutations recognized for piX: 6.0
Number of correct permutations recognized for piS: 6.0
[anneal] global_step=2855 | tau_X_t=0.3920 | tau_S_t=0.3912
Total ELBO: -657.9994
Relative change in total ELBO: 1.2359e-01%
Smoothed ELBO rel_impr over last 5: 1.1625e-01%
Minimum eigenvalue of V_X_star - M_X_star.T @ M_X_star: 7.4235e-03
Minimum eigenvalue of V_S_star - M_S_star.T @ M_S_star: 4.5683e-02
Stopping early at step 10 due to minimal loss change.
Iter 42/100 | mu_lambda_beta: 8.2342 | 
 sigmasq_lambda_beta: 0.0072 | 
 lambda_a1: 147.1000 | lambda_b1: 453.8082 | lambda_a2: 147.1000 | lambda_b2: 325.9716
‣  E[ϕ]: 0.2620 | ‣ E[Sigmasq*ϕ]: 0.8140 | ‣ ||mu_W||: 37.2661
Number of correct permutations recognized for piX: 6.0
Number of correct permutations recognized for piS: 6.0
[anneal] global_step=2916 | tau_X_t=0.3864 | tau_S_t=0.3853
Total ELBO: -657.4915
Relative change in total ELBO: 7.7194e-02%
Smoothed ELBO rel_impr over last 5: 1.1177e-01%
Minimum eigenvalue of V_X_star - M_X_star.T @ M_X_star: 7.2069e-03
Minimum eigenvalue of V_S_star - M_S_star.T @ M_S_star: 4.5127e-02
Stopping early at step 9 due to minimal loss change.
Iter 43/100 | mu_lambda_beta: 8.2388 | 
 sigmasq_lambda_beta: 0.0072 | 
 lambda_a1: 147.1000 | lambda_b1: 451.9179 | lambda_a2: 147.1000 | lambda_b2: 322.6651
‣  E[ϕ]: 0.2620 | ‣ E[Sigmasq*ϕ]: 0.8105 | ‣ ||mu_W||: 37.2738
Number of correct permutations recognized for piX: 6.0
Number of correct permutations recognized for piS: 6.0
[anneal] global_step=2976 | tau_X_t=0.3805 | tau_S_t=0.3796
Total ELBO: -656.9746
Relative change in total ELBO: 7.8609e-02%
Smoothed ELBO rel_impr over last 5: 1.0235e-01%
Minimum eigenvalue of V_X_star - M_X_star.T @ M_X_star: 6.9869e-03
Minimum eigenvalue of V_S_star - M_S_star.T @ M_S_star: 4.4578e-02
Stopping early at step 9 due to minimal loss change.
Iter 44/100 | mu_lambda_beta: 8.2444 | 
 sigmasq_lambda_beta: 0.0071 | 
 lambda_a1: 147.1000 | lambda_b1: 449.9713 | lambda_a2: 147.1000 | lambda_b2: 319.5627
‣  E[ϕ]: 0.2620 | ‣ E[Sigmasq*ϕ]: 0.8070 | ‣ ||mu_W||: 37.2790
Number of correct permutations recognized for piX: 6.0
Number of correct permutations recognized for piS: 6.0
[anneal] global_step=3036 | tau_X_t=0.3748 | tau_S_t=0.3739
Total ELBO: -656.2772
Relative change in total ELBO: 1.0615e-01%
Smoothed ELBO rel_impr over last 5: 9.9690e-02%
Minimum eigenvalue of V_X_star - M_X_star.T @ M_X_star: 6.7771e-03
Minimum eigenvalue of V_S_star - M_S_star.T @ M_S_star: 4.4066e-02
Stopping early at step 10 due to minimal loss change.
Iter 45/100 | mu_lambda_beta: 8.2495 | 
 sigmasq_lambda_beta: 0.0070 | 
 lambda_a1: 147.1000 | lambda_b1: 447.9276 | lambda_a2: 147.1000 | lambda_b2: 316.1597
‣  E[ϕ]: 0.2620 | ‣ E[Sigmasq*ϕ]: 0.8033 | ‣ ||mu_W||: 37.2947
Number of correct permutations recognized for piX: 6.0
Number of correct permutations recognized for piS: 6.0
[anneal] global_step=3097 | tau_X_t=0.3692 | tau_S_t=0.3682
Total ELBO: -655.6490
Relative change in total ELBO: 9.5718e-02%
Smoothed ELBO rel_impr over last 5: 1.0222e-01%
Minimum eigenvalue of V_X_star - M_X_star.T @ M_X_star: 6.5740e-03
Minimum eigenvalue of V_S_star - M_S_star.T @ M_S_star: 4.3668e-02
Stopping early at step 9 due to minimal loss change.
Iter 46/100 | mu_lambda_beta: 8.2544 | 
 sigmasq_lambda_beta: 0.0070 | 
 lambda_a1: 147.1000 | lambda_b1: 446.0533 | lambda_a2: 147.1000 | lambda_b2: 312.7773
‣  E[ϕ]: 0.2620 | ‣ E[Sigmasq*ϕ]: 0.8000 | ‣ ||mu_W||: 37.3086
Number of correct permutations recognized for piX: 6.0
Number of correct permutations recognized for piS: 6.0
[anneal] global_step=3157 | tau_X_t=0.3636 | tau_S_t=0.3627
Total ELBO: -654.9891
Relative change in total ELBO: 1.0065e-01%
Smoothed ELBO rel_impr over last 5: 9.6262e-02%
Minimum eigenvalue of V_X_star - M_X_star.T @ M_X_star: 6.3738e-03
Minimum eigenvalue of V_S_star - M_S_star.T @ M_S_star: 4.3194e-02
Stopping early at step 8 due to minimal loss change.
Iter 47/100 | mu_lambda_beta: 8.2591 | 
 sigmasq_lambda_beta: 0.0069 | 
 lambda_a1: 147.1000 | lambda_b1: 444.2818 | lambda_a2: 147.1000 | lambda_b2: 309.3439
‣  E[ϕ]: 0.2620 | ‣ E[Sigmasq*ϕ]: 0.7968 | ‣ ||mu_W||: 37.3255
Number of correct permutations recognized for piX: 6.0
Number of correct permutations recognized for piS: 6.0
[anneal] global_step=3216 | tau_X_t=0.3582 | tau_S_t=0.3574
Total ELBO: -654.3651
Relative change in total ELBO: 9.5272e-02%
Smoothed ELBO rel_impr over last 5: 9.1653e-02%
Minimum eigenvalue of V_X_star - M_X_star.T @ M_X_star: 6.1831e-03
Minimum eigenvalue of V_S_star - M_S_star.T @ M_S_star: 4.2670e-02
Stopping early at step 9 due to minimal loss change.
Iter 48/100 | mu_lambda_beta: 8.2637 | 
 sigmasq_lambda_beta: 0.0068 | 
 lambda_a1: 147.1000 | lambda_b1: 442.6843 | lambda_a2: 147.1000 | lambda_b2: 305.9311
‣  E[ϕ]: 0.2620 | ‣ E[Sigmasq*ϕ]: 0.7940 | ‣ ||mu_W||: 37.3460
Number of correct permutations recognized for piX: 6.0
Number of correct permutations recognized for piS: 6.0
[anneal] global_step=3276 | tau_X_t=0.3529 | tau_S_t=0.3521
Total ELBO: -653.7728
Relative change in total ELBO: 9.0522e-02%
Smoothed ELBO rel_impr over last 5: 9.5262e-02%
Minimum eigenvalue of V_X_star - M_X_star.T @ M_X_star: 6.0011e-03
Minimum eigenvalue of V_S_star - M_S_star.T @ M_S_star: 4.2225e-02
Stopping early at step 8 due to minimal loss change.
Iter 49/100 | mu_lambda_beta: 8.2682 | 
 sigmasq_lambda_beta: 0.0068 | 
 lambda_a1: 147.1000 | lambda_b1: 441.2678 | lambda_a2: 147.1000 | lambda_b2: 302.6848
‣  E[ϕ]: 0.2621 | ‣ E[Sigmasq*ϕ]: 0.7915 | ‣ ||mu_W||: 37.3637
Number of correct permutations recognized for piX: 6.0
Number of correct permutations recognized for piS: 6.0
[anneal] global_step=3335 | tau_X_t=0.3477 | tau_S_t=0.3469
Total ELBO: -653.1931
Relative change in total ELBO: 8.8662e-02%
Smoothed ELBO rel_impr over last 5: 9.7680e-02%
Minimum eigenvalue of V_X_star - M_X_star.T @ M_X_star: 5.8218e-03
Minimum eigenvalue of V_S_star - M_S_star.T @ M_S_star: 4.1726e-02
Stopping early at step 9 due to minimal loss change.
Iter 50/100 | mu_lambda_beta: 8.2727 | 
 sigmasq_lambda_beta: 0.0067 | 
 lambda_a1: 147.1000 | lambda_b1: 440.0004 | lambda_a2: 147.1000 | lambda_b2: 299.4553
‣  E[ϕ]: 0.2621 | ‣ E[Sigmasq*ϕ]: 0.7892 | ‣ ||mu_W||: 37.3842
Number of correct permutations recognized for piX: 6.0
Number of correct permutations recognized for piS: 6.0
[anneal] global_step=3395 | tau_X_t=0.3426 | tau_S_t=0.3417
Total ELBO: -652.8643
Relative change in total ELBO: 5.0337e-02%
Smoothed ELBO rel_impr over last 5: 9.4170e-02%
Minimum eigenvalue of V_X_star - M_X_star.T @ M_X_star: 5.6508e-03
Minimum eigenvalue of V_S_star - M_S_star.T @ M_S_star: 4.1329e-02
Stopping early at step 9 due to minimal loss change.
Iter 51/100 | mu_lambda_beta: 8.2770 | 
 sigmasq_lambda_beta: 0.0066 | 
 lambda_a1: 147.1000 | lambda_b1: 438.8801 | lambda_a2: 147.1000 | lambda_b2: 296.8426
‣  E[ϕ]: 0.2620 | ‣ E[Sigmasq*ϕ]: 0.7871 | ‣ ||mu_W||: 37.3919
Number of correct permutations recognized for piX: 6.0
Number of correct permutations recognized for piS: 6.0
[anneal] global_step=3455 | tau_X_t=0.3375 | tau_S_t=0.3366
Total ELBO: -652.3336
Relative change in total ELBO: 8.1288e-02%
Smoothed ELBO rel_impr over last 5: 8.5099e-02%
Minimum eigenvalue of V_X_star - M_X_star.T @ M_X_star: 5.4817e-03
Minimum eigenvalue of V_S_star - M_S_star.T @ M_S_star: 4.0913e-02
Stopping early at step 11 due to minimal loss change.
Iter 52/100 | mu_lambda_beta: 8.2823 | 
 sigmasq_lambda_beta: 0.0066 | 
 lambda_a1: 147.1000 | lambda_b1: 437.6079 | lambda_a2: 147.1000 | lambda_b2: 294.1193
‣  E[ϕ]: 0.2620 | ‣ E[Sigmasq*ϕ]: 0.7849 | ‣ ||mu_W||: 37.4043
Number of correct permutations recognized for piX: 6.0
Number of correct permutations recognized for piS: 6.0
[anneal] global_step=3517 | tau_X_t=0.3324 | tau_S_t=0.3314
Total ELBO: -652.0299
Relative change in total ELBO: 4.6558e-02%
Smoothed ELBO rel_impr over last 5: 8.1232e-02%
Minimum eigenvalue of V_X_star - M_X_star.T @ M_X_star: 5.3185e-03
Minimum eigenvalue of V_S_star - M_S_star.T @ M_S_star: 4.0650e-02
Stopping early at step 8 due to minimal loss change.
Iter 53/100 | mu_lambda_beta: 8.2878 | 
 sigmasq_lambda_beta: 0.0065 | 
 lambda_a1: 147.1000 | lambda_b1: 436.3917 | lambda_a2: 147.1000 | lambda_b2: 291.7605
‣  E[ϕ]: 0.2620 | ‣ E[Sigmasq*ϕ]: 0.7826 | ‣ ||mu_W||: 37.4047
Number of correct permutations recognized for piX: 6.0
Number of correct permutations recognized for piS: 6.0
[anneal] global_step=3576 | tau_X_t=0.3273 | tau_S_t=0.3266
Total ELBO: -651.8269
Relative change in total ELBO: 3.1134e-02%
Smoothed ELBO rel_impr over last 5: 7.1489e-02%
Minimum eigenvalue of V_X_star - M_X_star.T @ M_X_star: 5.1547e-03
Minimum eigenvalue of V_S_star - M_S_star.T @ M_S_star: 4.0259e-02
Stopping early at step 12 due to minimal loss change.
Iter 54/100 | mu_lambda_beta: 8.2951 | 
 sigmasq_lambda_beta: 0.0065 | 
 lambda_a1: 147.1000 | lambda_b1: 435.0106 | lambda_a2: 147.1000 | lambda_b2: 289.6688
‣  E[ϕ]: 0.2620 | ‣ E[Sigmasq*ϕ]: 0.7801 | ‣ ||mu_W||: 37.4052
Number of correct permutations recognized for piX: 6.0
Number of correct permutations recognized for piS: 6.0
[anneal] global_step=3639 | tau_X_t=0.3225 | tau_S_t=0.3214
Total ELBO: -651.5815
Relative change in total ELBO: 3.7651e-02%
Smoothed ELBO rel_impr over last 5: 5.9620e-02%
Minimum eigenvalue of V_X_star - M_X_star.T @ M_X_star: 5.0038e-03
Minimum eigenvalue of V_S_star - M_S_star.T @ M_S_star: 3.9966e-02
Stopping early at step 11 due to minimal loss change.
Iter 55/100 | mu_lambda_beta: 8.3018 | 
 sigmasq_lambda_beta: 0.0064 | 
 lambda_a1: 147.1000 | lambda_b1: 433.3909 | lambda_a2: 147.1000 | lambda_b2: 287.9351
‣  E[ϕ]: 0.2620 | ‣ E[Sigmasq*ϕ]: 0.7771 | ‣ ||mu_W||: 37.3978
Number of correct permutations recognized for piX: 6.0
Number of correct permutations recognized for piS: 6.0
[anneal] global_step=3701 | tau_X_t=0.3174 | tau_S_t=0.3165
Total ELBO: -651.1326
Relative change in total ELBO: 6.8896e-02%
Smoothed ELBO rel_impr over last 5: 4.9393e-02%
Minimum eigenvalue of V_X_star - M_X_star.T @ M_X_star: 4.8473e-03
Minimum eigenvalue of V_S_star - M_S_star.T @ M_S_star: 3.9728e-02
Stopping early at step 7 due to minimal loss change.
Iter 56/100 | mu_lambda_beta: 8.3091 | 
 sigmasq_lambda_beta: 0.0064 | 
 lambda_a1: 147.1000 | lambda_b1: 431.5922 | lambda_a2: 147.1000 | lambda_b2: 285.6736
‣  E[ϕ]: 0.2620 | ‣ E[Sigmasq*ϕ]: 0.7739 | ‣ ||mu_W||: 37.3978
Number of correct permutations recognized for piX: 6.0
Number of correct permutations recognized for piS: 6.0
[anneal] global_step=3759 | tau_X_t=0.3125 | tau_S_t=0.3119
Total ELBO: -650.7172
Relative change in total ELBO: 6.3797e-02%
Smoothed ELBO rel_impr over last 5: 5.3115e-02%
Minimum eigenvalue of V_X_star - M_X_star.T @ M_X_star: 4.6985e-03
Minimum eigenvalue of V_S_star - M_S_star.T @ M_S_star: 3.9239e-02
Iter 57/100 | mu_lambda_beta: 8.3159 | 
 sigmasq_lambda_beta: 0.0064 | 
 lambda_a1: 147.1000 | lambda_b1: 429.8661 | lambda_a2: 147.1000 | lambda_b2: 283.0506
‣  E[ϕ]: 0.2620 | ‣ E[Sigmasq*ϕ]: 0.7708 | ‣ ||mu_W||: 37.4102
Number of correct permutations recognized for piX: 6.0
Number of correct permutations recognized for piS: 6.0
[anneal] global_step=3859 | tau_X_t=0.3080 | tau_S_t=0.3042
Total ELBO: -650.5293
Relative change in total ELBO: 2.8871e-02%
Smoothed ELBO rel_impr over last 5: 4.9594e-02%
Minimum eigenvalue of V_X_star - M_X_star.T @ M_X_star: 4.5632e-03
Minimum eigenvalue of V_S_star - M_S_star.T @ M_S_star: 4.0050e-02
Iter 58/100 | mu_lambda_beta: 8.3212 | 
 sigmasq_lambda_beta: 0.0063 | 
 lambda_a1: 147.1000 | lambda_b1: 428.3126 | lambda_a2: 147.1000 | lambda_b2: 282.0713
‣  E[ϕ]: 0.2619 | ‣ E[Sigmasq*ϕ]: 0.7679 | ‣ ||mu_W||: 37.3607
Number of correct permutations recognized for piX: 6.0
Number of correct permutations recognized for piS: 6.0
[anneal] global_step=3959 | tau_X_t=0.3004 | tau_S_t=0.2967
Total ELBO: -650.7776
Relative change in total ELBO: -3.8168e-02%
Smoothed ELBO rel_impr over last 5: 4.6067e-02%
Minimum eigenvalue of V_X_star - M_X_star.T @ M_X_star: 4.3395e-03
Minimum eigenvalue of V_S_star - M_S_star.T @ M_S_star: 3.9878e-02
Iter 59/100 | mu_lambda_beta: 8.3283 | 
 sigmasq_lambda_beta: 0.0063 | 
 lambda_a1: 147.1000 | lambda_b1: 426.3215 | lambda_a2: 147.1000 | lambda_b2: 280.7743
‣  E[ϕ]: 0.2618 | ‣ E[Sigmasq*ϕ]: 0.7640 | ‣ ||mu_W||: 37.3188
Number of correct permutations recognized for piX: 6.0
Number of correct permutations recognized for piS: 6.0
[anneal] global_step=4059 | tau_X_t=0.2930 | tau_S_t=0.2893
Total ELBO: -650.5732
Relative change in total ELBO: 3.1400e-02%
Smoothed ELBO rel_impr over last 5: 3.2235e-02%
Minimum eigenvalue of V_X_star - M_X_star.T @ M_X_star: 4.1273e-03
Minimum eigenvalue of V_S_star - M_S_star.T @ M_S_star: 3.9903e-02
Iter 60/100 | mu_lambda_beta: 8.3362 | 
 sigmasq_lambda_beta: 0.0063 | 
 lambda_a1: 147.1000 | lambda_b1: 423.4454 | lambda_a2: 147.1000 | lambda_b2: 278.9550
‣  E[ϕ]: 0.2618 | ‣ E[Sigmasq*ϕ]: 0.7588 | ‣ ||mu_W||: 37.2916
Number of correct permutations recognized for piX: 6.0
Number of correct permutations recognized for piS: 6.0
[anneal] global_step=4159 | tau_X_t=0.2857 | tau_S_t=0.2822
Total ELBO: -650.1421
Relative change in total ELBO: 6.6273e-02%
Smoothed ELBO rel_impr over last 5: 3.0979e-02%
Minimum eigenvalue of V_X_star - M_X_star.T @ M_X_star: 3.9252e-03
Minimum eigenvalue of V_S_star - M_S_star.T @ M_S_star: 3.9672e-02
Iter 61/100 | mu_lambda_beta: 8.3435 | 
 sigmasq_lambda_beta: 0.0062 | 
 lambda_a1: 147.1000 | lambda_b1: 420.3237 | lambda_a2: 147.1000 | lambda_b2: 276.2509
‣  E[ϕ]: 0.2618 | ‣ E[Sigmasq*ϕ]: 0.7532 | ‣ ||mu_W||: 37.2850
Number of correct permutations recognized for piX: 6.0
Number of correct permutations recognized for piS: 6.0
[anneal] global_step=4259 | tau_X_t=0.2787 | tau_S_t=0.2752
Total ELBO: -650.3563
Relative change in total ELBO: -3.2942e-02%
Smoothed ELBO rel_impr over last 5: 3.0445e-02%
Minimum eigenvalue of V_X_star - M_X_star.T @ M_X_star: 3.7337e-03
Minimum eigenvalue of V_S_star - M_S_star.T @ M_S_star: 3.8864e-02
Iter 62/100 | mu_lambda_beta: 8.3507 | 
 sigmasq_lambda_beta: 0.0062 | 
 lambda_a1: 147.1000 | lambda_b1: 417.3593 | lambda_a2: 147.1000 | lambda_b2: 274.3216
‣  E[ϕ]: 0.2618 | ‣ E[Sigmasq*ϕ]: 0.7478 | ‣ ||mu_W||: 37.2629
Number of correct permutations recognized for piX: 6.0
Number of correct permutations recognized for piS: 6.0
[anneal] global_step=4359 | tau_X_t=0.2718 | tau_S_t=0.2684
Total ELBO: -650.3018
Relative change in total ELBO: 8.3807e-03%
Smoothed ELBO rel_impr over last 5: 1.1090e-02%
Minimum eigenvalue of V_X_star - M_X_star.T @ M_X_star: 3.5509e-03
Minimum eigenvalue of V_S_star - M_S_star.T @ M_S_star: 3.8720e-02
Iter 63/100 | mu_lambda_beta: 8.3576 | 
 sigmasq_lambda_beta: 0.0062 | 
 lambda_a1: 147.1000 | lambda_b1: 414.1052 | lambda_a2: 147.1000 | lambda_b2: 272.4467
‣  E[ϕ]: 0.2617 | ‣ E[Sigmasq*ϕ]: 0.7419 | ‣ ||mu_W||: 37.2461
Number of correct permutations recognized for piX: 6.0
Number of correct permutations recognized for piS: 6.0
[anneal] global_step=4459 | tau_X_t=0.2650 | tau_S_t=0.2617
Total ELBO: -650.1479
Relative change in total ELBO: 2.3661e-02%
Smoothed ELBO rel_impr over last 5: 6.9998e-03%
Stopping: smoothed ELBO improvement is 6.9998e-03% (< 0.01%)
Minimum eigenvalue of V_X_star - M_X_star.T @ M_X_star: -8.9407e-08
Minimum eigenvalue of V_S_star - M_S_star.T @ M_S_star: -8.9407e-08
Iter 1/100 | mu_lambda_beta: 1.4629 | 
 sigmasq_lambda_beta: 0.0000 | 
 lambda_a1: 147.1000 | lambda_b1: 6480.9727 | lambda_a2: 147.1000 | lambda_b2: 11926.4238
‣  E[ϕ]: 0.2549 | ‣ E[Sigmasq*ϕ]: 11.3068 | ‣ ||mu_W||: 45.9396
Number of correct permutations recognized for piX: 6.0
Number of correct permutations recognized for piS: 1.0
[anneal] global_step=100 | tau_X_t=0.8890 | tau_S_t=0.8779
Total ELBO: -1102.2599
Minimum eigenvalue of V_X_star - M_X_star.T @ M_X_star: 3.7366e-01
Minimum eigenvalue of V_S_star - M_S_star.T @ M_S_star: 3.6091e-01
Iter 2/100 | mu_lambda_beta: 3.7407 | 
 sigmasq_lambda_beta: 0.3360 | 
 lambda_a1: 147.1000 | lambda_b1: 2797.7244 | lambda_a2: 147.1000 | lambda_b2: 9985.2695
‣  E[ϕ]: 0.2606 | ‣ E[Sigmasq*ϕ]: 4.9906 | ‣ ||mu_W||: 31.2188
Number of correct permutations recognized for piX: 6.0
Number of correct permutations recognized for piS: 1.0
[anneal] global_step=200 | tau_X_t=0.8670 | tau_S_t=0.8562
Total ELBO: -993.2455
Relative change in total ELBO: 9.8901e+00%
Minimum eigenvalue of V_X_star - M_X_star.T @ M_X_star: 3.2308e-01
Minimum eigenvalue of V_S_star - M_S_star.T @ M_S_star: 4.6582e-01
Iter 3/100 | mu_lambda_beta: 5.8464 | 
 sigmasq_lambda_beta: 0.2147 | 
 lambda_a1: 147.1000 | lambda_b1: 2601.6211 | lambda_a2: 147.1000 | lambda_b2: 6292.9536
‣  E[ϕ]: 0.2605 | ‣ E[Sigmasq*ϕ]: 4.6394 | ‣ ||mu_W||: 27.5289
Number of correct permutations recognized for piX: 6.0
Number of correct permutations recognized for piS: 2.0
[anneal] global_step=300 | tau_X_t=0.8456 | tau_S_t=0.8350
Total ELBO: -918.0660
Relative change in total ELBO: 7.5691e+00%
Minimum eigenvalue of V_X_star - M_X_star.T @ M_X_star: 1.7798e-01
Minimum eigenvalue of V_S_star - M_S_star.T @ M_S_star: 4.8404e-01
Iter 4/100 | mu_lambda_beta: 6.9450 | 
 sigmasq_lambda_beta: 0.1272 | 
 lambda_a1: 147.1000 | lambda_b1: 2408.0488 | lambda_a2: 147.1000 | lambda_b2: 3529.3586
‣  E[ϕ]: 0.2597 | ‣ E[Sigmasq*ϕ]: 4.2807 | ‣ ||mu_W||: 26.7741
Number of correct permutations recognized for piX: 6.0
Number of correct permutations recognized for piS: 2.0
[anneal] global_step=400 | tau_X_t=0.8246 | tau_S_t=0.8144
Total ELBO: -854.2834
Relative change in total ELBO: 6.9475e+00%
Minimum eigenvalue of V_X_star - M_X_star.T @ M_X_star: 1.0065e-01
Minimum eigenvalue of V_S_star - M_S_star.T @ M_S_star: 4.0340e-01
Iter 5/100 | mu_lambda_beta: 7.4978 | 
 sigmasq_lambda_beta: 0.0728 | 
 lambda_a1: 147.1000 | lambda_b1: 2167.1135 | lambda_a2: 147.1000 | lambda_b2: 2215.8740
‣  E[ϕ]: 0.2592 | ‣ E[Sigmasq*ϕ]: 3.8452 | ‣ ||mu_W||: 28.1510
Number of correct permutations recognized for piX: 6.0
Number of correct permutations recognized for piS: 2.0
[anneal] global_step=500 | tau_X_t=0.8042 | tau_S_t=0.7942
Total ELBO: -809.6512
Relative change in total ELBO: 5.2245e+00%
Minimum eigenvalue of V_X_star - M_X_star.T @ M_X_star: 6.6179e-02
Minimum eigenvalue of V_S_star - M_S_star.T @ M_S_star: 3.0322e-01
Iter 6/100 | mu_lambda_beta: 7.7534 | 
 sigmasq_lambda_beta: 0.0463 | 
 lambda_a1: 147.1000 | lambda_b1: 1916.5192 | lambda_a2: 147.1000 | lambda_b2: 1562.4664
‣  E[ϕ]: 0.2591 | ‣ E[Sigmasq*ϕ]: 3.3993 | ‣ ||mu_W||: 30.2871
Number of correct permutations recognized for piX: 6.0
Number of correct permutations recognized for piS: 6.0
[anneal] global_step=600 | tau_X_t=0.7843 | tau_S_t=0.7745
Total ELBO: -779.6708
Relative change in total ELBO: 3.7029e+00%
Minimum eigenvalue of V_X_star - M_X_star.T @ M_X_star: 4.9609e-02
Minimum eigenvalue of V_S_star - M_S_star.T @ M_S_star: 2.2239e-01
Iter 7/100 | mu_lambda_beta: 7.8650 | 
 sigmasq_lambda_beta: 0.0329 | 
 lambda_a1: 147.1000 | lambda_b1: 1690.6691 | lambda_a2: 147.1000 | lambda_b2: 1209.6697
‣  E[ϕ]: 0.2593 | ‣ E[Sigmasq*ϕ]: 3.0002 | ‣ ||mu_W||: 32.3240
Number of correct permutations recognized for piX: 6.0
Number of correct permutations recognized for piS: 6.0
[anneal] global_step=700 | tau_X_t=0.7649 | tau_S_t=0.7554
Total ELBO: -759.4712
Relative change in total ELBO: 2.5908e+00%
Smoothed ELBO rel_impr over last 5: 6.8966e+00%
Minimum eigenvalue of V_X_star - M_X_star.T @ M_X_star: 4.0602e-02
Minimum eigenvalue of V_S_star - M_S_star.T @ M_S_star: 1.6920e-01
Stopping early at step 45 due to minimal loss change.
Iter 8/100 | mu_lambda_beta: 7.9148 | 
 sigmasq_lambda_beta: 0.0255 | 
 lambda_a1: 147.1000 | lambda_b1: 1501.5887 | lambda_a2: 147.1000 | lambda_b2: 1003.5929
‣  E[ϕ]: 0.2595 | ‣ E[Sigmasq*ϕ]: 2.6669 | ‣ ||mu_W||: 33.8738
Number of correct permutations recognized for piX: 6.0
Number of correct permutations recognized for piS: 6.0
[anneal] global_step=796 | tau_X_t=0.7460 | tau_S_t=0.7374
Total ELBO: -745.3777
Relative change in total ELBO: 1.8557e+00%
Smoothed ELBO rel_impr over last 5: 5.3681e+00%
Minimum eigenvalue of V_X_star - M_X_star.T @ M_X_star: 3.5073e-02
Minimum eigenvalue of V_S_star - M_S_star.T @ M_S_star: 1.3757e-01
Stopping early at step 36 due to minimal loss change.
Iter 9/100 | mu_lambda_beta: 7.9395 | 
 sigmasq_lambda_beta: 0.0212 | 
 lambda_a1: 147.1000 | lambda_b1: 1346.7559 | lambda_a2: 147.1000 | lambda_b2: 875.3370
‣  E[ϕ]: 0.2597 | ‣ E[Sigmasq*ϕ]: 2.3938 | ‣ ||mu_W||: 34.8897
Number of correct permutations recognized for piX: 6.0
Number of correct permutations recognized for piS: 6.0
[anneal] global_step=883 | tau_X_t=0.7282 | tau_S_t=0.7215
Total ELBO: -735.2109
Relative change in total ELBO: 1.3640e+00%
Smoothed ELBO rel_impr over last 5: 4.1903e+00%
Minimum eigenvalue of V_X_star - M_X_star.T @ M_X_star: 3.1361e-02
Minimum eigenvalue of V_S_star - M_S_star.T @ M_S_star: 1.1981e-01
Stopping early at step 28 due to minimal loss change.
Iter 10/100 | mu_lambda_beta: 7.9544 | 
 sigmasq_lambda_beta: 0.0185 | 
 lambda_a1: 147.1000 | lambda_b1: 1219.1112 | lambda_a2: 147.1000 | lambda_b2: 791.1319
‣  E[ϕ]: 0.2599 | ‣ E[Sigmasq*ϕ]: 2.1685 | ‣ ||mu_W||: 35.4884
Number of correct permutations recognized for piX: 6.0
Number of correct permutations recognized for piS: 6.0
[anneal] global_step=962 | tau_X_t=0.7125 | tau_S_t=0.7074
Total ELBO: -727.4471
Relative change in total ELBO: 1.0560e+00%
Smoothed ELBO rel_impr over last 5: 3.0157e+00%
Minimum eigenvalue of V_X_star - M_X_star.T @ M_X_star: 2.8734e-02
Minimum eigenvalue of V_S_star - M_S_star.T @ M_S_star: 1.0849e-01
Stopping early at step 28 due to minimal loss change.
Iter 11/100 | mu_lambda_beta: 7.9642 | 
 sigmasq_lambda_beta: 0.0167 | 
 lambda_a1: 147.1000 | lambda_b1: 1112.5117 | lambda_a2: 147.1000 | lambda_b2: 732.1387
‣  E[ϕ]: 0.2600 | ‣ E[Sigmasq*ϕ]: 1.9801 | ‣ ||mu_W||: 35.8696
Number of correct permutations recognized for piX: 6.0
Number of correct permutations recognized for piS: 6.0
[anneal] global_step=1041 | tau_X_t=0.6986 | tau_S_t=0.6935
Total ELBO: -721.2109
Relative change in total ELBO: 8.5727e-01%
Smoothed ELBO rel_impr over last 5: 2.1467e+00%
Minimum eigenvalue of V_X_star - M_X_star.T @ M_X_star: 2.6766e-02
Minimum eigenvalue of V_S_star - M_S_star.T @ M_S_star: 9.9104e-02
Stopping early at step 23 due to minimal loss change.
Iter 12/100 | mu_lambda_beta: 7.9727 | 
 sigmasq_lambda_beta: 0.0155 | 
 lambda_a1: 147.1000 | lambda_b1: 1022.5881 | lambda_a2: 147.1000 | lambda_b2: 686.9572
‣  E[ϕ]: 0.2602 | ‣ E[Sigmasq*ϕ]: 1.8213 | ‣ ||mu_W||: 36.1579
Number of correct permutations recognized for piX: 6.0
Number of correct permutations recognized for piS: 6.0
[anneal] global_step=1115 | tau_X_t=0.6849 | tau_S_t=0.6808
Total ELBO: -716.0062
Relative change in total ELBO: 7.2166e-01%
Smoothed ELBO rel_impr over last 5: 1.5601e+00%
Minimum eigenvalue of V_X_star - M_X_star.T @ M_X_star: 2.5138e-02
Minimum eigenvalue of V_S_star - M_S_star.T @ M_S_star: 9.3867e-02
Stopping early at step 19 due to minimal loss change.
Iter 13/100 | mu_lambda_beta: 7.9809 | 
 sigmasq_lambda_beta: 0.0145 | 
 lambda_a1: 147.1000 | lambda_b1: 946.6525 | lambda_a2: 147.1000 | lambda_b2: 651.4883
‣  E[ϕ]: 0.2603 | ‣ E[Sigmasq*ϕ]: 1.6869 | ‣ ||mu_W||: 36.3267
Number of correct permutations recognized for piX: 6.0
Number of correct permutations recognized for piS: 6.0
[anneal] global_step=1185 | tau_X_t=0.6723 | tau_S_t=0.6689
Total ELBO: -711.6010
Relative change in total ELBO: 6.1525e-01%
Smoothed ELBO rel_impr over last 5: 1.1783e+00%
Minimum eigenvalue of V_X_star - M_X_star.T @ M_X_star: 2.3799e-02
Minimum eigenvalue of V_S_star - M_S_star.T @ M_S_star: 8.9313e-02
Stopping early at step 11 due to minimal loss change.
Iter 14/100 | mu_lambda_beta: 7.9885 | 
 sigmasq_lambda_beta: 0.0138 | 
 lambda_a1: 147.1000 | lambda_b1: 881.3911 | lambda_a2: 147.1000 | lambda_b2: 622.7511
‣  E[ϕ]: 0.2605 | ‣ E[Sigmasq*ϕ]: 1.5715 | ‣ ||mu_W||: 36.4400
Number of correct permutations recognized for piX: 6.0
Number of correct permutations recognized for piS: 6.0
[anneal] global_step=1247 | tau_X_t=0.6606 | tau_S_t=0.6586
Total ELBO: -707.7664
Relative change in total ELBO: 5.3886e-01%
Smoothed ELBO rel_impr over last 5: 9.2659e-01%
Minimum eigenvalue of V_X_star - M_X_star.T @ M_X_star: 2.2664e-02
Minimum eigenvalue of V_S_star - M_S_star.T @ M_S_star: 8.5676e-02
Stopping early at step 13 due to minimal loss change.
Iter 15/100 | mu_lambda_beta: 7.9955 | 
 sigmasq_lambda_beta: 0.0132 | 
 lambda_a1: 147.1000 | lambda_b1: 825.3023 | lambda_a2: 147.1000 | lambda_b2: 598.8185
‣  E[ϕ]: 0.2606 | ‣ E[Sigmasq*ϕ]: 1.4723 | ‣ ||mu_W||: 36.5035
Number of correct permutations recognized for piX: 6.0
Number of correct permutations recognized for piS: 6.0
[anneal] global_step=1311 | tau_X_t=0.6504 | tau_S_t=0.6481
Total ELBO: -704.5090
Relative change in total ELBO: 4.6023e-01%
Smoothed ELBO rel_impr over last 5: 7.5993e-01%
Minimum eigenvalue of V_X_star - M_X_star.T @ M_X_star: 2.1729e-02
Minimum eigenvalue of V_S_star - M_S_star.T @ M_S_star: 8.2547e-02
Stopping early at step 12 due to minimal loss change.
Iter 16/100 | mu_lambda_beta: 8.0036 | 
 sigmasq_lambda_beta: 0.0127 | 
 lambda_a1: 147.1000 | lambda_b1: 777.2089 | lambda_a2: 147.1000 | lambda_b2: 578.9292
‣  E[ϕ]: 0.2608 | ‣ E[Sigmasq*ϕ]: 1.3872 | ‣ ||mu_W||: 36.5607
Number of correct permutations recognized for piX: 6.0
Number of correct permutations recognized for piS: 6.0
[anneal] global_step=1374 | tau_X_t=0.6400 | tau_S_t=0.6380
Total ELBO: -701.5146
Relative change in total ELBO: 4.2503e-01%
Smoothed ELBO rel_impr over last 5: 6.4000e-01%
Minimum eigenvalue of V_X_star - M_X_star.T @ M_X_star: 2.0855e-02
Minimum eigenvalue of V_S_star - M_S_star.T @ M_S_star: 7.9637e-02
Stopping early at step 11 due to minimal loss change.
Iter 17/100 | mu_lambda_beta: 8.0127 | 
 sigmasq_lambda_beta: 0.0123 | 
 lambda_a1: 147.1000 | lambda_b1: 735.8103 | lambda_a2: 147.1000 | lambda_b2: 561.0389
‣  E[ϕ]: 0.2609 | ‣ E[Sigmasq*ϕ]: 1.3140 | ‣ ||mu_W||: 36.5993
Number of correct permutations recognized for piX: 6.0
Number of correct permutations recognized for piS: 6.0
[anneal] global_step=1436 | tau_X_t=0.6300 | tau_S_t=0.6281
Total ELBO: -698.7523
Relative change in total ELBO: 3.9378e-01%
Smoothed ELBO rel_impr over last 5: 5.5310e-01%
Minimum eigenvalue of V_X_star - M_X_star.T @ M_X_star: 2.0058e-02
Minimum eigenvalue of V_S_star - M_S_star.T @ M_S_star: 7.7337e-02
Stopping early at step 10 due to minimal loss change.
Iter 18/100 | mu_lambda_beta: 8.0232 | 
 sigmasq_lambda_beta: 0.0119 | 
 lambda_a1: 147.1000 | lambda_b1: 700.1823 | lambda_a2: 147.1000 | lambda_b2: 545.0060
‣  E[ϕ]: 0.2610 | ‣ E[Sigmasq*ϕ]: 1.2509 | ‣ ||mu_W||: 36.6290
Number of correct permutations recognized for piX: 6.0
Number of correct permutations recognized for piS: 6.0
[anneal] global_step=1497 | tau_X_t=0.6203 | tau_S_t=0.6186
Total ELBO: -696.2354
Relative change in total ELBO: 3.6020e-01%
Smoothed ELBO rel_impr over last 5: 4.8720e-01%
Minimum eigenvalue of V_X_star - M_X_star.T @ M_X_star: 1.9324e-02
Minimum eigenvalue of V_S_star - M_S_star.T @ M_S_star: 7.5086e-02
Stopping early at step 11 due to minimal loss change.
Iter 19/100 | mu_lambda_beta: 8.0344 | 
 sigmasq_lambda_beta: 0.0116 | 
 lambda_a1: 147.1000 | lambda_b1: 669.4698 | lambda_a2: 147.1000 | lambda_b2: 530.6545
‣  E[ϕ]: 0.2611 | ‣ E[Sigmasq*ϕ]: 1.1966 | ‣ ||mu_W||: 36.6528
Number of correct permutations recognized for piX: 6.0
Number of correct permutations recognized for piS: 6.0
[anneal] global_step=1559 | tau_X_t=0.6109 | tau_S_t=0.6091
Total ELBO: -693.8535
Relative change in total ELBO: 3.4210e-01%
Smoothed ELBO rel_impr over last 5: 4.3602e-01%
Minimum eigenvalue of V_X_star - M_X_star.T @ M_X_star: 1.8644e-02
Minimum eigenvalue of V_S_star - M_S_star.T @ M_S_star: 7.2989e-02
Stopping early at step 13 due to minimal loss change.
Iter 20/100 | mu_lambda_beta: 8.0446 | 
 sigmasq_lambda_beta: 0.0113 | 
 lambda_a1: 147.1000 | lambda_b1: 642.8169 | lambda_a2: 147.1000 | lambda_b2: 517.3488
‣  E[ϕ]: 0.2612 | ‣ E[Sigmasq*ϕ]: 1.1494 | ‣ ||mu_W||: 36.6762
Number of correct permutations recognized for piX: 6.0
Number of correct permutations recognized for piS: 6.0
[anneal] global_step=1623 | tau_X_t=0.6015 | tau_S_t=0.5994
Total ELBO: -691.4946
Relative change in total ELBO: 3.3997e-01%
Smoothed ELBO rel_impr over last 5: 3.9651e-01%
Minimum eigenvalue of V_X_star - M_X_star.T @ M_X_star: 1.7993e-02
Minimum eigenvalue of V_S_star - M_S_star.T @ M_S_star: 7.0308e-02
Stopping early at step 11 due to minimal loss change.
Iter 21/100 | mu_lambda_beta: 8.0537 | 
 sigmasq_lambda_beta: 0.0110 | 
 lambda_a1: 147.1000 | lambda_b1: 619.6814 | lambda_a2: 147.1000 | lambda_b2: 504.3984
‣  E[ϕ]: 0.2613 | ‣ E[Sigmasq*ϕ]: 1.1085 | ‣ ||mu_W||: 36.7055
Number of correct permutations recognized for piX: 6.0
Number of correct permutations recognized for piS: 6.0
[anneal] global_step=1685 | tau_X_t=0.5919 | tau_S_t=0.5901
Total ELBO: -689.4317
Relative change in total ELBO: 2.9833e-01%
Smoothed ELBO rel_impr over last 5: 3.7239e-01%
Minimum eigenvalue of V_X_star - M_X_star.T @ M_X_star: 1.7358e-02
Minimum eigenvalue of V_S_star - M_S_star.T @ M_S_star: 6.8709e-02
Stopping early at step 10 due to minimal loss change.
Iter 22/100 | mu_lambda_beta: 8.0626 | 
 sigmasq_lambda_beta: 0.0108 | 
 lambda_a1: 147.1000 | lambda_b1: 599.7873 | lambda_a2: 147.1000 | lambda_b2: 492.5577
‣  E[ϕ]: 0.2614 | ‣ E[Sigmasq*ϕ]: 1.0733 | ‣ ||mu_W||: 36.7233
Number of correct permutations recognized for piX: 6.0
Number of correct permutations recognized for piS: 6.0
[anneal] global_step=1746 | tau_X_t=0.5828 | tau_S_t=0.5812
Total ELBO: -687.5277
Relative change in total ELBO: 2.7617e-01%
Smoothed ELBO rel_impr over last 5: 3.4702e-01%
Minimum eigenvalue of V_X_star - M_X_star.T @ M_X_star: 1.6770e-02
Minimum eigenvalue of V_S_star - M_S_star.T @ M_S_star: 6.7189e-02
Stopping early at step 12 due to minimal loss change.
Iter 23/100 | mu_lambda_beta: 8.0709 | 
 sigmasq_lambda_beta: 0.0105 | 
 lambda_a1: 147.1000 | lambda_b1: 582.4163 | lambda_a2: 147.1000 | lambda_b2: 482.0374
‣  E[ϕ]: 0.2615 | ‣ E[Sigmasq*ϕ]: 1.0425 | ‣ ||mu_W||: 36.7408
Number of correct permutations recognized for piX: 6.0
Number of correct permutations recognized for piS: 6.0
[anneal] global_step=1809 | tau_X_t=0.5739 | tau_S_t=0.5721
Total ELBO: -685.7377
Relative change in total ELBO: 2.6036e-01%
Smoothed ELBO rel_impr over last 5: 3.2349e-01%
Minimum eigenvalue of V_X_star - M_X_star.T @ M_X_star: 1.6217e-02
Minimum eigenvalue of V_S_star - M_S_star.T @ M_S_star: 6.5827e-02
Stopping early at step 12 due to minimal loss change.
Iter 24/100 | mu_lambda_beta: 8.0785 | 
 sigmasq_lambda_beta: 0.0103 | 
 lambda_a1: 147.1000 | lambda_b1: 567.1785 | lambda_a2: 147.1000 | lambda_b2: 472.2669
‣  E[ϕ]: 0.2616 | ‣ E[Sigmasq*ϕ]: 1.0155 | ‣ ||mu_W||: 36.7560
Number of correct permutations recognized for piX: 6.0
Number of correct permutations recognized for piS: 6.0
[anneal] global_step=1872 | tau_X_t=0.5649 | tau_S_t=0.5631
Total ELBO: -683.9790
Relative change in total ELBO: 2.5646e-01%
Smoothed ELBO rel_impr over last 5: 3.0353e-01%
Minimum eigenvalue of V_X_star - M_X_star.T @ M_X_star: 1.5672e-02
Minimum eigenvalue of V_S_star - M_S_star.T @ M_S_star: 6.4579e-02
Stopping early at step 13 due to minimal loss change.
Iter 25/100 | mu_lambda_beta: 8.0859 | 
 sigmasq_lambda_beta: 0.0101 | 
 lambda_a1: 147.1000 | lambda_b1: 553.7985 | lambda_a2: 147.1000 | lambda_b2: 462.8242
‣  E[ϕ]: 0.2616 | ‣ E[Sigmasq*ϕ]: 0.9918 | ‣ ||mu_W||: 36.7729
Number of correct permutations recognized for piX: 6.0
Number of correct permutations recognized for piS: 6.0
[anneal] global_step=1936 | tau_X_t=0.5561 | tau_S_t=0.5541
Total ELBO: -682.2908
Relative change in total ELBO: 2.4683e-01%
Smoothed ELBO rel_impr over last 5: 2.8638e-01%
Minimum eigenvalue of V_X_star - M_X_star.T @ M_X_star: 1.5150e-02
Minimum eigenvalue of V_S_star - M_S_star.T @ M_S_star: 6.3447e-02
Stopping early at step 13 due to minimal loss change.
Iter 26/100 | mu_lambda_beta: 8.0931 | 
 sigmasq_lambda_beta: 0.0099 | 
 lambda_a1: 147.1000 | lambda_b1: 542.0462 | lambda_a2: 147.1000 | lambda_b2: 453.8370
‣  E[ϕ]: 0.2617 | ‣ E[Sigmasq*ϕ]: 0.9710 | ‣ ||mu_W||: 36.7876
Number of correct permutations recognized for piX: 6.0
Number of correct permutations recognized for piS: 6.0
[anneal] global_step=2000 | tau_X_t=0.5472 | tau_S_t=0.5453
Total ELBO: -680.6401
Relative change in total ELBO: 2.4193e-01%
Smoothed ELBO rel_impr over last 5: 2.6770e-01%
Minimum eigenvalue of V_X_star - M_X_star.T @ M_X_star: 1.4642e-02
Minimum eigenvalue of V_S_star - M_S_star.T @ M_S_star: 6.2364e-02
Stopping early at step 9 due to minimal loss change.
Iter 27/100 | mu_lambda_beta: 8.1001 | 
 sigmasq_lambda_beta: 0.0098 | 
 lambda_a1: 147.1000 | lambda_b1: 531.7156 | lambda_a2: 147.1000 | lambda_b2: 445.1373
‣  E[ϕ]: 0.2618 | ‣ E[Sigmasq*ϕ]: 0.9527 | ‣ ||mu_W||: 36.8057
Number of correct permutations recognized for piX: 6.0
Number of correct permutations recognized for piS: 6.0
[anneal] global_step=2060 | tau_X_t=0.5385 | tau_S_t=0.5372
Total ELBO: -679.1415
Relative change in total ELBO: 2.2018e-01%
Smoothed ELBO rel_impr over last 5: 2.5639e-01%
Minimum eigenvalue of V_X_star - M_X_star.T @ M_X_star: 1.4154e-02
Minimum eigenvalue of V_S_star - M_S_star.T @ M_S_star: 6.1170e-02
Stopping early at step 11 due to minimal loss change.
Iter 28/100 | mu_lambda_beta: 8.1074 | 
 sigmasq_lambda_beta: 0.0096 | 
 lambda_a1: 147.1000 | lambda_b1: 522.6260 | lambda_a2: 147.1000 | lambda_b2: 436.9318
‣  E[ϕ]: 0.2618 | ‣ E[Sigmasq*ϕ]: 0.9365 | ‣ ||mu_W||: 36.8257
Number of correct permutations recognized for piX: 6.0
Number of correct permutations recognized for piS: 6.0
[anneal] global_step=2122 | tau_X_t=0.5305 | tau_S_t=0.5289
Total ELBO: -677.6871
Relative change in total ELBO: 2.1414e-01%
Smoothed ELBO rel_impr over last 5: 2.4520e-01%
Minimum eigenvalue of V_X_star - M_X_star.T @ M_X_star: 1.3712e-02
Minimum eigenvalue of V_S_star - M_S_star.T @ M_S_star: 6.0115e-02
Stopping early at step 8 due to minimal loss change.
Iter 29/100 | mu_lambda_beta: 8.1143 | 
 sigmasq_lambda_beta: 0.0094 | 
 lambda_a1: 147.1000 | lambda_b1: 514.5499 | lambda_a2: 147.1000 | lambda_b2: 429.3293
‣  E[ϕ]: 0.2619 | ‣ E[Sigmasq*ϕ]: 0.9222 | ‣ ||mu_W||: 36.8469
Number of correct permutations recognized for piX: 6.0
Number of correct permutations recognized for piS: 6.0
[anneal] global_step=2181 | tau_X_t=0.5223 | tau_S_t=0.5211
Total ELBO: -676.3768
Relative change in total ELBO: 1.9335e-01%
Smoothed ELBO rel_impr over last 5: 2.3595e-01%
Minimum eigenvalue of V_X_star - M_X_star.T @ M_X_star: 1.3273e-02
Minimum eigenvalue of V_S_star - M_S_star.T @ M_S_star: 5.8587e-02
Stopping early at step 9 due to minimal loss change.
Iter 30/100 | mu_lambda_beta: 8.1213 | 
 sigmasq_lambda_beta: 0.0093 | 
 lambda_a1: 147.1000 | lambda_b1: 507.4636 | lambda_a2: 147.1000 | lambda_b2: 422.0925
‣  E[ϕ]: 0.2619 | ‣ E[Sigmasq*ϕ]: 0.9096 | ‣ ||mu_W||: 36.8668
Number of correct permutations recognized for piX: 6.0
Number of correct permutations recognized for piS: 6.0
[anneal] global_step=2241 | tau_X_t=0.5147 | tau_S_t=0.5134
Total ELBO: -675.0364
Relative change in total ELBO: 1.9818e-01%
Smoothed ELBO rel_impr over last 5: 2.2336e-01%
Minimum eigenvalue of V_X_star - M_X_star.T @ M_X_star: 1.2869e-02
Minimum eigenvalue of V_S_star - M_S_star.T @ M_S_star: 5.7592e-02
Stopping early at step 13 due to minimal loss change.
Iter 31/100 | mu_lambda_beta: 8.1278 | 
 sigmasq_lambda_beta: 0.0091 | 
 lambda_a1: 147.1000 | lambda_b1: 501.0873 | lambda_a2: 147.1000 | lambda_b2: 415.2374
‣  E[ϕ]: 0.2619 | ‣ E[Sigmasq*ϕ]: 0.8983 | ‣ ||mu_W||: 36.8890
Number of correct permutations recognized for piX: 6.0
Number of correct permutations recognized for piS: 6.0
[anneal] global_step=2305 | tau_X_t=0.5070 | tau_S_t=0.5052
Total ELBO: -673.7158
Relative change in total ELBO: 1.9563e-01%
Smoothed ELBO rel_impr over last 5: 2.1361e-01%
Minimum eigenvalue of V_X_star - M_X_star.T @ M_X_star: 1.2473e-02
Minimum eigenvalue of V_S_star - M_S_star.T @ M_S_star: 5.6857e-02
Stopping early at step 10 due to minimal loss change.
Iter 32/100 | mu_lambda_beta: 8.1339 | 
 sigmasq_lambda_beta: 0.0090 | 
 lambda_a1: 147.1000 | lambda_b1: 495.4543 | lambda_a2: 147.1000 | lambda_b2: 408.5302
‣  E[ϕ]: 0.2620 | ‣ E[Sigmasq*ϕ]: 0.8883 | ‣ ||mu_W||: 36.9052
Number of correct permutations recognized for piX: 6.0
Number of correct permutations recognized for piS: 6.0
[anneal] global_step=2366 | tau_X_t=0.4989 | tau_S_t=0.4975
Total ELBO: -672.3823
Relative change in total ELBO: 1.9793e-01%
Smoothed ELBO rel_impr over last 5: 2.0432e-01%
Minimum eigenvalue of V_X_star - M_X_star.T @ M_X_star: 1.2066e-02
Minimum eigenvalue of V_S_star - M_S_star.T @ M_S_star: 5.5974e-02
Stopping early at step 10 due to minimal loss change.
Iter 33/100 | mu_lambda_beta: 8.1401 | 
 sigmasq_lambda_beta: 0.0088 | 
 lambda_a1: 147.1000 | lambda_b1: 490.4911 | lambda_a2: 147.1000 | lambda_b2: 401.6737
‣  E[ϕ]: 0.2620 | ‣ E[Sigmasq*ϕ]: 0.8795 | ‣ ||mu_W||: 36.9298
Number of correct permutations recognized for piX: 6.0
Number of correct permutations recognized for piS: 6.0
[anneal] global_step=2427 | tau_X_t=0.4913 | tau_S_t=0.4900
Total ELBO: -671.1141
Relative change in total ELBO: 1.8861e-01%
Smoothed ELBO rel_impr over last 5: 1.9986e-01%
Minimum eigenvalue of V_X_star - M_X_star.T @ M_X_star: 1.1691e-02
Minimum eigenvalue of V_S_star - M_S_star.T @ M_S_star: 5.5105e-02
Stopping early at step 6 due to minimal loss change.
Iter 34/100 | mu_lambda_beta: 8.1460 | 
 sigmasq_lambda_beta: 0.0087 | 
 lambda_a1: 147.1000 | lambda_b1: 486.1141 | lambda_a2: 147.1000 | lambda_b2: 395.1710
‣  E[ϕ]: 0.2620 | ‣ E[Sigmasq*ϕ]: 0.8718 | ‣ ||mu_W||: 36.9566
Number of correct permutations recognized for piX: 6.0
Number of correct permutations recognized for piS: 6.0
[anneal] global_step=2484 | tau_X_t=0.4839 | tau_S_t=0.4830
Total ELBO: -669.8776
Relative change in total ELBO: 1.8425e-01%
Smoothed ELBO rel_impr over last 5: 1.9474e-01%
Minimum eigenvalue of V_X_star - M_X_star.T @ M_X_star: 1.1328e-02
Minimum eigenvalue of V_S_star - M_S_star.T @ M_S_star: 5.4067e-02
Stopping early at step 9 due to minimal loss change.
Iter 35/100 | mu_lambda_beta: 8.1518 | 
 sigmasq_lambda_beta: 0.0086 | 
 lambda_a1: 147.1000 | lambda_b1: 482.3181 | lambda_a2: 147.1000 | lambda_b2: 388.6922
‣  E[ϕ]: 0.2620 | ‣ E[Sigmasq*ϕ]: 0.8651 | ‣ ||mu_W||: 36.9927
Number of correct permutations recognized for piX: 6.0
Number of correct permutations recognized for piS: 6.0
[anneal] global_step=2544 | tau_X_t=0.4770 | tau_S_t=0.4758
Total ELBO: -668.8535
Relative change in total ELBO: 1.5288e-01%
Smoothed ELBO rel_impr over last 5: 1.9293e-01%
Minimum eigenvalue of V_X_star - M_X_star.T @ M_X_star: 1.0999e-02
Minimum eigenvalue of V_S_star - M_S_star.T @ M_S_star: 5.3491e-02
Stopping early at step 9 due to minimal loss change.
Iter 36/100 | mu_lambda_beta: 8.1572 | 
 sigmasq_lambda_beta: 0.0084 | 
 lambda_a1: 147.1000 | lambda_b1: 479.0690 | lambda_a2: 147.1000 | lambda_b2: 383.0998
‣  E[ϕ]: 0.2621 | ‣ E[Sigmasq*ϕ]: 0.8593 | ‣ ||mu_W||: 37.0151
Number of correct permutations recognized for piX: 6.0
Number of correct permutations recognized for piS: 6.0
[anneal] global_step=2604 | tau_X_t=0.4699 | tau_S_t=0.4687
Total ELBO: -667.7010
Relative change in total ELBO: 1.7230e-01%
Smoothed ELBO rel_impr over last 5: 1.8390e-01%
Minimum eigenvalue of V_X_star - M_X_star.T @ M_X_star: 1.0665e-02
Minimum eigenvalue of V_S_star - M_S_star.T @ M_S_star: 5.2702e-02
Stopping early at step 8 due to minimal loss change.
Iter 37/100 | mu_lambda_beta: 8.1631 | 
 sigmasq_lambda_beta: 0.0083 | 
 lambda_a1: 147.1000 | lambda_b1: 476.0929 | lambda_a2: 147.1000 | lambda_b2: 377.3918
‣  E[ϕ]: 0.2621 | ‣ E[Sigmasq*ϕ]: 0.8540 | ‣ ||mu_W||: 37.0419
Number of correct permutations recognized for piX: 6.0
Number of correct permutations recognized for piS: 6.0
[anneal] global_step=2663 | tau_X_t=0.4629 | tau_S_t=0.4618
Total ELBO: -666.6843
Relative change in total ELBO: 1.5227e-01%
Smoothed ELBO rel_impr over last 5: 1.7923e-01%
Minimum eigenvalue of V_X_star - M_X_star.T @ M_X_star: 1.0342e-02
Minimum eigenvalue of V_S_star - M_S_star.T @ M_S_star: 5.1992e-02
Stopping early at step 10 due to minimal loss change.
Iter 38/100 | mu_lambda_beta: 8.1695 | 
 sigmasq_lambda_beta: 0.0082 | 
 lambda_a1: 147.1000 | lambda_b1: 473.4987 | lambda_a2: 147.1000 | lambda_b2: 371.9442
‣  E[ϕ]: 0.2621 | ‣ E[Sigmasq*ϕ]: 0.8494 | ‣ ||mu_W||: 37.0654
Number of correct permutations recognized for piX: 6.0
Number of correct permutations recognized for piS: 6.0
[anneal] global_step=2724 | tau_X_t=0.4561 | tau_S_t=0.4548
Total ELBO: -665.7012
Relative change in total ELBO: 1.4747e-01%
Smoothed ELBO rel_impr over last 5: 1.7010e-01%
Minimum eigenvalue of V_X_star - M_X_star.T @ M_X_star: 1.0034e-02
Minimum eigenvalue of V_S_star - M_S_star.T @ M_S_star: 5.1632e-02
Stopping early at step 6 due to minimal loss change.
Iter 39/100 | mu_lambda_beta: 8.1758 | 
 sigmasq_lambda_beta: 0.0081 | 
 lambda_a1: 147.1000 | lambda_b1: 471.1384 | lambda_a2: 147.1000 | lambda_b2: 366.9302
‣  E[ϕ]: 0.2621 | ‣ E[Sigmasq*ϕ]: 0.8452 | ‣ ||mu_W||: 37.0837
Number of correct permutations recognized for piX: 6.0
Number of correct permutations recognized for piS: 6.0
[anneal] global_step=2781 | tau_X_t=0.4492 | tau_S_t=0.4484
Total ELBO: -664.9275
Relative change in total ELBO: 1.1622e-01%
Smoothed ELBO rel_impr over last 5: 1.6185e-01%
Minimum eigenvalue of V_X_star - M_X_star.T @ M_X_star: 9.7254e-03
Minimum eigenvalue of V_S_star - M_S_star.T @ M_S_star: 5.0558e-02
Stopping early at step 10 due to minimal loss change.
Iter 40/100 | mu_lambda_beta: 8.1824 | 
 sigmasq_lambda_beta: 0.0080 | 
 lambda_a1: 147.1000 | lambda_b1: 468.9260 | lambda_a2: 147.1000 | lambda_b2: 362.3094
‣  E[ϕ]: 0.2621 | ‣ E[Sigmasq*ϕ]: 0.8412 | ‣ ||mu_W||: 37.0992
Number of correct permutations recognized for piX: 6.0
Number of correct permutations recognized for piS: 6.0
[anneal] global_step=2842 | tau_X_t=0.4428 | tau_S_t=0.4416
Total ELBO: -664.1127
Relative change in total ELBO: 1.2254e-01%
Smoothed ELBO rel_impr over last 5: 1.4825e-01%
Minimum eigenvalue of V_X_star - M_X_star.T @ M_X_star: 9.4460e-03
Minimum eigenvalue of V_S_star - M_S_star.T @ M_S_star: 5.0860e-02
Stopping early at step 9 due to minimal loss change.
Iter 41/100 | mu_lambda_beta: 8.1892 | 
 sigmasq_lambda_beta: 0.0079 | 
 lambda_a1: 147.1000 | lambda_b1: 466.6770 | lambda_a2: 147.1000 | lambda_b2: 358.2040
‣  E[ϕ]: 0.2621 | ‣ E[Sigmasq*ϕ]: 0.8371 | ‣ ||mu_W||: 37.1067
Number of correct permutations recognized for piX: 6.0
Number of correct permutations recognized for piS: 6.0
[anneal] global_step=2902 | tau_X_t=0.4361 | tau_S_t=0.4350
Total ELBO: -663.2687
Relative change in total ELBO: 1.2709e-01%
Smoothed ELBO rel_impr over last 5: 1.4221e-01%
Minimum eigenvalue of V_X_star - M_X_star.T @ M_X_star: 9.1568e-03
Minimum eigenvalue of V_S_star - M_S_star.T @ M_S_star: 5.0377e-02
Stopping early at step 7 due to minimal loss change.
Iter 42/100 | mu_lambda_beta: 8.1953 | 
 sigmasq_lambda_beta: 0.0078 | 
 lambda_a1: 147.1000 | lambda_b1: 464.4226 | lambda_a2: 147.1000 | lambda_b2: 353.9025
‣  E[ϕ]: 0.2621 | ‣ E[Sigmasq*ϕ]: 0.8331 | ‣ ||mu_W||: 37.1199
Number of correct permutations recognized for piX: 6.0
Number of correct permutations recognized for piS: 6.0
[anneal] global_step=2960 | tau_X_t=0.4296 | tau_S_t=0.4287
Total ELBO: -662.3539
Relative change in total ELBO: 1.3792e-01%
Smoothed ELBO rel_impr over last 5: 1.3314e-01%
Minimum eigenvalue of V_X_star - M_X_star.T @ M_X_star: 8.8811e-03
Minimum eigenvalue of V_S_star - M_S_star.T @ M_S_star: 4.9576e-02
Stopping early at step 9 due to minimal loss change.
Iter 43/100 | mu_lambda_beta: 8.2004 | 
 sigmasq_lambda_beta: 0.0077 | 
 lambda_a1: 147.1000 | lambda_b1: 462.1948 | lambda_a2: 147.1000 | lambda_b2: 349.3820
‣  E[ϕ]: 0.2621 | ‣ E[Sigmasq*ϕ]: 0.8291 | ‣ ||mu_W||: 37.1443
Number of correct permutations recognized for piX: 6.0
Number of correct permutations recognized for piS: 6.0
[anneal] global_step=3020 | tau_X_t=0.4234 | tau_S_t=0.4223
Total ELBO: -661.4525
Relative change in total ELBO: 1.3609e-01%
Smoothed ELBO rel_impr over last 5: 1.3025e-01%
Minimum eigenvalue of V_X_star - M_X_star.T @ M_X_star: 8.6227e-03
Minimum eigenvalue of V_S_star - M_S_star.T @ M_S_star: 4.8910e-02
Stopping early at step 8 due to minimal loss change.
Iter 44/100 | mu_lambda_beta: 8.2054 | 
 sigmasq_lambda_beta: 0.0076 | 
 lambda_a1: 147.1000 | lambda_b1: 460.1502 | lambda_a2: 147.1000 | lambda_b2: 344.9546
‣  E[ϕ]: 0.2621 | ‣ E[Sigmasq*ϕ]: 0.8255 | ‣ ||mu_W||: 37.1644
Number of correct permutations recognized for piX: 6.0
Number of correct permutations recognized for piS: 6.0
[anneal] global_step=3079 | tau_X_t=0.4171 | tau_S_t=0.4161
Total ELBO: -660.5604
Relative change in total ELBO: 1.3487e-01%
Smoothed ELBO rel_impr over last 5: 1.2796e-01%
Minimum eigenvalue of V_X_star - M_X_star.T @ M_X_star: 8.3638e-03
Minimum eigenvalue of V_S_star - M_S_star.T @ M_S_star: 4.8297e-02
Stopping early at step 7 due to minimal loss change.
Iter 45/100 | mu_lambda_beta: 8.2102 | 
 sigmasq_lambda_beta: 0.0075 | 
 lambda_a1: 147.1000 | lambda_b1: 458.3339 | lambda_a2: 147.1000 | lambda_b2: 340.4587
‣  E[ϕ]: 0.2621 | ‣ E[Sigmasq*ϕ]: 0.8222 | ‣ ||mu_W||: 37.1891
Number of correct permutations recognized for piX: 6.0
Number of correct permutations recognized for piS: 6.0
[anneal] global_step=3137 | tau_X_t=0.4109 | tau_S_t=0.4101
Total ELBO: -659.8186
Relative change in total ELBO: 1.1230e-01%
Smoothed ELBO rel_impr over last 5: 1.3169e-01%
Minimum eigenvalue of V_X_star - M_X_star.T @ M_X_star: 8.1170e-03
Minimum eigenvalue of V_S_star - M_S_star.T @ M_S_star: 4.7729e-02
Stopping early at step 5 due to minimal loss change.
Iter 46/100 | mu_lambda_beta: 8.2154 | 
 sigmasq_lambda_beta: 0.0074 | 
 lambda_a1: 147.1000 | lambda_b1: 456.7305 | lambda_a2: 147.1000 | lambda_b2: 336.3412
‣  E[ϕ]: 0.2621 | ‣ E[Sigmasq*ϕ]: 0.8193 | ‣ ||mu_W||: 37.2103
Number of correct permutations recognized for piX: 6.0
Number of correct permutations recognized for piS: 6.0
[anneal] global_step=3193 | tau_X_t=0.4050 | tau_S_t=0.4044
Total ELBO: -659.2440
Relative change in total ELBO: 8.7092e-02%
Smoothed ELBO rel_impr over last 5: 1.2965e-01%
Minimum eigenvalue of V_X_star - M_X_star.T @ M_X_star: 7.8814e-03
Minimum eigenvalue of V_S_star - M_S_star.T @ M_S_star: 4.6985e-02
Stopping early at step 10 due to minimal loss change.
Iter 47/100 | mu_lambda_beta: 8.2208 | 
 sigmasq_lambda_beta: 0.0074 | 
 lambda_a1: 147.1000 | lambda_b1: 455.1624 | lambda_a2: 147.1000 | lambda_b2: 332.6962
‣  E[ϕ]: 0.2621 | ‣ E[Sigmasq*ϕ]: 0.8165 | ‣ ||mu_W||: 37.2284
Number of correct permutations recognized for piX: 6.0
Number of correct permutations recognized for piS: 6.0
[anneal] global_step=3254 | tau_X_t=0.3994 | tau_S_t=0.3983
Total ELBO: -658.7398
Relative change in total ELBO: 7.6474e-02%
Smoothed ELBO rel_impr over last 5: 1.2168e-01%
Minimum eigenvalue of V_X_star - M_X_star.T @ M_X_star: 7.6608e-03
Minimum eigenvalue of V_S_star - M_S_star.T @ M_S_star: 4.6636e-02
Stopping early at step 9 due to minimal loss change.
Iter 48/100 | mu_lambda_beta: 8.2261 | 
 sigmasq_lambda_beta: 0.0073 | 
 lambda_a1: 147.1000 | lambda_b1: 453.5210 | lambda_a2: 147.1000 | lambda_b2: 329.7832
‣  E[ϕ]: 0.2621 | ‣ E[Sigmasq*ϕ]: 0.8135 | ‣ ||mu_W||: 37.2281
Number of correct permutations recognized for piX: 6.0
Number of correct permutations recognized for piS: 6.0
[anneal] global_step=3314 | tau_X_t=0.3933 | tau_S_t=0.3923
Total ELBO: -657.9517
Relative change in total ELBO: 1.1964e-01%
Smoothed ELBO rel_impr over last 5: 1.0942e-01%
Minimum eigenvalue of V_X_star - M_X_star.T @ M_X_star: 7.4278e-03
Minimum eigenvalue of V_S_star - M_S_star.T @ M_S_star: 4.6203e-02
Stopping early at step 8 due to minimal loss change.
Iter 49/100 | mu_lambda_beta: 8.2310 | 
 sigmasq_lambda_beta: 0.0072 | 
 lambda_a1: 147.1000 | lambda_b1: 451.7115 | lambda_a2: 147.1000 | lambda_b2: 326.2433
‣  E[ϕ]: 0.2621 | ‣ E[Sigmasq*ϕ]: 0.8102 | ‣ ||mu_W||: 37.2420
Number of correct permutations recognized for piX: 6.0
Number of correct permutations recognized for piS: 6.0
[anneal] global_step=3373 | tau_X_t=0.3874 | tau_S_t=0.3866
Total ELBO: -657.1990
Relative change in total ELBO: 1.1441e-01%
Smoothed ELBO rel_impr over last 5: 1.0609e-01%
Minimum eigenvalue of V_X_star - M_X_star.T @ M_X_star: 7.2057e-03
Minimum eigenvalue of V_S_star - M_S_star.T @ M_S_star: 4.5706e-02
Stopping early at step 5 due to minimal loss change.
Iter 50/100 | mu_lambda_beta: 8.2359 | 
 sigmasq_lambda_beta: 0.0072 | 
 lambda_a1: 147.1000 | lambda_b1: 450.0363 | lambda_a2: 147.1000 | lambda_b2: 322.4477
‣  E[ϕ]: 0.2621 | ‣ E[Sigmasq*ϕ]: 0.8073 | ‣ ||mu_W||: 37.2622
Number of correct permutations recognized for piX: 6.0
Number of correct permutations recognized for piS: 6.0
[anneal] global_step=3429 | tau_X_t=0.3817 | tau_S_t=0.3812
Total ELBO: -656.7175
Relative change in total ELBO: 7.3257e-02%
Smoothed ELBO rel_impr over last 5: 1.0198e-01%
Minimum eigenvalue of V_X_star - M_X_star.T @ M_X_star: 6.9938e-03
Minimum eigenvalue of V_S_star - M_S_star.T @ M_S_star: 4.4910e-02
Stopping early at step 8 due to minimal loss change.
Iter 51/100 | mu_lambda_beta: 8.2406 | 
 sigmasq_lambda_beta: 0.0071 | 
 lambda_a1: 147.1000 | lambda_b1: 448.5454 | lambda_a2: 147.1000 | lambda_b2: 319.0880
‣  E[ϕ]: 0.2621 | ‣ E[Sigmasq*ϕ]: 0.8046 | ‣ ||mu_W||: 37.2798
Number of correct permutations recognized for piX: 6.0
Number of correct permutations recognized for piS: 6.0
[anneal] global_step=3488 | tau_X_t=0.3764 | tau_S_t=0.3756
Total ELBO: -656.2924
Relative change in total ELBO: 6.4733e-02%
Smoothed ELBO rel_impr over last 5: 9.4177e-02%
Minimum eigenvalue of V_X_star - M_X_star.T @ M_X_star: 6.7987e-03
Minimum eigenvalue of V_S_star - M_S_star.T @ M_S_star: 4.4433e-02
Stopping early at step 10 due to minimal loss change.
Iter 52/100 | mu_lambda_beta: 8.2459 | 
 sigmasq_lambda_beta: 0.0070 | 
 lambda_a1: 147.1000 | lambda_b1: 446.9810 | lambda_a2: 147.1000 | lambda_b2: 316.3484
‣  E[ϕ]: 0.2620 | ‣ E[Sigmasq*ϕ]: 0.8017 | ‣ ||mu_W||: 37.2829
Number of correct permutations recognized for piX: 6.0
Number of correct permutations recognized for piS: 6.0
[anneal] global_step=3549 | tau_X_t=0.3709 | tau_S_t=0.3699
Total ELBO: -655.6800
Relative change in total ELBO: 9.3316e-02%
Smoothed ELBO rel_impr over last 5: 8.9711e-02%
Minimum eigenvalue of V_X_star - M_X_star.T @ M_X_star: 6.5990e-03
Minimum eigenvalue of V_S_star - M_S_star.T @ M_S_star: 4.4171e-02
Stopping early at step 7 due to minimal loss change.
Iter 53/100 | mu_lambda_beta: 8.2510 | 
 sigmasq_lambda_beta: 0.0070 | 
 lambda_a1: 147.1000 | lambda_b1: 445.2715 | lambda_a2: 147.1000 | lambda_b2: 313.4180
‣  E[ϕ]: 0.2620 | ‣ E[Sigmasq*ϕ]: 0.7986 | ‣ ||mu_W||: 37.2895
Number of correct permutations recognized for piX: 6.0
Number of correct permutations recognized for piS: 6.0
[anneal] global_step=3607 | tau_X_t=0.3653 | tau_S_t=0.3645
Total ELBO: -655.0236
Relative change in total ELBO: 1.0011e-01%
Smoothed ELBO rel_impr over last 5: 9.3078e-02%
Minimum eigenvalue of V_X_star - M_X_star.T @ M_X_star: 6.3992e-03
Minimum eigenvalue of V_S_star - M_S_star.T @ M_S_star: 4.3654e-02
Stopping early at step 6 due to minimal loss change.
Iter 54/100 | mu_lambda_beta: 8.2560 | 
 sigmasq_lambda_beta: 0.0069 | 
 lambda_a1: 147.1000 | lambda_b1: 443.5831 | lambda_a2: 147.1000 | lambda_b2: 310.0471
‣  E[ϕ]: 0.2620 | ‣ E[Sigmasq*ϕ]: 0.7956 | ‣ ||mu_W||: 37.3084
Number of correct permutations recognized for piX: 6.0
Number of correct permutations recognized for piS: 6.0
[anneal] global_step=3664 | tau_X_t=0.3600 | tau_S_t=0.3594
Total ELBO: -654.4190
Relative change in total ELBO: 9.2295e-02%
Smoothed ELBO rel_impr over last 5: 8.9178e-02%
Minimum eigenvalue of V_X_star - M_X_star.T @ M_X_star: 6.2147e-03
Minimum eigenvalue of V_S_star - M_S_star.T @ M_S_star: 4.3085e-02
Stopping early at step 8 due to minimal loss change.
Iter 55/100 | mu_lambda_beta: 8.2607 | 
 sigmasq_lambda_beta: 0.0068 | 
 lambda_a1: 147.1000 | lambda_b1: 442.0563 | lambda_a2: 147.1000 | lambda_b2: 306.6800
‣  E[ϕ]: 0.2620 | ‣ E[Sigmasq*ϕ]: 0.7929 | ‣ ||mu_W||: 37.3303
Number of correct permutations recognized for piX: 6.0
Number of correct permutations recognized for piS: 6.0
[anneal] global_step=3723 | tau_X_t=0.3549 | tau_S_t=0.3541
Total ELBO: -653.8456
Relative change in total ELBO: 8.7624e-02%
Smoothed ELBO rel_impr over last 5: 8.4737e-02%
Minimum eigenvalue of V_X_star - M_X_star.T @ M_X_star: 6.0385e-03
Minimum eigenvalue of V_S_star - M_S_star.T @ M_S_star: 4.2698e-02
Stopping early at step 7 due to minimal loss change.
Iter 56/100 | mu_lambda_beta: 8.2653 | 
 sigmasq_lambda_beta: 0.0068 | 
 lambda_a1: 147.1000 | lambda_b1: 440.7089 | lambda_a2: 147.1000 | lambda_b2: 303.5658
‣  E[ϕ]: 0.2621 | ‣ E[Sigmasq*ϕ]: 0.7905 | ‣ ||mu_W||: 37.3457
Number of correct permutations recognized for piX: 6.0
Number of correct permutations recognized for piS: 6.0
[anneal] global_step=3781 | tau_X_t=0.3497 | tau_S_t=0.3490
Total ELBO: -653.2729
Relative change in total ELBO: 8.7588e-02%
Smoothed ELBO rel_impr over last 5: 8.7611e-02%
Minimum eigenvalue of V_X_star - M_X_star.T @ M_X_star: 5.8615e-03
Minimum eigenvalue of V_S_star - M_S_star.T @ M_S_star: 4.2235e-02
Stopping early at step 8 due to minimal loss change.
Iter 57/100 | mu_lambda_beta: 8.2699 | 
 sigmasq_lambda_beta: 0.0067 | 
 lambda_a1: 147.1000 | lambda_b1: 439.4927 | lambda_a2: 147.1000 | lambda_b2: 300.4186
‣  E[ϕ]: 0.2621 | ‣ E[Sigmasq*ϕ]: 0.7883 | ‣ ||mu_W||: 37.3644
Number of correct permutations recognized for piX: 6.0
Number of correct permutations recognized for piS: 6.0
[anneal] global_step=3840 | tau_X_t=0.3446 | tau_S_t=0.3439
Total ELBO: -652.7318
Relative change in total ELBO: 8.2826e-02%
Smoothed ELBO rel_impr over last 5: 9.2179e-02%
Minimum eigenvalue of V_X_star - M_X_star.T @ M_X_star: 5.6930e-03
Minimum eigenvalue of V_S_star - M_S_star.T @ M_S_star: 4.1853e-02
Stopping early at step 7 due to minimal loss change.
Iter 58/100 | mu_lambda_beta: 8.2746 | 
 sigmasq_lambda_beta: 0.0066 | 
 lambda_a1: 147.1000 | lambda_b1: 438.4085 | lambda_a2: 147.1000 | lambda_b2: 297.4355
‣  E[ϕ]: 0.2621 | ‣ E[Sigmasq*ϕ]: 0.7864 | ‣ ||mu_W||: 37.3802
Number of correct permutations recognized for piX: 6.0
Number of correct permutations recognized for piS: 6.0
[anneal] global_step=3898 | tau_X_t=0.3396 | tau_S_t=0.3389
Total ELBO: -652.2355
Relative change in total ELBO: 7.6040e-02%
Smoothed ELBO rel_impr over last 5: 9.0100e-02%
Minimum eigenvalue of V_X_star - M_X_star.T @ M_X_star: 5.5262e-03
Minimum eigenvalue of V_S_star - M_S_star.T @ M_S_star: 4.1358e-02
Stopping early at step 6 due to minimal loss change.
Iter 59/100 | mu_lambda_beta: 8.2796 | 
 sigmasq_lambda_beta: 0.0066 | 
 lambda_a1: 147.1000 | lambda_b1: 437.4206 | lambda_a2: 147.1000 | lambda_b2: 294.5073
‣  E[ϕ]: 0.2621 | ‣ E[Sigmasq*ϕ]: 0.7846 | ‣ ||mu_W||: 37.3987
Number of correct permutations recognized for piX: 6.0
Number of correct permutations recognized for piS: 6.0
[anneal] global_step=3955 | tau_X_t=0.3347 | tau_S_t=0.3341
Total ELBO: -651.9617
Relative change in total ELBO: 4.1970e-02%
Smoothed ELBO rel_impr over last 5: 8.5281e-02%
Minimum eigenvalue of V_X_star - M_X_star.T @ M_X_star: 5.3669e-03
Minimum eigenvalue of V_S_star - M_S_star.T @ M_S_star: 4.0831e-02
Iter 60/100 | mu_lambda_beta: 8.2844 | 
 sigmasq_lambda_beta: 0.0065 | 
 lambda_a1: 147.1000 | lambda_b1: 436.4614 | lambda_a2: 147.1000 | lambda_b2: 292.0556
‣  E[ϕ]: 0.2620 | ‣ E[Sigmasq*ϕ]: 0.7828 | ‣ ||mu_W||: 37.4096
Number of correct permutations recognized for piX: 6.0
Number of correct permutations recognized for piS: 6.0
[anneal] global_step=4055 | tau_X_t=0.3299 | tau_S_t=0.3258
Total ELBO: -651.8748
Relative change in total ELBO: 1.3341e-02%
Smoothed ELBO rel_impr over last 5: 7.5236e-02%
Minimum eigenvalue of V_X_star - M_X_star.T @ M_X_star: 5.2152e-03
Minimum eigenvalue of V_S_star - M_S_star.T @ M_S_star: 4.1709e-02
Iter 61/100 | mu_lambda_beta: 8.2913 | 
 sigmasq_lambda_beta: 0.0065 | 
 lambda_a1: 147.1000 | lambda_b1: 435.3313 | lambda_a2: 147.1000 | lambda_b2: 291.3186
‣  E[ϕ]: 0.2620 | ‣ E[Sigmasq*ϕ]: 0.7806 | ‣ ||mu_W||: 37.3563
Number of correct permutations recognized for piX: 6.0
Number of correct permutations recognized for piS: 6.0
[anneal] global_step=4155 | tau_X_t=0.3218 | tau_S_t=0.3178
Total ELBO: -651.5500
Relative change in total ELBO: 4.9811e-02%
Smoothed ELBO rel_impr over last 5: 6.0370e-02%
Minimum eigenvalue of V_X_star - M_X_star.T @ M_X_star: 4.9599e-03
Minimum eigenvalue of V_S_star - M_S_star.T @ M_S_star: 4.1597e-02
Iter 62/100 | mu_lambda_beta: 8.2988 | 
 sigmasq_lambda_beta: 0.0065 | 
 lambda_a1: 147.1000 | lambda_b1: 433.4794 | lambda_a2: 147.1000 | lambda_b2: 289.0724
‣  E[ϕ]: 0.2619 | ‣ E[Sigmasq*ϕ]: 0.7771 | ‣ ||mu_W||: 37.3336
Number of correct permutations recognized for piX: 6.0
Number of correct permutations recognized for piS: 6.0
[anneal] global_step=4255 | tau_X_t=0.3138 | tau_S_t=0.3099
Total ELBO: -651.3502
Relative change in total ELBO: 3.0670e-02%
Smoothed ELBO rel_impr over last 5: 5.2820e-02%
Minimum eigenvalue of V_X_star - M_X_star.T @ M_X_star: 4.7172e-03
Minimum eigenvalue of V_S_star - M_S_star.T @ M_S_star: 4.1272e-02
Iter 63/100 | mu_lambda_beta: 8.3083 | 
 sigmasq_lambda_beta: 0.0064 | 
 lambda_a1: 147.1000 | lambda_b1: 431.0655 | lambda_a2: 147.1000 | lambda_b2: 286.6774
‣  E[ϕ]: 0.2619 | ‣ E[Sigmasq*ϕ]: 0.7726 | ‣ ||mu_W||: 37.3115
Number of correct permutations recognized for piX: 6.0
Number of correct permutations recognized for piS: 6.0
[anneal] global_step=4355 | tau_X_t=0.3060 | tau_S_t=0.3022
Total ELBO: -650.7552
Relative change in total ELBO: 9.1354e-02%
Smoothed ELBO rel_impr over last 5: 4.2374e-02%
Minimum eigenvalue of V_X_star - M_X_star.T @ M_X_star: 4.4865e-03
Minimum eigenvalue of V_S_star - M_S_star.T @ M_S_star: 4.0932e-02
Iter 64/100 | mu_lambda_beta: 8.3180 | 
 sigmasq_lambda_beta: 0.0064 | 
 lambda_a1: 147.1000 | lambda_b1: 428.2182 | lambda_a2: 147.1000 | lambda_b2: 283.5154
‣  E[ϕ]: 0.2619 | ‣ E[Sigmasq*ϕ]: 0.7675 | ‣ ||mu_W||: 37.3077
Number of correct permutations recognized for piX: 6.0
Number of correct permutations recognized for piS: 6.0
[anneal] global_step=4455 | tau_X_t=0.2985 | tau_S_t=0.2947
Total ELBO: -650.6122
Relative change in total ELBO: 2.1975e-02%
Smoothed ELBO rel_impr over last 5: 4.5426e-02%
Minimum eigenvalue of V_X_star - M_X_star.T @ M_X_star: 4.2672e-03
Minimum eigenvalue of V_S_star - M_S_star.T @ M_S_star: 4.0480e-02
Iter 65/100 | mu_lambda_beta: 8.3266 | 
 sigmasq_lambda_beta: 0.0063 | 
 lambda_a1: 147.1000 | lambda_b1: 425.4530 | lambda_a2: 147.1000 | lambda_b2: 280.6983
‣  E[ϕ]: 0.2618 | ‣ E[Sigmasq*ϕ]: 0.7624 | ‣ ||mu_W||: 37.2972
Number of correct permutations recognized for piX: 6.0
Number of correct permutations recognized for piS: 6.0
[anneal] global_step=4555 | tau_X_t=0.2911 | tau_S_t=0.2874
Total ELBO: -650.7564
Relative change in total ELBO: -2.2168e-02%
Smoothed ELBO rel_impr over last 5: 4.1427e-02%
Minimum eigenvalue of V_X_star - M_X_star.T @ M_X_star: 4.0583e-03
Minimum eigenvalue of V_S_star - M_S_star.T @ M_S_star: 3.9690e-02
Iter 66/100 | mu_lambda_beta: 8.3349 | 
 sigmasq_lambda_beta: 0.0063 | 
 lambda_a1: 147.1000 | lambda_b1: 422.4434 | lambda_a2: 147.1000 | lambda_b2: 278.8301
‣  E[ϕ]: 0.2618 | ‣ E[Sigmasq*ϕ]: 0.7569 | ‣ ||mu_W||: 37.2742
Number of correct permutations recognized for piX: 6.0
Number of correct permutations recognized for piS: 6.0
[anneal] global_step=4655 | tau_X_t=0.2839 | tau_S_t=0.2803
Total ELBO: -650.3406
Relative change in total ELBO: 6.3900e-02%
Smoothed ELBO rel_impr over last 5: 3.4350e-02%
Minimum eigenvalue of V_X_star - M_X_star.T @ M_X_star: 3.8597e-03
Minimum eigenvalue of V_S_star - M_S_star.T @ M_S_star: 3.9425e-02
Iter 67/100 | mu_lambda_beta: 8.3434 | 
 sigmasq_lambda_beta: 0.0062 | 
 lambda_a1: 147.1000 | lambda_b1: 419.0606 | lambda_a2: 147.1000 | lambda_b2: 276.3408
‣  E[ϕ]: 0.2618 | ‣ E[Sigmasq*ϕ]: 0.7509 | ‣ ||mu_W||: 37.2633
Number of correct permutations recognized for piX: 6.0
Number of correct permutations recognized for piS: 6.0
[anneal] global_step=4755 | tau_X_t=0.2768 | tau_S_t=0.2734
Total ELBO: -650.2549
Relative change in total ELBO: 1.3177e-02%
Smoothed ELBO rel_impr over last 5: 3.7155e-02%
Minimum eigenvalue of V_X_star - M_X_star.T @ M_X_star: 3.6711e-03
Minimum eigenvalue of V_S_star - M_S_star.T @ M_S_star: 3.9228e-02
Iter 68/100 | mu_lambda_beta: 8.3503 | 
 sigmasq_lambda_beta: 0.0062 | 
 lambda_a1: 147.1000 | lambda_b1: 415.8556 | lambda_a2: 147.1000 | lambda_b2: 273.9336
‣  E[ϕ]: 0.2618 | ‣ E[Sigmasq*ϕ]: 0.7451 | ‣ ||mu_W||: 37.2517
Number of correct permutations recognized for piX: 6.0
Number of correct permutations recognized for piS: 6.0
[anneal] global_step=4855 | tau_X_t=0.2700 | tau_S_t=0.2666
Total ELBO: -650.1342
Relative change in total ELBO: 1.8557e-02%
Smoothed ELBO rel_impr over last 5: 3.3661e-02%
Minimum eigenvalue of V_X_star - M_X_star.T @ M_X_star: 3.4911e-03
Minimum eigenvalue of V_S_star - M_S_star.T @ M_S_star: 3.8872e-02
Iter 69/100 | mu_lambda_beta: 8.3569 | 
 sigmasq_lambda_beta: 0.0061 | 
 lambda_a1: 147.1000 | lambda_b1: 412.5957 | lambda_a2: 147.1000 | lambda_b2: 271.6864
‣  E[ϕ]: 0.2618 | ‣ E[Sigmasq*ϕ]: 0.7392 | ‣ ||mu_W||: 37.2419
Number of correct permutations recognized for piX: 6.0
Number of correct permutations recognized for piS: 6.0
[anneal] global_step=4955 | tau_X_t=0.2633 | tau_S_t=0.2600
Total ELBO: -650.3059
Relative change in total ELBO: -2.6409e-02%
Smoothed ELBO rel_impr over last 5: 1.9093e-02%
Minimum eigenvalue of V_X_star - M_X_star.T @ M_X_star: 3.3207e-03
Minimum eigenvalue of V_S_star - M_S_star.T @ M_S_star: 3.8519e-02
Iter 70/100 | mu_lambda_beta: 8.3631 | 
 sigmasq_lambda_beta: 0.0061 | 
 lambda_a1: 147.1000 | lambda_b1: 409.4192 | lambda_a2: 147.1000 | lambda_b2: 269.9588
‣  E[ϕ]: 0.2617 | ‣ E[Sigmasq*ϕ]: 0.7334 | ‣ ||mu_W||: 37.2212
Number of correct permutations recognized for piX: 6.0
Number of correct permutations recognized for piS: 6.0
[anneal] global_step=5055 | tau_X_t=0.2568 | tau_S_t=0.2536
Total ELBO: -650.1161
Relative change in total ELBO: 2.9189e-02%
Smoothed ELBO rel_impr over last 5: 9.4121e-03%
Stopping: smoothed ELBO improvement is 9.4121e-03% (< 0.01%)
[OK] Loaded data from ../data/vary_B2/B_49_n_6/phi_2.0/data_seed_53.pt
[OK] Saved results to ../data/results/vary_B2_annealed/B_49_n_6/phi_2.0/results_seed_53.pt
