EXP_FOLDER,B,n_i,phi_true,seed,method,Beta,Beta_vec,Phi,Sigmasq,Tausq,ELBO,tau_selected,Sigmasq_phi
vary_B2,49,6,2.0,1,GPmodel,7.971279621124268,,2.035620906577638,3.622824952334162,1.2517780548018644,,,1.7797149462494912
vary_B2,49,6,2.0,1,GPArealModel,7.942017078399658,,2.4612044867591156,6.0611297765879515,2.071590860000965,,,2.4626680997844166
vary_B2,49,6,2.0,1,VI_best_tau_by_ELBO,8.198347091674805,,0.2625529170036316,3.944595618904004,2.37993870917287,-680.1695129394532,0.3,1.0356650861429917
vary_B2,49,6,2.0,10,GPmodel,7.948287487030029,,3.443886525067217,5.497677856495412,1.0136119317129115,,,1.5963585955806456
vary_B2,49,6,2.0,10,GPArealModel,7.83892822265625,,4.619241537092006,7.918825934578974,3.2371146042096233,,,1.7143130254158967
vary_B2,49,6,2.0,10,VI_best_tau_by_ELBO,8.085371971130371,,0.26190629601478577,5.052893375550779,2.0296088185398484,-683.0239685058593,0.3,1.3233845881481523
vary_B2,49,6,2.0,100,GPmodel,7.867465019226074,,2.179296135882287,2.969655348695616,0.9505325633329695,,,1.3626671932281256
vary_B2,49,6,2.0,100,GPArealModel,7.770777225494385,,4.267391865228584,5.484778862399154,0.41903703327159525,,,1.2852765894526916
vary_B2,49,6,2.0,100,VI_best_tau_by_ELBO,8.070846557617188,,0.26224958896636963,3.048435762106434,2.012806186767411,-654.0876892089843,0.3,0.799451025602794
vary_B2,49,6,2.0,11,GPmodel,7.988131999969482,,1.3810995265170594,2.3383500677922626,1.3325009347568433,,,1.693107573274792
vary_B2,49,6,2.0,11,GPArealModel,8.305359840393066,,2.2917176357411173,2.9013343879032556,3.5680726825301394,,,1.2660086664494314
vary_B2,49,6,2.0,11,VI_best_tau_by_ELBO,8.3821439743042,,0.2621849775314331,1.9643718032784694,2.611254013865717,-662.5453002929687,0.3,0.5150287771059462
vary_B2,49,6,2.0,12,GPmodel,8.005237579345703,,3.1065368822025565,4.2715765519313935,1.0555850234828443,,,1.3750284364571317
vary_B2,49,6,2.0,12,GPArealModel,7.784634590148926,,3.7471523016488604,6.88067432533641,0.9847364981845762,,,1.836240902807368
vary_B2,49,6,2.0,12,VI_best_tau_by_ELBO,8.230549812316895,,0.2622182369232178,3.8047528381138775,2.0109912159506544,-669.4456848144531,0.3,0.9976755811388299
vary_B2,49,6,2.0,13,GPmodel,7.909404277801514,,1.6113239583931267,2.977487875898735,1.3970354607930053,,,1.8478517993786914
vary_B2,49,6,2.0,13,GPArealModel,7.481413841247559,,2.1817850677760746,5.256388599543949,2.1453232202504218,,,2.409214673424208
vary_B2,49,6,2.0,13,VI_best_tau_by_ELBO,8.081613540649414,,0.26261183619499207,3.6013257120016258,2.539009235233252,-679.8985961914062,0.3,0.9457507579649841
vary_B2,49,6,2.0,14,GPmodel,7.968088150024414,,1.8060295068493557,2.7358330833002182,1.2489400413496337,,,1.5148329929962872
vary_B2,49,6,2.0,14,GPArealModel,8.226574897766113,,1.8767341501214314,3.665716692334457,0.9973691916515622,,,1.953242387632405
vary_B2,49,6,2.0,14,VI_best_tau_by_ELBO,8.270599365234375,,0.2625275254249573,2.3829664456199735,2.5009464417966076,-664.828466796875,0.3,0.6255942841393176
vary_B2,49,6,2.0,15,GPmodel,7.901553153991699,,1.6743518897463874,2.4905157846308157,1.2381489582863239,,,1.4874506368001603
vary_B2,49,6,2.0,15,GPArealModel,8.087695121765137,,3.074350332771326,4.738299744259779,1.641395097712075,,,1.5412361088947566
vary_B2,49,6,2.0,15,VI_best_tau_by_ELBO,8.125555992126465,,0.26200881600379944,2.5365231283554714,2.300902777220761,-658.8285095214844,0.3,0.6645914216266705
vary_B2,49,6,2.0,16,GPmodel,7.959953784942627,,1.9043314551590727,3.4362248803549287,0.9024786770923331,,,1.8044258372384516
vary_B2,49,6,2.0,16,GPArealModel,8.518096923828125,,2.4480226072473896,5.1904185858932435,1.2111945304142526,,,2.120249449709725
vary_B2,49,6,2.0,16,VI_best_tau_by_ELBO,8.484235763549805,,0.2622182071208954,3.0367826844306127,2.2231508394694344,-660.9919921875,0.3,0.7962997109271751
vary_B2,49,6,2.0,17,GPmodel,7.970537185668945,,1.2678736365671384,2.1388118170912094,0.8469994638024073,,,1.6869282201357232
vary_B2,49,6,2.0,17,GPArealModel,8.070465087890625,,1.443154485247752,2.704297815213547,2.4551373092821263,,,1.873879645497058
vary_B2,49,6,2.0,17,VI_best_tau_by_ELBO,8.10542106628418,,0.26280057430267334,2.166067720030694,2.148134204151694,-642.8839599609375,0.3,0.5692438408025486
vary_B2,49,6,2.0,18,GPmodel,8.036919593811035,,1.8024486068720043,3.2528249222472643,1.2940271581960934,,,1.804669997161397
vary_B2,49,6,2.0,18,GPArealModel,7.9016218185424805,,1.4776615275117615,4.788197343629807,1.3798790554880696,,,3.240388447882693
vary_B2,49,6,2.0,18,VI_best_tau_by_ELBO,8.326181411743164,,0.2624833583831787,3.207245813013347,2.691236387614434,-681.4575134277344,0.3,0.8418486521601318
vary_B2,49,6,2.0,19,GPmodel,7.922335624694824,,1.834497122441156,2.1301156902043386,1.0620515959955228,,,1.161144198127607
vary_B2,49,6,2.0,19,GPArealModel,7.832901954650879,,3.014224349131883,4.2744831017727885,1.1019217855411954,,,1.4181038325842827
vary_B2,49,6,2.0,19,VI_best_tau_by_ELBO,8.147944450378418,,0.2619839012622833,2.322862900584467,1.9976560160527892,-639.49736328125,0.3,0.6085526847925421
vary_B2,49,6,2.0,2,GPmodel,7.87849760055542,,2.3584491707263027,3.268677726350655,1.0033063358546561,,,1.3859436815184956
vary_B2,49,6,2.0,2,GPArealModel,7.920609951019287,,3.7135648364511504,5.244218272286124,1.326644266984523,,,1.4121789986835762
vary_B2,49,6,2.0,2,VI_best_tau_by_ELBO,8.118932723999023,,0.2621467411518097,2.816028843017411,2.0999270836675437,-657.31259765625,0.3,0.7382127841865154
vary_B2,49,6,2.0,20,GPmodel,7.93080472946167,,1.115490469334092,1.965241018326302,1.2459537593709105,,,1.7617730248286936
vary_B2,49,6,2.0,20,GPArealModel,7.335992813110352,,1.6520507233047739,3.1433648417867976,0.6603238932502514,,,1.9027048004305755
vary_B2,49,6,2.0,20,VI_best_tau_by_ELBO,8.087166786193848,,0.2622009515762329,1.8237611743214195,2.5802524574483447,-657.3769836425781,0.3,0.47819191535486416
vary_B2,49,6,2.0,21,GPmodel,8.040122985839844,,1.2083210424908797,1.698875654236832,0.9851855952163096,,,1.4059803599337342
vary_B2,49,6,2.0,21,GPArealModel,8.274618148803711,,1.0991739703767163,2.0453544619062725,1.288966858636719,,,1.860810496818147
vary_B2,49,6,2.0,21,VI_best_tau_by_ELBO,8.289560317993164,,0.26255688071250916,1.3697688568136124,2.2055170684542906,-630.9751708984375,0.3,0.35964223834212167
vary_B2,49,6,2.0,22,GPmodel,8.036627769470215,,1.3503198454320002,2.613220552430878,1.0970746542920407,,,1.9352604209077926
vary_B2,49,6,2.0,22,GPArealModel,8.348539352416992,,0.7837811000335881,3.143479507674792,1.7855837844472264,,,4.010660001293832
vary_B2,49,6,2.0,22,VI_best_tau_by_ELBO,8.420737266540527,,0.26259303092956543,2.331106406544105,2.5463152812981265,-661.4870544433594,0.3,0.6121322967137444
vary_B2,49,6,2.0,23,GPmodel,7.890585422515869,,0.661477016847309,1.6575180350137282,1.5092078998147729,,,2.505783258976538
vary_B2,49,6,2.0,23,GPArealModel,7.507721424102783,,0.8306546014739287,2.9025084946486577,1.159474973790301,,,3.4942423595780894
vary_B2,49,6,2.0,23,VI_best_tau_by_ELBO,8.01908016204834,,0.26220422983169556,1.6062352822138626,2.498315162319259,-649.9701110839844,0.3,0.421161685101382
vary_B2,49,6,2.0,24,GPmodel,8.037054061889648,,2.238304501653729,4.090220578775017,1.154332164915235,,,1.8273745041181995
vary_B2,49,6,2.0,24,GPArealModel,8.350799560546875,,2.0184695779724002,4.821706281793812,2.241454604110498,,,2.3887931403144202
vary_B2,49,6,2.0,24,VI_best_tau_by_ELBO,8.422999382019043,,0.262722909450531,3.6333543384507614,2.4779939227198837,-682.1381958007812,0.3,0.9545654228624934
vary_B2,49,6,2.0,25,GPmodel,7.993151664733887,,2.2666136994622077,2.869698828795049,0.9812060240725274,,,1.2660731863907526
vary_B2,49,6,2.0,25,GPArealModel,8.495223045349121,,4.315741650149825,3.665072629372378,2.623412756438053,,,0.8492335562405924
vary_B2,49,6,2.0,25,VI_best_tau_by_ELBO,8.477042198181152,,0.261825829744339,1.8958816684981392,2.073166447090499,-639.5498779296875,0.3,0.49639079095160715
vary_B2,49,6,2.0,26,GPmodel,7.9632792472839355,,3.3863399897228175,4.71739572932872,1.0050514811853066,,,1.3930661846257362
vary_B2,49,6,2.0,26,GPArealModel,8.533292770385742,,5.520415771661876,7.898151103373854,1.52374128896872,,,1.430716712302302
vary_B2,49,6,2.0,26,VI_best_tau_by_ELBO,8.295760154724121,,0.2614513337612152,3.3850598971701746,2.0583053682863834,-666.823876953125,0.3,0.8850284249767442
vary_B2,49,6,2.0,27,GPmodel,8.007781028747559,,1.5993738056747775,2.0569860558677764,0.8132265006574368,,,1.2861196354281492
vary_B2,49,6,2.0,27,GPArealModel,8.350028038024902,,1.9959577733056348,3.8410048044879948,0.8109120353808728,,,1.9243918162289866
vary_B2,49,6,2.0,27,VI_best_tau_by_ELBO,8.177055358886719,,0.2624872326850891,2.378075904506759,1.8453515775394636,-629.9072937011719,0.3,0.6242145632890694
vary_B2,49,6,2.0,28,GPmodel,7.959469318389893,,1.3991025376096893,2.1818802624442846,0.9041784059776118,,,1.5594856015141962
vary_B2,49,6,2.0,28,GPArealModel,7.519942283630371,,1.5260810703926122,2.969557289404932,0.63366840737738,,,1.9458712561325193
vary_B2,49,6,2.0,28,VI_best_tau_by_ELBO,8.045905113220215,,0.2625551223754883,2.4323646080648955,2.1286641564130946,-645.1030639648437,0.3,0.6386297873322853
vary_B2,49,6,2.0,29,GPmodel,7.996258735656738,,3.065276602122765,4.765105081362618,1.1542281730208577,,,1.5545432598358948
vary_B2,49,6,2.0,29,GPArealModel,8.024543762207031,,4.156267390967127,5.625449648121493,2.5493569302000174,,,1.3534859812791065
vary_B2,49,6,2.0,29,VI_best_tau_by_ELBO,8.280464172363281,,0.2626795470714569,4.770274700814938,1.8833205832103441,-673.7450073242187,0.3,1.2530535978164976
vary_B2,49,6,2.0,3,GPmodel,7.733549118041992,,1.6183276118391214,2.92552144990267,0.8971494199020217,,,1.8077436413372507
vary_B2,49,6,2.0,3,GPArealModel,7.685615539550781,,1.640226290695628,4.141344558988413,1.3913552158505849,,,2.5248617111435574
vary_B2,49,6,2.0,3,VI_best_tau_by_ELBO,7.9018659591674805,,0.26257479190826416,3.0045902949339065,2.262417207753144,-658.7206237792968,0.3,0.7889296714618605
vary_B2,49,6,2.0,30,GPmodel,7.905383586883545,,1.3687055689364909,2.190330599668557,1.079855306508963,,,1.6002934812126786
vary_B2,49,6,2.0,30,GPArealModel,7.619551658630371,,1.3167983364359956,3.550610803717593,0.9855498715744347,,,2.696396787170588
vary_B2,49,6,2.0,30,VI_best_tau_by_ELBO,8.121979713439941,,0.26247310638427734,2.409804786092039,2.267068161856712,-651.5034606933593,0.3,0.6325089479852765
vary_B2,49,6,2.0,31,GPmodel,7.9661993980407715,,0.8934174003854183,1.3837364435683512,1.0491209295370907,,,1.5488129545847333
vary_B2,49,6,2.0,31,GPArealModel,8.143547058105469,,0.8275783837231496,2.389806838717675,1.2641628469479678,,,2.8877105609819056
vary_B2,49,6,2.0,31,VI_best_tau_by_ELBO,8.218558311462402,,0.262428879737854,1.4327977863914914,2.0808624748005435,-625.0714050292969,0.3,0.3760075179735961
vary_B2,49,6,2.0,32,GPmodel,7.850864887237549,,2.6631121128464783,4.26568649221845,1.0601287511011366,,,1.60176752290727
vary_B2,49,6,2.0,32,GPArealModel,7.467215538024902,,3.5550417729332926,7.868201375771701,0.7968017453748847,,,2.213251454786588
vary_B2,49,6,2.0,32,VI_best_tau_by_ELBO,8.13225269317627,,0.26205435395240784,4.113909064050736,2.082519322368562,-671.4990173339844,0.3,1.0780677819987703
vary_B2,49,6,2.0,33,GPmodel,7.968324184417725,,2.5407195142995103,4.494333550703637,1.1618283633572584,,,1.768921569425088
vary_B2,49,6,2.0,33,GPArealModel,8.306509971618652,,4.279179219157341,7.713290717628939,2.7618552292783276,,,1.802516399195789
vary_B2,49,6,2.0,33,VI_best_tau_by_ELBO,8.187322616577148,,0.26181283593177795,3.908912820574521,2.3351831455739864,-681.8169494628906,0.3,1.0234035509647006
vary_B2,49,6,2.0,34,GPmodel,7.931775093078613,,1.8137142048245531,2.922416788140399,1.0114796998794489,,,1.61128847112001
vary_B2,49,6,2.0,34,GPArealModel,8.313472747802734,,2.104484972088185,4.2029407511094865,0.8645846686050092,,,1.9971350743070877
vary_B2,49,6,2.0,34,VI_best_tau_by_ELBO,8.307835578918457,,0.2628183364868164,3.319495146932217,2.033460592260759,-657.8098022460938,0.3,0.8724241924927855
vary_B2,49,6,2.0,35,GPmodel,7.947581768035889,,2.314173530539584,3.349200822520014,0.9814770271952777,,,1.4472556955307918
vary_B2,49,6,2.0,35,GPArealModel,7.272215366363525,,3.120333633636288,5.106601185344041,0.8437374568353959,,,1.6365561458865703
vary_B2,49,6,2.0,35,VI_best_tau_by_ELBO,8.054344177246094,,0.2622894048690796,2.910320848573323,2.1552672963857162,-660.5185424804688,0.3,0.7633463233503717
vary_B2,49,6,2.0,36,GPmodel,7.94643497467041,,1.6539802837243907,2.4719125510510715,0.9599023393499223,,,1.4945235897763434
vary_B2,49,6,2.0,36,GPArealModel,7.6093339920043945,,2.133857450962323,3.868822570263279,1.2144330907587595,,,1.8130651457146423
vary_B2,49,6,2.0,36,VI_best_tau_by_ELBO,8.017833709716797,,0.2622723877429962,2.4926523865289187,2.1477926830001928,-650.6146667480468,0.3,0.6537538932282174
vary_B2,49,6,2.0,37,GPmodel,7.912232398986816,,2.013794694057554,3.335325161174052,0.935336579084661,,,1.656238925952165
vary_B2,49,6,2.0,37,GPArealModel,7.463987827301025,,1.8888225863874943,4.743845288672839,0.7460965494756735,,,2.5115356639957254
vary_B2,49,6,2.0,37,VI_best_tau_by_ELBO,8.09041976928711,,0.26303261518478394,3.9990493387983403,2.0602210199563658,-663.1561401367187,0.3,1.0518804058371085
vary_B2,49,6,2.0,38,GPmodel,7.951111316680908,,1.7222511942334875,3.0765067894868365,1.282367807063853,,,1.7863287305520374
vary_B2,49,6,2.0,38,GPArealModel,7.735944747924805,,1.9990073560536794,5.784502654842203,1.2622735220331525,,,2.8936875281247696
vary_B2,49,6,2.0,38,VI_best_tau_by_ELBO,8.108753204345703,,0.26238909363746643,3.5896609369652634,2.555070129018545,-681.8618286132812,0.3,0.941887879716134
vary_B2,49,6,2.0,39,GPmodel,7.90959358215332,,2.3338241588583415,3.560209455161983,0.8549795165067607,,,1.525483161037961
vary_B2,49,6,2.0,39,GPArealModel,7.313007354736328,,3.0716757451900114,5.738686839633922,1.0095034688344637,,,1.868259320216409
vary_B2,49,6,2.0,39,VI_best_tau_by_ELBO,7.9527130126953125,,0.2622178792953491,3.6847095110904347,1.9772731564291368,-657.0452453613282,0.3,0.9661967138175365
vary_B2,49,6,2.0,4,GPmodel,8.030669212341309,,2.1346144799054523,3.6674759889886843,1.0795433773620795,,,1.7180975878844065
vary_B2,49,6,2.0,4,GPArealModel,8.396634101867676,,2.3899304829502546,4.662007897851932,0.9742670803109337,,,1.9506876585367903
vary_B2,49,6,2.0,4,VI_best_tau_by_ELBO,8.311454772949219,,0.2626378536224365,3.2401243780346296,2.353094311139096,-672.1565551757812,0.3,0.8509793121167473
vary_B2,49,6,2.0,40,GPmodel,7.972046375274658,,1.3956361052787674,2.03160319094215,0.9850880909276295,,,1.4556825975323655
vary_B2,49,6,2.0,40,GPArealModel,8.255967140197754,,1.4662566149022829,2.790782457355134,1.7693002304149303,,,1.9033383576865384
vary_B2,49,6,2.0,40,VI_best_tau_by_ELBO,8.36234188079834,,0.26248642802238464,1.8941276910613452,2.1544981949301634,-639.7507568359375,0.3,0.49718281184497937
vary_B2,49,6,2.0,41,GPmodel,7.983635902404785,,0.9505714408739068,1.8615041786150959,1.2733626929646418,,,1.9583001325010607
vary_B2,49,6,2.0,41,GPArealModel,8.25537395477295,,0.9500783143255256,2.7015939377131453,1.3274235343918144,,,2.8435486811748207
vary_B2,49,6,2.0,41,VI_best_tau_by_ELBO,8.33698558807373,,0.26260054111480713,1.6997834609682474,2.462692730725424,-650.8476989746093,0.3,0.4463640566282614
vary_B2,49,6,2.0,42,GPmodel,7.850013732910156,,1.6235059336354964,2.4986557511597787,1.1367052402058493,,,1.5390493495546211
vary_B2,49,6,2.0,42,GPArealModel,7.513697624206543,,1.524749111207438,3.855161570581933,1.682452358440944,,,2.5283907642543615
vary_B2,49,6,2.0,42,VI_best_tau_by_ELBO,8.040745735168457,,0.2627323269844055,2.6212435597674966,2.2863220173067464,-660.5773559570313,0.3,0.688685420050601
vary_B2,49,6,2.0,43,GPmodel,7.93555212020874,,1.090003600967026,2.028781143237385,1.303775288230515,,,1.8612609549523482
vary_B2,49,6,2.0,43,GPArealModel,7.598726749420166,,1.3520429679016865,3.3239140735790396,1.7331747313701622,,,2.4584381950061935
vary_B2,49,6,2.0,43,VI_best_tau_by_ELBO,8.0814208984375,,0.26257121562957764,2.178663479637235,2.5215964607797527,-661.1102966308594,0.3,0.5720543182961144
vary_B2,49,6,2.0,44,GPmodel,7.938287734985352,,2.3451888014598823,3.578188997509232,1.07317200760235,,,1.5257573272061533
vary_B2,49,6,2.0,44,GPArealModel,7.899849891662598,,3.154117746701882,6.711233239207768,1.235520857161301,,,2.1277687702766963
vary_B2,49,6,2.0,44,VI_best_tau_by_ELBO,8.190692901611328,,0.2618621289730072,2.6196479144608786,2.384199472749829,-661.6604370117187,0.3,0.6859865800404239
vary_B2,49,6,2.0,45,GPmodel,8.001014709472656,,2.429626573758644,4.080604877139736,1.0302712131592804,,,1.6795193636802468
vary_B2,49,6,2.0,45,GPArealModel,7.818294048309326,,2.9901817522141076,6.867112730732372,1.4830897455520298,,,2.2965536210792385
vary_B2,49,6,2.0,45,VI_best_tau_by_ELBO,8.063238143920898,,0.262517511844635,4.844836183478781,1.9839932900597836,-672.7192199707031,0.3,1.2718543401817073
vary_B2,49,6,2.0,46,GPmodel,7.982769012451172,,2.4543561372065685,2.9413944367704707,1.0731193248688635,,,1.1984383163391383
vary_B2,49,6,2.0,46,GPArealModel,7.738022804260254,,3.1845713154404276,5.913588233644314,1.0666667407706225,,,1.8569495382226862
vary_B2,49,6,2.0,46,VI_best_tau_by_ELBO,8.125090599060059,,0.26207661628723145,3.1212522492353267,1.9542095124272758,-653.7885681152344,0.3,0.8180072280585048
vary_B2,49,6,2.0,47,GPmodel,7.906621932983398,,1.7716503508957986,2.729345774212217,1.3404379736331284,,,1.5405668352291857
vary_B2,49,6,2.0,47,GPArealModel,8.097662925720215,,2.7783328755752006,5.059145428010126,1.5149476218622664,,,1.8209284684660856
vary_B2,49,6,2.0,47,VI_best_tau_by_ELBO,8.348381996154785,,0.2622978985309601,2.6886368581156956,2.266076392788009,-659.3250427246094,0.3,0.70522379779663
vary_B2,49,6,2.0,48,GPmodel,7.936772346496582,,1.9086931818247312,3.1050081739222954,1.0015631474704199,,,1.6267717637854577
vary_B2,49,6,2.0,48,GPArealModel,8.011336326599121,,2.085320930038161,4.2703653092823375,1.3585032203015706,,,2.047821631562577
vary_B2,49,6,2.0,48,VI_best_tau_by_ELBO,8.155731201171875,,0.2628607153892517,3.3862381973632147,2.158362710418806,-664.4009643554688,0.3,0.8901089950373048
vary_B2,49,6,2.0,49,GPmodel,7.9167914390563965,,1.7709217648828899,3.1768392923661937,1.013817759641093,,,1.7938902527273848
vary_B2,49,6,2.0,49,GPArealModel,7.594232559204102,,1.6556030968000446,5.513988710794996,1.2397204249967164,,,3.330501568553751
vary_B2,49,6,2.0,49,VI_best_tau_by_ELBO,7.987717151641846,,0.26291006803512573,4.545920996695329,2.0129095830793338,-667.9393615722656,0.3,1.1951683985234753
vary_B2,49,6,2.0,5,GPmodel,7.8607401847839355,,0.5769042400252262,1.9791861658073033,1.777461976690719,,,3.430701368602803
vary_B2,49,6,2.0,5,GPArealModel,8.066097259521484,,1.449599766021916,3.1886256902822385,1.477707019202822,,,2.1996593577223513
vary_B2,49,6,2.0,5,VI_best_tau_by_ELBO,8.199332237243652,,0.2623191177845001,2.12065355325708,2.3739956144924284,-654.2049011230469,0.3,0.5562879692169627
vary_B2,49,6,2.0,50,GPmodel,7.860334873199463,,0.834775230544382,1.2596275113741986,1.0130938036428632,,,1.5089421263167544
vary_B2,49,6,2.0,50,GPArealModel,7.137520790100098,,1.5273542893330951,1.6292603338468004,0.9133623248412284,,,1.0667206326818917
vary_B2,49,6,2.0,50,VI_best_tau_by_ELBO,7.848204612731934,,0.2623169422149658,1.0268920647779773,2.1151507806484213,-619.6898864746094,0.3,0.2693711864173716
vary_B2,49,6,2.0,51,GPmodel,7.8375983238220215,,1.972579292417633,3.05019501021845,1.2264004833396909,,,1.54629779494444
vary_B2,49,6,2.0,51,GPArealModel,7.974002361297607,,2.1278782229819124,5.1245366811706505,1.004358223503897,,,2.4082847532455856
vary_B2,49,6,2.0,51,VI_best_tau_by_ELBO,8.137551307678223,,0.26247474551200867,3.130672175455061,2.3621159004561303,-670.2836059570312,0.3,0.8217223825340937
vary_B2,49,6,2.0,52,GPmodel,7.901764392852783,,1.4261555621385305,2.122661076908462,1.1727176421697567,,,1.4883797625313164
vary_B2,49,6,2.0,52,GPArealModel,7.725897312164307,,1.837748408045217,3.5702536796511124,0.8284335848138081,,,1.9427325655793837
vary_B2,49,6,2.0,52,VI_best_tau_by_ELBO,8.053504943847656,,0.2624105215072632,2.334032208849354,2.2145850294506118,-649.7031677246093,0.3,0.6124746091389084
vary_B2,49,6,2.0,53,GPmodel,7.865353584289551,,2.982417868637553,3.5017246549876475,0.8867102083742436,,,1.1741227451092653
vary_B2,49,6,2.0,53,GPArealModel,7.537745475769043,,4.138976033874272,5.852410168063637,1.2795398319404334,,,1.4139753697934587
vary_B2,49,6,2.0,53,VI_best_tau_by_ELBO,7.962780952453613,,0.26208925247192383,3.1584776369861185,1.8074082642854852,-648.1510681152344,0.3,0.8278030428269801
vary_B2,49,6,2.0,54,GPmodel,8.033711433410645,,1.5317817894389154,2.375424600978147,1.1937960399191474,,,1.5507591338112552
vary_B2,49,6,2.0,54,GPArealModel,7.8048248291015625,,1.7499532756722147,3.9065683748246323,0.6606392881383721,,,2.2323843894197637
vary_B2,49,6,2.0,54,VI_best_tau_by_ELBO,8.126870155334473,,0.2629976272583008,3.283457876802062,2.1508837105230794,-659.5435668945313,0.3,0.8635416308015204
vary_B2,49,6,2.0,55,GPmodel,8.058586120605469,,1.8650228649463945,3.2637612317933957,1.1839050508478435,,,1.7499845675549959
vary_B2,49,6,2.0,55,GPArealModel,8.63817310333252,,2.798718995462817,4.769408258368057,1.554384405813925,,,1.7041397389663095
vary_B2,49,6,2.0,55,VI_best_tau_by_ELBO,8.4293794631958,,0.26248103380203247,3.631355343086927,2.2694314464488152,-671.1303344726563,0.3,0.9531619045559909
vary_B2,49,6,2.0,56,GPmodel,7.9389472007751465,,1.6592217539732663,2.3386660557230337,1.138667396161863,,,1.4094957772357624
vary_B2,49,6,2.0,56,GPArealModel,8.252212524414062,,2.4594262547278363,3.4824799853609565,1.5809706842697453,,,1.415972517438354
vary_B2,49,6,2.0,56,VI_best_tau_by_ELBO,8.1759672164917,,0.2622417211532593,1.9821948208766471,2.2278893148956196,-650.4409790039062,0.3,0.5198141814877684
vary_B2,49,6,2.0,57,GPmodel,8.016181945800781,,2.2895302595115794,3.399474199175806,0.9436764552737471,,,1.4847911203851083
vary_B2,49,6,2.0,57,GPArealModel,7.839796543121338,,3.00610919101808,4.106121071266355,2.2160228502880677,,,1.3659254572438648
vary_B2,49,6,2.0,57,VI_best_tau_by_ELBO,8.178131103515625,,0.2627299129962921,3.1521869635924666,1.9828358780105664,-654.8619567871094,0.3,0.828173806692695
vary_B2,49,6,2.0,58,GPmodel,7.92455530166626,,1.7927376596080202,4.549894000942664,1.0239094120529066,,,2.5379586224219177
vary_B2,49,6,2.0,58,GPArealModel,7.590855598449707,,1.706360285674109,5.315279685477119,0.9048792288342267,,,3.1149808924305122
vary_B2,49,6,2.0,58,VI_best_tau_by_ELBO,8.079911231994629,,0.26302775740623474,5.319470373593643,2.7798541289009027,-696.1811950683593,0.4,1.3991683629552416
vary_B2,49,6,2.0,59,GPmodel,7.885034084320068,,1.9779080340407897,3.086201249903533,0.850642607653677,,,1.560336070630414
vary_B2,49,6,2.0,59,GPArealModel,7.61805534362793,,1.608943818670835,3.996169986630525,0.9260471512598943,,,2.483722514271382
vary_B2,49,6,2.0,59,VI_best_tau_by_ELBO,8.094285011291504,,0.26281148195266724,2.8536920462627267,2.069837085846595,-650.4046630859375,0.3,0.7499830357148466
vary_B2,49,6,2.0,6,GPmodel,7.9602179527282715,,1.6820385456280473,2.7518228219874183,0.9785608213026606,,,1.6360046142461795
vary_B2,49,6,2.0,6,GPArealModel,7.7071733474731445,,2.134300110467348,3.1326022889702485,2.5527305530493978,,,1.4677421762791845
vary_B2,49,6,2.0,6,VI_best_tau_by_ELBO,8.058283805847168,,0.2623767554759979,2.231186926160913,2.3902971396945585,-659.4769226074219,0.3,0.5854115865465653
vary_B2,49,6,2.0,60,GPmodel,7.995116233825684,,1.4050397141505262,2.3009203005635697,1.3371571375781537,,,1.637619404911045
vary_B2,49,6,2.0,60,GPArealModel,7.666568756103516,,1.842891295882283,3.7025784671493676,2.012219176837055,,,2.009113872002288
vary_B2,49,6,2.0,60,VI_best_tau_by_ELBO,8.13523006439209,,0.26253542304039,2.65577395920228,2.341728445440837,-662.5169128417969,0.3,0.6972347398788221
vary_B2,49,6,2.0,61,GPmodel,8.087100982666016,,2.6540619179275695,3.0053674853228753,1.0810456010525393,,,1.1323652492891438
vary_B2,49,6,2.0,61,GPArealModel,8.293042182922363,,3.3137667937048256,4.665413138107949,1.0745758681130564,,,1.4078881914595955
vary_B2,49,6,2.0,61,VI_best_tau_by_ELBO,8.281730651855469,,0.2622527480125427,2.6957697414682795,2.0318054157442464,-654.5096557617187,0.3,0.7069730227091181
vary_B2,49,6,2.0,62,GPmodel,7.825061798095703,,1.580443160634318,2.67389413076441,1.316438246717103,,,1.6918635211729038
vary_B2,49,6,2.0,62,GPArealModel,7.831336498260498,,1.8611247535989284,3.9265320455361685,0.6054878837628523,,,2.1097629473485227
vary_B2,49,6,2.0,62,VI_best_tau_by_ELBO,8.002706527709961,,0.26281893253326416,2.9427716244091164,2.479112065058714,-674.3802062988282,0.3,0.7734160970163837
vary_B2,49,6,2.0,63,GPmodel,7.918613433837891,,1.6802075411077073,2.1004569079115596,1.0418896968404452,,,1.2501175340082067
vary_B2,49,6,2.0,63,GPArealModel,7.643131732940674,,3.456069546750133,2.983733626876317,3.028237382019085,,,0.8633314771347785
vary_B2,49,6,2.0,63,VI_best_tau_by_ELBO,8.052995681762695,,0.262413889169693,1.947724579296073,2.072690406292779,-641.8240844726563,0.3,0.5111099818844865
vary_B2,49,6,2.0,64,GPmodel,7.967857837677002,,1.5108653903689673,2.2969445986670554,1.3420197349357836,,,1.5202840791171477
vary_B2,49,6,2.0,64,GPArealModel,7.855366230010986,,2.598041750726771,3.3900344937012132,1.4442564183256434,,,1.3048421922984463
vary_B2,49,6,2.0,64,VI_best_tau_by_ELBO,8.32724666595459,,0.2624600827693939,1.6619065720116253,2.3846266352910037,-653.7097717285156,0.3,0.4361841364451709
vary_B2,49,6,2.0,65,GPmodel,7.966264247894287,,1.3769278553362576,2.2012133622203263,1.0037306785741877,,,1.5986410280608137
vary_B2,49,6,2.0,65,GPArealModel,8.621950149536133,,1.1949572975846572,2.265689934037709,2.0956826964883906,,,1.896042593837706
vary_B2,49,6,2.0,65,VI_best_tau_by_ELBO,8.684304237365723,,0.2622036337852478,1.529182366195564,2.3165243933414614,-639.340576171875,0.3,0.40095717313680035
vary_B2,49,6,2.0,66,GPmodel,7.980088233947754,,0.7098541357576487,1.4702588913298578,1.3871153197426667,,,2.0712126861958846
vary_B2,49,6,2.0,66,GPArealModel,7.3491106033325195,,2.0409419681705976,2.0760329885774738,0.9027872735762172,,,1.017193541489242
vary_B2,49,6,2.0,66,VI_best_tau_by_ELBO,8.021468162536621,,0.2619578242301941,0.9380663820197532,2.4736228697435405,-639.1807556152344,0.3,0.24573382841738461
vary_B2,49,6,2.0,67,GPmodel,7.844475746154785,,1.9971970943424648,3.3247129923090792,1.0265515568452135,,,1.6646894799352143
vary_B2,49,6,2.0,67,GPArealModel,7.863516330718994,,9.822513321337834,3.1719021196847867,5.581932224088774,,,0.3229216409199811
vary_B2,49,6,2.0,67,VI_best_tau_by_ELBO,8.048989295959473,,0.2629551589488983,3.1914128088771605,2.1176709352006333,-662.7315673828125,0.3,0.8391984624298438
vary_B2,49,6,2.0,68,GPmodel,7.877536773681641,,1.4326579174491687,2.140901265488021,1.2534577780948613,,,1.49435621680008
vary_B2,49,6,2.0,68,GPArealModel,7.681888580322266,,2.3691147060066715,3.111341526766375,1.4248877589883968,,,1.3132929017231019
vary_B2,49,6,2.0,68,VI_best_tau_by_ELBO,8.047280311584473,,0.261872798204422,1.6460211386344434,2.463762203689147,-651.6826782226562,0.3,0.43104816147783054
vary_B2,49,6,2.0,69,GPmodel,7.941366672515869,,1.1858978231329316,1.620749116831416,1.0778180621227706,,,1.3666852954917184
vary_B2,49,6,2.0,69,GPArealModel,7.761496067047119,,1.686949989082141,3.061469209787104,0.9488616325183881,,,1.814795476807721
vary_B2,49,6,2.0,69,VI_best_tau_by_ELBO,8.099143028259277,,0.2622300386428833,1.9027375750636337,2.0792992061168505,-633.5462890625,0.3,0.49895494783620276
vary_B2,49,6,2.0,7,GPmodel,7.887331485748291,,1.341823252388066,2.1403176676110336,0.9632589482550061,,,1.5950816650418551
vary_B2,49,6,2.0,7,GPArealModel,7.204721927642822,,1.6531869641215633,3.873663118409504,0.6884905384887469,,,2.3431488406804686
vary_B2,49,6,2.0,7,VI_best_tau_by_ELBO,8.016558647155762,,0.26242661476135254,2.5936242115979,2.209708065630882,-650.7729064941407,0.3,0.6806360218127188
vary_B2,49,6,2.0,70,GPmodel,8.019391059875488,,3.107203173816012,4.0527105509995724,1.079491129837237,,,1.304295317780062
vary_B2,49,6,2.0,70,GPArealModel,7.75750732421875,,3.206277439643492,5.571338850246193,1.525002375291825,,,1.7376346729575822
vary_B2,49,6,2.0,70,VI_best_tau_by_ELBO,8.189924240112305,,0.26245757937431335,3.390668154905138,2.033650883250984,-664.2122985839844,0.3,0.8899065563979718
vary_B2,49,6,2.0,71,GPmodel,7.84506893157959,,3.352120654803231,5.026919481247395,1.1591379728462492,,,1.4996236707781851
vary_B2,49,6,2.0,71,GPArealModel,7.7397379875183105,,3.8175147022299654,7.351719277967506,1.5561328323541288,,,1.9257867621762055
vary_B2,49,6,2.0,71,VI_best_tau_by_ELBO,8.059784889221191,,0.26212364435195923,4.245114597370166,2.163773366313206,-678.4535217285156,0.3,1.112744908954368
vary_B2,49,6,2.0,72,GPmodel,7.957372665405273,,2.326870437203043,4.332881424242176,0.9076477728238286,,,1.8621068689369782
vary_B2,49,6,2.0,72,GPArealModel,7.649598598480225,,2.430263997103486,5.357803295102518,0.8832873023391664,,,2.204617811681457
vary_B2,49,6,2.0,72,VI_best_tau_by_ELBO,8.073688507080078,,0.2626526951789856,4.035395544575633,2.080373065590777,-668.3806640625,0.3,1.0599075158960602
vary_B2,49,6,2.0,73,GPmodel,8.044387817382812,,1.7011067813351188,2.644300019378644,0.9389902189951369,,,1.5544585727318407
vary_B2,49,6,2.0,73,GPArealModel,7.712430953979492,,1.907672623659529,3.7649366649323412,1.1860260703617798,,,1.9735758736789875
vary_B2,49,6,2.0,73,VI_best_tau_by_ELBO,8.131636619567871,,0.2625297009944916,2.5275341245428002,2.2101109979252227,-652.1391723632812,0.3,0.6635527779695953
vary_B2,49,6,2.0,74,GPmodel,7.822476863861084,,2.0957939964124215,4.40939332113481,0.9269055610519321,,,2.103924970050876
vary_B2,49,6,2.0,74,GPArealModel,7.775339603424072,,2.3924145507507837,6.817821874780635,2.294898727254895,,,2.849766096198118
vary_B2,49,6,2.0,74,VI_best_tau_by_ELBO,8.134124755859375,,0.26247066259384155,4.347983274779689,2.1658162267790684,-672.9362365722657,0.3,1.141218051078366
vary_B2,49,6,2.0,75,GPmodel,7.980718612670898,,2.0938782394526627,4.4092498235736945,1.2468304274242856,,,2.1057813871384745
vary_B2,49,6,2.0,75,GPArealModel,7.659379482269287,,2.002569898424849,6.7086599996416645,3.150050921310283,,,3.3500253873377708
vary_B2,49,6,2.0,75,VI_best_tau_by_ELBO,8.155386924743652,,0.26265835762023926,4.837038221626883,2.571045381414164,-693.4190185546875,0.3,1.2704885150388399
vary_B2,49,6,2.0,76,GPmodel,7.922616481781006,,1.089856674728234,2.052500144713982,1.2508028484582059,,,1.8832752895932778
vary_B2,49,6,2.0,76,GPArealModel,8.086538314819336,,1.287029512650016,3.18398104474881,1.558093561061862,,,2.4738990158764413
vary_B2,49,6,2.0,76,VI_best_tau_by_ELBO,8.254908561706543,,0.26213034987449646,1.9104837343188528,2.5441940902929288,-656.5357055664062,0.3,0.5007957697065354
vary_B2,49,6,2.0,77,GPmodel,7.915652751922607,,3.786983044545278,4.465232660268089,1.2797045591533998,,,1.1791002515048894
vary_B2,49,6,2.0,77,GPArealModel,8.150564193725586,,4.224757898249533,6.396187070436072,2.6062007012311788,,,1.5139771850799402
vary_B2,49,6,2.0,77,VI_best_tau_by_ELBO,8.212443351745605,,0.2619860768318176,3.598611506593301,2.0401512736086156,-672.0516174316406,0.3,0.9427861106542156
vary_B2,49,6,2.0,78,GPmodel,8.046466827392578,,2.6584283496435663,3.740029375491376,1.2681363302289044,,,1.4068573170282463
vary_B2,49,6,2.0,78,GPArealModel,7.826925277709961,,3.233621447137318,5.399142134771088,1.7790614057683227,,,1.6696889920590043
vary_B2,49,6,2.0,78,VI_best_tau_by_ELBO,8.234879493713379,,0.26229581236839294,3.6429570359289443,2.065237307695393,-668.469921875,0.3,0.9555323751621353
vary_B2,49,6,2.0,79,GPmodel,7.912229537963867,,0.8509100406772862,2.0059807176280624,1.3984368862185907,,,2.357453340227825
vary_B2,49,6,2.0,79,GPArealModel,8.35460376739502,,1.507375264405021,3.323068601901678,1.0318196316298867,,,2.2045396925186598
vary_B2,49,6,2.0,79,VI_best_tau_by_ELBO,8.246435165405273,,0.2625197768211365,2.0156384101883345,2.368048968827537,-651.6350280761719,0.3,0.5291449455947519
vary_B2,49,6,2.0,8,GPmodel,7.9283037185668945,,1.3354065809516167,2.086429810199682,1.1941892048031562,,,1.5623929370730543
vary_B2,49,6,2.0,8,GPArealModel,7.883216857910156,,1.3575998609698046,3.4909517374950028,1.4130194578563395,,,2.5714143304355037
vary_B2,49,6,2.0,8,VI_best_tau_by_ELBO,8.05320930480957,,0.2629682421684265,2.968365449272224,2.1456959311232677,-653.8843200683593,0.3,0.7805858443086083
vary_B2,49,6,2.0,80,GPmodel,7.999928951263428,,0.9995027514883499,2.121499304534253,1.1631403939477514,,,2.1225547417204695
vary_B2,49,6,2.0,80,GPArealModel,7.769540786743164,,0.7840246501973144,3.309820802296603,0.8377979353991812,,,4.221577473952669
vary_B2,49,6,2.0,80,VI_best_tau_by_ELBO,8.175198554992676,,0.26270729303359985,2.631359478939404,2.633250273718237,-667.5126586914063,0.3,0.6912773257104746
vary_B2,49,6,2.0,81,GPmodel,7.975560188293457,,2.348936190163666,4.37655642924474,1.0252384816577844,,,1.8632078843060427
vary_B2,49,6,2.0,81,GPArealModel,8.043569564819336,,3.868016016265356,7.058114696265882,3.270579024726553,,,1.8247377121981587
vary_B2,49,6,2.0,81,VI_best_tau_by_ELBO,8.129987716674805,,0.2622635066509247,4.312327631037175,2.198044335001711,-676.9965759277344,0.3,1.1309661663434845
vary_B2,49,6,2.0,82,GPmodel,8.018854141235352,,1.5461307060523721,2.5567473962210157,1.1993952327874156,,,1.6536424677503372
vary_B2,49,6,2.0,82,GPArealModel,8.32977294921875,,1.726234772471377,4.505731405860439,0.7893008930806558,,,2.6101498346078245
vary_B2,49,6,2.0,82,VI_best_tau_by_ELBO,8.236897468566895,,0.2624817192554474,2.9790271756422184,2.444217167514224,-669.0219604492188,0.3,0.7819401747712691
vary_B2,49,6,2.0,83,GPmodel,7.836542129516602,,1.4836055109985953,2.106870756847924,1.045252414052929,,,1.420101732723962
vary_B2,49,6,2.0,83,GPArealModel,8.197551727294922,,1.332638900075075,3.134283572240642,1.3655084293027555,,,2.3519376269626155
vary_B2,49,6,2.0,83,VI_best_tau_by_ELBO,8.17320442199707,,0.26246386766433716,1.965426654541517,2.267395479070414,-645.8087280273437,0.3,0.5158534813615456
vary_B2,49,6,2.0,84,GPmodel,7.852895736694336,,2.324812183695271,3.4303754338227166,0.9877377344788661,,,1.47554949078517
vary_B2,49,6,2.0,84,GPArealModel,7.987236499786377,,2.651541970553329,5.5631167027354085,1.3730822451697882,,,2.0980685067468445
vary_B2,49,6,2.0,84,VI_best_tau_by_ELBO,8.11841106414795,,0.2620605528354645,2.9655699889844285,2.2072449357113064,-660.8354125976563,0.3,0.7771589107855216
vary_B2,49,6,2.0,85,GPmodel,7.874118328094482,,0.6284008317405592,1.3030518047669817,1.2298972599007143,,,2.073599745496451
vary_B2,49,6,2.0,85,GPArealModel,6.9674458503723145,,2.6497206626190826,1.2619429535352455,2.669098812242081,,,0.47625509033389735
vary_B2,49,6,2.0,85,VI_best_tau_by_ELBO,7.986358165740967,,0.26201555132865906,0.9127762707678282,2.340993391659715,-631.4226257324219,0.3,0.23916157782494987
vary_B2,49,6,2.0,86,GPmodel,8.035343170166016,,1.492896262135917,2.9701449855843403,1.1145766198754383,,,1.9895186697935014
vary_B2,49,6,2.0,86,GPArealModel,8.4622802734375,,2.1254078404473797,3.7549333151977256,2.206117000479989,,,1.7666883709280685
vary_B2,49,6,2.0,86,VI_best_tau_by_ELBO,8.365893363952637,,0.2624385952949524,2.769174020964344,2.5537736019314683,-671.463134765625,0.3,0.7267381401891575
vary_B2,49,6,2.0,87,GPmodel,8.030146598815918,,1.460713297655254,3.104379359857803,0.8797419649570255,,,2.125248921086001
vary_B2,49,6,2.0,87,GPArealModel,7.7412519454956055,,1.3867670802150707,4.885661371753841,1.0492214944016043,,,3.523058371847228
vary_B2,49,6,2.0,87,VI_best_tau_by_ELBO,8.113383293151855,,0.26275330781936646,3.733444057206109,2.391179872652507,-672.144384765625,0.3,0.9809747755894612
vary_B2,49,6,2.0,88,GPmodel,8.010564804077148,,1.6348635683790174,2.9450735629978513,1.0513043391545234,,,1.8014185525694473
vary_B2,49,6,2.0,88,GPArealModel,7.918801307678223,,1.7451064639142484,4.466629626633052,1.9675559633151862,,,2.559516980192983
vary_B2,49,6,2.0,88,VI_best_tau_by_ELBO,8.177773475646973,,0.26240766048431396,3.462984997633791,2.385353124933158,-670.9233337402344,0.3,0.9087137915213607
vary_B2,49,6,2.0,89,GPmodel,7.9807305335998535,,1.206016626625237,2.75677021358937,0.9595255762482482,,,2.285847601706424
vary_B2,49,6,2.0,89,GPArealModel,7.909880638122559,,1.2137468858480276,3.21793597769821,1.4760697164236394,,,2.6512413874906744
vary_B2,49,6,2.0,89,VI_best_tau_by_ELBO,8.153963088989258,,0.2623581290245056,2.155726835549816,2.7415979112524598,-667.0224609375,0.3,0.5655724592627678
vary_B2,49,6,2.0,9,GPmodel,7.961733341217041,,2.4147506440803426,3.3052718764077937,1.2092408194443496,,,1.368783929931037
vary_B2,49,6,2.0,9,GPArealModel,7.724524974822998,,3.046382382326918,5.520271652962691,0.8101060538323605,,,1.8120744411429215
vary_B2,49,6,2.0,9,VI_best_tau_by_ELBO,8.206343650817871,,0.26225000619888306,3.095851221939703,2.1368201410501158,-660.9990417480469,0.3,0.8118870021445068
vary_B2,49,6,2.0,90,GPmodel,8.064619064331055,,0.9156142705192368,1.4962647471938832,1.170639471238949,,,1.6341649484617191
vary_B2,49,6,2.0,90,GPArealModel,8.370726585388184,,0.6989515745046561,1.91197111711659,1.1852010559502977,,,2.7354843838381733
vary_B2,49,6,2.0,90,VI_best_tau_by_ELBO,8.386381149291992,,0.2630005180835724,0.9014763071633299,2.0898585805821144,-618.1028198242187,0.3,0.2370887358240214
vary_B2,49,6,2.0,91,GPmodel,7.9614338874816895,,1.8731713733140043,3.1671383610650023,1.016413605818005,,,1.690789431327748
vary_B2,49,6,2.0,91,GPArealModel,7.629497051239014,,2.26308087009262,4.492159936806006,1.9424516650733896,,,1.9849754359958678
vary_B2,49,6,2.0,91,VI_best_tau_by_ELBO,8.08737564086914,,0.26270028948783875,3.4580612443718985,2.134923288709574,-663.1799987792969,0.3,0.9084336899631736
vary_B2,49,6,2.0,92,GPmodel,7.967100620269775,,1.6292715017056718,2.5154783891090218,1.2402129833562987,,,1.543928305672558
vary_B2,49,6,2.0,92,GPArealModel,7.8870720863342285,,1.925860570883051,4.422563955363034,1.3099482242552636,,,2.2964092116674824
vary_B2,49,6,2.0,92,VI_best_tau_by_ELBO,8.229083061218262,,0.2628052830696106,3.406540846514588,2.00640940160314,-656.4836364746094,0.3,0.8952569314564571
vary_B2,49,6,2.0,93,GPmodel,7.960455894470215,,0.845365110769182,1.7402458996593788,1.2083543889270427,,,2.0585731271497134
vary_B2,49,6,2.0,93,GPArealModel,7.5712571144104,,0.8573009177903039,2.2524290583020696,1.6033918128746751,,,2.6273494073792825
vary_B2,49,6,2.0,93,VI_best_tau_by_ELBO,8.150023460388184,,0.26226872205734253,1.832193509101215,2.6592230095102884,-658.6195495605468,0.3,0.4805270501937336
vary_B2,49,6,2.0,94,GPmodel,7.9114460945129395,,2.444562381337266,3.4050659596951105,1.2962076466076147,,,1.3929143251531235
vary_B2,49,6,2.0,94,GPArealModel,7.748773574829102,,2.9505850544645975,4.983853154370116,1.8096390934021656,,,1.6891067576001355
vary_B2,49,6,2.0,94,VI_best_tau_by_ELBO,8.089893341064453,,0.2624305784702301,3.046800220445115,2.334102810775475,-671.767724609375,0.3,0.7995735443346361
vary_B2,49,6,2.0,95,GPmodel,7.968739986419678,,1.3237616708446942,2.6461950434827948,1.312833879397395,,,1.9989965729965982
vary_B2,49,6,2.0,95,GPArealModel,8.714744567871094,,0.8867208845520066,3.5009199267958993,1.3024842146127988,,,3.948164510148705
vary_B2,49,6,2.0,95,VI_best_tau_by_ELBO,8.534812927246094,,0.26295942068099976,2.6111268050698366,2.63657733726632,-670.8413818359375,0.3,0.686620391985794
vary_B2,49,6,2.0,96,GPmodel,7.92849588394165,,3.1309372102403557,4.757509565981149,1.1908303808553482,,,1.5195161213775745
vary_B2,49,6,2.0,96,GPArealModel,7.542470932006836,,5.018862363099026,8.84223506837464,1.9509387017164261,,,1.7618006688899859
vary_B2,49,6,2.0,96,VI_best_tau_by_ELBO,8.249665260314941,,0.2618471384048462,4.219016114952302,2.1899253223792567,-679.27490234375,0.3,1.1047372965841917
vary_B2,49,6,2.0,97,GPmodel,7.961265563964844,,1.705118996633078,2.5601720002115895,1.288271518645167,,,1.5014623643668836
vary_B2,49,6,2.0,97,GPArealModel,7.745932102203369,,2.784852296532685,3.657953538864295,1.7303708176951655,,,1.3135179712829566
vary_B2,49,6,2.0,97,VI_best_tau_by_ELBO,8.158809661865234,,0.262360155582428,2.4556101877994525,2.4227823809676594,-665.6322326660156,0.3,0.6442542709208595
vary_B2,49,6,2.0,98,GPmodel,7.842222213745117,,0.9808426928289772,2.481030952647907,1.594560362916235,,,2.529489153344294
vary_B2,49,6,2.0,98,GPArealModel,7.682152271270752,,1.4392252192246404,3.884642611668429,1.4314869314846066,,,2.6991207211899875
vary_B2,49,6,2.0,98,VI_best_tau_by_ELBO,8.033830642700195,,0.26277968287467957,2.8994654891100917,2.4686663220958462,-668.4317932128906,0.3,0.7619206217344275
vary_B2,49,6,2.0,99,GPmodel,8.023137092590332,,1.5228635650272526,2.437217842073393,1.4597068649666125,,,1.6004177248995892
vary_B2,49,6,2.0,99,GPArealModel,8.57976245880127,,2.53050029182896,2.4101853203037984,1.688139613841121,,,0.9524540771982279
vary_B2,49,6,2.0,99,VI_best_tau_by_ELBO,8.459817886352539,,0.262322336435318,1.2861335644731777,2.5649134579135655,-653.4571228027344,0.3,0.33738156160048766
vary_B2,81,6,2.0,1,GPmodel,7.9685139656066895,,1.605300517255521,3.0883531336260077,1.2501927383252278,,,1.9238473422446571
vary_B2,81,6,2.0,1,GPArealModel,8.216935157775879,,1.7085941134860778,4.991751122896511,1.8235313873769072,,,2.9215546767346305
vary_B2,81,6,2.0,1,VI_best_tau_by_ELBO,8.292338371276855,,0.23441259562969208,4.337995199071923,2.022852434790957,-973.7953308105468,0.2,1.0168807144435923
vary_B2,81,6,2.0,10,GPmodel,7.941124439239502,,3.5273232362691846,4.8332411917028075,1.238402706720942,,,1.3702291703821505
vary_B2,81,6,2.0,10,GPArealModel,7.887342929840088,,3.364747083718268,7.857598292465733,1.1798897760233638,,,2.335271596040011
vary_B2,81,6,2.0,10,VI_best_tau_by_ELBO,8.155413627624512,,0.2338181883096695,5.083377401674153,1.513595864675302,-948.330712890625,0.2,1.1885860945537656
vary_B2,81,6,2.0,100,GPmodel,7.89833402633667,,1.6749900272841196,2.42605685226331,0.9769208325591258,,,1.4484007741807234
vary_B2,81,6,2.0,100,GPArealModel,7.446549415588379,,2.0625651892823944,3.5226950017802796,1.7197472279418282,,,1.707919352117977
vary_B2,81,6,2.0,100,VI_best_tau_by_ELBO,8.02104377746582,,0.2347649186849594,3.3778557192437266,1.692333828068528,-929.7549011230469,0.2,0.7930020232577786
vary_B2,81,6,2.0,11,GPmodel,7.988368034362793,,1.173607502137393,1.8723404371962353,1.041256054874384,,,1.5953719056722955
vary_B2,81,6,2.0,11,GPArealModel,8.342437744140625,,1.6194498769865606,2.266025547316771,2.5594939438724897,,,1.3992563644719558
vary_B2,81,6,2.0,11,VI_best_tau_by_ELBO,8.356651306152344,,0.23413513600826263,2.247695891338161,1.9200276087651023,-926.197802734375,0.2,0.5262645832236734
vary_B2,81,6,2.0,12,GPmodel,7.927401065826416,,2.7912652282255563,4.423908019651818,0.929983221562017,,,1.584911378150959
vary_B2,81,6,2.0,12,GPArealModel,7.867336750030518,,2.8771421844380085,6.494679882818179,1.0353642493306099,,,2.2573371305550487
vary_B2,81,6,2.0,12,VI_best_tau_by_ELBO,8.287702560424805,,0.23441140353679657,5.077960626097171,1.490663688372896,-942.7024658203125,0.2,1.190331877468028
vary_B2,81,6,2.0,13,GPmodel,7.874229431152344,,2.146228099973632,3.1319779673811396,1.107969387698774,,,1.459294083149698
vary_B2,81,6,2.0,13,GPArealModel,8.246394157409668,,2.1847925977640767,5.352159523661767,1.187247861974997,,,2.4497334571433385
vary_B2,81,6,2.0,13,VI_best_tau_by_ELBO,8.186720848083496,,0.23422111570835114,4.364209811286658,1.6238166339532347,-937.65625,0.2,1.0221900911848936
vary_B2,81,6,2.0,14,GPmodel,7.944216728210449,,1.34657162365668,2.4276530851313916,1.1275444972328383,,,1.8028399250973244
vary_B2,81,6,2.0,14,GPArealModel,8.14116096496582,,1.2058798207955739,3.7373922334395817,0.8385080981555615,,,3.0993073845234873
vary_B2,81,6,2.0,14,VI_best_tau_by_ELBO,8.17918586730957,,0.23478104174137115,4.284794022356464,2.0664261412591003,-957.2402404785156,0.3,1.0059884042160505
vary_B2,81,6,2.0,15,GPmodel,7.984405040740967,,1.5654771399535774,2.450698371485304,1.071019553100301,,,1.5654641699577783
vary_B2,81,6,2.0,15,GPArealModel,7.7664265632629395,,1.6211773714082045,3.980904543173354,1.032200602202434,,,2.455563847227536
vary_B2,81,6,2.0,15,VI_best_tau_by_ELBO,8.16494369506836,,0.23496794700622559,4.257526610420539,1.6047998087212154,-932.7023071289062,0.2,1.0003822869748886
vary_B2,81,6,2.0,16,GPmodel,7.902413845062256,,2.591503018149403,4.062860562770952,1.1930689780933188,,,1.5677622346248503
vary_B2,81,6,2.0,16,GPArealModel,7.966994285583496,,3.0874711473133485,6.299706073891257,2.407102807112489,,,2.0404096988479155
vary_B2,81,6,2.0,16,VI_best_tau_by_ELBO,8.143811225891113,,0.23455895483493805,4.845001460204977,1.69627502012824,-956.8656799316407,0.2,1.1364384786794282
vary_B2,81,6,2.0,17,GPmodel,7.948380470275879,,1.320829282935366,2.2248813715119935,1.0136190749836145,,,1.684457938854515
vary_B2,81,6,2.0,17,GPArealModel,7.990694999694824,,1.5303341156400816,2.546636135906598,2.9854620633375633,,,1.6641046617727886
vary_B2,81,6,2.0,17,VI_best_tau_by_ELBO,8.204008102416992,,0.23409219086170197,2.5928147830829205,1.8930170940791513,-930.9026000976562,0.2,0.6069576930704894
vary_B2,81,6,2.0,18,GPmodel,7.928365707397461,,1.8019891688972094,2.811867579775902,1.292618258761054,,,1.5604242402282158
vary_B2,81,6,2.0,18,GPArealModel,8.133243560791016,,2.90611611707372,5.17863496875631,1.4171413707774971,,,1.7819779940420537
vary_B2,81,6,2.0,18,VI_best_tau_by_ELBO,8.180754661560059,,0.23393842577934265,4.070794327305349,2.0283788770055633,-956.6359130859375,0.3,0.9523152166012916
vary_B2,81,6,2.0,19,GPmodel,7.974487781524658,,2.29458783232054,2.796855273385324,1.072510914433888,,,1.218892227174776
vary_B2,81,6,2.0,19,GPArealModel,7.483795166015625,,2.7916575618498394,5.1119128921995625,1.0932313339868462,,,1.8311389484361578
vary_B2,81,6,2.0,19,VI_best_tau_by_ELBO,8.123851776123047,,0.2334587126970291,3.080974265299076,1.6817328458184893,-924.0115966796875,0.2,0.7192802858293973
vary_B2,81,6,2.0,2,GPmodel,7.951542377471924,,2.381590462563331,3.6147497088691853,0.9641044707966735,,,1.5177881191960234
vary_B2,81,6,2.0,2,GPArealModel,8.092815399169922,,3.1897411392391475,6.136658591816248,0.8990315133282047,,,1.923873544572345
vary_B2,81,6,2.0,2,VI_best_tau_by_ELBO,8.33519458770752,,0.23430414497852325,4.895354833843195,1.387288890462038,-923.0425354003906,0.2,1.1470019287101105
vary_B2,81,6,2.0,20,GPmodel,8.025252342224121,,1.4880950610672237,2.360034259194537,1.1604188487668756,,,1.5859432108470146
vary_B2,81,6,2.0,20,GPArealModel,7.998846054077148,,2.282299689509732,3.8482227844990544,0.7117920208418667,,,1.6861163335327374
vary_B2,81,6,2.0,20,VI_best_tau_by_ELBO,8.144465446472168,,0.23448920249938965,3.337811513756583,2.021481097606232,-943.6895812988281,0.3,0.7826807599540617
vary_B2,81,6,2.0,21,GPmodel,8.022101402282715,,1.1649766918775113,1.7984830629679027,1.3288864888016936,,,1.5437931724362772
vary_B2,81,6,2.0,21,GPArealModel,7.914719104766846,,2.2032978449124303,2.5233970068276053,1.8909015541287026,,,1.1452818386103842
vary_B2,81,6,2.0,21,VI_best_tau_by_ELBO,8.242140769958496,,0.2337755709886551,2.130808903135972,1.7895488904459032,-912.1268310546875,0.2,0.4981310679983217
vary_B2,81,6,2.0,22,GPmodel,7.890543460845947,,1.467518802243403,2.761689956346135,1.0493534745174449,,,1.8818770513361234
vary_B2,81,6,2.0,22,GPArealModel,7.563610553741455,,1.3416294775104807,4.18028784235113,1.1687297039719464,,,3.1158288576873296
vary_B2,81,6,2.0,22,VI_best_tau_by_ELBO,8.022712707519531,,0.23523324728012085,5.804610758564385,1.75800145435609,-951.2599792480469,0.3,1.3654374379342258
vary_B2,81,6,2.0,23,GPmodel,7.977866172790527,,1.51377632400438,2.3969164969044927,1.0566565532597463,,,1.5834020250521224
vary_B2,81,6,2.0,23,GPArealModel,7.965293884277344,,1.5321288193698344,3.4748563355413737,1.3219199916456505,,,2.267992280812644
vary_B2,81,6,2.0,23,VI_best_tau_by_ELBO,8.13292121887207,,0.23443903028964996,3.099609022049902,1.920350053890438,-944.3035400390625,0.2,0.7266693334064293
vary_B2,81,6,2.0,24,GPmodel,7.9474592208862305,,2.048462300965135,2.9936495972783628,1.0937782341259195,,,1.4614130784188226
vary_B2,81,6,2.0,24,GPArealModel,7.398177146911621,,3.963147286217193,4.275086970765065,3.329300580786507,,,1.0787100912531609
vary_B2,81,6,2.0,24,VI_best_tau_by_ELBO,8.071707725524902,,0.2338753640651703,3.675231807540144,1.7739956401587025,-943.875439453125,0.2,0.859546177012345
vary_B2,81,6,2.0,25,GPmodel,7.943716049194336,,2.1373354349564577,2.9829686384239813,1.263847527786374,,,1.3956483337323002
vary_B2,81,6,2.0,25,GPArealModel,8.033736228942871,,2.9518572101606555,5.781174385884396,1.5744925507557475,,,1.9584871402264588
vary_B2,81,6,2.0,25,VI_best_tau_by_ELBO,8.245423316955566,,0.23328901827335358,3.71675865554652,1.687738795952086,-935.9384643554688,0.2,0.8670789779114372
vary_B2,81,6,2.0,26,GPmodel,7.925225734710693,,2.34405877919626,3.6289216648003775,1.131632853266274,,,1.5481359499204523
vary_B2,81,6,2.0,26,GPArealModel,7.683801651000977,,2.5504639999031005,4.966210526166984,2.563298201718923,,,1.9471792294875228
vary_B2,81,6,2.0,26,VI_best_tau_by_ELBO,8.191322326660156,,0.23422063887119293,3.901359624283612,1.822887926444393,-952.8166564941406,0.2,0.9137789436659849
vary_B2,81,6,2.0,27,GPmodel,8.004257202148438,,1.7674074196555032,2.194037546478659,0.9537294855151899,,,1.2413875386504336
vary_B2,81,6,2.0,27,GPArealModel,8.1060152053833,,3.961076160768024,3.0698618972826086,3.719046742328687,,,0.7750070366451588
vary_B2,81,6,2.0,27,VI_best_tau_by_ELBO,8.25416374206543,,0.23356220126152039,2.584557263430659,1.5916878386304085,-901.7483703613282,0.2,0.6036548837333159
vary_B2,81,6,2.0,28,GPmodel,7.981471061706543,,0.9419559942380662,1.6194259385332965,1.0904511768529224,,,1.7192161294575394
vary_B2,81,6,2.0,28,GPArealModel,8.063855171203613,,0.6780021299164741,1.9294793998966822,1.1168898054103655,,,2.8458308827649
vary_B2,81,6,2.0,28,VI_best_tau_by_ELBO,8.244181632995605,,0.23366060853004456,2.104878541803813,1.948783839846977,-922.0802368164062,0.2,0.49182720095971183
vary_B2,81,6,2.0,29,GPmodel,7.898939609527588,,2.9179960672838,4.789836955007343,0.9811129541613282,,,1.641481634848787
vary_B2,81,6,2.0,29,GPArealModel,7.409115314483643,,3.1511720340338263,6.837536699073558,1.4282684071772462,,,2.1698392297296456
vary_B2,81,6,2.0,29,VI_best_tau_by_ELBO,7.993619441986084,,0.23437340557575226,5.66559228656805,1.5113541273379414,-955.2058044433594,0.2,1.3278641588066673
vary_B2,81,6,2.0,3,GPmodel,7.925548076629639,,1.6328810740985167,2.54811759477168,0.9804048824210273,,,1.5605040900963643
vary_B2,81,6,2.0,3,GPArealModel,7.598515033721924,,2.3097459042268453,3.065921252163338,2.0115963173140656,,,1.327384647182484
vary_B2,81,6,2.0,3,VI_best_tau_by_ELBO,8.003198623657227,,0.2347644567489624,3.4161018960882643,1.8971111891635042,-933.5346252441407,0.3,0.8019793058342618
vary_B2,81,6,2.0,30,GPmodel,7.979290962219238,,2.0145571585305118,3.2641051883777354,1.0453156601813602,,,1.6202594076599384
vary_B2,81,6,2.0,30,GPArealModel,8.146771430969238,,2.693858641703493,5.310918294696751,1.0568079050392394,,,1.9714910843793678
vary_B2,81,6,2.0,30,VI_best_tau_by_ELBO,8.20695972442627,,0.2341313362121582,4.217142564410367,1.7179659465677923,-946.6242065429688,0.2,0.9873652236025667
vary_B2,81,6,2.0,31,GPmodel,7.900298118591309,,1.38628985511661,2.30895883224102,1.263049589402571,,,1.6655671421953804
vary_B2,81,6,2.0,31,GPArealModel,7.7151103019714355,,1.5526184170034014,3.3976429675310453,1.5421792060805704,,,2.188330970650596
vary_B2,81,6,2.0,31,VI_best_tau_by_ELBO,8.019495010375977,,0.23471245169639587,3.3464547574446253,1.8072558926531521,-939.3268920898438,0.2,0.7854546006108958
vary_B2,81,6,2.0,32,GPmodel,7.920530796051025,,1.8265961097304564,2.924038594920191,0.916651459305154,,,1.6008128887078816
vary_B2,81,6,2.0,32,GPArealModel,8.342196464538574,,2.162423975920371,4.294989873831941,1.193992125797634,,,1.9861923108783084
vary_B2,81,6,2.0,32,VI_best_tau_by_ELBO,8.302064895629883,,0.23445641994476318,3.4345659762559375,1.6848868331058318,-928.2187255859375,0.2,0.8052560428570577
vary_B2,81,6,2.0,33,GPmodel,7.914061069488525,,2.7411385950057285,3.8965723773176983,1.2561693121516893,,,1.4215160022981455
vary_B2,81,6,2.0,33,GPArealModel,8.378108978271484,,3.097572718174067,6.120012187034368,1.3605924737088992,,,1.9757444760302334
vary_B2,81,6,2.0,33,VI_best_tau_by_ELBO,8.073982238769531,,0.23427914083003998,4.850460085579306,1.5357791565017038,-942.3218505859375,0.2,1.1363616214799221
vary_B2,81,6,2.0,34,GPmodel,7.934851169586182,,1.8633425999148598,2.5860340720846744,0.9625082816495262,,,1.3878468040192051
vary_B2,81,6,2.0,34,GPArealModel,8.33654499053955,,2.674378201036478,4.022500156697779,0.6036978058956761,,,1.5040879988996414
vary_B2,81,6,2.0,34,VI_best_tau_by_ELBO,8.337798118591309,,0.23416019976139069,3.2556212849481105,1.5648261932536918,-913.1942443847656,0.2,0.762336930430885
vary_B2,81,6,2.0,35,GPmodel,7.947389125823975,,1.7896007791772597,2.1357782149922366,1.041790750616874,,,1.1934383577850958
vary_B2,81,6,2.0,35,GPArealModel,7.799163818359375,,2.0290076479923482,3.096861236949826,1.296190070077619,,,1.5262935258100638
vary_B2,81,6,2.0,35,VI_best_tau_by_ELBO,8.178106307983398,,0.2342560738325119,2.620867508987118,1.6201712897078946,-906.6974365234375,0.2,0.6139541326905178
vary_B2,81,6,2.0,36,GPmodel,7.944911003112793,,1.4119680362530425,2.0949553327935604,0.9629903279467488,,,1.4837130012892996
vary_B2,81,6,2.0,36,GPArealModel,8.085840225219727,,2.0241042139942533,3.889072232522511,1.1196570651970579,,,1.9213794456007949
vary_B2,81,6,2.0,36,VI_best_tau_by_ELBO,8.131781578063965,,0.2338179498910904,3.104471161758442,1.717771193745805,-921.7790344238281,0.2,0.7258810825383706
vary_B2,81,6,2.0,37,GPmodel,7.972416400909424,,1.7202370662095827,2.5961592371009323,0.9903501515784446,,,1.5091868952814627
vary_B2,81,6,2.0,37,GPArealModel,7.957228183746338,,2.183540073880432,4.667926548418957,0.7648881488681428,,,2.1377791982189045
vary_B2,81,6,2.0,37,VI_best_tau_by_ELBO,8.112211227416992,,0.2347172200679779,4.137838458975501,1.5641394532056743,-926.7295776367188,0.2,0.9712219401810952
vary_B2,81,6,2.0,38,GPmodel,7.922453880310059,,1.45794737381013,2.342651974000199,1.3177348265240318,,,1.606815181454749
vary_B2,81,6,2.0,38,GPArealModel,7.572437763214111,,2.0254567455461516,4.341437228644941,0.9995196431234892,,,2.143436159864426
vary_B2,81,6,2.0,38,VI_best_tau_by_ELBO,8.066388130187988,,0.23412305116653442,3.166669036474468,1.9564665550537614,-949.6383239746094,0.2,0.7413902168539922
vary_B2,81,6,2.0,39,GPmodel,7.955142498016357,,1.73070935017501,2.3845128126271105,0.9610400359529212,,,1.3777661814711912
vary_B2,81,6,2.0,39,GPArealModel,7.9489336013793945,,1.9241407484185686,3.566327058562924,1.1075483051134372,,,1.8534647538097466
vary_B2,81,6,2.0,39,VI_best_tau_by_ELBO,8.176103591918945,,0.23469288647174835,3.573484109581526,1.5276926915934144,-912.7979675292969,0.2,0.8386713004386138
vary_B2,81,6,2.0,4,GPmodel,7.923505783081055,,2.049924944862226,2.9510346087836834,1.0983414398410296,,,1.4395817838013676
vary_B2,81,6,2.0,4,GPArealModel,8.321671485900879,,2.525268603063972,4.002699347115304,0.9321296465505992,,,1.5850588496838427
vary_B2,81,6,2.0,4,VI_best_tau_by_ELBO,8.120311737060547,,0.23476313054561615,4.089953971273492,1.7934863008974211,-937.0134094238281,0.3,0.96017039808364
vary_B2,81,6,2.0,40,GPmodel,7.966433525085449,,1.6362720668073734,2.8296176102964274,0.9555753802655486,,,1.7293075324676666
vary_B2,81,6,2.0,40,GPArealModel,8.252326011657715,,1.5896502603289997,4.239759920862376,1.1626772326826251,,,2.667102334814766
vary_B2,81,6,2.0,40,VI_best_tau_by_ELBO,8.236581802368164,,0.23482681810855865,4.29191302583514,1.670234109783212,-940.2139892578125,0.2,1.0078562794555421
vary_B2,81,6,2.0,41,GPmodel,7.954641819000244,,1.2929152668859647,1.9086254916724887,1.1282252227938971,,,1.4762185431296557
vary_B2,81,6,2.0,41,GPArealModel,8.257051467895508,,1.4037406888659836,2.85284764984739,1.7071937746111328,,,2.032318128608263
vary_B2,81,6,2.0,41,VI_best_tau_by_ELBO,8.417889595031738,,0.23378980159759521,2.3455475244281807,1.8754448431772124,-923.3642517089844,0.2,0.548365090373795
vary_B2,81,6,2.0,42,GPmodel,7.936497688293457,,1.6859765433199567,2.7813918940780176,0.8815817138911634,,,1.649721584264164
vary_B2,81,6,2.0,42,GPArealModel,7.804670333862305,,1.4168855396703448,3.732289924199898,1.534548569276244,,,2.6341506209938874
vary_B2,81,6,2.0,42,VI_best_tau_by_ELBO,8.134244918823242,,0.235012486577034,4.04623404262185,1.8210569978104993,-935.5092529296875,0.3,0.9509155236292056
vary_B2,81,6,2.0,43,GPmodel,8.002250671386719,,2.2371566408361856,3.979489179967331,0.9743552303944246,,,1.7788156212789423
vary_B2,81,6,2.0,43,GPArealModel,8.19552230834961,,2.5772637886671412,5.999137593997878,1.2760184467802502,,,2.3277157815112104
vary_B2,81,6,2.0,43,VI_best_tau_by_ELBO,8.39831256866455,,0.2347467839717865,5.111240290847016,1.5554191907640826,-944.8519958496094,0.2,1.1998472203833557
vary_B2,81,6,2.0,44,GPmodel,7.968173980712891,,2.1972876133880956,3.5046663239245857,1.0335316536262553,,,1.5949966233690203
vary_B2,81,6,2.0,44,GPArealModel,8.672213554382324,,2.6928068154759806,5.409352635885365,1.2489789754506693,,,2.0088157103573017
vary_B2,81,6,2.0,44,VI_best_tau_by_ELBO,8.4656400680542,,0.2345578819513321,4.624745472557827,1.513355858608594,-932.6666931152344,0.2,1.0847705026071763
vary_B2,81,6,2.0,45,GPmodel,7.950593948364258,,1.720672276055206,2.7767193916135717,0.972007721389122,,,1.613740995455246
vary_B2,81,6,2.0,45,GPArealModel,7.765086650848389,,2.0603485713085066,4.182799677255331,1.2887072431678117,,,2.030141761206395
vary_B2,81,6,2.0,45,VI_best_tau_by_ELBO,8.13812255859375,,0.23472854495048523,4.038398550444032,1.6542679078812346,-935.4855407714844,0.2,0.9479274156758762
vary_B2,81,6,2.0,46,GPmodel,7.961066246032715,,3.3616723836427402,4.346630737702462,1.2185391913489516,,,1.2929965331697229
vary_B2,81,6,2.0,46,GPArealModel,8.697632789611816,,5.320871881722851,6.289027138357409,2.1016487456524757,,,1.181954250761076
vary_B2,81,6,2.0,46,VI_best_tau_by_ELBO,8.635225296020508,,0.2340807020664215,3.8760952041544043,1.5272663782963523,-928.0366027832031,0.2,0.9073190866647524
vary_B2,81,6,2.0,47,GPmodel,7.982548713684082,,1.832711739239579,2.753915546542271,0.9972777116646346,,,1.5026452265127705
vary_B2,81,6,2.0,47,GPArealModel,7.722028732299805,,2.446823491907569,4.844818712647,0.9507464289667641,,,1.980044220055256
vary_B2,81,6,2.0,47,VI_best_tau_by_ELBO,8.086982727050781,,0.2344285547733307,3.942515622579771,1.612219450051309,-929.294482421875,0.2,0.9242382395726538
vary_B2,81,6,2.0,48,GPmodel,8.003072738647461,,2.0546761095892494,3.313091358197498,0.9911036817976859,,,1.6124640485841921
vary_B2,81,6,2.0,48,GPArealModel,7.716125965118408,,2.094414095309052,5.32981092318013,0.8796579522544649,,,2.5447741853521384
vary_B2,81,6,2.0,48,VI_best_tau_by_ELBO,8.083080291748047,,0.23453547060489655,4.819713594104967,1.8493072497160266,-949.1634216308594,0.3,1.1303937959742258
vary_B2,81,6,2.0,49,GPmodel,7.922643661499023,,1.8102883287399256,3.186161984669434,1.1178807252332597,,,1.760030120111973
vary_B2,81,6,2.0,49,GPArealModel,7.428717613220215,,1.8066200512713204,5.374979862523162,0.8472620017711544,,,2.9751578693819893
vary_B2,81,6,2.0,49,VI_best_tau_by_ELBO,8.040748596191406,,0.2344878911972046,4.909218209482136,1.7673959775386592,-958.5303466796875,0.2,1.1511522253683826
vary_B2,81,6,2.0,5,GPmodel,7.94400691986084,,1.5306510750511975,2.6745615234864246,0.9364832030209227,,,1.7473358671224042
vary_B2,81,6,2.0,5,GPArealModel,7.8784027099609375,,1.363200393482482,3.1358457587238537,1.7828119703319758,,,2.3003556731031356
vary_B2,81,6,2.0,5,VI_best_tau_by_ELBO,8.235053062438965,,0.23448491096496582,3.4801270438835967,1.7715427630305143,-934.9177368164062,0.2,0.8160372800318149
vary_B2,81,6,2.0,50,GPmodel,7.898601531982422,,2.1155037624744413,2.864155071408015,1.0082147493827103,,,1.3538879590825679
vary_B2,81,6,2.0,50,GPArealModel,7.809138774871826,,2.467050781786369,4.3886369459456755,1.403764367524318,,,1.7789001257476766
vary_B2,81,6,2.0,50,VI_best_tau_by_ELBO,8.049365043640137,,0.2336677461862564,3.215215557717627,1.7646006127617075,-932.786572265625,0.2,0.7512921728748653
vary_B2,81,6,2.0,51,GPmodel,7.935798168182373,,1.6809824660247636,2.540539611512333,1.206282789243521,,,1.5113421245376075
vary_B2,81,6,2.0,51,GPArealModel,7.980719089508057,,2.076197818410743,3.91420818027215,1.931179936544189,,,1.8852770894771194
vary_B2,81,6,2.0,51,VI_best_tau_by_ELBO,8.264676094055176,,0.23411081731319427,3.1747558795435773,1.9346489447397124,-947.7581726074219,0.2,0.7432446937298158
vary_B2,81,6,2.0,52,GPmodel,8.031277656555176,,1.4130945863438917,1.9765803029103686,1.2201840216457425,,,1.3987600844359518
vary_B2,81,6,2.0,52,GPArealModel,8.091404914855957,,1.8840503944559848,3.419014103872162,1.0110396556574524,,,1.8147147836029063
vary_B2,81,6,2.0,52,VI_best_tau_by_ELBO,8.288037300109863,,0.233796164393425,2.8918653674876085,1.780132433935809,-925.7954772949219,0.2,0.6761070308607853
vary_B2,81,6,2.0,53,GPmodel,7.937045097351074,,2.472014363339158,3.1384980249558345,1.0505653836975668,,,1.2696115651676072
vary_B2,81,6,2.0,53,GPArealModel,8.06176471710205,,2.9180638992586294,4.7838943227659785,1.5698326799393298,,,1.639406979395272
vary_B2,81,6,2.0,53,VI_best_tau_by_ELBO,8.183576583862305,,0.23403698205947876,3.420036281253227,1.6125541223764714,-927.9618469238281,0.2,0.800414969798428
vary_B2,81,6,2.0,54,GPmodel,7.942935466766357,,1.4119865094616717,2.3099798200922343,1.1700914254019428,,,1.6359786758677517
vary_B2,81,6,2.0,54,GPArealModel,7.739020347595215,,1.2456209683116135,3.3369422017227577,1.3209921015643993,,,2.6789386873005534
vary_B2,81,6,2.0,54,VI_best_tau_by_ELBO,8.04719066619873,,0.23515605926513672,4.104184415014457,1.9955651063852102,-951.4204467773437,0.3,0.96512383353219
vary_B2,81,6,2.0,55,GPmodel,8.0015230178833,,2.048826429166175,3.0358396961554206,1.2673543234900237,,,1.481745673005076
vary_B2,81,6,2.0,55,GPArealModel,7.773204803466797,,2.4655616383463044,5.46910790657078,0.7901163742329035,,,2.218199627018454
vary_B2,81,6,2.0,55,VI_best_tau_by_ELBO,8.1760835647583,,0.23435376584529877,4.026679850865474,1.7879285973884114,-951.7505920410156,0.2,0.9436675869037098
vary_B2,81,6,2.0,56,GPmodel,8.001229286193848,,2.737869259907125,3.784020477002361,1.1026583662457055,,,1.382104153918118
vary_B2,81,6,2.0,56,GPArealModel,8.446874618530273,,3.0290713930482087,5.75550346725353,0.999330597921562,,,1.900088416688543
vary_B2,81,6,2.0,56,VI_best_tau_by_ELBO,8.341225624084473,,0.23377108573913574,3.835650148198704,1.6975230768858427,-940.6262451171875,0.2,0.896664099659888
vary_B2,81,6,2.0,57,GPmodel,7.924187660217285,,1.6868016842705742,2.049398761402887,1.0266753403596534,,,1.2149612965848506
vary_B2,81,6,2.0,57,GPArealModel,7.887169361114502,,3.3741316598710664,2.529902926418204,2.138952818067914,,,0.7497937785020745
vary_B2,81,6,2.0,57,VI_best_tau_by_ELBO,8.100751876831055,,0.23458245396614075,2.320518068221422,1.6150169577395705,-903.1477600097656,0.2,0.5443528229161496
vary_B2,81,6,2.0,58,GPmodel,7.91859245300293,,1.658844800203043,3.6499796907234168,1.2611758538054685,,,2.200314152521477
vary_B2,81,6,2.0,58,GPArealModel,8.290430068969727,,1.9426224468142739,5.816722404042308,1.8109953300966353,,,2.994262942642925
vary_B2,81,6,2.0,58,VI_best_tau_by_ELBO,8.174840927124023,,0.23466281592845917,6.346182935447645,2.0901234629527443,-987.1671508789062,0.3,1.4892131580292796
vary_B2,81,6,2.0,59,GPmodel,7.8951921463012695,,1.8536810766945415,2.6676780334181096,1.0436004465161748,,,1.4391245975144096
vary_B2,81,6,2.0,59,GPArealModel,7.803463459014893,,2.632685911835971,3.597500661450091,2.1395269894458586,,,1.3664754482395818
vary_B2,81,6,2.0,59,VI_best_tau_by_ELBO,8.013434410095215,,0.23455645143985748,3.2144065456713395,1.9531971026628976,-937.9050903320312,0.3,0.7539597928377196
vary_B2,81,6,2.0,6,GPmodel,7.894771099090576,,1.8634500017759563,2.9951845352684368,1.094567923795022,,,1.6073329214166645
vary_B2,81,6,2.0,6,GPArealModel,7.423038959503174,,3.2739107146824717,4.42952122235653,1.5688905325876146,,,1.3529755721472503
vary_B2,81,6,2.0,6,VI_best_tau_by_ELBO,8.028546333312988,,0.23413097858428955,3.761042800140696,1.80461027956068,-947.8720153808594,0.2,0.8805766312943377
vary_B2,81,6,2.0,60,GPmodel,7.955740928649902,,2.7373337236138986,3.5371937197993013,1.129584136674878,,,1.292204048518208
vary_B2,81,6,2.0,60,GPArealModel,8.209184646606445,,3.2309827729234044,5.396161673294736,1.364084388426854,,,1.6701301283671872
vary_B2,81,6,2.0,60,VI_best_tau_by_ELBO,8.232898712158203,,0.23398560285568237,3.592417109165247,1.6156768483694108,-927.5531616210938,0.2,0.840573882997098
vary_B2,81,6,2.0,61,GPmodel,7.909489631652832,,2.204693502526611,2.4871957711047883,0.9193690311470712,,,1.1281367538183542
vary_B2,81,6,2.0,61,GPArealModel,8.141348838806152,,2.7803423486466747,3.154743472986573,1.3460527500549777,,,1.1346600804473368
vary_B2,81,6,2.0,61,VI_best_tau_by_ELBO,8.235300064086914,,0.23426522314548492,2.618090043822284,1.5271067944305685,-900.1735595703125,0.2,0.6133274483309997
vary_B2,81,6,2.0,62,GPmodel,7.906707763671875,,2.4938741210179383,3.507028043733951,1.3207134010504238,,,1.4062570416755713
vary_B2,81,6,2.0,62,GPArealModel,7.654987812042236,,3.430085921746526,5.38683136063698,0.9500382253217068,,,1.5704654295931229
vary_B2,81,6,2.0,62,VI_best_tau_by_ELBO,8.164292335510254,,0.23418621718883514,4.382239510726456,1.6834796966968713,-950.4713928222657,0.2,1.0262600938324804
vary_B2,81,6,2.0,63,GPmodel,7.963745594024658,,1.9593577092981476,2.6557231626167,1.0366996700160134,,,1.355404962561938
vary_B2,81,6,2.0,63,GPArealModel,8.188706398010254,,1.9458626154208118,3.3527081240400625,1.2812515766705195,,,1.7229932357351996
vary_B2,81,6,2.0,63,VI_best_tau_by_ELBO,8.372775077819824,,0.23444914817810059,2.8862022831635947,1.6864071656533974,-918.51669921875,0.2,0.6766676667573939
vary_B2,81,6,2.0,64,GPmodel,7.911853790283203,,1.826550274514778,2.7854300021046274,1.1425552925682247,,,1.5249676074996485
vary_B2,81,6,2.0,64,GPArealModel,7.410038471221924,,2.3217317454818707,4.395790791353726,1.2861453930106208,,,1.8933241533644056
vary_B2,81,6,2.0,64,VI_best_tau_by_ELBO,8.03784465789795,,0.23468968272209167,3.71725278568386,1.7853069344811674,-946.094970703125,0.2,0.8724008768699565
vary_B2,81,6,2.0,65,GPmodel,7.956127643585205,,1.446468240907468,2.5453547323059187,0.8992625676137845,,,1.7597031585768135
vary_B2,81,6,2.0,65,GPArealModel,8.247543334960938,,1.2914956847139771,3.5638340630960195,1.0760284316465547,,,2.7594626178602284
vary_B2,81,6,2.0,65,VI_best_tau_by_ELBO,8.262237548828125,,0.23518268764019012,3.8170174083055817,1.7051336894297295,-934.4544738769531,0.2,0.8976964128546997
vary_B2,81,6,2.0,66,GPmodel,7.9641242027282715,,1.2701209772987592,2.0455078337399994,1.0051438624165225,,,1.6104826786581394
vary_B2,81,6,2.0,66,GPArealModel,8.441205024719238,,1.6039937275937568,2.6165595320186132,1.0013541950841809,,,1.6312779077658022
vary_B2,81,6,2.0,66,VI_best_tau_by_ELBO,8.300323486328125,,0.23444047570228577,2.722652518813249,1.9446054148998995,-923.3193725585937,0.3,0.6382999516826046
vary_B2,81,6,2.0,67,GPmodel,7.971565246582031,,1.8772094003690676,3.226523737465282,0.8659478822501043,,,1.718787332319417
vary_B2,81,6,2.0,67,GPArealModel,7.7738728523254395,,1.6686379808251868,4.436604200471734,1.2804437376920392,,,2.658817701295348
vary_B2,81,6,2.0,67,VI_best_tau_by_ELBO,8.066237449645996,,0.23513633012771606,5.1931716055478105,1.4411833620130499,-930.011083984375,0.2,1.2211033130519713
vary_B2,81,6,2.0,68,GPmodel,7.903746128082275,,1.2950353702802175,2.3043130371031557,1.5337830508009345,,,1.7793437075039522
vary_B2,81,6,2.0,68,GPArealModel,7.765120029449463,,3.2036183052659357,3.5272500718207107,2.2803500433977435,,,1.101020700881502
vary_B2,81,6,2.0,68,VI_best_tau_by_ELBO,8.148841857910156,,0.23348814249038696,2.4432284809350477,2.002430994222106,-942.7785400390625,0.2,0.5704648796931341
vary_B2,81,6,2.0,69,GPmodel,8.006046295166016,,2.4648666206058647,2.819041295676674,0.8135281498499921,,,1.1436891846844652
vary_B2,81,6,2.0,69,GPArealModel,8.117095947265625,,2.7324221905740735,4.442439514382289,0.5034274864796059,,,1.6258247095588643
vary_B2,81,6,2.0,69,VI_best_tau_by_ELBO,8.272335052490234,,0.2339131236076355,3.185270010858762,1.371146087457404,-888.7155517578125,0.2,0.7450764577737
vary_B2,81,6,2.0,7,GPmodel,7.992226600646973,,1.8679816166665641,2.8149769437053718,0.8710419204163189,,,1.506961802294785
vary_B2,81,6,2.0,7,GPArealModel,8.050719261169434,,1.7233350499103588,3.8915074293078544,0.9924435638750645,,,2.2581258528399775
vary_B2,81,6,2.0,7,VI_best_tau_by_ELBO,8.270852088928223,,0.23469610512256622,3.624113036403475,1.5347351805329668,-913.886474609375,0.2,0.8505652141678126
vary_B2,81,6,2.0,70,GPmodel,7.9253668785095215,,3.253061468686001,4.464086771425095,1.0076674381430122,,,1.372272492972062
vary_B2,81,6,2.0,70,GPArealModel,7.723552227020264,,4.143471413742543,6.573531954205935,1.7140267381083047,,,1.5864793787170035
vary_B2,81,6,2.0,70,VI_best_tau_by_ELBO,8.093217849731445,,0.23395556211471558,5.119883534535058,1.400241276687061,-934.8502258300781,0.2,1.1978252302840262
vary_B2,81,6,2.0,71,GPmodel,7.875433921813965,,1.9210609831452876,2.707845647301699,1.0653061595962068,,,1.4095573597399473
vary_B2,81,6,2.0,71,GPArealModel,7.659037113189697,,2.4114308716581547,4.183314792292064,0.982801926086424,,,1.7347852851429746
vary_B2,81,6,2.0,71,VI_best_tau_by_ELBO,7.981127738952637,,0.23473462462425232,3.8781478610820685,1.6107635308966466,-931.2584838867188,0.2,0.9103355824084464
vary_B2,81,6,2.0,72,GPmodel,7.956535339355469,,1.6050471676934692,2.575958068716529,1.131549360966891,,,1.6049111331838963
vary_B2,81,6,2.0,72,GPArealModel,7.758659362792969,,2.280846067426485,3.213974981092742,2.8715015499736625,,,1.409115252007831
vary_B2,81,6,2.0,72,VI_best_tau_by_ELBO,8.084482192993164,,0.23508566617965698,4.032468988795952,1.8625025412407064,-940.7738891601563,0.3,0.9479756585799042
vary_B2,81,6,2.0,73,GPmodel,7.999699592590332,,2.2316271376394834,3.752903446432791,0.9303750857359278,,,1.6816892854253631
vary_B2,81,6,2.0,73,GPArealModel,7.94728422164917,,2.9243572076005195,6.501536950208302,1.3426466877539918,,,2.2232362494262166
vary_B2,81,6,2.0,73,VI_best_tau_by_ELBO,8.144692420959473,,0.23412173986434937,5.1651614857625985,1.4989631838761102,-936.9380432128906,0.2,1.2092765937270673
vary_B2,81,6,2.0,74,GPmodel,7.93226957321167,,2.1695340265043956,3.010349740527874,1.2241849871784891,,,1.387555900830106
vary_B2,81,6,2.0,74,GPArealModel,7.5792059898376465,,2.426586306212424,4.599934681716542,1.3058551335033235,,,1.8956402539402866
vary_B2,81,6,2.0,74,VI_best_tau_by_ELBO,8.103071212768555,,0.23420663177967072,3.4353669208714117,1.8148618412135997,-944.752880859375,0.2,0.8045857154645919
vary_B2,81,6,2.0,75,GPmodel,7.909019947052002,,2.148896101095172,4.032551912757296,1.0731669303102298,,,1.876569048965248
vary_B2,81,6,2.0,75,GPArealModel,7.553372859954834,,2.13441816850993,5.926312941718515,2.739284807010136,,,2.7765472713604966
vary_B2,81,6,2.0,75,VI_best_tau_by_ELBO,7.9731364250183105,,0.23459891974925995,5.6216615962864,2.0152832938835967,-976.1167236328125,0.3,1.3188357376846898
vary_B2,81,6,2.0,76,GPmodel,7.945701599121094,,1.280307417645051,2.3777708534767146,1.3489510816607082,,,1.8571874385062115
vary_B2,81,6,2.0,76,GPArealModel,8.033610343933105,,1.4996230897788123,3.726533496763997,1.9708284392210857,,,2.484980074102249
vary_B2,81,6,2.0,76,VI_best_tau_by_ELBO,8.21759033203125,,0.2344677597284317,3.4576743755001806,1.9805904421516807,-955.8603210449219,0.2,0.8107131646939315
vary_B2,81,6,2.0,77,GPmodel,7.937150478363037,,4.352204515030558,4.965536854891469,1.0326612347923911,,,1.1409245217550636
vary_B2,81,6,2.0,77,GPArealModel,7.749430179595947,,4.545821935718253,6.3262565638699915,2.0827660007443165,,,1.391663961617631
vary_B2,81,6,2.0,77,VI_best_tau_by_ELBO,8.149670600891113,,0.23309598863124847,3.5943938818218197,1.585739999209392,-935.7388488769532,0.2,0.8378387954133679
vary_B2,81,6,2.0,78,GPmodel,7.978804111480713,,2.497219868616738,3.3793110967282933,1.3310125410856182,,,1.3532293007904683
vary_B2,81,6,2.0,78,GPArealModel,8.139625549316406,,3.023714259261374,4.725987930310403,1.5292019633214105,,,1.562974383520239
vary_B2,81,6,2.0,78,VI_best_tau_by_ELBO,8.361732482910156,,0.23408722877502441,3.6263197308382384,1.6749221694612246,-937.1078857421875,0.2,0.8488751364441157
vary_B2,81,6,2.0,79,GPmodel,7.956722736358643,,0.9279366589604149,1.7299171725021352,1.128686113339982,,,1.8642621301762063
vary_B2,81,6,2.0,79,GPArealModel,8.108827590942383,,1.0956249928048007,2.237155974111651,1.6359190484105448,,,2.041899362285019
vary_B2,81,6,2.0,79,VI_best_tau_by_ELBO,8.286014556884766,,0.23361000418663025,2.2740231954770755,2.0181128191879,-932.816845703125,0.2,0.5312345682158939
vary_B2,81,6,2.0,8,GPmodel,7.906962871551514,,1.5137430302015924,2.11613483020823,1.0464810047164959,,,1.3979485209761224
vary_B2,81,6,2.0,8,GPArealModel,7.762803554534912,,1.4994727972711086,3.506309036496056,0.859423131550103,,,2.3383612179408586
vary_B2,81,6,2.0,8,VI_best_tau_by_ELBO,8.019499778747559,,0.2346237301826477,3.0283738600720262,1.7137023093827448,-923.1152954101562,0.2,0.7105283714377224
vary_B2,81,6,2.0,80,GPmodel,8.008255004882812,,1.8488670784321983,2.8208047963453486,1.195133681520355,,,1.5256936689777252
vary_B2,81,6,2.0,80,GPArealModel,7.965515613555908,,2.4812036836317852,4.50664622266012,2.0788222551387405,,,1.8163144978342347
vary_B2,81,6,2.0,80,VI_best_tau_by_ELBO,8.235589981079102,,0.23422706127166748,4.073154807139999,1.6111421959304653,-932.2641540527344,0.2,0.9540430805809675
vary_B2,81,6,2.0,81,GPmodel,8.05670166015625,,2.25604987549209,3.679327401910922,1.2771693409742315,,,1.6308714811140363
vary_B2,81,6,2.0,81,GPArealModel,7.888787746429443,,3.101943399489191,6.103569552790489,3.0157906879654908,,,1.967659872129062
vary_B2,81,6,2.0,81,VI_best_tau_by_ELBO,8.293184280395508,,0.23409800231456757,4.793592261559015,1.8227621249451416,-965.5745178222656,0.2,1.1221703723415355
vary_B2,81,6,2.0,82,GPmodel,7.901235580444336,,1.505381271856203,2.4879500251619486,1.1198350662880043,,,1.652704249531545
vary_B2,81,6,2.0,82,GPArealModel,7.953797817230225,,1.3013288331143664,3.6971552128360092,0.9850119678835025,,,2.841061474053336
vary_B2,81,6,2.0,82,VI_best_tau_by_ELBO,8.197943687438965,,0.23493541777133942,3.608949291760249,1.8598789875293655,-946.9673278808593,0.2,0.8478700095752736
vary_B2,81,6,2.0,83,GPmodel,7.937114238739014,,0.7978666695513015,1.4878881001299784,1.2498560958937022,,,1.864833006455485
vary_B2,81,6,2.0,83,GPArealModel,7.778468608856201,,1.3531953842103879,2.468657359493159,1.15358611110963,,,1.8243170116440073
vary_B2,81,6,2.0,83,VI_best_tau_by_ELBO,8.205078125,,0.23358674347400665,1.8578870884400172,1.8728191465545616,-911.6923583984375,0.2,0.4339777947311074
vary_B2,81,6,2.0,84,GPmodel,7.8915863037109375,,2.386000219886123,3.62912888667874,1.012053512293125,,,1.5210094518985198
vary_B2,81,6,2.0,84,GPArealModel,7.772249221801758,,2.600051001237561,5.468309955382736,1.2024032206469222,,,2.1031548814926917
vary_B2,81,6,2.0,84,VI_best_tau_by_ELBO,8.026211738586426,,0.23448553681373596,4.291267631370044,1.6877398043809377,-946.1606018066407,0.2,1.006240194153214
vary_B2,81,6,2.0,85,GPmodel,7.877249240875244,,1.735182288002543,2.7533683376248503,0.9456784944984771,,,1.5867890979883117
vary_B2,81,6,2.0,85,GPArealModel,7.625396728515625,,2.225151388500756,4.026033847726568,1.4615013640374417,,,1.809330308280371
vary_B2,81,6,2.0,85,VI_best_tau_by_ELBO,7.96933650970459,,0.23482981324195862,4.523016178425754,1.664944270187939,-926.53740234375,0.3,1.0621390444700773
vary_B2,81,6,2.0,86,GPmodel,7.969587326049805,,2.005037445998678,3.702090772438999,1.1926126478860544,,,1.8463948290975907
vary_B2,81,6,2.0,86,GPArealModel,7.799073219299316,,2.1368040085962496,5.501846961486851,1.0036444477189392,,,2.574801872026265
vary_B2,81,6,2.0,86,VI_best_tau_by_ELBO,8.141801834106445,,0.23502913117408752,5.792151620101456,1.93981562996147,-972.4408874511719,0.3,1.3613243629010288
vary_B2,81,6,2.0,87,GPmodel,7.971804618835449,,1.5372783799842464,2.6397089728249736,1.157366461073591,,,1.7171313974063855
vary_B2,81,6,2.0,87,GPArealModel,8.122995376586914,,1.6278108132520672,3.697954352191979,1.985526144594886,,,2.2717347262266583
vary_B2,81,6,2.0,87,VI_best_tau_by_ELBO,8.191746711730957,,0.2349957972764969,3.8826729334469228,1.7624173642977463,-942.6761657714844,0.2,0.9124118215592345
vary_B2,81,6,2.0,88,GPmodel,7.9618096351623535,,2.0400867072850706,2.9074117301397293,0.9886683190565546,,,1.4251412549071933
vary_B2,81,6,2.0,88,GPArealModel,8.293006896972656,,2.6137093732834877,4.468823383345049,0.8384223136294126,,,1.7097629250688506
vary_B2,81,6,2.0,88,VI_best_tau_by_ELBO,8.288860321044922,,0.23483791947364807,4.0466071612969845,1.4838883070254414,-920.7008728027344,0.2,0.9502968066861489
vary_B2,81,6,2.0,89,GPmodel,7.993261814117432,,1.7686293251380316,3.1073068896421425,1.1905832752876688,,,1.7569011468243267
vary_B2,81,6,2.0,89,GPArealModel,7.611937046051025,,2.6469246245500475,5.259074310784181,0.8369055187944733,,,1.9868621350251612
vary_B2,81,6,2.0,89,VI_best_tau_by_ELBO,8.143880844116211,,0.23489655554294586,5.414878218098152,1.84081816958869,-960.1037658691406,0.3,1.2719362421157803
vary_B2,81,6,2.0,9,GPmodel,7.938604354858398,,2.7453093790011853,3.816098745924807,1.3218844566735157,,,1.3900432407050614
vary_B2,81,6,2.0,9,GPArealModel,7.652246475219727,,3.8742126715758114,6.622944130420418,1.3508526829639707,,,1.709494210013664
vary_B2,81,6,2.0,9,VI_best_tau_by_ELBO,8.216951370239258,,0.23402240872383118,4.416834670913363,1.707232860138179,-952.8256652832031,0.2,1.0336382886220754
vary_B2,81,6,2.0,90,GPmodel,7.988745212554932,,1.983197740125676,2.3921903955938686,1.1052930144308577,,,1.206228883380169
vary_B2,81,6,2.0,90,GPArealModel,8.293719291687012,,2.3104536445782573,4.041897300264236,1.3038422380301236,,,1.7493955395941436
vary_B2,81,6,2.0,90,VI_best_tau_by_ELBO,8.366737365722656,,0.2344217747449875,3.449424923278733,1.3807327163362246,-894.8262756347656,0.2,0.8086203123645929
vary_B2,81,6,2.0,91,GPmodel,8.001904487609863,,1.9198345772375545,2.976673390347568,1.2111889715798891,,,1.5504843102840122
vary_B2,81,6,2.0,91,GPArealModel,7.887310028076172,,2.4883517843564626,4.9885798492703035,1.0263279590436314,,,2.0047727498306473
vary_B2,81,6,2.0,91,VI_best_tau_by_ELBO,8.127702713012695,,0.23455359041690826,4.811346659922295,1.8004556787452242,-947.3047180175781,0.3,1.1285186338251736
vary_B2,81,6,2.0,92,GPmodel,7.9670634269714355,,1.4810992753518442,2.486882393687866,0.9811211668246915,,,1.679078799830681
vary_B2,81,6,2.0,92,GPArealModel,7.562717914581299,,1.6582679657391435,4.053578811975027,1.053381570993334,,,2.4444654879214385
vary_B2,81,6,2.0,92,VI_best_tau_by_ELBO,8.027384757995605,,0.23481620848178864,4.215824295793964,1.8582846615148054,-940.104296875,0.3,0.9899438767637452
vary_B2,81,6,2.0,93,GPmodel,8.038570404052734,,1.864915150116485,3.5611649303520028,1.2665107824901132,,,1.9095586896431014
vary_B2,81,6,2.0,93,GPArealModel,8.505548477172852,,2.133361857606109,4.665850857021431,1.9094836846802892,,,2.187088346211028
vary_B2,81,6,2.0,93,VI_best_tau_by_ELBO,8.591310501098633,,0.2350279539823532,4.985576946348358,1.7977868717891625,-965.0620239257812,0.2,1.1717499491218428
vary_B2,81,6,2.0,94,GPmodel,7.924351215362549,,2.4273971253877,3.62945942790015,1.2205740730995156,,,1.4952062808101327
vary_B2,81,6,2.0,94,GPArealModel,7.960996150970459,,3.1067531613148924,5.661893236383724,1.4285872599722824,,,1.822447082982094
vary_B2,81,6,2.0,94,VI_best_tau_by_ELBO,8.176950454711914,,0.2342439442873001,4.651394717607652,1.6744465692040351,-951.6154174804688,0.2,1.089561045089529
vary_B2,81,6,2.0,95,GPmodel,8.000555038452148,,1.1144204861323768,2.296862454995784,1.255975329826063,,,2.0610375379647774
vary_B2,81,6,2.0,95,GPArealModel,7.819278717041016,,0.8879765747898802,3.67340479821658,1.7495714554706425,,,4.136826243514148
vary_B2,81,6,2.0,95,VI_best_tau_by_ELBO,8.149184226989746,,0.23511159420013428,4.238662940320374,2.16241961813623,-965.3218444824219,0.3,0.9965588011757518
vary_B2,81,6,2.0,96,GPmodel,7.950786113739014,,3.5865186011067243,5.316237187720159,1.27953304423841,,,1.4822834561849698
vary_B2,81,6,2.0,96,GPArealModel,7.634832382202148,,3.393769843960624,8.679749096970388,1.6822937198357104,,,2.557553840139283
vary_B2,81,6,2.0,96,VI_best_tau_by_ELBO,8.090141296386719,,0.233733132481575,5.521495871088909,1.6592519414272253,-965.288427734375,0.2,1.2905565259336935
vary_B2,81,6,2.0,97,GPmodel,7.9087347984313965,,1.6831546793783614,3.340198146025753,1.1714393547471116,,,1.9844867420381034
vary_B2,81,6,2.0,97,GPArealModel,7.978519916534424,,1.8660640954279584,4.6263570886761425,1.2597633565562414,,,2.479205885805946
vary_B2,81,6,2.0,97,VI_best_tau_by_ELBO,8.05553913116455,,0.2353246957063675,6.42094835472816,1.8467455883254595,-969.8985717773437,0.3,1.5110077177227053
vary_B2,81,6,2.0,98,GPmodel,7.9461774826049805,,1.9105607835194491,3.0311310478197364,1.0654511018035921,,,1.5865137994908918
vary_B2,81,6,2.0,98,GPArealModel,7.9174933433532715,,1.954978316810059,4.871652253131492,1.3159709479351347,,,2.4919213738802863
vary_B2,81,6,2.0,98,VI_best_tau_by_ELBO,8.224666595458984,,0.23449744284152985,4.365399757331681,1.66941526555562,-941.0034912109375,0.2,1.023675080075314
vary_B2,81,6,2.0,99,GPmodel,7.941315650939941,,1.0551273133860104,1.9819926233148382,1.1297408713732644,,,1.8784393107542854
vary_B2,81,6,2.0,99,GPArealModel,7.795046329498291,,0.825107675357431,2.5766810320713347,1.2091475562188967,,,3.1228421562738875
vary_B2,81,6,2.0,99,VI_best_tau_by_ELBO,8.12647819519043,,0.2339267134666443,2.382322151470854,2.163382415582404,-948.2065490722656,0.2,0.557288791312362
vary_B2,100,6,2.0,1,GPmodel,7.841677665710449,,1.7971850429068124,2.7009677741588525,1.1203789557858879,,,1.5028879662776622
vary_B2,100,6,2.0,1,GPArealModel,7.552895545959473,,2.304464674019294,4.336659345952122,1.8346254974335854,,,1.8818510844813297
vary_B2,100,6,2.0,1,VI_best_tau_by_ELBO,7.95890474319458,,0.2256186306476593,3.8615708779985787,1.7343289634528585,-1107.2348876953124,0.2,0.8712423336429188
vary_B2,100,6,2.0,10,GPmodel,7.9284186363220215,,2.796583556513897,4.071924251860674,1.028628964696334,,,1.4560352550082796
vary_B2,100,6,2.0,10,GPArealModel,7.570508003234863,,2.905377955640837,6.787103589593815,1.0282370106999537,,,2.336048422346066
vary_B2,100,6,2.0,10,VI_best_tau_by_ELBO,8.161870002746582,,0.22599415481090546,5.358949978189777,1.4084641824235726,-1094.5615600585938,0.2,1.211091370994919
vary_B2,100,6,2.0,100,GPmodel,7.922989845275879,,1.6652034363412251,2.263216708531498,1.0187733440486315,,,1.3591232513333167
vary_B2,100,6,2.0,100,GPArealModel,7.95787239074707,,2.0675218676111964,3.67447037311092,1.0972361894973819,,,1.7772341036258945
vary_B2,100,6,2.0,100,VI_best_tau_by_ELBO,8.166939735412598,,0.22635267674922943,3.4633661727369605,1.554880196416071,-1074.4457153320313,0.2,0.7839422037617451
vary_B2,100,6,2.0,11,GPmodel,7.930668354034424,,1.3864258696400948,2.126815894566516,1.1006163634439996,,,1.534027848974443
vary_B2,100,6,2.0,11,GPArealModel,8.049381256103516,,1.5862767935535933,3.0536017701431164,1.3844382543351232,,,1.9250119415177267
vary_B2,100,6,2.0,11,VI_best_tau_by_ELBO,8.14989185333252,,0.2267107516527176,3.8462678073282346,1.601380169969544,-1086.0435424804687,0.2,0.871990265657034
vary_B2,100,6,2.0,12,GPmodel,7.973422527313232,,2.8131902576719097,3.9008695825907598,0.9747044337491009,,,1.386635536630563
vary_B2,100,6,2.0,12,GPArealModel,7.383392810821533,,3.413486517489451,5.31461948327673,0.9330247537050222,,,1.5569475537830813
vary_B2,100,6,2.0,12,VI_best_tau_by_ELBO,8.074174880981445,,0.2270817905664444,5.176863190482907,1.308567221847835,-1080.9346069335938,0.2,1.1755713628123745
vary_B2,100,6,2.0,13,GPmodel,7.992279052734375,,1.8668828990196422,2.764744163429226,1.2975600925751711,,,1.4809413942787084
vary_B2,100,6,2.0,13,GPArealModel,7.71244478225708,,2.2827962736927088,5.15875901054845,1.7637551762144414,,,2.2598420498573493
vary_B2,100,6,2.0,13,VI_best_tau_by_ELBO,8.121073722839355,,0.22560085356235504,4.459774179308759,1.682784559733889,-1108.5353149414063,0.2,1.0061288615474075
vary_B2,100,6,2.0,14,GPmodel,7.959502696990967,,1.4030244936709253,2.075248741221651,1.3654596771767888,,,1.4791250976609063
vary_B2,100,6,2.0,14,GPArealModel,7.850308418273926,,1.540319524608866,3.118805200069386,1.1862271903642665,,,2.0247780737969583
vary_B2,100,6,2.0,14,VI_best_tau_by_ELBO,8.24875259399414,,0.22559872269630432,3.0598935886435346,1.8550581758295719,-1102.8946533203125,0.2,0.6903080851845922
vary_B2,100,6,2.0,15,GPmodel,7.934854030609131,,1.613573495430783,2.414371705193237,1.227705064804972,,,1.4962886487848894
vary_B2,100,6,2.0,15,GPArealModel,7.708341121673584,,2.2749501148808564,4.358115327419473,1.1960290554251845,,,1.9156970954713508
vary_B2,100,6,2.0,15,VI_best_tau_by_ELBO,8.099390983581543,,0.22574083507061005,3.8691256876097038,1.6819753490615073,-1099.2091918945312,0.2,0.8734196637141628
vary_B2,100,6,2.0,16,GPmodel,7.9317426681518555,,2.246234329377801,3.130434873809386,1.178972331544418,,,1.3936368226891562
vary_B2,100,6,2.0,16,GPArealModel,7.845686912536621,,2.3491120461752377,5.047000986418279,0.986974382701023,,,2.1484718000725733
vary_B2,100,6,2.0,16,VI_best_tau_by_ELBO,8.155193328857422,,0.2260168194770813,4.1921936871813354,1.69689212902379,-1111.288671875,0.2,0.9475062838086237
vary_B2,100,6,2.0,17,GPmodel,7.9298014640808105,,1.2743888152055898,2.024244409515925,0.9899066877865984,,,1.5884040925056029
vary_B2,100,6,2.0,17,GPArealModel,8.328605651855469,,1.1710884757696898,2.5733973894568547,1.8123619813920469,,,2.1974406227211034
vary_B2,100,6,2.0,17,VI_best_tau_by_ELBO,8.307367324829102,,0.2260172963142395,3.2045073207904964,1.6948820093091774,-1082.5644287109376,0.2,0.7242740806642554
vary_B2,100,6,2.0,18,GPmodel,7.898624897003174,,2.1333913585300444,3.661800319153982,1.1179165982107522,,,1.7164222141018919
vary_B2,100,6,2.0,18,GPArealModel,7.74611234664917,,2.2756115204722054,5.8780403106889585,1.4629552064399414,,,2.5830596557488086
vary_B2,100,6,2.0,18,VI_best_tau_by_ELBO,8.132963180541992,,0.22615645825862885,5.634823986934762,1.6248869696655068,-1123.2788452148438,0.2,1.274351835795932
vary_B2,100,6,2.0,19,GPmodel,7.906309127807617,,2.37872287708623,3.5595478613895386,1.011114384116816,,,1.4964113288176457
vary_B2,100,6,2.0,19,GPArealModel,7.875263214111328,,2.1724957921237773,4.931570943291379,1.5992032692049145,,,2.2700025294274098
vary_B2,100,6,2.0,19,VI_best_tau_by_ELBO,8.196259498596191,,0.22611171007156372,4.419894612222083,1.6055822292724526,-1102.0790161132813,0.2,0.9993899291056262
vary_B2,100,6,2.0,2,GPmodel,7.881106853485107,,1.635464868709932,2.72702366812106,0.99885167750468,,,1.667430294771271
vary_B2,100,6,2.0,2,GPArealModel,7.688324928283691,,2.137536983537612,4.721286033935695,1.2523196669779377,,,2.208750571474086
vary_B2,100,6,2.0,2,VI_best_tau_by_ELBO,8.083849906921387,,0.22664010524749756,5.040923551905717,1.5012676171417898,-1096.627099609375,0.2,1.142475444348501
vary_B2,100,6,2.0,20,GPmodel,7.9187445640563965,,1.7429154857160989,2.571320455353489,1.14423664607927,,,1.4752984160313602
vary_B2,100,6,2.0,20,GPArealModel,8.17530345916748,,2.0986941232531753,3.751962722210727,1.1466520016157076,,,1.7877606272584536
vary_B2,100,6,2.0,20,VI_best_tau_by_ELBO,8.127776145935059,,0.22710508108139038,4.087223829692201,1.578031926998443,-1092.2429077148438,0.2,0.9282292992400382
vary_B2,100,6,2.0,21,GPmodel,7.936377048492432,,1.6448902431742505,2.4109969823390944,1.2155418783155172,,,1.4657494579616683
vary_B2,100,6,2.0,21,GPArealModel,7.997467041015625,,2.0388817775027634,3.672470429984542,1.4989676424335812,,,1.801217937453249
vary_B2,100,6,2.0,21,VI_best_tau_by_ELBO,8.171422004699707,,0.2253015637397766,3.6598006095108238,1.6738499801161295,-1093.187646484375,0.2,0.8245588002985762
vary_B2,100,6,2.0,22,GPmodel,7.940103530883789,,1.6435037630977303,2.6515136807893547,1.1701964977737207,,,1.613329850727992
vary_B2,100,6,2.0,22,GPArealModel,7.736254692077637,,1.7761086211496597,4.019557464088316,1.2748118468473169,,,2.2631259238449566
vary_B2,100,6,2.0,22,VI_best_tau_by_ELBO,8.072916030883789,,0.2266976535320282,4.806330612932547,1.5728132272794946,-1101.2473876953125,0.2,1.0895838720509634
vary_B2,100,6,2.0,23,GPmodel,7.890580177307129,,1.6712459308147283,2.4339349305306883,1.100743105309843,,,1.4563595253417618
vary_B2,100,6,2.0,23,GPArealModel,7.986572265625,,1.4808293385018898,3.464974335888734,1.472330840716888,,,2.3398876871214234
vary_B2,100,6,2.0,23,VI_best_tau_by_ELBO,8.239187240600586,,0.2257709801197052,2.9920868154593987,1.8125410982295844,-1095.7317749023437,0.2,0.6755263729295159
vary_B2,100,6,2.0,24,GPmodel,8.021537780761719,,2.3114613782144855,2.952032104075612,1.1742200257441935,,,1.2771280246767276
vary_B2,100,6,2.0,24,GPArealModel,8.125490188598633,,3.2806218234023823,4.33173283665748,2.120634048931997,,,1.3203999332556335
vary_B2,100,6,2.0,24,VI_best_tau_by_ELBO,8.261213302612305,,0.225742369890213,3.8921549805667,1.5584180316013143,-1087.9146728515625,0.2,0.8786242892931229
vary_B2,100,6,2.0,25,GPmodel,8.034278869628906,,2.1633480605088233,3.176957072972308,1.294877024423816,,,1.4685371859325689
vary_B2,100,6,2.0,25,GPArealModel,7.691280841827393,,2.683895815693365,6.437223176369098,0.9497998285554059,,,2.3984623913972936
vary_B2,100,6,2.0,25,VI_best_tau_by_ELBO,8.17280101776123,,0.22531069815158844,4.66255210945336,1.6515695973010176,-1110.7626342773438,0.2,1.050522870949098
vary_B2,100,6,2.0,26,GPmodel,7.976003646850586,,2.4139462074220144,3.5922060517613192,1.0491594033510614,,,1.4881052613005958
vary_B2,100,6,2.0,26,GPArealModel,7.8229660987854,,2.5403624469754393,5.636036392997237,1.4278945163132981,,,2.2185953818155015
vary_B2,100,6,2.0,26,VI_best_tau_by_ELBO,8.141153335571289,,0.22602421045303345,4.43838228552846,1.6401658589048393,-1109.6221313476562,0.2,1.0031818517753004
vary_B2,100,6,2.0,27,GPmodel,7.9162116050720215,,1.7855298257153303,2.465264946128059,0.9948702087898008,,,1.3806909918967099
vary_B2,100,6,2.0,27,GPArealModel,7.983633995056152,,2.781708227700381,3.625758998776885,2.5239788450094713,,,1.3034289371801855
vary_B2,100,6,2.0,27,VI_best_tau_by_ELBO,8.115426063537598,,0.22640100121498108,3.689512548060849,1.494560790117749,-1072.1426391601562,0.2,0.8353093348762122
vary_B2,100,6,2.0,28,GPmodel,7.993427276611328,,0.6975509909148097,1.502561038114409,1.3644788190566355,,,2.1540519011289216
vary_B2,100,6,2.0,28,GPArealModel,7.84100341796875,,1.0606012898833352,2.169583813083056,1.4037984219841069,,,2.0456167966019607
vary_B2,100,6,2.0,28,VI_best_tau_by_ELBO,8.15420913696289,,0.2247248739004135,2.6493259482222706,1.9051859762229395,-1093.6682006835938,0.2,0.5953694396353433
vary_B2,100,6,2.0,29,GPmodel,7.987094879150391,,2.51680115638367,4.114636206845905,0.9466238932479197,,,1.6348674174793072
vary_B2,100,6,2.0,29,GPArealModel,7.854831695556641,,2.7899139462629354,6.093993823764381,0.9561997907989893,,,2.184294548556679
vary_B2,100,6,2.0,29,VI_best_tau_by_ELBO,8.139041900634766,,0.22614261507987976,5.613684722788156,1.4548049870640567,-1105.8889526367188,0.2,1.2694933434452833
vary_B2,100,6,2.0,3,GPmodel,7.962329387664795,,2.291018502282129,3.619750879770316,1.048035903695789,,,1.5799745293041545
vary_B2,100,6,2.0,3,GPArealModel,7.7875518798828125,,3.311634703288425,5.599930797279074,1.5194984602875756,,,1.6909868687263092
vary_B2,100,6,2.0,3,VI_best_tau_by_ELBO,8.105242729187012,,0.22708439826965332,6.007711040021104,1.29371666023461,-1088.191259765625,0.2,1.3642574465011457
vary_B2,100,6,2.0,30,GPmodel,7.8852410316467285,,1.6369644282717948,3.0099589655523524,1.0326974815127627,,,1.8387442717555444
vary_B2,100,6,2.0,30,GPArealModel,7.496262073516846,,2.399931607100303,4.010786761661754,2.5330638822613616,,,1.671208775198287
vary_B2,100,6,2.0,30,VI_best_tau_by_ELBO,8.066217422485352,,0.22666440904140472,4.772506402671556,1.6784593485861228,-1114.4453735351562,0.2,1.0817573434078684
vary_B2,100,6,2.0,31,GPmodel,7.921273231506348,,1.4195036748841259,2.411657404687172,1.3730877286000618,,,1.6989441079707215
vary_B2,100,6,2.0,31,GPArealModel,8.004779815673828,,2.194745937285025,3.8794248301707195,2.195508471499197,,,1.7675963145737497
vary_B2,100,6,2.0,31,VI_best_tau_by_ELBO,8.167255401611328,,0.2258986532688141,3.5459401479177113,1.70158455101633,-1098.3187133789063,0.2,0.8010231039864304
vary_B2,100,6,2.0,32,GPmodel,7.916137218475342,,2.086094311447805,2.9015062884030334,1.068820927017412,,,1.390879727958853
vary_B2,100,6,2.0,32,GPArealModel,7.616844654083252,,2.658426606642686,4.994674928810697,0.8679251010451228,,,1.878808659351498
vary_B2,100,6,2.0,32,VI_best_tau_by_ELBO,8.08633804321289,,0.2255866825580597,3.568333581473587,1.6569748103359556,-1094.21796875,0.2,0.8049685349051463
vary_B2,100,6,2.0,33,GPmodel,7.939648151397705,,3.1003252925607714,4.2224770684939035,1.0725724375909584,,,1.3619464636906762
vary_B2,100,6,2.0,33,GPArealModel,8.288446426391602,,3.469773249284854,5.969078752779378,1.2868006599518174,,,1.7203080212834223
vary_B2,100,6,2.0,33,VI_best_tau_by_ELBO,8.259681701660156,,0.22558099031448364,4.682269056518513,1.488964982512642,-1097.64541015625,0.2,1.056230890688309
vary_B2,100,6,2.0,34,GPmodel,8.009459495544434,,1.8491648656899715,2.533822229232096,1.0732670813349006,,,1.3702522020861894
vary_B2,100,6,2.0,34,GPArealModel,7.899955749511719,,2.639788115485926,4.155410819079735,1.423120741821599,,,1.5741455894519083
vary_B2,100,6,2.0,34,VI_best_tau_by_ELBO,8.209202766418457,,0.2259071171283722,3.6713823926205698,1.5955352017967965,-1085.4404541015624,0.2,0.8293914121927783
vary_B2,100,6,2.0,35,GPmodel,7.954820156097412,,1.7604404551865656,1.925589225884438,1.0794562807928192,,,1.0938110517804311
vary_B2,100,6,2.0,35,GPArealModel,7.6911492347717285,,2.699873745229822,2.567365645340186,1.6515573643349635,,,0.9509206309651503
vary_B2,100,6,2.0,35,VI_best_tau_by_ELBO,8.062995910644531,,0.22638167440891266,2.719135392832142,1.4592784497698825,-1045.2160400390626,0.2,0.6155624231738768
vary_B2,100,6,2.0,36,GPmodel,8.077280044555664,,1.8549561045906384,2.267235788458123,0.9499573021486799,,,1.222258458217516
vary_B2,100,6,2.0,36,GPArealModel,8.147748947143555,,1.8238275942446935,2.746083800465181,1.5685422347231113,,,1.5056707164266938
vary_B2,100,6,2.0,36,VI_best_tau_by_ELBO,8.264877319335938,,0.22598154842853546,2.7291701765452605,1.5637450886187205,-1057.3565063476562,0.2,0.6167421024206775
vary_B2,100,6,2.0,37,GPmodel,7.96624755859375,,2.025613816981579,3.220309851104391,0.9773336215575645,,,1.5897945719500768
vary_B2,100,6,2.0,37,GPArealModel,8.164422988891602,,2.7281864254581065,5.471286567050159,0.838211125694721,,,2.0054665311705895
vary_B2,100,6,2.0,37,VI_best_tau_by_ELBO,8.253382682800293,,0.22630614042282104,4.452069995794675,1.5318236610874287,-1091.660693359375,0.2,1.007530777640538
vary_B2,100,6,2.0,38,GPmodel,7.9086384773254395,,1.5050226728934712,2.4545894824844,1.2418369947232595,,,1.6309318967038187
vary_B2,100,6,2.0,38,GPArealModel,7.701780319213867,,2.244237638230079,3.8877970407875337,2.049657621408732,,,1.7323464211453339
vary_B2,100,6,2.0,38,VI_best_tau_by_ELBO,8.009885787963867,,0.2264232337474823,4.128387767469073,1.6728364006407241,-1103.6189331054688,0.2,0.9347629084738965
vary_B2,100,6,2.0,39,GPmodel,8.013838768005371,,1.9933150957492887,2.827123578398554,1.0870788630366512,,,1.4183023970607298
vary_B2,100,6,2.0,39,GPArealModel,8.11574649810791,,2.1952455844716976,4.5410811220309295,0.9251786659322382,,,2.068598226163281
vary_B2,100,6,2.0,39,VI_best_tau_by_ELBO,8.273024559020996,,0.22600381076335907,4.314740690169466,1.5492145993644997,-1090.31484375,0.2,0.9751478384340253
vary_B2,100,6,2.0,4,GPmodel,7.93951416015625,,2.3447918480853507,3.5459329914712514,1.0347272828788479,,,1.5122591774475407
vary_B2,100,6,2.0,4,GPArealModel,7.841053485870361,,3.4331507547773814,5.220412006999992,1.2526988415951053,,,1.5205892137814099
vary_B2,100,6,2.0,4,VI_best_tau_by_ELBO,8.131680488586426,,0.2260679453611374,4.384012225478519,1.5953443011325643,-1102.292822265625,0.2,0.9910846362520361
vary_B2,100,6,2.0,40,GPmodel,7.965623378753662,,1.6766006757947785,2.624103366580566,1.0229396643602795,,,1.5651331915016866
vary_B2,100,6,2.0,40,GPArealModel,7.68596887588501,,1.9044574520969886,4.023806099933202,1.6616849370952629,,,2.1128359131901893
vary_B2,100,6,2.0,40,VI_best_tau_by_ELBO,8.144444465637207,,0.22599011659622192,4.048220916003218,1.648030639770875,-1097.3618286132812,0.2,0.9148579168148315
vary_B2,100,6,2.0,41,GPmodel,7.963476181030273,,1.3130054559192235,2.0968399547548873,1.0252523897730152,,,1.5969773357010981
vary_B2,100,6,2.0,41,GPArealModel,8.092753410339355,,1.0867423053837098,2.966252780461069,1.3318019950161457,,,2.729490483407414
vary_B2,100,6,2.0,41,VI_best_tau_by_ELBO,8.271079063415527,,0.22666335105895996,3.507496366051279,1.727186768639251,-1094.4252807617188,0.2,0.7950208801563073
vary_B2,100,6,2.0,42,GPmodel,7.95914363861084,,1.6696029084235169,2.428267846007251,1.106113820717721,,,1.4543984283664704
vary_B2,100,6,2.0,42,GPArealModel,8.0166654586792,,1.9098606741782922,3.258676153094449,1.950385379842891,,,1.7062376314421355
vary_B2,100,6,2.0,42,VI_best_tau_by_ELBO,8.102760314941406,,0.22622567415237427,3.3087943844554495,1.7202710834325894,-1095.4951782226562,0.2,0.7485342402550244
vary_B2,100,6,2.0,43,GPmodel,7.9120049476623535,,1.82593253675196,2.7967242458804824,1.1700102300668145,,,1.5316689908244936
vary_B2,100,6,2.0,43,GPArealModel,7.9810357093811035,,2.3512331556076416,3.9955626475410746,1.925129840121386,,,1.6993476967657342
vary_B2,100,6,2.0,43,VI_best_tau_by_ELBO,8.128089904785156,,0.2269558608531952,4.181094308315571,1.6566863676968404,-1106.7257446289063,0.2,0.9489238580521552
vary_B2,100,6,2.0,44,GPmodel,8.000978469848633,,1.7805671789883357,2.7064006943715295,1.2286508381835959,,,1.5199655066703095
vary_B2,100,6,2.0,44,GPArealModel,7.856118202209473,,2.275289676594096,4.17700315113815,1.6444465599588503,,,1.8358115865891624
vary_B2,100,6,2.0,44,VI_best_tau_by_ELBO,8.158904075622559,,0.2260179966688156,3.8511906161191907,1.7466686354636827,-1108.2457885742188,0.2,0.8704383878450012
vary_B2,100,6,2.0,45,GPmodel,7.896860599517822,,1.7162008366018517,3.254126140549793,0.9140440806573994,,,1.8961219870939443
vary_B2,100,6,2.0,45,GPArealModel,8.004651069641113,,1.4339968655744055,4.6653169233187635,1.0746659738242594,,,3.253366192993743
vary_B2,100,6,2.0,45,VI_best_tau_by_ELBO,8.178536415100098,,0.2267891764640808,5.6215901121332745,1.5575320933503636,-1110.8974853515624,0.2,1.274915791949325
vary_B2,100,6,2.0,46,GPmodel,8.00264835357666,,3.21172484704504,3.81012539546263,1.2914305620021918,,,1.1863175013165124
vary_B2,100,6,2.0,46,GPArealModel,7.441454887390137,,3.4532250643769595,6.140791758901972,1.19546939042465,,,1.7782773043812339
vary_B2,100,6,2.0,46,VI_best_tau_by_ELBO,8.122629165649414,,0.22543685138225555,4.585109087026705,1.494699348697133,-1096.3454833984374,0.2,1.0336525558234688
vary_B2,100,6,2.0,47,GPmodel,7.950002193450928,,2.4269269474634414,3.204789809970321,1.1396886845423255,,,1.320513505080934
vary_B2,100,6,2.0,47,GPArealModel,7.6279616355896,,3.2622702646215753,6.385125365667135,1.5121924319750975,,,1.9572643734984394
vary_B2,100,6,2.0,47,VI_best_tau_by_ELBO,8.152525901794434,,0.22586368024349213,4.889664925766883,1.4271871400333813,-1088.3089599609375,0.2,1.10439771529123
vary_B2,100,6,2.0,48,GPmodel,7.935557842254639,,1.8359165261470474,2.7246931437603386,0.9964723394108536,,,1.4841051349314478
vary_B2,100,6,2.0,48,GPArealModel,7.932162284851074,,2.136819801721655,3.9010514096058855,1.8923975356344187,,,1.82563424696026
vary_B2,100,6,2.0,48,VI_best_tau_by_ELBO,8.07693099975586,,0.22653132677078247,4.081008895828109,1.525706167166865,-1083.6486450195312,0.2,0.9244763597353076
vary_B2,100,6,2.0,49,GPmodel,7.970481872558594,,1.2303211790962143,2.2816158046824446,1.2169955713259635,,,1.8544879527787241
vary_B2,100,6,2.0,49,GPArealModel,7.917294502258301,,1.0540604443010468,3.6391740594362574,1.3561627678417252,,,3.4525288175949087
vary_B2,100,6,2.0,49,VI_best_tau_by_ELBO,8.2045259475708,,0.22704178094863892,4.817398158015713,1.6686667873085401,-1111.9853759765624,0.2,1.09375065733458
vary_B2,100,6,2.0,5,GPmodel,7.910490036010742,,1.7152486456868177,2.5276780355970896,1.031937105690065,,,1.4736510895683932
vary_B2,100,6,2.0,5,GPArealModel,8.038412094116211,,2.39965225243064,3.5561175248435073,1.5517899131581692,,,1.4819303593849766
vary_B2,100,6,2.0,5,VI_best_tau_by_ELBO,8.15571403503418,,0.22666344046592712,4.096475216665621,1.4848724028530904,-1079.432666015625,0.2,0.928521166392834
vary_B2,100,6,2.0,50,GPmodel,7.954835414886475,,2.2233602871198697,3.0871402833803288,1.0856872220058753,,,1.3885020350792519
vary_B2,100,6,2.0,50,GPArealModel,7.887241363525391,,2.454784368392942,4.479746391632335,1.7574788743812213,,,1.8249042357089238
vary_B2,100,6,2.0,50,VI_best_tau_by_ELBO,8.114399909973145,,0.22653228044509888,4.831537663119566,1.3921629390123493,-1079.9880859375,0.2,1.0944992448828592
vary_B2,100,6,2.0,51,GPmodel,7.9474263191223145,,2.223902105517247,3.9281636400790685,0.989448744874722,,,1.766338378984283
vary_B2,100,6,2.0,51,GPArealModel,8.082855224609375,,2.214006826041622,5.214976370313807,1.4111525524580841,,,2.355447286329084
vary_B2,100,6,2.0,51,VI_best_tau_by_ELBO,8.144144058227539,,0.22627496719360352,5.823909309308132,1.5241325375867183,-1114.0331909179688,0.2,1.3178048879022197
vary_B2,100,6,2.0,52,GPmodel,7.960944652557373,,1.5533803738302632,2.5119568031250337,0.980531922873161,,,1.6170906015319035
vary_B2,100,6,2.0,52,GPArealModel,8.395886421203613,,1.5210132595908652,3.2278386761550224,1.5067677994301045,,,2.1221634037715575
vary_B2,100,6,2.0,52,VI_best_tau_by_ELBO,8.305007934570312,,0.22545194625854492,3.2244897534400074,1.7885194483189149,-1095.9058227539062,0.2,0.7269674906037853
vary_B2,100,6,2.0,53,GPmodel,7.923825263977051,,2.5137488932461958,3.1582767918695898,1.1419229909874031,,,1.2564010670895078
vary_B2,100,6,2.0,53,GPArealModel,7.999520301818848,,3.107024272152257,4.882254260588183,1.9112569344670793,,,1.5713601932070558
vary_B2,100,6,2.0,53,VI_best_tau_by_ELBO,8.148404121398926,,0.22610360383987427,4.167227430990889,1.4794455591710025,-1081.0882080078125,0.2,0.9422251401674209
vary_B2,100,6,2.0,54,GPmodel,7.9370317459106445,,1.7742612972905583,2.7190557567476117,1.0609755833467145,,,1.5325001795957742
vary_B2,100,6,2.0,54,GPArealModel,8.009623527526855,,2.2584721917899575,4.359317160978622,1.2843076281076233,,,1.9302062592692961
vary_B2,100,6,2.0,54,VI_best_tau_by_ELBO,8.15121841430664,,0.22619187831878662,4.15446085979292,1.63807952176843,-1099.5626220703125,0.2,0.9397053052784418
vary_B2,100,6,2.0,55,GPmodel,7.9701128005981445,,1.8288726590991478,2.799202138183361,1.3581862880694209,,,1.5305615315842551
vary_B2,100,6,2.0,55,GPArealModel,8.258974075317383,,2.7341680099817034,5.075225978847958,1.2440636371981373,,,1.856223158313494
vary_B2,100,6,2.0,55,VI_best_tau_by_ELBO,8.292734146118164,,0.22580401599407196,3.9937753527509607,1.751164136942076,-1111.4055908203125,0.2,0.9018105136293083
vary_B2,100,6,2.0,56,GPmodel,7.9542975425720215,,2.003280708676811,2.819296709738291,1.1827025604780148,,,1.4073398188916155
vary_B2,100,6,2.0,56,GPArealModel,7.803547382354736,,3.7661800889437314,4.799577709880603,2.3512098917495066,,,1.274388796215717
vary_B2,100,6,2.0,56,VI_best_tau_by_ELBO,8.193346977233887,,0.226053386926651,4.349873758645728,1.4798362372273068,-1086.2977416992187,0.2,0.9833036958452285
vary_B2,100,6,2.0,57,GPmodel,7.870645046234131,,2.0514053844891467,2.536985360108098,1.1930763026984237,,,1.2367060061801842
vary_B2,100,6,2.0,57,GPArealModel,7.495174884796143,,4.16195675010362,3.8659019738033,1.8579016544604914,,,0.9288664457426307
vary_B2,100,6,2.0,57,VI_best_tau_by_ELBO,7.97438383102417,,0.22562845051288605,3.1547186726194205,1.6448520569847562,-1084.891943359375,0.2,0.7117942859071885
vary_B2,100,6,2.0,58,GPmodel,7.914764404296875,,1.7123469646913236,3.781317156190336,1.0623950120628745,,,2.208265751136467
vary_B2,100,6,2.0,58,GPArealModel,7.856451511383057,,1.9146668579800323,5.220573190784359,2.142007782138572,,,2.7266222157791185
vary_B2,100,6,2.0,58,VI_best_tau_by_ELBO,8.087812423706055,,0.2268487811088562,6.244790687165663,1.7775302633159895,-1150.689794921875,0.2,1.4166231556634672
vary_B2,100,6,2.0,59,GPmodel,7.9729485511779785,,2.0760584794229873,2.796799594280825,1.1777365573872787,,,1.3471680215184296
vary_B2,100,6,2.0,59,GPArealModel,7.644753456115723,,2.7035677289237205,5.049947521677307,0.8385671129096973,,,1.867882749024997
vary_B2,100,6,2.0,59,VI_best_tau_by_ELBO,8.112433433532715,,0.22537176311016083,3.8840459366380387,1.6599585132350174,-1097.060400390625,0.2,0.8753542807409708
vary_B2,100,6,2.0,6,GPmodel,7.9634623527526855,,1.9051592145452452,3.529312292649723,0.8424390967557189,,,1.8525025445141903
vary_B2,100,6,2.0,6,GPArealModel,8.033260345458984,,2.1245161709176736,4.550178221986445,1.6379260745663002,,,2.141747982092798
vary_B2,100,6,2.0,6,VI_best_tau_by_ELBO,8.187153816223145,,0.22636760771274567,4.838806376812729,1.5322178082097855,-1097.0824096679687,0.2,1.0953490237042762
vary_B2,100,6,2.0,60,GPmodel,8.009140014648438,,2.122190599466919,2.9285543501348275,1.1920393942793597,,,1.3799676385667066
vary_B2,100,6,2.0,60,GPArealModel,8.236051559448242,,2.6868092181147354,4.662124607789152,1.1315084306600647,,,1.735190044889173
vary_B2,100,6,2.0,60,VI_best_tau_by_ELBO,8.208197593688965,,0.2265276461839676,4.089165282305249,1.5004740172666435,-1084.1671630859375,0.2,0.9263089862578073
vary_B2,100,6,2.0,61,GPmodel,7.938183784484863,,1.671330405638582,2.362379813619823,1.052020562213711,,,1.4134726476882375
vary_B2,100,6,2.0,61,GPArealModel,8.138347625732422,,2.383173774099743,3.6158426662539895,1.3748088063410555,,,1.5172383590113538
vary_B2,100,6,2.0,61,VI_best_tau_by_ELBO,8.228124618530273,,0.22637523710727692,3.6103007100729267,1.512320061584493,-1072.837548828125,0.2,0.817282679271329
vary_B2,100,6,2.0,62,GPmodel,7.843748092651367,,1.9834485929342567,2.9082942834427876,1.420106134253068,,,1.4662816539854662
vary_B2,100,6,2.0,62,GPArealModel,7.61467981338501,,2.994505495886071,5.471805113028178,0.916773805835732,,,1.8272817066275167
vary_B2,100,6,2.0,62,VI_best_tau_by_ELBO,7.980128765106201,,0.2259017676115036,4.489709770587805,1.7218333875323888,-1121.3235229492188,0.2,1.0142333732384234
vary_B2,100,6,2.0,63,GPmodel,7.9074249267578125,,1.7454375796863006,2.3211030046652867,1.0023979480981255,,,1.3298115221527702
vary_B2,100,6,2.0,63,GPArealModel,7.922056674957275,,2.126329414222461,3.780152100088489,1.1947874736282462,,,1.7777829130350362
vary_B2,100,6,2.0,63,VI_best_tau_by_ELBO,8.140616416931152,,0.22615861892700195,3.2412728909384403,1.6054043886215938,-1077.1680053710938,0.2,0.7330418005801687
vary_B2,100,6,2.0,64,GPmodel,7.974300861358643,,1.881080093886428,3.153000472229729,1.1257935980570501,,,1.6761649237994087
vary_B2,100,6,2.0,64,GPArealModel,7.662397384643555,,2.171276848465003,5.145100760976583,1.10072886816173,,,2.3696198688867995
vary_B2,100,6,2.0,64,VI_best_tau_by_ELBO,8.164860725402832,,0.2261730432510376,4.927712825977934,1.6807295462233052,-1119.1170654296875,0.2,1.1145158061185998
vary_B2,100,6,2.0,65,GPmodel,7.952254295349121,,1.1071439626552446,1.8529767390395733,0.9976616052380073,,,1.673654738265122
vary_B2,100,6,2.0,65,GPArealModel,7.6290693283081055,,0.9720405156278549,2.868440880067972,1.0202627221378626,,,2.950947860661142
vary_B2,100,6,2.0,65,VI_best_tau_by_ELBO,8.074013710021973,,0.22654183208942413,3.696514347730692,1.6526272543215583,-1086.69287109375,0.2,0.8374151326797535
vary_B2,100,6,2.0,66,GPmodel,7.851163387298584,,1.5878600102270553,2.3074546718649986,1.204516061881344,,,1.4531852033574706
vary_B2,100,6,2.0,66,GPArealModel,7.741231918334961,,2.9898039311968434,4.188509876830682,2.096121060020456,,,1.4009312895491397
vary_B2,100,6,2.0,66,VI_best_tau_by_ELBO,7.977978706359863,,0.22509774565696716,3.3914385572080823,1.766632702469387,-1099.886083984375,0.2,0.7634051737616566
vary_B2,100,6,2.0,67,GPmodel,7.911790370941162,,2.1669720136609625,3.033058681268336,1.0304217605215296,,,1.3996759820373383
vary_B2,100,6,2.0,67,GPArealModel,7.916643142700195,,2.546450501861139,5.182993997866509,1.3742113113990169,,,2.0353798332535367
vary_B2,100,6,2.0,67,VI_best_tau_by_ELBO,8.065168380737305,,0.22638371586799622,5.139423805269976,1.314215269506436,-1073.5046752929688,0.2,1.1634818584574542
vary_B2,100,6,2.0,68,GPmodel,7.942592144012451,,2.0020390445431926,2.6867100893781513,1.2621259149543103,,,1.3419868591979336
vary_B2,100,6,2.0,68,GPArealModel,8.214675903320312,,2.833159626836994,3.638347286053544,1.3644054620222819,,,1.2842013035867945
vary_B2,100,6,2.0,68,VI_best_tau_by_ELBO,8.191247940063477,,0.2263481318950653,3.3938793512699554,1.686219445282462,-1096.0967407226562,0.2,0.7681982510371905
vary_B2,100,6,2.0,69,GPmodel,7.9532246589660645,,2.296800164670267,3.0978489365522925,0.849718680997901,,,1.3487672912096929
vary_B2,100,6,2.0,69,GPArealModel,7.666961669921875,,2.5794700565773026,4.581999597279894,0.9398453786729006,,,1.7763337029621296
vary_B2,100,6,2.0,69,VI_best_tau_by_ELBO,8.090301513671875,,0.2260543555021286,4.081493340699181,1.3776658140110434,-1063.5906860351563,0.2,0.9226393466179831
vary_B2,100,6,2.0,7,GPmodel,7.924294471740723,,1.0502571420195221,1.7659812986347883,1.102991996638598,,,1.6814751625863853
vary_B2,100,6,2.0,7,GPArealModel,7.7681474685668945,,1.0649636711050758,2.713497638732283,1.554112506161045,,,2.547972022291221
vary_B2,100,6,2.0,7,VI_best_tau_by_ELBO,8.000738143920898,,0.22692406177520752,3.5870885769287026,1.6450981566117622,-1085.35126953125,0.2,0.8139967098241101
vary_B2,100,6,2.0,70,GPmodel,7.971229553222656,,2.8833046168552254,4.528625782854056,0.9535524244601107,,,1.5706373015118174
vary_B2,100,6,2.0,70,GPArealModel,8.515191078186035,,3.5623342612229525,5.818305668448366,1.8878725156879173,,,1.6332845942567267
vary_B2,100,6,2.0,70,VI_best_tau_by_ELBO,8.354329109191895,,0.2263636589050293,5.04820206060891,1.4550956743929704,-1100.2465209960938,0.2,1.1427294893313413
vary_B2,100,6,2.0,71,GPmodel,7.979864597320557,,1.783363884042329,2.660837952114449,1.3477704675163091,,,1.4920331043618313
vary_B2,100,6,2.0,71,GPArealModel,8.009881973266602,,2.137657259254517,4.0020991261692,1.6898602029387348,,,1.8721893366408446
vary_B2,100,6,2.0,71,VI_best_tau_by_ELBO,8.160667419433594,,0.22674337029457092,4.361233929653544,1.6236007624109305,-1103.7303955078125,0.2,0.9888808798526801
vary_B2,100,6,2.0,72,GPmodel,7.902433395385742,,1.7764096189234369,2.684262498068916,1.1572808890681836,,,1.511060551279647
vary_B2,100,6,2.0,72,GPArealModel,7.890883445739746,,2.173155259552261,3.8726930471999026,1.5843432072829666,,,1.7820599932642642
vary_B2,100,6,2.0,72,VI_best_tau_by_ELBO,8.108818054199219,,0.2265516072511673,4.051500203736208,1.620320862489813,-1095.528173828125,0.2,0.9178738829348697
vary_B2,100,6,2.0,73,GPmodel,7.993143081665039,,2.2049682979042458,3.542820267530485,1.0720521152662004,,,1.6067443105181267
vary_B2,100,6,2.0,73,GPArealModel,7.949047088623047,,2.9364314404313494,6.544387873378543,1.2057295912650297,,,2.2286874412491646
vary_B2,100,6,2.0,73,VI_best_tau_by_ELBO,8.159862518310547,,0.22564680874347687,5.59508481499185,1.470959611418892,-1104.4751098632812,0.2,1.2625130331519976
vary_B2,100,6,2.0,74,GPmodel,7.9076337814331055,,1.7669576507913083,2.4214228129252806,1.321248652482908,,,1.3703909722119705
vary_B2,100,6,2.0,74,GPArealModel,7.890754699707031,,2.578897407374828,4.481854693679061,1.1313075606151088,,,1.7378956917256108
vary_B2,100,6,2.0,74,VI_best_tau_by_ELBO,8.136051177978516,,0.2252330183982849,3.185596217363026,1.7559555293484619,-1096.09482421875,0.2,0.7175014514348332
vary_B2,100,6,2.0,75,GPmodel,7.996267318725586,,2.768484494163936,4.722034082503973,1.0285313678605958,,,1.7056386237517998
vary_B2,100,6,2.0,75,GPArealModel,7.760488033294678,,3.4798099731612493,6.099516699557982,3.474708456737735,,,1.7528303978095816
vary_B2,100,6,2.0,75,VI_best_tau_by_ELBO,8.194847106933594,,0.2259281873703003,5.135060536426989,1.7019539045195482,-1129.753271484375,0.2,1.1601549190317115
vary_B2,100,6,2.0,76,GPmodel,7.948552131652832,,1.546874634577826,2.7350908968193166,1.160439789069265,,,1.7681399873531312
vary_B2,100,6,2.0,76,GPArealModel,7.810041904449463,,1.9430240456846706,3.3129468091871686,2.847914212689537,,,1.7050467370926299
vary_B2,100,6,2.0,76,VI_best_tau_by_ELBO,8.202373504638672,,0.2270836979150772,4.665553871902165,1.6951731047635092,-1114.4276977539062,0.2,1.05947122605355
vary_B2,100,6,2.0,77,GPmodel,7.925957679748535,,3.9735139582324175,5.402222128808027,1.0369302072703313,,,1.3595578587601485
vary_B2,100,6,2.0,77,GPArealModel,8.060795783996582,,5.007448524895502,6.413212340257954,2.6590513079591296,,,1.2807345514134443
vary_B2,100,6,2.0,77,VI_best_tau_by_ELBO,8.215048789978027,,0.22516034543514252,5.247785184982029,1.4221531170660417,-1099.4418579101562,0.2,1.181593125019977
vary_B2,100,6,2.0,78,GPmodel,7.9342498779296875,,2.601918501839033,3.9096632401410663,1.0887637021109564,,,1.502607878524143
vary_B2,100,6,2.0,78,GPArealModel,7.850007057189941,,3.1320261313034923,5.597999868268305,1.3734703542298186,,,1.787341367403764
vary_B2,100,6,2.0,78,VI_best_tau_by_ELBO,8.092825889587402,,0.22657081484794617,5.94988170892887,1.3250653857732049,-1093.2051513671875,0.2,1.3480695470409045
vary_B2,100,6,2.0,79,GPmodel,7.958719730377197,,1.1255358364350634,1.9265188905833226,1.0233454445907675,,,1.7116459807137123
vary_B2,100,6,2.0,79,GPArealModel,8.600550651550293,,1.2678780763804283,2.096774965433706,1.546680748209507,,,1.6537670336722234
vary_B2,100,6,2.0,79,VI_best_tau_by_ELBO,8.483345985412598,,0.22470396757125854,2.6651308090939483,1.8665126238089267,-1091.2908325195312,0.2,0.5988654668998086
vary_B2,100,6,2.0,8,GPmodel,7.90944766998291,,1.0888640998827708,1.8224240543496584,1.2192296862509457,,,1.673692846100688
vary_B2,100,6,2.0,8,GPArealModel,8.159818649291992,,1.0617310294614033,2.4135492685023494,1.2782731576745499,,,2.2732209962128533
vary_B2,100,6,2.0,8,VI_best_tau_by_ELBO,8.231250762939453,,0.22567524015903473,2.657608241390839,1.7666929009685304,-1078.9803344726563,0.2,0.5997563781245075
vary_B2,100,6,2.0,80,GPmodel,7.885235786437988,,1.0382653309015948,1.8466900167358562,1.142100158082329,,,1.7786301456606015
vary_B2,100,6,2.0,80,GPArealModel,7.689309120178223,,1.0391294678878276,3.0781770472233183,1.3896005860160316,,,2.962265186724166
vary_B2,100,6,2.0,80,VI_best_tau_by_ELBO,8.01211929321289,,0.22674992680549622,3.734182283177658,1.69837678726283,-1095.4481689453125,0.2,0.8467255593889147
vary_B2,100,6,2.0,81,GPmodel,7.963772773742676,,1.8936447899569802,3.2471440619097947,1.176018683613118,,,1.7147587969671776
vary_B2,100,6,2.0,81,GPArealModel,7.874021530151367,,2.0355434979393467,5.031201786242013,1.879071060222079,,,2.4716749071367317
vary_B2,100,6,2.0,81,VI_best_tau_by_ELBO,8.14376449584961,,0.22615407407283783,4.941940486172057,1.7617135668071924,-1128.92578125,0.2,1.1176399747733117
vary_B2,100,6,2.0,82,GPmodel,7.995791912078857,,1.577301221053636,2.501461556333321,1.1822413339953488,,,1.5859123945027742
vary_B2,100,6,2.0,82,GPArealModel,7.959658622741699,,1.6641297566189133,3.9371178558244284,1.2225842788257937,,,2.365871916035951
vary_B2,100,6,2.0,82,VI_best_tau_by_ELBO,8.167570114135742,,0.22600692510604858,4.105460913991975,1.7300964988063146,-1108.2845458984375,0.2,0.9278625973143941
vary_B2,100,6,2.0,83,GPmodel,7.885178089141846,,1.0343241023895655,2.0808563232664437,1.6161075211796447,,,2.0118029914019298
vary_B2,100,6,2.0,83,GPArealModel,7.925933837890625,,1.9260506728944489,3.4631767646430713,1.9641100299854297,,,1.7980714699674258
vary_B2,100,6,2.0,83,VI_best_tau_by_ELBO,8.179835319519043,,0.2249767780303955,2.894544024325581,1.8709895555808047,-1102.3625610351562,0.2,0.6512051884599039
vary_B2,100,6,2.0,84,GPmodel,7.999277591705322,,2.474211494602285,3.3846691536744116,1.0488549696242613,,,1.3679789141140004
vary_B2,100,6,2.0,84,GPArealModel,7.971087455749512,,2.653426527020595,5.596012901558308,0.8208170244742025,,,2.108976014437378
vary_B2,100,6,2.0,84,VI_best_tau_by_ELBO,8.193962097167969,,0.22578679025173187,4.498044915997994,1.5514304142897442,-1097.2861083984376,0.2,1.015599123991308
vary_B2,100,6,2.0,85,GPmodel,7.991912364959717,,1.9075799553988557,3.259474933927206,0.9711569716746618,,,1.708696364051321
vary_B2,100,6,2.0,85,GPArealModel,8.457244873046875,,1.7546142020157012,4.207133452378308,1.5092940349519064,,,2.3977541316747306
vary_B2,100,6,2.0,85,VI_best_tau_by_ELBO,8.358994483947754,,0.22713108360767365,5.704660367822216,1.3661354547039555,-1088.4733520507812,0.2,1.29570569095721
vary_B2,100,6,2.0,86,GPmodel,8.04909896850586,,2.099282888388203,3.6676696724655655,1.0419699816027672,,,1.74710597259312
vary_B2,100,6,2.0,86,GPArealModel,8.113152503967285,,2.9177661460131317,5.835425174076647,1.2438687069391672,,,1.9999632876850797
vary_B2,100,6,2.0,86,VI_best_tau_by_ELBO,8.332804679870605,,0.22625157237052917,5.109424138300318,1.5909383831834043,-1111.6073120117187,0.2,1.156015245198383
vary_B2,100,6,2.0,87,GPmodel,7.918666839599609,,1.4308447619903664,2.1198994151053885,1.1122601867651511,,,1.481571915709792
vary_B2,100,6,2.0,87,GPArealModel,7.7024760246276855,,1.6890853131927002,2.899222607226359,2.4150783957379116,,,1.7164453355800386
vary_B2,100,6,2.0,87,VI_best_tau_by_ELBO,8.041343688964844,,0.2254333198070526,3.103447916993167,1.8023283718342527,-1095.5790161132813,0.2,0.6996205667760519
vary_B2,100,6,2.0,88,GPmodel,7.930821418762207,,1.9576897695459528,3.3980743525079165,0.9873648111294849,,,1.735757322415815
vary_B2,100,6,2.0,88,GPArealModel,7.71703577041626,,1.980888713974291,5.30449610623449,0.8884618543006645,,,2.677836502784646
vary_B2,100,6,2.0,88,VI_best_tau_by_ELBO,8.13620662689209,,0.2265346795320511,6.015573576197341,1.4146077963708834,-1099.1865234375,0.2,1.3627360322853392
vary_B2,100,6,2.0,89,GPmodel,7.985547065734863,,1.8264128846312397,3.5608520699509776,1.0409529954044012,,,1.9496424384182596
vary_B2,100,6,2.0,89,GPArealModel,8.568328857421875,,2.2495251115882993,4.822717447250419,0.9292681762027045,,,2.1438824676401556
vary_B2,100,6,2.0,89,VI_best_tau_by_ELBO,8.386478424072266,,0.2265894114971161,4.700608580298186,1.7972017043970452,-1131.7448852539062,0.2,1.0651081318880604
vary_B2,100,6,2.0,9,GPmodel,7.916439056396484,,2.7796003476124733,3.490704550844158,1.1102232406673314,,,1.2558296568938354
vary_B2,100,6,2.0,9,GPArealModel,7.685027122497559,,3.5086743728929286,5.017064210476007,1.208678448246869,,,1.4299030566177617
vary_B2,100,6,2.0,9,VI_best_tau_by_ELBO,8.118106842041016,,0.225688636302948,3.638042219105232,1.6258997328900764,-1092.5120727539063,0.2,0.8210647872424106
vary_B2,100,6,2.0,90,GPmodel,8.014269828796387,,1.284491286367293,1.8092035954415082,0.9676693745062672,,,1.408498146031157
vary_B2,100,6,2.0,90,GPArealModel,8.052990913391113,,1.3637933448398836,3.0455388852285856,1.0129435304371424,,,2.233138104648947
vary_B2,100,6,2.0,90,VI_best_tau_by_ELBO,8.211163520812988,,0.22577740252017975,3.3398190584122154,1.4844408102236395,-1056.136376953125,0.2,0.7540556718957024
vary_B2,100,6,2.0,91,GPmodel,7.916201591491699,,1.7538842588772774,3.0122325584595906,1.0613858984850755,,,1.7174637056083883
vary_B2,100,6,2.0,91,GPArealModel,8.009431838989258,,1.7392216921743004,3.7579510581336795,1.2899284558180228,,,2.160708479570336
vary_B2,100,6,2.0,91,VI_best_tau_by_ELBO,8.13631820678711,,0.22649350762367249,3.677193282320921,1.9521454989969909,-1127.94619140625,0.2,0.8328604047230708
vary_B2,100,6,2.0,92,GPmodel,7.977749347686768,,1.7564130124847168,2.2689897441539673,1.0204315437165532,,,1.291831549883664
vary_B2,100,6,2.0,92,GPArealModel,7.667697429656982,,2.231903560640152,3.6774624663554927,1.071670880056825,,,1.6476798241679973
vary_B2,100,6,2.0,92,VI_best_tau_by_ELBO,8.09649658203125,,0.22580662369728088,3.2318223387610745,1.6025335324005872,-1075.4978881835937,0.2,0.7297668907050882
vary_B2,100,6,2.0,93,GPmodel,7.889955997467041,,2.1429755113150253,3.6365833213331236,1.1730109243721645,,,1.696978477883564
vary_B2,100,6,2.0,93,GPArealModel,8.025382041931152,,2.1127200563194495,5.4881196767515545,1.4299285402751054,,,2.5976558798387885
vary_B2,100,6,2.0,93,VI_best_tau_by_ELBO,8.229887008666992,,0.226024329662323,5.095945388248077,1.756668524453569,-1130.349609375,0.2,1.1518076403745778
vary_B2,100,6,2.0,94,GPmodel,7.983436107635498,,2.1188437222041925,3.2293262258119264,1.221472762234624,,,1.5240983523091172
vary_B2,100,6,2.0,94,GPArealModel,7.95139741897583,,3.047112052271001,5.99351698113696,0.8109980867702168,,,1.9669499770019991
vary_B2,100,6,2.0,94,VI_best_tau_by_ELBO,8.183880805969238,,0.22598059475421906,4.933268229166666,1.5650697616939357,-1105.675390625,0.2,1.1148228885091762
vary_B2,100,6,2.0,95,GPmodel,8.0081205368042,,1.876990779259859,3.4288786581459823,1.1238601826401218,,,1.8267956859639283
vary_B2,100,6,2.0,95,GPArealModel,7.899088382720947,,1.8999004241911372,5.240937211561065,1.622366932728066,,,2.7585325761440047
vary_B2,100,6,2.0,95,VI_best_tau_by_ELBO,8.15092945098877,,0.22669610381126404,6.022852084900535,1.5649370189017573,-1121.2886840820313,0.2,1.3653571014784998
vary_B2,100,6,2.0,96,GPmodel,7.963831901550293,,3.2485278153846426,4.972346440491577,1.0530770301830341,,,1.5306461028109821
vary_B2,100,6,2.0,96,GPArealModel,7.710280895233154,,3.632173253292359,7.958415765974246,1.1127119605622142,,,2.1910892490495586
vary_B2,100,6,2.0,96,VI_best_tau_by_ELBO,8.139970779418945,,0.22534075379371643,5.695897098848628,1.52229627930014,-1114.9215454101563,0.2,1.2835177457859925
vary_B2,100,6,2.0,97,GPmodel,7.999172210693359,,2.016078988103285,3.5505680541300197,1.0854566129287015,,,1.7611254693301344
vary_B2,100,6,2.0,97,GPArealModel,7.953317165374756,,3.0104940063694645,4.932769794797251,1.8398339956676821,,,1.6385250342172162
vary_B2,100,6,2.0,97,VI_best_tau_by_ELBO,8.210527420043945,,0.22766730189323425,5.74317067413177,1.5111845546404838,-1118.5614868164062,0.2,1.3075321716919275
vary_B2,100,6,2.0,98,GPmodel,8.032265663146973,,1.9690624741358007,3.671646159051922,1.0647641981340692,,,1.8646671739876441
vary_B2,100,6,2.0,98,GPArealModel,8.172757148742676,,2.272697869692237,6.539410837894958,1.059417865077971,,,2.8773779942780116
vary_B2,100,6,2.0,98,VI_best_tau_by_ELBO,8.3198823928833,,0.22567999362945557,5.690006216566365,1.715467039138248,-1133.7315307617187,0.2,1.2841205667062598
vary_B2,100,6,2.0,99,GPmodel,7.937862873077393,,0.952683181566444,1.7105904291072878,0.9787414814524587,,,1.795550149520493
vary_B2,100,6,2.0,99,GPArealModel,7.716787338256836,,0.7910805412162346,2.208981369125044,1.4157766419787865,,,2.792359632217573
vary_B2,100,6,2.0,99,VI_best_tau_by_ELBO,8.070611953735352,,0.22516825795173645,2.684647570641612,1.925858548954154,-1095.8673217773437,0.2,0.6044974166957331
vary_B2,121,6,2.0,1,GPmodel,7.938745021820068,,2.6396122111653577,4.654487385020093,0.9855393978743558,,,1.7633224173353825
vary_B2,121,6,2.0,1,GPArealModel,7.7922892570495605,,3.4431152006598458,7.61440746282808,1.9438164857327398,,,2.2114878588345923
vary_B2,121,6,2.0,1,VI_best_tau_by_ELBO,8.092711448669434,,0.21707892417907715,5.903943305975559,1.540269785841273,-1297.5843017578125,0.2,1.2816216612754383
vary_B2,121,6,2.0,10,GPmodel,7.925393581390381,,2.765324949999658,4.04759029272749,1.1186853493796292,,,1.463694273155128
vary_B2,121,6,2.0,10,GPArealModel,7.66068172454834,,2.8381964090252545,6.774025198294401,1.3325014112963978,,,2.3867358780222196
vary_B2,121,6,2.0,10,VI_best_tau_by_ELBO,8.078768730163574,,0.21784138679504395,6.20995581331124,1.3065957377806976,-1264.21181640625,0.2,1.3527853863076655
vary_B2,121,6,2.0,100,GPmodel,7.915212154388428,,1.781169887532789,2.410127857692865,0.9895865817027499,,,1.3531150928176117
vary_B2,121,6,2.0,100,GPArealModel,8.10628604888916,,2.249195293691898,3.6341807108924247,1.0910068306784706,,,1.615769302507818
vary_B2,121,6,2.0,100,VI_best_tau_by_ELBO,8.134708404541016,,0.21809545159339905,3.9248413659037555,1.4555150295153272,-1241.575537109375,0.2,0.8559900501292327
vary_B2,121,6,2.0,11,GPmodel,7.927446365356445,,1.1013138007602554,1.8306792899821207,1.0994524235372192,,,1.6622685457299926
vary_B2,121,6,2.0,11,GPArealModel,7.902263164520264,,1.2200980048845085,2.525569656483894,1.606352565569056,,,2.0699727779023442
vary_B2,121,6,2.0,11,VI_best_tau_by_ELBO,8.227038383483887,,0.21953678131103516,3.9183427483559443,1.5239984638221484,-1250.6649658203125,0.2,0.8602203550474994
vary_B2,121,6,2.0,12,GPmodel,7.970669269561768,,2.9839054294962173,3.533516172287553,1.0783018880713815,,,1.1841917432631666
vary_B2,121,6,2.0,12,GPArealModel,8.087217330932617,,3.713085875218316,5.300434843744773,1.074541730158351,,,1.4275012811097794
vary_B2,121,6,2.0,12,VI_best_tau_by_ELBO,8.118301391601562,,0.21804457902908325,4.647199266755558,1.3264136220894607,-1242.550927734375,0.2,1.01329660778398
vary_B2,121,6,2.0,13,GPmodel,7.905175685882568,,2.3895513085835907,3.7328438952275182,1.1415187628998467,,,1.5621526442301696
vary_B2,121,6,2.0,13,GPArealModel,8.036591529846191,,2.7416846807009603,5.738213458650932,1.8433207295482206,,,2.0929516435799087
vary_B2,121,6,2.0,13,VI_best_tau_by_ELBO,8.181565284729004,,0.21822090446949005,5.64660991762462,1.515991244649268,-1289.5197143554688,0.2,1.2322083234104373
vary_B2,121,6,2.0,14,GPmodel,7.932142734527588,,1.4777067549682399,2.3151256191632767,1.1890310038959646,,,1.5667016553721007
vary_B2,121,6,2.0,14,GPArealModel,7.860871315002441,,1.8541581147710984,3.6260736716153783,1.3896019940697832,,,1.9556442585604563
vary_B2,121,6,2.0,14,VI_best_tau_by_ELBO,8.110815048217773,,0.21675214171409607,3.8564867105512977,1.7584730820970553,-1287.2626953125,0.2,0.8359017540039431
vary_B2,121,6,2.0,15,GPmodel,7.924266815185547,,1.9481521791073084,2.5171045010275894,1.1475306326724382,,,1.2920471655253283
vary_B2,121,6,2.0,15,GPArealModel,8.107604026794434,,2.402686700366653,3.7889766924464983,1.4744765001704299,,,1.5769749305509935
vary_B2,121,6,2.0,15,VI_best_tau_by_ELBO,8.147845268249512,,0.21828588843345642,3.672460910530585,1.5694242286208056,-1257.6675170898438,0.2,0.8016463925923091
vary_B2,121,6,2.0,16,GPmodel,7.992753028869629,,1.6124945639080526,2.609999240364323,1.057922084148767,,,1.6186096367597738
vary_B2,121,6,2.0,16,GPArealModel,7.748562812805176,,1.6254569902066787,4.261234274453117,0.8805658821312647,,,2.6215607672961534
vary_B2,121,6,2.0,16,VI_best_tau_by_ELBO,8.094898223876953,,0.21875828504562378,5.005583005924641,1.529848972627123,-1275.8106811523437,0.2,1.0950127540295929
vary_B2,121,6,2.0,17,GPmodel,7.942497730255127,,1.5309229306357583,2.6107918244700516,1.010370463590027,,,1.7053711667809743
vary_B2,121,6,2.0,17,GPArealModel,7.897804260253906,,1.5476616312003497,3.650457474403132,1.593990823210398,,,2.358692236604636
vary_B2,121,6,2.0,17,VI_best_tau_by_ELBO,8.1746244430542,,0.21970075368881226,5.010226127753038,1.4980238835741162,-1272.2468505859374,0.2,1.1007504564187218
vary_B2,121,6,2.0,18,GPmodel,7.981540679931641,,1.8845536696928018,2.9811513774089593,1.1390867055075578,,,1.5818872263239454
vary_B2,121,6,2.0,18,GPArealModel,7.978738307952881,,2.579102316628797,3.9456089298723134,2.977707594473884,,,1.529838077548512
vary_B2,121,6,2.0,18,VI_best_tau_by_ELBO,8.178723335266113,,0.21867582201957703,5.002822349230184,1.5659659068843206,-1283.3307739257812,0.2,1.093996289635822
vary_B2,121,6,2.0,19,GPmodel,7.865207195281982,,1.8181379828027036,2.979509614332993,0.9836742422698839,,,1.638769797735597
vary_B2,121,6,2.0,19,GPArealModel,7.9898176193237305,,1.6980547281685654,4.948296467128473,1.2530882327833515,,,2.9140971636794366
vary_B2,121,6,2.0,19,VI_best_tau_by_ELBO,8.159991264343262,,0.21827584505081177,5.244109610173294,1.5021549236441936,-1275.1272705078125,0.2,1.1446624566996588
vary_B2,121,6,2.0,2,GPmodel,7.992783546447754,,1.5307180878276252,2.802339254461926,0.9315404186016683,,,1.8307350496125443
vary_B2,121,6,2.0,2,GPArealModel,7.708966255187988,,1.6239823464367613,3.838376537322394,1.0966149556070437,,,2.3635580434382892
vary_B2,121,6,2.0,2,VI_best_tau_by_ELBO,8.161492347717285,,0.2186598777770996,5.894947657760287,1.3946807111241282,-1266.5761840820312,0.2,1.288988534348264
vary_B2,121,6,2.0,20,GPmodel,7.9805378913879395,,1.431828307925161,2.3953924440763834,1.190695599320929,,,1.672960669109488
vary_B2,121,6,2.0,20,GPArealModel,8.081332206726074,,2.114605534535783,3.8371495303661636,0.6983635512274873,,,1.8145935342066193
vary_B2,121,6,2.0,20,VI_best_tau_by_ELBO,8.147528648376465,,0.21856938302516937,4.833244401688932,1.5261779296335611,-1273.0043334960938,0.2,1.0563992468870038
vary_B2,121,6,2.0,21,GPmodel,7.932065010070801,,1.8573608811255216,2.63135399544832,1.170913162934562,,,1.4167166015975179
vary_B2,121,6,2.0,21,GPArealModel,7.775956630706787,,2.444765359994147,4.459321689494784,1.67881335623964,,,1.8240284987944448
vary_B2,121,6,2.0,21,VI_best_tau_by_ELBO,8.040098190307617,,0.21856629848480225,4.891628127373308,1.4336546334532931,-1258.0240966796875,0.2,1.0691450533641287
vary_B2,121,6,2.0,22,GPmodel,7.971768856048584,,1.7769424983868791,2.9236565843466034,1.0392597294424342,,,1.6453298781478407
vary_B2,121,6,2.0,22,GPArealModel,8.31399917602539,,1.9692441639546432,3.94407117452514,1.8309310401836554,,,2.0028350200132836
vary_B2,121,6,2.0,22,VI_best_tau_by_ELBO,8.20815658569336,,0.21913616359233856,5.82777965664699,1.3468223051351922,-1260.9334716796875,0.2,1.2770772762190974
vary_B2,121,6,2.0,23,GPmodel,7.951879501342773,,1.4581544287986645,2.2276739687715623,1.250449830791356,,,1.5277352828855617
vary_B2,121,6,2.0,23,GPArealModel,7.370977878570557,,1.6434454286802829,3.7821931001110847,1.622841076714562,,,2.301380401263616
vary_B2,121,6,2.0,23,VI_best_tau_by_ELBO,8.044281959533691,,0.21789602935314178,4.290693610190555,1.589434859964012,-1270.1777465820312,0.2,0.9349251008314191
vary_B2,121,6,2.0,24,GPmodel,7.987302780151367,,2.9818568920402084,3.8683922949743503,1.0087185075299987,,,1.2973098425013845
vary_B2,121,6,2.0,24,GPArealModel,8.110346794128418,,3.8618108576755246,6.063851484329073,1.5296987069291008,,,1.5702093416296898
vary_B2,121,6,2.0,24,VI_best_tau_by_ELBO,8.217456817626953,,0.2171662598848343,4.8702862183055435,1.3549316709655912,-1249.5736572265625,0.2,1.0576618425980684
vary_B2,121,6,2.0,25,GPmodel,7.951395034790039,,2.010522775144237,3.0195747484858497,1.1565645709552885,,,1.5018853732055943
vary_B2,121,6,2.0,25,GPArealModel,8.246520042419434,,2.639884568894977,4.5477439342247195,1.921795782313001,,,1.7227056015287627
vary_B2,121,6,2.0,25,VI_best_tau_by_ELBO,8.18989086151123,,0.2177283763885498,4.517620332133734,1.5870394702775474,-1278.2841674804688,0.2,0.983614140055379
vary_B2,121,6,2.0,26,GPmodel,7.993041038513184,,2.327267547099486,3.4819909801062208,1.145497522329145,,,1.4961713295258583
vary_B2,121,6,2.0,26,GPArealModel,8.087695121765137,,2.813561523930459,5.320615631761319,2.2066297583635164,,,1.891060702425509
vary_B2,121,6,2.0,26,VI_best_tau_by_ELBO,8.188628196716309,,0.21766218543052673,4.92512312886202,1.5970066916511323,-1290.0007690429688,0.2,1.072013063742541
vary_B2,121,6,2.0,27,GPmodel,7.94114875793457,,1.6677922006160202,2.5300875049646465,1.1589906477692875,,,1.5170280230535476
vary_B2,121,6,2.0,27,GPArealModel,8.16874885559082,,2.448291832491084,3.7680792349048806,2.482606828869262,,,1.539064577555259
vary_B2,121,6,2.0,27,VI_best_tau_by_ELBO,8.26549243927002,,0.21821947395801544,4.291648327464788,1.5237613015331573,-1260.456787109375,0.2,0.9365212404321629
vary_B2,121,6,2.0,28,GPmodel,7.977524280548096,,1.1272618268913246,1.7348236474348455,1.1653937591967227,,,1.5389713428148348
vary_B2,121,6,2.0,28,GPArealModel,7.883248805999756,,1.3824402220850347,2.5218992555143696,1.2424013531823963,,,1.8242374717011425
vary_B2,121,6,2.0,28,VI_best_tau_by_ELBO,8.23918628692627,,0.21694400906562805,2.946649576148681,1.7006499831171464,-1253.6844970703125,0.2,0.6392579723612285
vary_B2,121,6,2.0,29,GPmodel,7.927156448364258,,2.8043914979338336,4.095956243905868,0.9392306330935088,,,1.4605507993172882
vary_B2,121,6,2.0,29,GPArealModel,7.971391677856445,,3.3801861899514267,6.0341768908061795,1.5953879286832668,,,1.7851610981503037
vary_B2,121,6,2.0,29,VI_best_tau_by_ELBO,8.144079208374023,,0.218282550573349,5.844569465660384,1.2203684514216118,-1245.3338500976563,0.2,1.275767529967464
vary_B2,121,6,2.0,3,GPmodel,7.950353145599365,,1.881864881080949,2.913418447648538,1.0436716291106563,,,1.5481549589123855
vary_B2,121,6,2.0,3,GPArealModel,7.937136173248291,,2.771516810544716,4.4940404960870755,1.1132668808295327,,,1.621509376738658
vary_B2,121,6,2.0,3,VI_best_tau_by_ELBO,8.250892639160156,,0.21758204698562622,4.466260790462751,1.5822513878460713,-1275.6740234375,0.2,0.9717781651605265
vary_B2,121,6,2.0,30,GPmodel,7.930624485015869,,1.7383460412570448,2.902503304563665,1.0652810864363111,,,1.6696924753053117
vary_B2,121,6,2.0,30,GPArealModel,7.828744411468506,,2.026284978791171,4.089792495148249,1.600114215288604,,,2.0183698433120263
vary_B2,121,6,2.0,30,VI_best_tau_by_ELBO,8.091864585876465,,0.21917706727981567,4.825758703569456,1.6102279414461647,-1289.9288940429688,0.2,1.0576956400483986
vary_B2,121,6,2.0,31,GPmodel,7.885237693786621,,1.7194136067831713,2.5355185343869415,1.053615923879806,,,1.4746414268121388
vary_B2,121,6,2.0,31,GPArealModel,8.104573249816895,,2.255538540039569,3.944893587452214,1.840226520164482,,,1.7489807943530011
vary_B2,121,6,2.0,31,VI_best_tau_by_ELBO,8.136080741882324,,0.21833054721355438,4.561762521359776,1.4533028632888014,-1254.1793212890625,0.2,0.9959721075467634
vary_B2,121,6,2.0,32,GPmodel,8.016889572143555,,1.956465868047301,3.1839764900306484,1.0641400968032286,,,1.6274122344942794
vary_B2,121,6,2.0,32,GPArealModel,7.945162296295166,,2.348176912186758,4.929797600885995,1.3320892682591796,,,2.099414901535286
vary_B2,121,6,2.0,32,VI_best_tau_by_ELBO,8.256380081176758,,0.21836064755916595,5.260472291084127,1.4820755202939448,-1273.878515625,0.2,1.1486801359481793
vary_B2,121,6,2.0,33,GPmodel,7.9486403465271,,2.3718323012486393,3.6270749278458307,1.13256247616162,,,1.5292290799549255
vary_B2,121,6,2.0,33,GPArealModel,7.956030368804932,,3.0913547302808255,5.867888690294492,2.1935137250558956,,,1.898160904284653
vary_B2,121,6,2.0,33,VI_best_tau_by_ELBO,8.167826652526855,,0.21827250719070435,5.290468685273405,1.5044292880829708,-1282.1787841796875,0.2,1.1547638641485354
vary_B2,121,6,2.0,34,GPmodel,7.9788336753845215,,1.925860226512376,2.6004307179971673,1.0102373828507023,,,1.3502697039994436
vary_B2,121,6,2.0,34,GPArealModel,7.943497657775879,,2.8878356095684006,4.534500505130854,1.0561489684157055,,,1.5702072826120994
vary_B2,121,6,2.0,34,VI_best_tau_by_ELBO,8.148781776428223,,0.21806462109088898,4.317440189929404,1.4118948670192109,-1242.9202392578125,0.2,0.9414809590995312
vary_B2,121,6,2.0,35,GPmodel,7.920773029327393,,1.5775855464613537,2.107086638694966,1.167499464179152,,,1.3356401771183337
vary_B2,121,6,2.0,35,GPArealModel,7.992368221282959,,2.4280420682780726,3.305513418948836,1.4961973253604137,,,1.361390505599045
vary_B2,121,6,2.0,35,VI_best_tau_by_ELBO,8.159486770629883,,0.2179834246635437,3.4760123239436616,1.4526613283407552,-1229.96953125,0.2,0.7577130705459226
vary_B2,121,6,2.0,36,GPmodel,7.940112590789795,,1.4169714309331807,2.0722153744606056,0.9687306866105249,,,1.4624256560316802
vary_B2,121,6,2.0,36,GPArealModel,7.826885223388672,,1.3846310320237005,3.021073639524934,0.8543908423071677,,,2.181861860418872
vary_B2,121,6,2.0,36,VI_best_tau_by_ELBO,8.057358741760254,,0.21862179040908813,3.6487170379815654,1.5259040215172777,-1244.7100219726562,0.2,0.7976890515396746
vary_B2,121,6,2.0,37,GPmodel,7.873818874359131,,1.3133550953502593,2.4046439064904748,0.8789348625579851,,,1.8309167985137937
vary_B2,121,6,2.0,37,GPArealModel,7.398537635803223,,1.4731099846510238,3.3155259419786827,0.9171502844910029,,,2.2506981668202615
vary_B2,121,6,2.0,37,VI_best_tau_by_ELBO,7.992447376251221,,0.21922168135643005,4.684866099553818,1.4759998168776753,-1257.5542724609375,0.2,1.0270242232739284
vary_B2,121,6,2.0,38,GPmodel,7.919384479522705,,1.879950588697695,2.8471616454516826,1.0995502514855802,,,1.514487488431282
vary_B2,121,6,2.0,38,GPArealModel,7.880912780761719,,2.3113922167843497,4.80190350808852,1.576708289194254,,,2.07749401993272
vary_B2,121,6,2.0,38,VI_best_tau_by_ELBO,8.079262733459473,,0.21848951280117035,5.040712016815969,1.4935816838839409,-1273.1496459960938,0.2,1.1013427127251258
vary_B2,121,6,2.0,39,GPmodel,7.895811080932617,,2.111982751054118,2.8908101424293142,0.950783246757661,,,1.3687659811551365
vary_B2,121,6,2.0,39,GPArealModel,7.779794692993164,,2.4405143459745147,4.516317666210296,0.8840147301765807,,,1.8505597697713585
vary_B2,121,6,2.0,39,VI_best_tau_by_ELBO,8.029375076293945,,0.21832984685897827,4.581869568359914,1.3702696826832625,-1241.3364135742188,0.2,1.000358881187833
vary_B2,121,6,2.0,4,GPmodel,7.943709850311279,,2.5540299796195427,3.95485748991982,1.1127041676603684,,,1.5484773168202783
vary_B2,121,6,2.0,4,GPArealModel,7.82808256149292,,4.225262062347468,6.067641939578546,1.884221320000052,,,1.436039197106626
vary_B2,121,6,2.0,4,VI_best_tau_by_ELBO,8.137869834899902,,0.2187378704547882,6.158355906733291,1.3573998780712768,-1274.8833374023438,0.2,1.3470656565415065
vary_B2,121,6,2.0,40,GPmodel,7.953345775604248,,1.580108685606873,2.5643330670529765,1.0810540018425072,,,1.6228839765336092
vary_B2,121,6,2.0,40,GPArealModel,7.496719837188721,,1.9675538523577818,3.8197174851905067,1.5278381842851918,,,1.94135346314065
vary_B2,121,6,2.0,40,VI_best_tau_by_ELBO,8.111027717590332,,0.21838690340518951,4.130579567324289,1.715020467088684,-1288.813427734375,0.2,0.902064480976699
vary_B2,121,6,2.0,41,GPmodel,7.97089147567749,,1.5472769133603077,2.4212572743145273,1.0003977746690742,,,1.5648506439976202
vary_B2,121,6,2.0,41,GPArealModel,8.122457504272461,,1.5881503567235622,3.2646900755995194,1.8380917332718039,,,2.0556555377632804
vary_B2,121,6,2.0,41,VI_best_tau_by_ELBO,8.205796241760254,,0.21850715577602386,4.19674970010011,1.571944857525977,-1264.6496826171874,0.2,0.9170198404727562
vary_B2,121,6,2.0,42,GPmodel,7.952953815460205,,1.9052423395982094,2.7811535070809743,1.0449529289050055,,,1.459737404149586
vary_B2,121,6,2.0,42,GPArealModel,7.784273147583008,,2.6285270459244314,4.7529428846525015,1.6613225741014481,,,1.80821532425242
vary_B2,121,6,2.0,42,VI_best_tau_by_ELBO,8.051362991333008,,0.21700283885002136,4.146959778354564,1.5949876938561516,-1270.8371948242188,0.2,0.8999020444997957
vary_B2,121,6,2.0,43,GPmodel,8.000391960144043,,1.5199439447362728,2.4684282677798453,1.147928505305561,,,1.6240258572220865
vary_B2,121,6,2.0,43,GPArealModel,7.578015327453613,,1.5088954257155114,3.761450086846292,1.263928925750646,,,2.4928500827435602
vary_B2,121,6,2.0,43,VI_best_tau_by_ELBO,8.114011764526367,,0.2194468080997467,4.926821190624136,1.5460024720165353,-1277.928076171875,0.2,1.0811751843606605
vary_B2,121,6,2.0,44,GPmodel,7.982442378997803,,2.0460030179674558,2.792719368659363,1.1618070690645863,,,1.3649634649286644
vary_B2,121,6,2.0,44,GPArealModel,7.9218831062316895,,2.5366853650818957,4.384096643254582,1.2510284495361614,,,1.7282776585550423
vary_B2,121,6,2.0,44,VI_best_tau_by_ELBO,8.166104316711426,,0.21827179193496704,4.612094191219621,1.5022454397416976,-1267.5497924804688,0.2,1.0066900636903593
vary_B2,121,6,2.0,45,GPmodel,7.914007186889648,,1.6781990690998212,2.9097941289371847,0.9576221912947693,,,1.7338790031018108
vary_B2,121,6,2.0,45,GPArealModel,8.133625030517578,,1.9022370415062424,4.149908004397477,1.1887345488065688,,,2.181593520601128
vary_B2,121,6,2.0,45,VI_best_tau_by_ELBO,8.116031646728516,,0.21963036060333252,5.494223286255523,1.3828175399093394,-1263.8711059570312,0.2,1.2066982415955272
vary_B2,121,6,2.0,46,GPmodel,7.998868465423584,,3.879877608335981,4.716437569650369,1.0613882273763082,,,1.2156150388654077
vary_B2,121,6,2.0,46,GPArealModel,8.151581764221191,,4.515756701776188,7.270594636268208,1.4949972615545783,,,1.6100501236943205
vary_B2,121,6,2.0,46,VI_best_tau_by_ELBO,8.209248542785645,,0.2165389358997345,5.05136560978925,1.3417643599996116,-1255.6022583007812,0.2,1.0938173339842776
vary_B2,121,6,2.0,47,GPmodel,7.965531349182129,,2.006790700060275,2.891886909002498,1.0974981329043185,,,1.4410505833596092
vary_B2,121,6,2.0,47,GPArealModel,7.693195819854736,,2.756311480625131,5.500890128519221,1.3793256017238602,,,1.995743284888695
vary_B2,121,6,2.0,47,VI_best_tau_by_ELBO,8.099079132080078,,0.218068927526474,5.439671914375345,1.3544304612525027,-1253.6299072265624,0.2,1.1862234204637132
vary_B2,121,6,2.0,48,GPmodel,7.993475437164307,,1.5011148093943898,2.490424937146901,1.1255639966243007,,,1.6590502748764693
vary_B2,121,6,2.0,48,GPArealModel,7.5854411125183105,,1.633850400921765,3.997616063285725,1.5641119147314029,,,2.4467454676575047
vary_B2,121,6,2.0,48,VI_best_tau_by_ELBO,8.156819343566895,,0.2190987467765808,5.997851481591756,1.3518425773698564,-1262.045458984375,0.2,1.3141217429688121
vary_B2,121,6,2.0,49,GPmodel,7.967233180999756,,1.6953658360699342,3.208295803776998,1.1655837035567829,,,1.8923914446773453
vary_B2,121,6,2.0,49,GPArealModel,8.1431884765625,,1.5094018119997523,4.785236961192677,1.364466904369822,,,3.170287012477405
vary_B2,121,6,2.0,49,VI_best_tau_by_ELBO,8.216645240783691,,0.21846185624599457,6.297710242767882,1.5969937126203915,-1308.5420043945312,0.2,1.3758094697344845
vary_B2,121,6,2.0,5,GPmodel,7.979409694671631,,1.5177983872604173,2.439264676773564,1.0394673346318004,,,1.6071071739484233
vary_B2,121,6,2.0,5,GPArealModel,8.106497764587402,,1.8999434569766358,3.911730799011123,0.9437278844673616,,,2.0588669545123346
vary_B2,121,6,2.0,5,VI_best_tau_by_ELBO,8.201659202575684,,0.21874023973941803,4.644268365631904,1.4789310551190105,-1259.8784423828124,0.2,1.0158883757125177
vary_B2,121,6,2.0,50,GPmodel,7.943048477172852,,1.8403833778979417,2.6141428148256955,0.9520092656759924,,,1.420433832548265
vary_B2,121,6,2.0,50,GPArealModel,7.669891357421875,,1.9696473921317106,4.029920842336127,1.185835180189856,,,2.046011310671512
vary_B2,121,6,2.0,50,VI_best_tau_by_ELBO,7.992523193359375,,0.2185443639755249,4.6588867996582435,1.3598802214134993,-1240.3845947265625,0.2,1.0181734524652795
vary_B2,121,6,2.0,51,GPmodel,7.933671474456787,,1.8902112400527618,3.0563418679550014,1.049118979307173,,,1.6169313795159155
vary_B2,121,6,2.0,51,GPArealModel,7.848608493804932,,1.9858119721581537,4.444163631952116,1.5489276043143076,,,2.237957920619372
vary_B2,121,6,2.0,51,VI_best_tau_by_ELBO,8.13789176940918,,0.21905940771102905,5.761641212933236,1.4083702173788748,-1271.8802612304687,0.2,1.2621417115486098
vary_B2,121,6,2.0,52,GPmodel,7.876895427703857,,1.2377540467357273,2.217268764354664,0.9757981003133883,,,1.7913645850742046
vary_B2,121,6,2.0,52,GPArealModel,7.633307933807373,,1.3276708488887767,3.1126848485162384,1.6585599662023205,,,2.344470281260953
vary_B2,121,6,2.0,52,VI_best_tau_by_ELBO,8.026163101196289,,0.21848522126674652,4.153883838416529,1.6612609846425366,-1277.4323120117188,0.2,0.9075622295527976
vary_B2,121,6,2.0,53,GPmodel,7.926942825317383,,2.119693465072044,2.6201242198399233,1.073403677609217,,,1.236086379004273
vary_B2,121,6,2.0,53,GPArealModel,7.923274993896484,,2.5479672383602425,4.438506476600624,1.0602103307193904,,,1.7419794139335356
vary_B2,121,6,2.0,53,VI_best_tau_by_ELBO,8.132579803466797,,0.2175062745809555,3.983703461578293,1.4635824241943696,-1245.6164184570312,0.2,0.8664804989631512
vary_B2,121,6,2.0,54,GPmodel,7.927142143249512,,1.241779224040138,1.8850717983426653,1.0976944065888201,,,1.518041018764648
vary_B2,121,6,2.0,54,GPArealModel,7.911557197570801,,1.464378330650831,2.676941710670049,1.4378732473976872,,,1.8280396907268521
vary_B2,121,6,2.0,54,VI_best_tau_by_ELBO,8.154169082641602,,0.21839000284671783,3.858508405287731,1.548535574275925,-1252.6844116210937,0.2,0.8426596616148723
vary_B2,121,6,2.0,55,GPmodel,7.9554009437561035,,1.9243411183075625,3.1595545009534027,1.2238866427790593,,,1.6418889930139815
vary_B2,121,6,2.0,55,GPArealModel,8.220979690551758,,2.700108705975806,5.101391081939847,1.7917667130741466,,,1.8893280372933097
vary_B2,121,6,2.0,55,VI_best_tau_by_ELBO,8.259634017944336,,0.21859893202781677,5.675198171257939,1.5053669809142847,-1288.4787475585938,0.2,1.2405922592832044
vary_B2,121,6,2.0,56,GPmodel,7.959125518798828,,1.5686999643364559,2.604683299710746,1.248276859231756,,,1.6604088474066492
vary_B2,121,6,2.0,56,GPArealModel,8.139546394348145,,1.9780644835830783,3.9829418792903564,1.6481559628749958,,,2.0135551253999724
vary_B2,121,6,2.0,56,VI_best_tau_by_ELBO,8.159440040588379,,0.21938860416412354,5.715288205951394,1.397247946548778,-1269.4281494140625,0.2,1.2538691018993542
vary_B2,121,6,2.0,57,GPmodel,7.9363112449646,,1.3736119883498195,2.2779678050539958,1.4407061923529132,,,1.658377929411215
vary_B2,121,6,2.0,57,GPArealModel,8.033666610717773,,2.251939214225387,3.5369348261351043,1.761374373770361,,,1.570617361158092
vary_B2,121,6,2.0,57,VI_best_tau_by_ELBO,8.156268119812012,,0.2188309282064438,4.469152585935342,1.4795049979719,-1257.76787109375,0.2,0.9779888086764594
vary_B2,121,6,2.0,58,GPmodel,8.005537033081055,,1.681936486782827,3.2793401116482115,1.1964207450494189,,,1.949740752649266
vary_B2,121,6,2.0,58,GPArealModel,8.515657424926758,,1.7138132287417491,4.504792609106486,1.711036252531373,,,2.6285201523469532
vary_B2,121,6,2.0,58,VI_best_tau_by_ELBO,8.384262084960938,,0.21943795680999756,5.988364990032104,1.631071084904032,-1312.7123779296876,0.2,1.3140745780451664
vary_B2,121,6,2.0,59,GPmodel,7.944828033447266,,2.082840115151943,2.8289501392735557,1.0508269936273626,,,1.3582176177105096
vary_B2,121,6,2.0,59,GPArealModel,7.950222015380859,,3.2643826367825564,4.127845022935566,2.255666934441446,,,1.2645101638587493
vary_B2,121,6,2.0,59,VI_best_tau_by_ELBO,8.130837440490723,,0.21799176931381226,4.288414694663076,1.4571873017748032,-1249.7811645507813,0.2,0.9348391068409558
vary_B2,121,6,2.0,6,GPmodel,7.916810035705566,,1.698553270187449,2.688938726310247,1.0197593064248969,,,1.5830758878781002
vary_B2,121,6,2.0,6,GPArealModel,7.979326248168945,,2.3218572649730502,3.823955005322031,2.4718798423492427,,,1.6469380194076726
vary_B2,121,6,2.0,6,VI_best_tau_by_ELBO,8.165992736816406,,0.21879106760025024,4.8676637798605356,1.4598847489039628,-1262.3983764648438,0.2,1.0650013551147561
vary_B2,121,6,2.0,60,GPmodel,7.979901313781738,,1.8996912760862512,2.7602450626176402,1.1176349092903826,,,1.4529966512792036
vary_B2,121,6,2.0,60,GPArealModel,8.072551727294922,,2.0979805951851698,4.129652819240373,1.3656693887887938,,,1.9683941923570967
vary_B2,121,6,2.0,60,VI_best_tau_by_ELBO,8.214923858642578,,0.21802139282226562,4.450465478610018,1.4973193076196147,-1257.8145751953125,0.2,0.970296682353967
vary_B2,121,6,2.0,61,GPmodel,8.020792961120605,,1.9185020325122963,2.61247129810523,1.072450769150442,,,1.361724540205034
vary_B2,121,6,2.0,61,GPArealModel,8.362964630126953,,2.5849486944186286,4.051141195631216,1.2127369728096733,,,1.567203714479271
vary_B2,121,6,2.0,61,VI_best_tau_by_ELBO,8.31268310546875,,0.2178983986377716,4.005440135451187,1.5046477403406344,-1253.5000366210938,0.2,0.8727789913542727
vary_B2,121,6,2.0,62,GPmodel,8.010074615478516,,2.1104234985100696,3.1715943447763624,1.3377406346832013,,,1.5028236498577014
vary_B2,121,6,2.0,62,GPArealModel,7.9523024559021,,3.4147844298360983,6.021458891672134,1.0234860922966138,,,1.763349639016935
vary_B2,121,6,2.0,62,VI_best_tau_by_ELBO,8.244068145751953,,0.21770814061164856,5.013964088606393,1.576120060012341,-1290.2048583984374,0.2,1.0915807988240769
vary_B2,121,6,2.0,63,GPmodel,8.017684936523438,,1.7218082984446694,2.6124521451783225,1.1028615940043456,,,1.5172723627468765
vary_B2,121,6,2.0,63,GPArealModel,8.158524513244629,,1.8845213194626786,4.058836799653571,1.7823378839711597,,,2.153776005469039
vary_B2,121,6,2.0,63,VI_best_tau_by_ELBO,8.258645057678223,,0.21771526336669922,4.382568629069145,1.5742869826187516,-1270.6082153320312,0.2,0.9541520833004229
vary_B2,121,6,2.0,64,GPmodel,7.938826560974121,,1.3765661736107917,2.3601128944776097,1.0757577544236405,,,1.7144928734424247
vary_B2,121,6,2.0,64,GPArealModel,7.960808277130127,,1.5833429926414904,3.7060259384354066,1.1652881630361365,,,2.3406336818105626
vary_B2,121,6,2.0,64,VI_best_tau_by_ELBO,8.169393539428711,,0.21916906535625458,4.507075291053921,1.638886146998412,-1284.6790771484375,0.2,0.9878114790305569
vary_B2,121,6,2.0,65,GPmodel,7.921879768371582,,1.3821530060189573,2.133847530335786,1.066214620118649,,,1.5438576778716773
vary_B2,121,6,2.0,65,GPArealModel,7.872424125671387,,1.309979417186579,3.24695013574278,0.9609870081878956,,,2.4786268342415645
vary_B2,121,6,2.0,65,VI_best_tau_by_ELBO,8.133429527282715,,0.21865177154541016,4.107990997070043,1.6024344548834057,-1266.9808959960938,0.2,0.8982195090019607
vary_B2,121,6,2.0,66,GPmodel,7.872997760772705,,2.0898892865139485,3.3401977478431286,1.108969083256519,,,1.5982654054439238
vary_B2,121,6,2.0,66,GPArealModel,7.730726718902588,,2.4996745012349635,5.402886772594707,1.5583743776403445,,,2.161436126953894
vary_B2,121,6,2.0,66,VI_best_tau_by_ELBO,8.065332412719727,,0.21757061779499054,6.196005209412109,1.4019431530589788,-1274.81005859375,0.2,1.3480686812727725
vary_B2,121,6,2.0,67,GPmodel,7.838656425476074,,2.1762462315733924,3.165932311112912,0.8108662521745744,,,1.4547675098437698
vary_B2,121,6,2.0,67,GPArealModel,7.914563179016113,,2.1160716392878456,4.200434346724956,0.8684900729687521,,,1.9850151898158765
vary_B2,121,6,2.0,67,VI_best_tau_by_ELBO,8.071907997131348,,0.2187979519367218,5.120038504233119,1.2165297766608842,-1223.2605712890625,0.2,1.120253938563363
vary_B2,121,6,2.0,68,GPmodel,7.919165134429932,,1.9512138514470336,2.6399646609453438,1.1214845812673861,,,1.352985813926817
vary_B2,121,6,2.0,68,GPArealModel,7.772669315338135,,2.6015139128076212,3.9345438927298693,1.357556893524058,,,1.5124054779640244
vary_B2,121,6,2.0,68,VI_best_tau_by_ELBO,8.092751502990723,,0.21791678667068481,4.040221240895125,1.5380721156750552,-1260.4763793945312,0.2,0.8804320302545124
vary_B2,121,6,2.0,69,GPmodel,7.9794392585754395,,2.1489538678407354,2.9041805309332993,0.9231340171532124,,,1.3514392162598698
vary_B2,121,6,2.0,69,GPArealModel,8.20985221862793,,2.1554285693315465,3.890064028322946,1.286097404596121,,,1.8047752004741007
vary_B2,121,6,2.0,69,VI_best_tau_by_ELBO,8.269659996032715,,0.2188977599143982,4.120889793802644,1.3937409955867248,-1236.3334594726562,0.2,0.9020535447175051
vary_B2,121,6,2.0,7,GPmodel,7.924141883850098,,1.903742558410682,3.0522937707564295,1.0999168519253875,,,1.6033122531570667
vary_B2,121,6,2.0,7,GPArealModel,7.81283712387085,,1.8673447469404092,4.861697413860074,1.2016421416925942,,,2.603535004356226
vary_B2,121,6,2.0,7,VI_best_tau_by_ELBO,8.11161994934082,,0.21844825148582458,5.685576676203051,1.4321175453841306,-1271.5482055664063,0.2,1.2420042836051428
vary_B2,121,6,2.0,70,GPmodel,7.962854385375977,,2.7370302669196542,3.6138892805362803,1.045230600828209,,,1.3203687676437252
vary_B2,121,6,2.0,70,GPArealModel,7.764243125915527,,3.9118105396289264,5.572628789236024,1.8385095284694897,,,1.4245651042610674
vary_B2,121,6,2.0,70,VI_best_tau_by_ELBO,8.128576278686523,,0.2178468555212021,4.384028348630385,1.4915256031439863,-1267.0197631835938,0.2,0.9550467902649377
vary_B2,121,6,2.0,71,GPmodel,7.981053829193115,,2.065386834210406,2.778487551722833,1.2555239558829905,,,1.3452625463186147
vary_B2,121,6,2.0,71,GPArealModel,7.915452480316162,,2.681676313455783,4.113109554732595,1.333770961336112,,,1.533783005090638
vary_B2,121,6,2.0,71,VI_best_tau_by_ELBO,8.210389137268066,,0.21893326938152313,4.4928974698374065,1.527718725997221,-1269.7805541992188,0.2,0.9836447320674766
vary_B2,121,6,2.0,72,GPmodel,7.920513153076172,,1.5219026621309657,2.5127548106122255,1.1282107562760317,,,1.65106144639623
vary_B2,121,6,2.0,72,GPArealModel,7.401332378387451,,1.945901353944704,4.216428016305016,0.8412380485807737,,,2.166825161901209
vary_B2,121,6,2.0,72,VI_best_tau_by_ELBO,7.997055530548096,,0.2187844216823578,5.22688862764516,1.481948764045671,-1272.4271240234375,0.2,1.143561805597439
vary_B2,121,6,2.0,73,GPmodel,7.9909138679504395,,2.1078376879835514,3.0059554601645946,1.0760392466832167,,,1.4260848818203937
vary_B2,121,6,2.0,73,GPArealModel,7.930937767028809,,2.4980329972941244,4.461169356350895,1.7263092676046763,,,1.7858728692468215
vary_B2,121,6,2.0,73,VI_best_tau_by_ELBO,8.134039878845215,,0.21865272521972656,4.868327564575566,1.4440882571393434,-1262.8635620117188,0.2,1.0644730892567618
vary_B2,121,6,2.0,74,GPmodel,7.989070892333984,,2.2124822306616307,3.207947785270214,1.1568571060255621,,,1.449931547839322
vary_B2,121,6,2.0,74,GPArealModel,7.929611682891846,,3.0335811931437773,5.330057449715161,1.556105748788367,,,1.7570182270913564
vary_B2,121,6,2.0,74,VI_best_tau_by_ELBO,8.197491645812988,,0.21816952526569366,5.139429513277582,1.4793455413085128,-1275.2779174804687,0.2,1.121266897048265
vary_B2,121,6,2.0,75,GPmodel,7.93454122543335,,1.7649507815073027,3.351232053480109,1.075126107906434,,,1.8987679931890742
vary_B2,121,6,2.0,75,GPArealModel,7.857898235321045,,1.8123340030832513,4.947142790672227,2.2008891846162,,,2.7297080903717803
vary_B2,121,6,2.0,75,VI_best_tau_by_ELBO,8.10871696472168,,0.21848450601100922,5.612878933758802,1.7358585537813276,-1320.1271240234375,0.2,1.226327081141892
vary_B2,121,6,2.0,76,GPmodel,7.946781635284424,,1.650481563430894,2.578097909728,1.057351508529338,,,1.5620276935228823
vary_B2,121,6,2.0,76,GPArealModel,7.550128936767578,,2.2319769954122477,3.9014150890624495,2.063368871629962,,,1.7479638441980696
vary_B2,121,6,2.0,76,VI_best_tau_by_ELBO,8.014812469482422,,0.218433678150177,4.382511656180958,1.5850607580455156,-1273.3252807617187,0.2,0.9572881405956305
vary_B2,121,6,2.0,77,GPmodel,7.923880100250244,,4.360140397726123,5.535455692395682,1.0072428297556804,,,1.2695590479798549
vary_B2,121,6,2.0,77,GPArealModel,7.801659107208252,,8.050295964915529,6.0483347813793715,3.3350261780648314,,,0.7513183127352059
vary_B2,121,6,2.0,77,VI_best_tau_by_ELBO,8.117036819458008,,0.21694540977478027,4.65197386447977,1.4135913274723402,-1264.2412719726562,0.2,1.009224376291132
vary_B2,121,6,2.0,78,GPmodel,7.919271469116211,,2.401545863759691,3.7443708690389435,1.1167316502859639,,,1.5591502646453816
vary_B2,121,6,2.0,78,GPArealModel,7.928870677947998,,2.9723466933400244,5.442239998712451,1.534820613932728,,,1.8309573411831745
vary_B2,121,6,2.0,78,VI_best_tau_by_ELBO,8.051159858703613,,0.2189493626356125,6.62970710676436,1.2795356385979788,-1269.9180297851562,0.2,1.451570145486847
vary_B2,121,6,2.0,79,GPmodel,7.92455530166626,,1.291913941612869,2.2493760171839186,1.0438373751850853,,,1.7411190828823484
vary_B2,121,6,2.0,79,GPArealModel,7.4926862716674805,,1.6682013153716944,3.1426679430324476,1.880336765706375,,,1.8838661221965438
vary_B2,121,6,2.0,79,VI_best_tau_by_ELBO,8.044830322265625,,0.21918083727359772,4.3518679960430475,1.5675394036630936,-1267.985546875,0.2,0.953846071076889
vary_B2,121,6,2.0,8,GPmodel,7.880406856536865,,1.461213486342201,2.2850980247776813,1.158915455294198,,,1.5638358433837607
vary_B2,121,6,2.0,8,GPArealModel,8.153939247131348,,1.651567700618761,3.3526653591997757,1.202790796390644,,,2.029989662515014
vary_B2,121,6,2.0,8,VI_best_tau_by_ELBO,8.157376289367676,,0.2180326133966446,4.124554263001415,1.5587581622933062,-1260.4228393554688,0.2,0.8992873450584699
vary_B2,121,6,2.0,80,GPmodel,7.988610744476318,,1.5398099246108292,2.646724738772212,1.0926131246439101,,,1.7188645796273485
vary_B2,121,6,2.0,80,GPArealModel,7.80433988571167,,1.573186225609676,4.1533847807831945,1.6300189025132814,,,2.6401100601892082
vary_B2,121,6,2.0,80,VI_best_tau_by_ELBO,8.232576370239258,,0.2187385857105255,5.976638014360674,1.3457246499639688,-1258.0292724609376,0.2,1.3073213465650173
vary_B2,121,6,2.0,81,GPmodel,7.974349498748779,,2.069139822140956,3.5618162096249333,0.9810343178267124,,,1.721399477943203
vary_B2,121,6,2.0,81,GPArealModel,7.917057037353516,,2.5692546921315844,5.960381886313117,1.2223119511755494,,,2.3198875162384467
vary_B2,121,6,2.0,81,VI_best_tau_by_ELBO,8.10196304321289,,0.21767717599868774,6.0674062758906375,1.4259894201683754,-1278.003955078125,0.2,1.3207358637725888
vary_B2,121,6,2.0,82,GPmodel,7.9346795082092285,,1.1234323744165653,1.9183579548661056,1.1526317173967966,,,1.707586498797821
vary_B2,121,6,2.0,82,GPArealModel,8.19422435760498,,1.0677520255950432,2.810814576278314,1.687182275699877,,,2.6324600739688475
vary_B2,121,6,2.0,82,VI_best_tau_by_ELBO,8.21036434173584,,0.2186841517686844,3.673900065913249,1.7256548443541149,-1276.8306518554687,0.2,0.8034237195971525
vary_B2,121,6,2.0,83,GPmodel,7.972136497497559,,1.441244242834336,2.0369749416454557,1.234175308276517,,,1.4133447205586487
vary_B2,121,6,2.0,83,GPArealModel,7.960551738739014,,1.7443540671354594,3.368100822819042,1.2971505613541061,,,1.9308584686307777
vary_B2,121,6,2.0,83,VI_best_tau_by_ELBO,8.083888053894043,,0.21811625361442566,3.407236608606911,1.683951870113142,-1267.0773559570312,0.2,0.7431736842472605
vary_B2,121,6,2.0,84,GPmodel,7.981375694274902,,2.1505155670871514,3.2515261623192933,1.1037146469057055,,,1.5119751803161547
vary_B2,121,6,2.0,84,GPArealModel,8.022259712219238,,2.420869955302345,5.4353777939554355,1.4279231132725168,,,2.245216758566697
vary_B2,121,6,2.0,84,VI_best_tau_by_ELBO,8.146271705627441,,0.2181238830089569,5.386113354067419,1.490040431197787,-1280.3509033203125,0.2,1.1748399591155823
vary_B2,121,6,2.0,85,GPmodel,7.943771839141846,,1.5643574974435388,2.8797496860838447,1.0344682320822562,,,1.8408513979636432
vary_B2,121,6,2.0,85,GPArealModel,7.7712812423706055,,1.3463383625823924,4.3041814393712094,1.089193102109491,,,3.196953722031229
vary_B2,121,6,2.0,85,VI_best_tau_by_ELBO,8.106101989746094,,0.21890297532081604,6.052484098833195,1.5057770845739262,-1289.133203125,0.2,1.3249067773165144
vary_B2,121,6,2.0,86,GPmodel,8.03570556640625,,2.282219701942012,3.8631917353211147,1.1281871529658605,,,1.6927343726083008
vary_B2,121,6,2.0,86,GPArealModel,7.9197492599487305,,3.16118882359256,6.665857775671756,1.8760323468695064,,,2.1086553659570026
vary_B2,121,6,2.0,86,VI_best_tau_by_ELBO,8.277810096740723,,0.21779990196228027,5.550431928658347,1.6156705378564278,-1304.5605224609376,0.2,1.2088835299100982
vary_B2,121,6,2.0,87,GPmodel,7.890990257263184,,1.4729073026060142,2.347698849808961,1.0802727258825855,,,1.593921657972079
vary_B2,121,6,2.0,87,GPArealModel,7.664710998535156,,1.5417036339823926,3.2875104999256526,2.0033602338753718,,,2.132388111088281
vary_B2,121,6,2.0,87,VI_best_tau_by_ELBO,8.095284461975098,,0.21883922815322876,4.430058396873274,1.5864237248321422,-1272.9666625976563,0.2,0.9694705602454772
vary_B2,121,6,2.0,88,GPmodel,7.954507350921631,,2.0313421312376505,3.280256574458978,0.9919032999728142,,,1.614822300987964
vary_B2,121,6,2.0,88,GPArealModel,7.793570041656494,,2.2282394165518395,5.315624391763072,0.9851889744688347,,,2.38557147507466
vary_B2,121,6,2.0,88,VI_best_tau_by_ELBO,8.130940437316895,,0.21918128430843353,6.227846648672673,1.3151284391397404,-1264.8221435546875,0.2,1.3650274269320501
vary_B2,121,6,2.0,89,GPmodel,7.925021171569824,,1.5416381158813166,2.756870448360247,1.0424785229552744,,,1.788273408629503
vary_B2,121,6,2.0,89,GPArealModel,7.838437557220459,,1.6940702425391914,4.088487068044954,0.9242458152283126,,,2.4134105926545546
vary_B2,121,6,2.0,89,VI_best_tau_by_ELBO,8.120253562927246,,0.21840767562389374,5.414693853994062,1.563090293060446,-1287.2675659179688,0.2,1.182610698865826
vary_B2,121,6,2.0,9,GPmodel,7.999138355255127,,2.4203959923222196,3.4682584562623644,1.2294447237924757,,,1.4329301764108384
vary_B2,121,6,2.0,9,GPArealModel,8.09852123260498,,2.8577238836579024,5.421274107438998,1.3302598296476493,,,1.8970601528163515
vary_B2,121,6,2.0,9,VI_best_tau_by_ELBO,8.200620651245117,,0.21806485950946808,5.41326144096503,1.4587147819900406,-1276.3390991210938,0.2,1.18044209561206
vary_B2,121,6,2.0,90,GPmodel,7.9701361656188965,,1.4814059932025943,2.0217102042878903,0.9088839337752557,,,1.3647239268400915
vary_B2,121,6,2.0,90,GPArealModel,8.054357528686523,,1.639044687500974,2.976331692184525,1.367822981773372,,,1.8158941698670166
vary_B2,121,6,2.0,90,VI_best_tau_by_ELBO,8.128705978393555,,0.21892380714416504,4.071001433694076,1.2664857288646092,-1206.0093994140625,0.2,0.8912391327536613
vary_B2,121,6,2.0,91,GPmodel,7.948814868927002,,1.7455737683677923,2.934951802342114,1.0056122944445363,,,1.6813679579330847
vary_B2,121,6,2.0,91,GPArealModel,8.174694061279297,,2.055235498173051,4.056249505362627,0.9633616901760026,,,1.9736178695669309
vary_B2,121,6,2.0,91,VI_best_tau_by_ELBO,8.199999809265137,,0.2190726101398468,4.406928078504729,1.6122021025894953,-1279.3394165039062,0.2,0.9654372368566106
vary_B2,121,6,2.0,92,GPmodel,7.9493255615234375,,1.7152704222605193,2.426811225327614,1.0504303984603443,,,1.4148271863333188
vary_B2,121,6,2.0,92,GPArealModel,7.853094100952148,,1.9307536261879816,3.527327020678488,1.4239760307623965,,,1.8269172062324337
vary_B2,121,6,2.0,92,VI_best_tau_by_ELBO,8.229486465454102,,0.21733243763446808,3.5437841028246684,1.6402194474290595,-1260.7783325195312,0.2,0.7701792375171617
vary_B2,121,6,2.0,93,GPmodel,7.9305009841918945,,1.806379611253307,3.077189383579391,1.1970967976766227,,,1.7035120217307853
vary_B2,121,6,2.0,93,GPArealModel,7.697660446166992,,2.0909944888974694,4.5759924213747505,1.5354964062091723,,,2.1884287336345682
vary_B2,121,6,2.0,93,VI_best_tau_by_ELBO,8.132546424865723,,0.21945004165172577,5.864857207737848,1.518552327676229,-1294.5361694335938,0.2,1.2870431585194948
vary_B2,121,6,2.0,94,GPmodel,7.979461669921875,,2.062407834049342,3.1570127715416194,1.1510026865750396,,,1.5307412624316523
vary_B2,121,6,2.0,94,GPArealModel,8.059494972229004,,2.4615461729562793,4.462396949230629,1.4522974813552982,,,1.8128430814163274
vary_B2,121,6,2.0,94,VI_best_tau_by_ELBO,8.191141128540039,,0.2195807546377182,5.416721953966445,1.4224171526555163,-1267.76025390625,0.2,1.1894078943146476
vary_B2,121,6,2.0,95,GPmodel,7.953239917755127,,2.0153487412771374,3.7340722687804813,1.0024830252514907,,,1.8528169305398627
vary_B2,121,6,2.0,95,GPArealModel,8.187751770019531,,1.8804387583649325,5.244176386764583,1.3841308641158996,,,2.788804667759809
vary_B2,121,6,2.0,95,VI_best_tau_by_ELBO,8.238859176635742,,0.21865153312683105,6.223589526589684,1.488476542272939,-1289.892578125,0.2,1.3607973915409233
vary_B2,121,6,2.0,96,GPmodel,7.9289703369140625,,2.8133908091505657,3.923522982446536,1.1614428066775453,,,1.3945886826974982
vary_B2,121,6,2.0,96,GPArealModel,7.894324779510498,,2.898224990515131,6.662940524884848,1.2786047839926393,,,2.2989728356805648
vary_B2,121,6,2.0,96,VI_best_tau_by_ELBO,8.134613037109375,,0.21732205152511597,5.384511033726871,1.466000232206659,-1279.237060546875,0.2,1.1701729843091464
vary_B2,121,6,2.0,97,GPmodel,7.913843631744385,,1.9755928024029723,3.504810881824588,1.0936999793618574,,,1.7740553000403638
vary_B2,121,6,2.0,97,GPArealModel,8.019637107849121,,2.4119253620845145,5.63269752708066,1.1251400749925948,,,2.3353531645824157
vary_B2,121,6,2.0,97,VI_best_tau_by_ELBO,8.130905151367188,,0.2192244827747345,7.421468436076014,1.230333481530266,-1271.882666015625,0.2,1.626967579327782
vary_B2,121,6,2.0,98,GPmodel,7.970824718475342,,2.4082706858808622,4.392140942368072,0.931852106887014,,,1.8237737842835464
vary_B2,121,6,2.0,98,GPArealModel,8.072183609008789,,2.537358286444919,6.82763798650369,1.151283487219185,,,2.6908450505308266
vary_B2,121,6,2.0,98,VI_best_tau_by_ELBO,8.253979682922363,,0.21785283088684082,6.827738797983982,1.3460551938507577,-1279.3412231445313,0.2,1.4874422256967264
vary_B2,121,6,2.0,99,GPmodel,7.956483364105225,,1.4076633546823896,2.264977275235041,1.0627222163032544,,,1.6090333443013345
vary_B2,121,6,2.0,99,GPArealModel,7.943363189697266,,1.440917669595243,2.976902630413829,1.4661578173868177,,,2.06597690709841
vary_B2,121,6,2.0,99,VI_best_tau_by_ELBO,8.18167781829834,,0.21936970949172974,4.054310737279066,1.620375857897076,-1270.9828857421876,0.2,0.8893929686261094
